══════════════════════════════════════════
[33m      AC_Args       [0m
────────────────────┬─────────────────────
   init_noise_std   │ 1.0                 
 actor_hidden_dims  │ [512, 256, 128]     
 critic_hidden_dims │ [512, 256, 128]     
     activation     │ elu                 
adaptation_module_branch_hidden_dims│ [256, 128]          
    use_decoder     │ False               
════════════════════╧═════════════════════
[33m      PPO_Args      [0m
────────────────────┬─────────────────────
  value_loss_coef   │ 1.0                 
use_clipped_value_loss│ True                
     clip_param     │ 0.2                 
    entropy_coef    │ 0.01                
num_learning_epochs │ 10                  
  num_mini_batches  │ 4                   
   learning_rate    │ 0.0005              
adaptation_module_learning_rate│ 0.001               
num_adaptation_module_substeps│ 1                   
      schedule      │ adaptive            
       gamma        │ 0.99                
        lam         │ 0.95                
     desired_kl     │ 0.01                
   max_grad_norm    │ 1.0                 
selective_adaptation_module_loss│ False               
════════════════════╧═════════════════════
[33m     RunnerArgs     [0m
────────────────────┬─────────────────────
algorithm_class_name│ RMA                 
 num_steps_per_env  │ 24                  
   max_iterations   │ 1500                
   save_interval    │ 100                 
save_video_interval │ 100                 
      log_freq      │ 10                  
        glob        │ <module 'glob' from '/home/ammar/anaconda3/envs/uni-o4/lib/python3.8/glob.py'>
       resume       │ True                
      load_run      │ -1                  
     checkpoint     │ -1                  
 resume_curriculum  │ False               
════════════════════╧═════════════════════
[33m        Cfg         [0m
────────────────────┬─────────────────────
        env         │ {'num_envs': 1500, 'num_observations': 58, 'num_scalar_observations': 58, 'num_privileged_obs': 0, 'privileged_future_horizon': 1, 'num_actions': 12, 'num_observation_history': 5, 'env_spacing': 3.0, 'send_timeouts': True, 'episode_length_s': 20, 'observe_vel': False, 'observe_only_ang_vel': False, 'observe_only_lin_vel': False, 'observe_yaw': False, 'observe_contact_states': False, 'observe_command': True, 'observe_height_command': False, 'observe_gait_commands': True, 'observe_timing_parameter': False, 'observe_clock_inputs': True, 'observe_two_prev_actions': False, 'observe_imu': False, 'record_video': True, 'recording_width_px': 360, 'recording_height_px': 240, 'recording_mode': 'COLOR', 'num_recording_envs': 1, 'debug_viz': False, 'all_agents_share': False, 'priv_observe_friction': True, 'priv_observe_friction_indep': False, 'priv_observe_ground_friction': False, 'priv_observe_ground_friction_per_foot': False, 'priv_observe_restitution': True, 'priv_observe_base_mass': False, 'priv_observe_com_displacement': False, 'priv_observe_motor_strength': False, 'priv_observe_motor_offset': False, 'priv_observe_joint_friction': True, 'priv_observe_Kp_factor': False, 'priv_observe_Kd_factor': False, 'priv_observe_contact_forces': False, 'priv_observe_contact_states': False, 'priv_observe_body_velocity': False, 'priv_observe_foot_height': False, 'priv_observe_body_height': False, 'priv_observe_gravity': False, 'priv_observe_terrain_type': False, 'priv_observe_clock_inputs': False, 'priv_observe_doubletime_clock_inputs': False, 'priv_observe_halftime_clock_inputs': False, 'priv_observe_desired_contact_states': False, 'priv_observe_dummy_variable': False, 'priv_observe_motion': False, 'priv_observe_gravity_transformed_motion': False, 'priv_observe_foot_displacement': False, 'priv_observe_gravity_transformed_foot_displacement': False, 'max_episode_length': 1001.0}
      terrain       │ {'mesh_type': 'trimesh', 'horizontal_scale': 0.1, 'vertical_scale': 0.005, 'border_size': 0.0, 'curriculum': False, 'static_friction': 1.0, 'dynamic_friction': 1.0, 'restitution': 0.0, 'terrain_noise_magnitude': 0.0, 'terrain_smoothness': 0.005, 'measure_heights': False, 'measured_points_x': [-0.8, -0.7, -0.6, -0.5, -0.4, -0.3, -0.2, -0.1, 0.0, 0.1, 0.2, 0.3, 0.4, 0.5, 0.6, 0.7, 0.8], 'measured_points_y': [-0.5, -0.4, -0.3, -0.2, -0.1, 0.0, 0.1, 0.2, 0.3, 0.4, 0.5], 'selected': False, 'terrain_kwargs': None, 'min_init_terrain_level': 0, 'max_init_terrain_level': 5, 'terrain_length': 5.0, 'terrain_width': 5.0, 'num_rows': 30, 'num_cols': 30, 'terrain_proportions': [0, 0, 0, 0, 0, 0, 0, 0, 1.0], 'slope_treshold': 0.75, 'difficulty_scale': 1.0, 'x_init_range': 0.2, 'y_init_range': 0.2, 'yaw_init_range': 3.14, 'x_init_offset': 0.0, 'y_init_offset': 0.0, 'teleport_robots': False, 'teleport_thresh': 0.3, 'max_platform_height': 0.2, 'center_robots': True, 'center_span': 4, 'proportions': [0, 0, 0, 0, 0, 0, 0, 0, 1.0], 'num_sub_terrains': 900, 'env_origins': array([[[  2.5,   2.5,   0. ],
        [  2.5,   7.5,   0. ],
        [  2.5,  12.5,   0. ],
        ...,
        [  2.5, 137.5,   0. ],
        [  2.5, 142.5,   0. ],
        [  2.5, 147.5,   0. ]],

       [[  7.5,   2.5,   0. ],
        [  7.5,   7.5,   0. ],
        [  7.5,  12.5,   0. ],
        ...,
        [  7.5, 137.5,   0. ],
        [  7.5, 142.5,   0. ],
        [  7.5, 147.5,   0. ]],

       [[ 12.5,   2.5,   0. ],
        [ 12.5,   7.5,   0. ],
        [ 12.5,  12.5,   0. ],
        ...,
        [ 12.5, 137.5,   0. ],
        [ 12.5, 142.5,   0. ],
        [ 12.5, 147.5,   0. ]],

       ...,

       [[137.5,   2.5,   0. ],
        [137.5,   7.5,   0. ],
        [137.5,  12.5,   0. ],
        ...,
        [137.5, 137.5,   0. ],
        [137.5, 142.5,   0. ],
        [137.5, 147.5,   0. ]],

       [[142.5,   2.5,   0. ],
        [142.5,   7.5,   0. ],
        [142.5,  12.5,   0. ],
        ...,
        [142.5, 137.5,   0. ],
        [142.5, 142.5,   0. ],
        [142.5, 147.5,   0. ]],

       [[147.5,   2.5,   0. ],
        [147.5,   7.5,   0. ],
        [147.5,  12.5,   0. ],
        ...,
        [147.5, 137.5,   0. ],
        [147.5, 142.5,   0. ],
        [147.5, 147.5,   0. ]]]), 'width_per_env_pixels': 50, 'length_per_env_pixels': 50, 'border': 0, 'tot_cols': 1500, 'tot_rows': 1500, 'row_indices': array([   0,    1,    2, ..., 1497, 1498, 1499]), 'col_indices': array([   0,    1,    2, ..., 1497, 1498, 1499]), 'x_offset': 0, 'rows_offset': 0, 'env_length': 5.0, 'env_width': 5.0, 'max_terrain_level': 30, 'terrain_origins': tensor([[[  2.5000,   2.5000,   0.0000],
         [  2.5000,   7.5000,   0.0000],
         [  2.5000,  12.5000,   0.0000],
         ...,
         [  2.5000, 137.5000,   0.0000],
         [  2.5000, 142.5000,   0.0000],
         [  2.5000, 147.5000,   0.0000]],

        [[  7.5000,   2.5000,   0.0000],
         [  7.5000,   7.5000,   0.0000],
         [  7.5000,  12.5000,   0.0000],
         ...,
         [  7.5000, 137.5000,   0.0000],
         [  7.5000, 142.5000,   0.0000],
         [  7.5000, 147.5000,   0.0000]],

        [[ 12.5000,   2.5000,   0.0000],
         [ 12.5000,   7.5000,   0.0000],
         [ 12.5000,  12.5000,   0.0000],
         ...,
         [ 12.5000, 137.5000,   0.0000],
         [ 12.5000, 142.5000,   0.0000],
         [ 12.5000, 147.5000,   0.0000]],

        ...,

        [[137.5000,   2.5000,   0.0000],
         [137.5000,   7.5000,   0.0000],
         [137.5000,  12.5000,   0.0000],
         ...,
         [137.5000, 137.5000,   0.0000],
         [137.5000, 142.5000,   0.0000],
         [137.5000, 147.5000,   0.0000]],

        [[142.5000,   2.5000,   0.0000],
         [142.5000,   7.5000,   0.0000],
         [142.5000,  12.5000,   0.0000],
         ...,
         [142.5000, 137.5000,   0.0000],
         [142.5000, 142.5000,   0.0000],
         [142.5000, 147.5000,   0.0000]],

        [[147.5000,   2.5000,   0.0000],
         [147.5000,   7.5000,   0.0000],
         [147.5000,  12.5000,   0.0000],
         ...,
         [147.5000, 137.5000,   0.0000],
         [147.5000, 142.5000,   0.0000],
         [147.5000, 147.5000,   0.0000]]], device='cuda:0')}
      commands      │ {'command_curriculum': True, 'max_reverse_curriculum': 1.0, 'max_forward_curriculum': 1.0, 'yaw_command_curriculum': False, 'max_yaw_curriculum': 1.0, 'exclusive_command_sampling': False, 'num_commands': 15, 'resampling_time': 10, 'subsample_gait': False, 'gait_interval_s': 10.0, 'vel_interval_s': 10.0, 'jump_interval_s': 20.0, 'jump_duration_s': 0.1, 'jump_height': 0.3, 'heading_command': False, 'global_reference': False, 'observe_accel': False, 'distributional_commands': True, 'curriculum_type': 'RewardThresholdCurriculum', 'lipschitz_threshold': 0.9, 'num_lin_vel_bins': 30, 'lin_vel_step': 0.3, 'num_ang_vel_bins': 30, 'ang_vel_step': 0.3, 'distribution_update_extension_distance': 1, 'curriculum_seed': 100, 'lin_vel_x': [-1.0, 1.0], 'lin_vel_y': [-0.6, 0.6], 'ang_vel_yaw': [-1.0, 1.0], 'body_height_cmd': [-0.25, 0.15], 'impulse_height_commands': False, 'limit_vel_x': [-2.0, 2.0], 'limit_vel_y': [-0.2, 0.2], 'limit_vel_yaw': [-2.0, 2.0], 'limit_body_height': [-0.25, 0.15], 'limit_gait_phase': [0.0, 1.0], 'limit_gait_offset': [0.0, 1.0], 'limit_gait_bound': [0.0, 1.0], 'limit_gait_frequency': [2.0, 4.0], 'limit_gait_duration': [0.5, 0.5], 'limit_footswing_height': [0.03, 0.35], 'limit_body_pitch': [-0.4, 0.4], 'limit_body_roll': [-0.0, 0.0], 'limit_aux_reward_coef': [0.0, 0.01], 'limit_compliance': [0.0, 0.01], 'limit_stance_width': [0.1, 0.45], 'limit_stance_length': [0.35, 0.45], 'num_bins_vel_x': 21, 'num_bins_vel_y': 1, 'num_bins_vel_yaw': 21, 'num_bins_body_height': 1, 'num_bins_gait_frequency': 1, 'num_bins_gait_phase': 1, 'num_bins_gait_offset': 1, 'num_bins_gait_bound': 1, 'num_bins_gait_duration': 1, 'num_bins_footswing_height': 1, 'num_bins_body_pitch': 1, 'num_bins_body_roll': 1, 'num_bins_aux_reward_coef': 1, 'num_bins_compliance': 1, 'num_bins_stance_width': 1, 'num_bins_stance_length': 1, 'heading': [-3.14, 3.14], 'gait_phase_cmd_range': [0.0, 1.0], 'gait_offset_cmd_range': [0.0, 1.0], 'gait_bound_cmd_range': [0.0, 1.0], 'gait_frequency_cmd_range': [2.0, 4.0], 'gait_duration_cmd_range': [0.5, 0.5], 'footswing_height_range': [0.03, 0.35], 'body_pitch_range': [-0.4, 0.4], 'body_roll_range': [-0.0, 0.0], 'aux_reward_coef_range': [0.0, 0.01], 'compliance_range': [0.0, 0.01], 'stance_width_range': [0.1, 0.45], 'stance_length_range': [0.35, 0.45], 'exclusive_phase_offset': False, 'binary_phases': True, 'pacing_offset': False, 'balance_gait_distribution': True, 'gaitwise_curricula': True}
curriculum_thresholds│ {'tracking_lin_vel': 1.0, 'tracking_ang_vel': 1.5, 'tracking_contacts_shaped_force': 0.9, 'tracking_contacts_shaped_vel': 0.9}
     init_state     │ {'pos': [0.0, 0.0, 0.34], 'rot': [0.0, 0.0, 0.0, 1.0], 'lin_vel': [0.0, 0.0, 0.0], 'ang_vel': [0.0, 0.0, 0.0], 'default_joint_angles': {'FL_hip_joint': 0.1, 'RL_hip_joint': 0.1, 'FR_hip_joint': -0.1, 'RR_hip_joint': -0.1, 'FL_thigh_joint': 0.8, 'RL_thigh_joint': 1.0, 'FR_thigh_joint': 0.8, 'RR_thigh_joint': 1.0, 'FL_calf_joint': -1.5, 'RL_calf_joint': -1.5, 'FR_calf_joint': -1.5, 'RR_calf_joint': -1.5}}
      control       │ {'control_type': 'actuator_net', 'stiffness': {'joint': 20.0}, 'damping': {'joint': 0.5}, 'action_scale': 0.25, 'hip_scale_reduction': 0.5, 'decimation': 4}
       asset        │ {'file': '{MINI_GYM_ROOT_DIR}/resources/robots/go1/urdf/go1.urdf', 'foot_name': 'foot', 'penalize_contacts_on': ['thigh', 'calf'], 'terminate_after_contacts_on': ['base'], 'disable_gravity': False, 'collapse_fixed_joints': True, 'fix_base_link': False, 'default_dof_drive_mode': 3, 'self_collisions': 0, 'replace_cylinder_with_capsule': True, 'flip_visual_attachments': False, 'density': 0.001, 'angular_damping': 0.0, 'linear_damping': 0.0, 'max_angular_velocity': 1000.0, 'max_linear_velocity': 1000.0, 'armature': 0.0, 'thickness': 0.01}
    domain_rand     │ {'rand_interval_s': 4, 'randomize_rigids_after_start': False, 'randomize_friction': True, 'friction_range': [0.1, 3.0], 'randomize_restitution': True, 'restitution_range': [0.0, 0.4], 'randomize_base_mass': True, 'added_mass_range': [-1.0, 3.0], 'randomize_com_displacement': False, 'com_displacement_range': [-0.15, 0.15], 'randomize_motor_strength': True, 'motor_strength_range': [0.9, 1.1], 'randomize_Kp_factor': False, 'Kp_factor_range': [0.8, 1.3], 'randomize_Kd_factor': False, 'Kd_factor_range': [0.5, 1.5], 'gravity_rand_interval_s': 8.0, 'gravity_impulse_duration': 0.99, 'randomize_gravity': False, 'gravity_range': [-1.0, 1.0], 'push_robots': False, 'push_interval_s': 15, 'max_push_vel_xy': 0.5, 'randomize_lag_timesteps': False, 'lag_timesteps': 6, 'restitution': 0.5, 'randomize_friction_indep': False, 'randomize_ground_friction': True, 'ground_friction_range': [0.0, 0.0], 'randomize_motor_offset': True, 'motor_offset_range': [-0.02, 0.02], 'tile_height_range': [-0.0, 0.0], 'tile_height_curriculum': False, 'tile_height_update_interval': 1000000, 'tile_height_curriculum_step': 0.01, 'push_interval': 751.0, 'rand_interval': 201.0, 'gravity_rand_interval': 401.0, 'gravity_rand_duration': 397.0}
      rewards       │ {'only_positive_rewards': False, 'only_positive_rewards_ji22_style': True, 'sigma_rew_neg': 0.02, 'reward_container_name': 'CoRLRewards', 'tracking_sigma': 0.25, 'tracking_sigma_lat': 0.25, 'tracking_sigma_long': 0.25, 'tracking_sigma_yaw': 0.25, 'soft_dof_pos_limit': 0.9, 'soft_dof_vel_limit': 1.0, 'soft_torque_limit': 1.0, 'base_height_target': 0.3, 'max_contact_force': 100.0, 'use_terminal_body_height': True, 'terminal_body_height': 0.05, 'use_terminal_foot_height': False, 'terminal_foot_height': -0.005, 'use_terminal_roll_pitch': True, 'terminal_body_ori': 1.6, 'kappa_gait_probs': 0.07, 'gait_force_sigma': 100.0, 'gait_vel_sigma': 10.0, 'footswing_height': 0.09}
   reward_scales    │ {'termination': -0.0, 'tracking_lin_vel': 1.0, 'tracking_ang_vel': 0.5, 'lin_vel_z': -0.02, 'ang_vel_xy': -0.001, 'orientation': 0.0, 'torques': -0.0001, 'dof_vel': -0.0001, 'dof_acc': -2.5e-07, 'base_height': 0.0, 'feet_air_time': 0.0, 'collision': -5.0, 'feet_stumble': -0.0, 'action_rate': -0.01, 'stand_still': -0.0, 'tracking_lin_vel_lat': 0.0, 'tracking_lin_vel_long': 0.0, 'tracking_contacts': 0.0, 'tracking_contacts_shaped': 0.0, 'tracking_contacts_shaped_force': 4.0, 'tracking_contacts_shaped_vel': 4.0, 'jump': 10.0, 'energy': 0.0, 'energy_expenditure': 0.0, 'survival': 0.0, 'dof_pos_limits': -10.0, 'feet_contact_forces': 0.0, 'feet_slip': -0.04, 'feet_clearance_cmd_linear': -30.0, 'dof_pos': -0.0, 'action_smoothness_1': -0.1, 'action_smoothness_2': -0.1, 'base_motion': 0.0, 'feet_impact_vel': -0.0, 'raibert_heuristic': -10.0, 'estimation_bonus': 0.0, 'feet_clearance': -0.0, 'feet_clearance_cmd': -0.0, 'orientation_control': -5.0, 'tracking_stance_width': -0.0, 'tracking_stance_length': -0.0, 'hop_symmetry': 0.0}
   normalization    │ {'clip_observations': 100.0, 'clip_actions': 10.0, 'friction_range': [0, 1], 'ground_friction_range': [0, 1], 'restitution_range': [0, 1.0], 'added_mass_range': [-1.0, 3.0], 'com_displacement_range': [-0.1, 0.1], 'motor_strength_range': [0.9, 1.1], 'motor_offset_range': [-0.05, 0.05], 'Kp_factor_range': [0.8, 1.3], 'Kd_factor_range': [0.5, 1.5], 'joint_friction_range': [0.0, 0.7], 'contact_force_range': [0.0, 50.0], 'contact_state_range': [0.0, 1.0], 'body_velocity_range': [-6.0, 6.0], 'foot_height_range': [0.0, 0.15], 'body_height_range': [0.0, 0.6], 'gravity_range': [-1.0, 1.0], 'motion': [-0.01, 0.01]}
     obs_scales     │ {'lin_vel': 2.0, 'ang_vel': 0.25, 'dof_pos': 1.0, 'dof_vel': 0.05, 'imu': 0.1, 'height_measurements': 5.0, 'friction_measurements': 1.0, 'body_height_cmd': 2.0, 'gait_phase_cmd': 1.0, 'gait_freq_cmd': 1.0, 'footswing_height_cmd': 0.15, 'body_pitch_cmd': 0.3, 'body_roll_cmd': 0.3, 'aux_reward_cmd': 1.0, 'compliance_cmd': 1.0, 'stance_width_cmd': 1.0, 'stance_length_cmd': 1.0, 'segmentation_image': 1.0, 'rgb_image': 1.0, 'depth_image': 1.0}
       noise        │ {'add_noise': True, 'noise_level': 1.0}
    noise_scales    │ {'dof_pos': 0.01, 'dof_vel': 1.5, 'lin_vel': 0.1, 'ang_vel': 0.2, 'imu': 0.1, 'gravity': 0.05, 'contact_states': 0.05, 'height_measurements': 0.1, 'friction_measurements': 0.0, 'segmentation_image': 0.0, 'rgb_image': 0.0, 'depth_image': 0.0}
       viewer       │ {'ref_env': 0, 'pos': [10, 0, 6], 'lookat': [11.0, 5, 3.0]}
        sim         │ {'dt': 0.005, 'substeps': 1, 'gravity': [0.0, 0.0, -9.81], 'up_axis': 1, 'use_gpu_pipeline': True, 'physx': {'num_threads': 10, 'solver_type': 1, 'num_position_iterations': 4, 'num_velocity_iterations': 0, 'contact_offset': 0.01, 'rest_offset': 0.0, 'bounce_threshold_velocity': 0.5, 'max_depenetration_velocity': 1.0, 'max_gpu_contact_pairs': 8388608, 'default_buffer_size_multiplier': 5, 'contact_collection': 2}}
   command_ranges   │ {'command_curriculum': True, 'max_reverse_curriculum': 1.0, 'max_forward_curriculum': 1.0, 'yaw_command_curriculum': False, 'max_yaw_curriculum': 1.0, 'exclusive_command_sampling': False, 'num_commands': 15, 'resampling_time': 10, 'subsample_gait': False, 'gait_interval_s': 10.0, 'vel_interval_s': 10.0, 'jump_interval_s': 20.0, 'jump_duration_s': 0.1, 'jump_height': 0.3, 'heading_command': False, 'global_reference': False, 'observe_accel': False, 'distributional_commands': True, 'curriculum_type': 'RewardThresholdCurriculum', 'lipschitz_threshold': 0.9, 'num_lin_vel_bins': 30, 'lin_vel_step': 0.3, 'num_ang_vel_bins': 30, 'ang_vel_step': 0.3, 'distribution_update_extension_distance': 1, 'curriculum_seed': 100, 'lin_vel_x': [-1.0, 1.0], 'lin_vel_y': [-0.6, 0.6], 'ang_vel_yaw': [-1.0, 1.0], 'body_height_cmd': [-0.25, 0.15], 'impulse_height_commands': False, 'limit_vel_x': [-2.0, 2.0], 'limit_vel_y': [-0.2, 0.2], 'limit_vel_yaw': [-2.0, 2.0], 'limit_body_height': [-0.25, 0.15], 'limit_gait_phase': [0.0, 1.0], 'limit_gait_offset': [0.0, 1.0], 'limit_gait_bound': [0.0, 1.0], 'limit_gait_frequency': [2.0, 4.0], 'limit_gait_duration': [0.5, 0.5], 'limit_footswing_height': [0.03, 0.35], 'limit_body_pitch': [-0.4, 0.4], 'limit_body_roll': [-0.0, 0.0], 'limit_aux_reward_coef': [0.0, 0.01], 'limit_compliance': [0.0, 0.01], 'limit_stance_width': [0.1, 0.45], 'limit_stance_length': [0.35, 0.45], 'num_bins_vel_x': 21, 'num_bins_vel_y': 1, 'num_bins_vel_yaw': 21, 'num_bins_body_height': 1, 'num_bins_gait_frequency': 1, 'num_bins_gait_phase': 1, 'num_bins_gait_offset': 1, 'num_bins_gait_bound': 1, 'num_bins_gait_duration': 1, 'num_bins_footswing_height': 1, 'num_bins_body_pitch': 1, 'num_bins_body_roll': 1, 'num_bins_aux_reward_coef': 1, 'num_bins_compliance': 1, 'num_bins_stance_width': 1, 'num_bins_stance_length': 1, 'heading': [-3.14, 3.14], 'gait_phase_cmd_range': [0.0, 1.0], 'gait_offset_cmd_range': [0.0, 1.0], 'gait_bound_cmd_range': [0.0, 1.0], 'gait_frequency_cmd_range': [2.0, 4.0], 'gait_duration_cmd_range': [0.5, 0.5], 'footswing_height_range': [0.03, 0.35], 'body_pitch_range': [-0.4, 0.4], 'body_roll_range': [-0.0, 0.0], 'aux_reward_coef_range': [0.0, 0.01], 'compliance_range': [0.0, 0.01], 'stance_width_range': [0.1, 0.45], 'stance_length_range': [0.35, 0.45], 'exclusive_phase_offset': False, 'binary_phases': True, 'pacing_offset': False, 'balance_gait_distribution': True, 'gaitwise_curricula': True}
════════════════════╧═════════════════════
╒═════════════════════════════════════════════════════╤════════════════════╕
│       train/episode/rew tracking lin vel/mean       │       0.068        │
├─────────────────────────────────────────────────────┼────────────────────┤
│       train/episode/rew tracking ang vel/mean       │       0.044        │
├─────────────────────────────────────────────────────┼────────────────────┤
│          train/episode/rew lin vel z/mean           │       -0.001       │
├─────────────────────────────────────────────────────┼────────────────────┤
│          train/episode/rew ang vel xy/mean          │       -0.001       │
├─────────────────────────────────────────────────────┼────────────────────┤
│           train/episode/rew torques/mean            │       -0.014       │
├─────────────────────────────────────────────────────┼────────────────────┤
│           train/episode/rew dof vel/mean            │       -0.003       │
├─────────────────────────────────────────────────────┼────────────────────┤
│           train/episode/rew dof acc/mean            │       -0.022       │
├─────────────────────────────────────────────────────┼────────────────────┤
│          train/episode/rew collision/mean           │       -0.841       │
├─────────────────────────────────────────────────────┼────────────────────┤
│         train/episode/rew action rate/mean          │       -0.052       │
├─────────────────────────────────────────────────────┼────────────────────┤
│train/episode/rew tracking contacts shaped force/mean│       -0.243       │
├─────────────────────────────────────────────────────┼────────────────────┤
│ train/episode/rew tracking contacts shaped vel/mean │       -0.042       │
├─────────────────────────────────────────────────────┼────────────────────┤
│             train/episode/rew jump/mean             │       -0.04        │
├─────────────────────────────────────────────────────┼────────────────────┤
│        train/episode/rew dof pos limits/mean        │       -0.005       │
├─────────────────────────────────────────────────────┼────────────────────┤
│          train/episode/rew feet slip/mean           │       -0.004       │
├─────────────────────────────────────────────────────┼────────────────────┤
│  train/episode/rew feet clearance cmd linear/mean   │       -0.393       │
├─────────────────────────────────────────────────────┼────────────────────┤
│     train/episode/rew action smoothness 1/mean      │       -0.023       │
├─────────────────────────────────────────────────────┼────────────────────┤
│     train/episode/rew action smoothness 2/mean      │       -0.066       │
├─────────────────────────────────────────────────────┼────────────────────┤
│      train/episode/rew raibert heuristic/mean       │       -0.328       │
├─────────────────────────────────────────────────────┼────────────────────┤
│     train/episode/rew orientation control/mean      │       -0.133       │
├─────────────────────────────────────────────────────┼────────────────────┤
│            train/episode/rew total/mean             │       0.001        │
├─────────────────────────────────────────────────────┼────────────────────┤
│       train/episode/min command duration/mean       │        0.5         │
├─────────────────────────────────────────────────────┼────────────────────┤
│       train/episode/max command duration/mean       │        0.5         │
├─────────────────────────────────────────────────────┼────────────────────┤
│        train/episode/min command bound/mean         │         0.         │
├─────────────────────────────────────────────────────┼────────────────────┤
│        train/episode/max command bound/mean         │         0.         │
├─────────────────────────────────────────────────────┼────────────────────┤
│        train/episode/min command offset/mean        │         0.         │
├─────────────────────────────────────────────────────┼────────────────────┤
│        train/episode/max command offset/mean        │         0.         │
├─────────────────────────────────────────────────────┼────────────────────┤
│        train/episode/min command phase/mean         │        0.5         │
├─────────────────────────────────────────────────────┼────────────────────┤
│        train/episode/max command phase/mean         │        0.5         │
├─────────────────────────────────────────────────────┼────────────────────┤
│         train/episode/min command freq/mean         │       2.001        │
├─────────────────────────────────────────────────────┼────────────────────┤
│         train/episode/max command freq/mean         │       3.997        │
├─────────────────────────────────────────────────────┼────────────────────┤
│        train/episode/min command x vel/mean         │       -1.047       │
├─────────────────────────────────────────────────────┼────────────────────┤
│        train/episode/max command x vel/mean         │       1.047        │
├─────────────────────────────────────────────────────┼────────────────────┤
│        train/episode/min command y vel/mean         │        -0.2        │
├─────────────────────────────────────────────────────┼────────────────────┤
│        train/episode/max command y vel/mean         │        0.2         │
├─────────────────────────────────────────────────────┼────────────────────┤
│       train/episode/min command yaw vel/mean        │       -1.045       │
├─────────────────────────────────────────────────────┼────────────────────┤
│       train/episode/max command yaw vel/mean        │       1.047        │
├─────────────────────────────────────────────────────┼────────────────────┤
│     train/episode/min command swing height/mean     │        0.03        │
├─────────────────────────────────────────────────────┼────────────────────┤
│     train/episode/max command swing height/mean     │        0.35        │
├─────────────────────────────────────────────────────┼────────────────────┤
│        train/episode/command area trot/mean         │       0.274        │
├─────────────────────────────────────────────────────┼────────────────────┤
│            train/episode/min action/mean            │       -2.887       │
├─────────────────────────────────────────────────────┼────────────────────┤
│            train/episode/max action/mean            │       2.839        │
├─────────────────────────────────────────────────────┼────────────────────┤
│                  time elapsed/mean                  │       1.493        │
├─────────────────────────────────────────────────────┼────────────────────┤
│                   time iter/mean                    │       1.493        │
├─────────────────────────────────────────────────────┼────────────────────┤
│                mean value loss/mean                 │        0.01        │
├─────────────────────────────────────────────────────┼────────────────────┤
│              mean surrogate loss/mean               │       -0.013       │
├─────────────────────────────────────────────────────┼────────────────────┤
│               mean decoder loss/mean                │         0.         │
├─────────────────────────────────────────────────────┼────────────────────┤
│           mean decoder loss student/mean            │         0.         │
├─────────────────────────────────────────────────────┼────────────────────┤
│             mean decoder test loss/mean             │         0.         │
├─────────────────────────────────────────────────────┼────────────────────┤
│         mean decoder test loss student/mean         │         0.         │
├─────────────────────────────────────────────────────┼────────────────────┤
│                      timesteps                      │       36000        │
├─────────────────────────────────────────────────────┼────────────────────┤
│                     iterations                      │         0          │
╘═════════════════════════════════════════════════════╧════════════════════╛

══════════════════════════════════════════
[33m        job         [0m
────────────────────┬─────────────────────
       status       │ running             
      runTime       │ 2025-02-25 22:58:00.914947
════════════════════╧═════════════════════
╒═════════════════════════════════════════════════════╤════════════════════╕
│       train/episode/rew tracking lin vel/mean       │        0.45        │
├─────────────────────────────────────────────────────┼────────────────────┤
│       train/episode/rew tracking ang vel/mean       │       0.277        │
├─────────────────────────────────────────────────────┼────────────────────┤
│          train/episode/rew lin vel z/mean           │       -0.005       │
├─────────────────────────────────────────────────────┼────────────────────┤
│          train/episode/rew ang vel xy/mean          │       -0.009       │
├─────────────────────────────────────────────────────┼────────────────────┤
│           train/episode/rew torques/mean            │       -0.082       │
├─────────────────────────────────────────────────────┼────────────────────┤
│           train/episode/rew dof vel/mean            │       -0.014       │
├─────────────────────────────────────────────────────┼────────────────────┤
│           train/episode/rew dof acc/mean            │       -0.136       │
├─────────────────────────────────────────────────────┼────────────────────┤
│          train/episode/rew collision/mean           │       -3.038       │
├─────────────────────────────────────────────────────┼────────────────────┤
│         train/episode/rew action rate/mean          │       -0.363       │
├─────────────────────────────────────────────────────┼────────────────────┤
│train/episode/rew tracking contacts shaped force/mean│       -1.546       │
├─────────────────────────────────────────────────────┼────────────────────┤
│ train/episode/rew tracking contacts shaped vel/mean │       -0.351       │
├─────────────────────────────────────────────────────┼────────────────────┤
│             train/episode/rew jump/mean             │       -0.227       │
├─────────────────────────────────────────────────────┼────────────────────┤
│        train/episode/rew dof pos limits/mean        │       -0.049       │
├─────────────────────────────────────────────────────┼────────────────────┤
│          train/episode/rew feet slip/mean           │       -0.024       │
├─────────────────────────────────────────────────────┼────────────────────┤
│  train/episode/rew feet clearance cmd linear/mean   │       -2.419       │
├─────────────────────────────────────────────────────┼────────────────────┤
│     train/episode/rew action smoothness 1/mean      │       -0.17        │
├─────────────────────────────────────────────────────┼────────────────────┤
│     train/episode/rew action smoothness 2/mean      │       -0.503       │
├─────────────────────────────────────────────────────┼────────────────────┤
│      train/episode/rew raibert heuristic/mean       │       -3.472       │
├─────────────────────────────────────────────────────┼────────────────────┤
│     train/episode/rew orientation control/mean      │       -2.347       │
├─────────────────────────────────────────────────────┼────────────────────┤
│            train/episode/rew total/mean             │       0.003        │
├─────────────────────────────────────────────────────┼────────────────────┤
│       train/episode/min command duration/mean       │        0.5         │
├─────────────────────────────────────────────────────┼────────────────────┤
│       train/episode/max command duration/mean       │        0.5         │
├─────────────────────────────────────────────────────┼────────────────────┤
│        train/episode/min command bound/mean         │         0.         │
├─────────────────────────────────────────────────────┼────────────────────┤
│        train/episode/max command bound/mean         │         0.         │
├─────────────────────────────────────────────────────┼────────────────────┤
│        train/episode/min command offset/mean        │         0.         │
├─────────────────────────────────────────────────────┼────────────────────┤
│        train/episode/max command offset/mean        │         0.         │
├─────────────────────────────────────────────────────┼────────────────────┤
│        train/episode/min command phase/mean         │        0.5         │
├─────────────────────────────────────────────────────┼────────────────────┤
│        train/episode/max command phase/mean         │        0.5         │
├─────────────────────────────────────────────────────┼────────────────────┤
│         train/episode/min command freq/mean         │       2.003        │
├─────────────────────────────────────────────────────┼────────────────────┤
│         train/episode/max command freq/mean         │       3.998        │
├─────────────────────────────────────────────────────┼────────────────────┤
│        train/episode/min command x vel/mean         │       -1.046       │
├─────────────────────────────────────────────────────┼────────────────────┤
│        train/episode/max command x vel/mean         │       1.046        │
├─────────────────────────────────────────────────────┼────────────────────┤
│        train/episode/min command y vel/mean         │        -0.2        │
├─────────────────────────────────────────────────────┼────────────────────┤
│        train/episode/max command y vel/mean         │        0.2         │
├─────────────────────────────────────────────────────┼────────────────────┤
│       train/episode/min command yaw vel/mean        │       -1.047       │
├─────────────────────────────────────────────────────┼────────────────────┤
│       train/episode/max command yaw vel/mean        │       1.045        │
├─────────────────────────────────────────────────────┼────────────────────┤
│     train/episode/min command swing height/mean     │        0.03        │
├─────────────────────────────────────────────────────┼────────────────────┤
│     train/episode/max command swing height/mean     │        0.35        │
├─────────────────────────────────────────────────────┼────────────────────┤
│        train/episode/command area trot/mean         │       0.274        │
├─────────────────────────────────────────────────────┼────────────────────┤
│            train/episode/min action/mean            │       -4.193       │
├─────────────────────────────────────────────────────┼────────────────────┤
│            train/episode/max action/mean            │       4.149        │
├─────────────────────────────────────────────────────┼────────────────────┤
│                  time elapsed/mean                  │        8.82        │
├─────────────────────────────────────────────────────┼────────────────────┤
│                   time iter/mean                    │        1.34        │
├─────────────────────────────────────────────────────┼────────────────────┤
│                mean value loss/mean                 │         0.         │
├─────────────────────────────────────────────────────┼────────────────────┤
│              mean surrogate loss/mean               │       -0.019       │
├─────────────────────────────────────────────────────┼────────────────────┤
│               mean decoder loss/mean                │         0.         │
├─────────────────────────────────────────────────────┼────────────────────┤
│           mean decoder loss student/mean            │         0.         │
├─────────────────────────────────────────────────────┼────────────────────┤
│             mean decoder test loss/mean             │         0.         │
├─────────────────────────────────────────────────────┼────────────────────┤
│         mean decoder test loss student/mean         │         0.         │
├─────────────────────────────────────────────────────┼────────────────────┤
│                      timesteps                      │       396000       │
├─────────────────────────────────────────────────────┼────────────────────┤
│                     iterations                      │         10         │
╘═════════════════════════════════════════════════════╧════════════════════╛

══════════════════════════════════════════
[33m        job         [0m
────────────────────┬─────────────────────
       status       │ running             
      runTime       │ 2025-02-25 22:58:14.387538
════════════════════╧═════════════════════
╒═════════════════════════════════════════════════════╤════════════════════╕
│       train/episode/rew tracking lin vel/mean       │        0.71        │
├─────────────────────────────────────────────────────┼────────────────────┤
│       train/episode/rew tracking ang vel/mean       │       0.389        │
├─────────────────────────────────────────────────────┼────────────────────┤
│          train/episode/rew lin vel z/mean           │       -0.005       │
├─────────────────────────────────────────────────────┼────────────────────┤
│          train/episode/rew ang vel xy/mean          │       -0.01        │
├─────────────────────────────────────────────────────┼────────────────────┤
│           train/episode/rew torques/mean            │       -0.119       │
├─────────────────────────────────────────────────────┼────────────────────┤
│           train/episode/rew dof vel/mean            │       -0.019       │
├─────────────────────────────────────────────────────┼────────────────────┤
│           train/episode/rew dof acc/mean            │       -0.185       │
├─────────────────────────────────────────────────────┼────────────────────┤
│          train/episode/rew collision/mean           │       -4.291       │
├─────────────────────────────────────────────────────┼────────────────────┤
│         train/episode/rew action rate/mean          │       -0.55        │
├─────────────────────────────────────────────────────┼────────────────────┤
│train/episode/rew tracking contacts shaped force/mean│       -2.292       │
├─────────────────────────────────────────────────────┼────────────────────┤
│ train/episode/rew tracking contacts shaped vel/mean │       -0.43        │
├─────────────────────────────────────────────────────┼────────────────────┤
│             train/episode/rew jump/mean             │       -0.324       │
├─────────────────────────────────────────────────────┼────────────────────┤
│        train/episode/rew dof pos limits/mean        │       -0.06        │
├─────────────────────────────────────────────────────┼────────────────────┤
│          train/episode/rew feet slip/mean           │       -0.034       │
├─────────────────────────────────────────────────────┼────────────────────┤
│  train/episode/rew feet clearance cmd linear/mean   │       -3.086       │
├─────────────────────────────────────────────────────┼────────────────────┤
│     train/episode/rew action smoothness 1/mean      │       -0.257       │
├─────────────────────────────────────────────────────┼────────────────────┤
│     train/episode/rew action smoothness 2/mean      │       -0.762       │
├─────────────────────────────────────────────────────┼────────────────────┤
│      train/episode/rew raibert heuristic/mean       │       -4.553       │
├─────────────────────────────────────────────────────┼────────────────────┤
│     train/episode/rew orientation control/mean      │       -3.117       │
├─────────────────────────────────────────────────────┼────────────────────┤
│            train/episode/rew total/mean             │       0.004        │
├─────────────────────────────────────────────────────┼────────────────────┤
│       train/episode/min command duration/mean       │        0.5         │
├─────────────────────────────────────────────────────┼────────────────────┤
│       train/episode/max command duration/mean       │        0.5         │
├─────────────────────────────────────────────────────┼────────────────────┤
│        train/episode/min command bound/mean         │         0.         │
├─────────────────────────────────────────────────────┼────────────────────┤
│        train/episode/max command bound/mean         │         0.         │
├─────────────────────────────────────────────────────┼────────────────────┤
│        train/episode/min command offset/mean        │         0.         │
├─────────────────────────────────────────────────────┼────────────────────┤
│        train/episode/max command offset/mean        │         0.         │
├─────────────────────────────────────────────────────┼────────────────────┤
│        train/episode/min command phase/mean         │        0.5         │
├─────────────────────────────────────────────────────┼────────────────────┤
│        train/episode/max command phase/mean         │        0.5         │
├─────────────────────────────────────────────────────┼────────────────────┤
│         train/episode/min command freq/mean         │       2.004        │
├─────────────────────────────────────────────────────┼────────────────────┤
│         train/episode/max command freq/mean         │       3.998        │
├─────────────────────────────────────────────────────┼────────────────────┤
│        train/episode/min command x vel/mean         │       -1.046       │
├─────────────────────────────────────────────────────┼────────────────────┤
│        train/episode/max command x vel/mean         │       1.046        │
├─────────────────────────────────────────────────────┼────────────────────┤
│        train/episode/min command y vel/mean         │        -0.2        │
├─────────────────────────────────────────────────────┼────────────────────┤
│        train/episode/max command y vel/mean         │        0.2         │
├─────────────────────────────────────────────────────┼────────────────────┤
│       train/episode/min command yaw vel/mean        │       -1.047       │
├─────────────────────────────────────────────────────┼────────────────────┤
│       train/episode/max command yaw vel/mean        │       1.046        │
├─────────────────────────────────────────────────────┼────────────────────┤
│     train/episode/min command swing height/mean     │        0.03        │
├─────────────────────────────────────────────────────┼────────────────────┤
│     train/episode/max command swing height/mean     │        0.35        │
├─────────────────────────────────────────────────────┼────────────────────┤
│        train/episode/command area trot/mean         │       0.274        │
├─────────────────────────────────────────────────────┼────────────────────┤
│            train/episode/min action/mean            │       -4.406       │
├─────────────────────────────────────────────────────┼────────────────────┤
│            train/episode/max action/mean            │       4.437        │
├─────────────────────────────────────────────────────┼────────────────────┤
│                  time elapsed/mean                  │       22.414       │
├─────────────────────────────────────────────────────┼────────────────────┤
│                   time iter/mean                    │        1.36        │
├─────────────────────────────────────────────────────┼────────────────────┤
│                mean value loss/mean                 │         0.         │
├─────────────────────────────────────────────────────┼────────────────────┤
│              mean surrogate loss/mean               │       -0.023       │
├─────────────────────────────────────────────────────┼────────────────────┤
│               mean decoder loss/mean                │         0.         │
├─────────────────────────────────────────────────────┼────────────────────┤
│           mean decoder loss student/mean            │         0.         │
├─────────────────────────────────────────────────────┼────────────────────┤
│             mean decoder test loss/mean             │         0.         │
├─────────────────────────────────────────────────────┼────────────────────┤
│         mean decoder test loss student/mean         │         0.         │
├─────────────────────────────────────────────────────┼────────────────────┤
│                      timesteps                      │       756000       │
├─────────────────────────────────────────────────────┼────────────────────┤
│                     iterations                      │         20         │
╘═════════════════════════════════════════════════════╧════════════════════╛

══════════════════════════════════════════
[33m        job         [0m
────────────────────┬─────────────────────
       status       │ running             
      runTime       │ 2025-02-25 22:58:27.982030
════════════════════╧═════════════════════
╒═════════════════════════════════════════════════════╤════════════════════╕
│       train/episode/rew tracking lin vel/mean       │       0.994        │
├─────────────────────────────────────────────────────┼────────────────────┤
│       train/episode/rew tracking ang vel/mean       │       0.589        │
├─────────────────────────────────────────────────────┼────────────────────┤
│          train/episode/rew lin vel z/mean           │       -0.006       │
├─────────────────────────────────────────────────────┼────────────────────┤
│          train/episode/rew ang vel xy/mean          │       -0.013       │
├─────────────────────────────────────────────────────┼────────────────────┤
│           train/episode/rew torques/mean            │       -0.183       │
├─────────────────────────────────────────────────────┼────────────────────┤
│           train/episode/rew dof vel/mean            │       -0.025       │
├─────────────────────────────────────────────────────┼────────────────────┤
│           train/episode/rew dof acc/mean            │       -0.242       │
├─────────────────────────────────────────────────────┼────────────────────┤
│          train/episode/rew collision/mean           │       -6.357       │
├─────────────────────────────────────────────────────┼────────────────────┤
│         train/episode/rew action rate/mean          │       -0.844       │
├─────────────────────────────────────────────────────┼────────────────────┤
│train/episode/rew tracking contacts shaped force/mean│       -3.703       │
├─────────────────────────────────────────────────────┼────────────────────┤
│ train/episode/rew tracking contacts shaped vel/mean │       -0.51        │
├─────────────────────────────────────────────────────┼────────────────────┤
│             train/episode/rew jump/mean             │       -0.435       │
├─────────────────────────────────────────────────────┼────────────────────┤
│        train/episode/rew dof pos limits/mean        │       -0.045       │
├─────────────────────────────────────────────────────┼────────────────────┤
│          train/episode/rew feet slip/mean           │       -0.052       │
├─────────────────────────────────────────────────────┼────────────────────┤
│  train/episode/rew feet clearance cmd linear/mean   │       -3.804       │
├─────────────────────────────────────────────────────┼────────────────────┤
│     train/episode/rew action smoothness 1/mean      │       -0.395       │
├─────────────────────────────────────────────────────┼────────────────────┤
│     train/episode/rew action smoothness 2/mean      │       -1.174       │
├─────────────────────────────────────────────────────┼────────────────────┤
│      train/episode/rew raibert heuristic/mean       │       -5.549       │
├─────────────────────────────────────────────────────┼────────────────────┤
│     train/episode/rew orientation control/mean      │       -3.875       │
├─────────────────────────────────────────────────────┼────────────────────┤
│            train/episode/rew total/mean             │       0.008        │
├─────────────────────────────────────────────────────┼────────────────────┤
│       train/episode/min command duration/mean       │        0.5         │
├─────────────────────────────────────────────────────┼────────────────────┤
│       train/episode/max command duration/mean       │        0.5         │
├─────────────────────────────────────────────────────┼────────────────────┤
│        train/episode/min command bound/mean         │         0.         │
├─────────────────────────────────────────────────────┼────────────────────┤
│        train/episode/max command bound/mean         │         0.         │
├─────────────────────────────────────────────────────┼────────────────────┤
│        train/episode/min command offset/mean        │         0.         │
├─────────────────────────────────────────────────────┼────────────────────┤
│        train/episode/max command offset/mean        │         0.         │
├─────────────────────────────────────────────────────┼────────────────────┤
│        train/episode/min command phase/mean         │        0.5         │
├─────────────────────────────────────────────────────┼────────────────────┤
│        train/episode/max command phase/mean         │        0.5         │
├─────────────────────────────────────────────────────┼────────────────────┤
│         train/episode/min command freq/mean         │       2.001        │
├─────────────────────────────────────────────────────┼────────────────────┤
│         train/episode/max command freq/mean         │       3.999        │
├─────────────────────────────────────────────────────┼────────────────────┤
│        train/episode/min command x vel/mean         │       -1.046       │
├─────────────────────────────────────────────────────┼────────────────────┤
│        train/episode/max command x vel/mean         │       1.046        │
├─────────────────────────────────────────────────────┼────────────────────┤
│        train/episode/min command y vel/mean         │        -0.2        │
├─────────────────────────────────────────────────────┼────────────────────┤
│        train/episode/max command y vel/mean         │        0.2         │
├─────────────────────────────────────────────────────┼────────────────────┤
│       train/episode/min command yaw vel/mean        │       -1.046       │
├─────────────────────────────────────────────────────┼────────────────────┤
│       train/episode/max command yaw vel/mean        │       1.047        │
├─────────────────────────────────────────────────────┼────────────────────┤
│     train/episode/min command swing height/mean     │        0.03        │
├─────────────────────────────────────────────────────┼────────────────────┤
│     train/episode/max command swing height/mean     │        0.35        │
├─────────────────────────────────────────────────────┼────────────────────┤
│        train/episode/command area trot/mean         │       0.274        │
├─────────────────────────────────────────────────────┼────────────────────┤
│            train/episode/min action/mean            │       -4.745       │
├─────────────────────────────────────────────────────┼────────────────────┤
│            train/episode/max action/mean            │       4.749        │
├─────────────────────────────────────────────────────┼────────────────────┤
│                  time elapsed/mean                  │       36.03        │
├─────────────────────────────────────────────────────┼────────────────────┤
│                   time iter/mean                    │        1.36        │
├─────────────────────────────────────────────────────┼────────────────────┤
│                mean value loss/mean                 │         0.         │
├─────────────────────────────────────────────────────┼────────────────────┤
│              mean surrogate loss/mean               │       -0.03        │
├─────────────────────────────────────────────────────┼────────────────────┤
│               mean decoder loss/mean                │         0.         │
├─────────────────────────────────────────────────────┼────────────────────┤
│           mean decoder loss student/mean            │         0.         │
├─────────────────────────────────────────────────────┼────────────────────┤
│             mean decoder test loss/mean             │         0.         │
├─────────────────────────────────────────────────────┼────────────────────┤
│         mean decoder test loss student/mean         │         0.         │
├─────────────────────────────────────────────────────┼────────────────────┤
│                      timesteps                      │      1116000       │
├─────────────────────────────────────────────────────┼────────────────────┤
│                     iterations                      │         30         │
╘═════════════════════════════════════════════════════╧════════════════════╛

══════════════════════════════════════════
[33m        job         [0m
────────────────────┬─────────────────────
       status       │ running             
      runTime       │ 2025-02-25 22:58:41.579635
════════════════════╧═════════════════════
╒═════════════════════════════════════════════════════╤════════════════════╕
│       train/episode/rew tracking lin vel/mean       │       1.066        │
├─────────────────────────────────────────────────────┼────────────────────┤
│       train/episode/rew tracking ang vel/mean       │       0.583        │
├─────────────────────────────────────────────────────┼────────────────────┤
│          train/episode/rew lin vel z/mean           │       -0.006       │
├─────────────────────────────────────────────────────┼────────────────────┤
│          train/episode/rew ang vel xy/mean          │       -0.013       │
├─────────────────────────────────────────────────────┼────────────────────┤
│           train/episode/rew torques/mean            │       -0.193       │
├─────────────────────────────────────────────────────┼────────────────────┤
│           train/episode/rew dof vel/mean            │       -0.028       │
├─────────────────────────────────────────────────────┼────────────────────┤
│           train/episode/rew dof acc/mean            │       -0.279       │
├─────────────────────────────────────────────────────┼────────────────────┤
│          train/episode/rew collision/mean           │       -6.567       │
├─────────────────────────────────────────────────────┼────────────────────┤
│         train/episode/rew action rate/mean          │       -0.916       │
├─────────────────────────────────────────────────────┼────────────────────┤
│train/episode/rew tracking contacts shaped force/mean│       -3.696       │
├─────────────────────────────────────────────────────┼────────────────────┤
│ train/episode/rew tracking contacts shaped vel/mean │       -0.552       │
├─────────────────────────────────────────────────────┼────────────────────┤
│             train/episode/rew jump/mean             │       -0.469       │
├─────────────────────────────────────────────────────┼────────────────────┤
│        train/episode/rew dof pos limits/mean        │       -0.049       │
├─────────────────────────────────────────────────────┼────────────────────┤
│          train/episode/rew feet slip/mean           │       -0.06        │
├─────────────────────────────────────────────────────┼────────────────────┤
│  train/episode/rew feet clearance cmd linear/mean   │       -3.767       │
├─────────────────────────────────────────────────────┼────────────────────┤
│     train/episode/rew action smoothness 1/mean      │       -0.429       │
├─────────────────────────────────────────────────────┼────────────────────┤
│     train/episode/rew action smoothness 2/mean      │       -1.272       │
├─────────────────────────────────────────────────────┼────────────────────┤
│      train/episode/rew raibert heuristic/mean       │       -6.179       │
├─────────────────────────────────────────────────────┼────────────────────┤
│     train/episode/rew orientation control/mean      │       -4.347       │
├─────────────────────────────────────────────────────┼────────────────────┤
│            train/episode/rew total/mean             │       0.007        │
├─────────────────────────────────────────────────────┼────────────────────┤
│       train/episode/min command duration/mean       │        0.5         │
├─────────────────────────────────────────────────────┼────────────────────┤
│       train/episode/max command duration/mean       │        0.5         │
├─────────────────────────────────────────────────────┼────────────────────┤
│        train/episode/min command bound/mean         │         0.         │
├─────────────────────────────────────────────────────┼────────────────────┤
│        train/episode/max command bound/mean         │         0.         │
├─────────────────────────────────────────────────────┼────────────────────┤
│        train/episode/min command offset/mean        │         0.         │
├─────────────────────────────────────────────────────┼────────────────────┤
│        train/episode/max command offset/mean        │         0.         │
├─────────────────────────────────────────────────────┼────────────────────┤
│        train/episode/min command phase/mean         │        0.5         │
├─────────────────────────────────────────────────────┼────────────────────┤
│        train/episode/max command phase/mean         │        0.5         │
├─────────────────────────────────────────────────────┼────────────────────┤
│         train/episode/min command freq/mean         │       2.001        │
├─────────────────────────────────────────────────────┼────────────────────┤
│         train/episode/max command freq/mean         │       3.999        │
├─────────────────────────────────────────────────────┼────────────────────┤
│        train/episode/min command x vel/mean         │       -1.045       │
├─────────────────────────────────────────────────────┼────────────────────┤
│        train/episode/max command x vel/mean         │       1.045        │
├─────────────────────────────────────────────────────┼────────────────────┤
│        train/episode/min command y vel/mean         │        -0.2        │
├─────────────────────────────────────────────────────┼────────────────────┤
│        train/episode/max command y vel/mean         │        0.2         │
├─────────────────────────────────────────────────────┼────────────────────┤
│       train/episode/min command yaw vel/mean        │       -1.047       │
├─────────────────────────────────────────────────────┼────────────────────┤
│       train/episode/max command yaw vel/mean        │       1.047        │
├─────────────────────────────────────────────────────┼────────────────────┤
│     train/episode/min command swing height/mean     │        0.03        │
├─────────────────────────────────────────────────────┼────────────────────┤
│     train/episode/max command swing height/mean     │        0.35        │
├─────────────────────────────────────────────────────┼────────────────────┤
│        train/episode/command area trot/mean         │       0.274        │
├─────────────────────────────────────────────────────┼────────────────────┤
│            train/episode/min action/mean            │       -4.989       │
├─────────────────────────────────────────────────────┼────────────────────┤
│            train/episode/max action/mean            │       5.044        │
├─────────────────────────────────────────────────────┼────────────────────┤
│                  time elapsed/mean                  │       49.535       │
├─────────────────────────────────────────────────────┼────────────────────┤
│                   time iter/mean                    │       1.345        │
├─────────────────────────────────────────────────────┼────────────────────┤
│                mean value loss/mean                 │         0.         │
├─────────────────────────────────────────────────────┼────────────────────┤
│              mean surrogate loss/mean               │       -0.035       │
├─────────────────────────────────────────────────────┼────────────────────┤
│               mean decoder loss/mean                │         0.         │
├─────────────────────────────────────────────────────┼────────────────────┤
│           mean decoder loss student/mean            │         0.         │
├─────────────────────────────────────────────────────┼────────────────────┤
│             mean decoder test loss/mean             │         0.         │
├─────────────────────────────────────────────────────┼────────────────────┤
│         mean decoder test loss student/mean         │         0.         │
├─────────────────────────────────────────────────────┼────────────────────┤
│                      timesteps                      │      1476000       │
├─────────────────────────────────────────────────────┼────────────────────┤
│                     iterations                      │         40         │
╘═════════════════════════════════════════════════════╧════════════════════╛

══════════════════════════════════════════
[33m        job         [0m
────────────────────┬─────────────────────
       status       │ running             
      runTime       │ 2025-02-25 22:58:55.029152
════════════════════╧═════════════════════
╒═════════════════════════════════════════════════════╤════════════════════╕
│       train/episode/rew tracking lin vel/mean       │       1.091        │
├─────────────────────────────────────────────────────┼────────────────────┤
│       train/episode/rew tracking ang vel/mean       │       0.588        │
├─────────────────────────────────────────────────────┼────────────────────┤
│          train/episode/rew lin vel z/mean           │       -0.005       │
├─────────────────────────────────────────────────────┼────────────────────┤
│          train/episode/rew ang vel xy/mean          │       -0.012       │
├─────────────────────────────────────────────────────┼────────────────────┤
│           train/episode/rew torques/mean            │       -0.174       │
├─────────────────────────────────────────────────────┼────────────────────┤
│           train/episode/rew dof vel/mean            │       -0.039       │
├─────────────────────────────────────────────────────┼────────────────────┤
│           train/episode/rew dof acc/mean            │        -0.4        │
├─────────────────────────────────────────────────────┼────────────────────┤
│          train/episode/rew collision/mean           │       -6.972       │
├─────────────────────────────────────────────────────┼────────────────────┤
│         train/episode/rew action rate/mean          │       -0.986       │
├─────────────────────────────────────────────────────┼────────────────────┤
│train/episode/rew tracking contacts shaped force/mean│       -2.921       │
├─────────────────────────────────────────────────────┼────────────────────┤
│ train/episode/rew tracking contacts shaped vel/mean │       -0.729       │
├─────────────────────────────────────────────────────┼────────────────────┤
│             train/episode/rew jump/mean             │       -0.487       │
├─────────────────────────────────────────────────────┼────────────────────┤
│        train/episode/rew dof pos limits/mean        │       -0.057       │
├─────────────────────────────────────────────────────┼────────────────────┤
│          train/episode/rew feet slip/mean           │       -0.072       │
├─────────────────────────────────────────────────────┼────────────────────┤
│  train/episode/rew feet clearance cmd linear/mean   │       -4.399       │
├─────────────────────────────────────────────────────┼────────────────────┤
│     train/episode/rew action smoothness 1/mean      │       -0.462       │
├─────────────────────────────────────────────────────┼────────────────────┤
│     train/episode/rew action smoothness 2/mean      │       -1.367       │
├─────────────────────────────────────────────────────┼────────────────────┤
│      train/episode/rew raibert heuristic/mean       │       -9.016       │
├─────────────────────────────────────────────────────┼────────────────────┤
│     train/episode/rew orientation control/mean      │       -6.641       │
├─────────────────────────────────────────────────────┼────────────────────┤
│            train/episode/rew total/mean             │       0.004        │
├─────────────────────────────────────────────────────┼────────────────────┤
│       train/episode/min command duration/mean       │        0.5         │
├─────────────────────────────────────────────────────┼────────────────────┤
│       train/episode/max command duration/mean       │        0.5         │
├─────────────────────────────────────────────────────┼────────────────────┤
│        train/episode/min command bound/mean         │         0.         │
├─────────────────────────────────────────────────────┼────────────────────┤
│        train/episode/max command bound/mean         │         0.         │
├─────────────────────────────────────────────────────┼────────────────────┤
│        train/episode/min command offset/mean        │         0.         │
├─────────────────────────────────────────────────────┼────────────────────┤
│        train/episode/max command offset/mean        │         0.         │
├─────────────────────────────────────────────────────┼────────────────────┤
│        train/episode/min command phase/mean         │        0.5         │
├─────────────────────────────────────────────────────┼────────────────────┤
│        train/episode/max command phase/mean         │        0.5         │
├─────────────────────────────────────────────────────┼────────────────────┤
│         train/episode/min command freq/mean         │       2.002        │
├─────────────────────────────────────────────────────┼────────────────────┤
│         train/episode/max command freq/mean         │       3.998        │
├─────────────────────────────────────────────────────┼────────────────────┤
│        train/episode/min command x vel/mean         │       -1.045       │
├─────────────────────────────────────────────────────┼────────────────────┤
│        train/episode/max command x vel/mean         │       1.047        │
├─────────────────────────────────────────────────────┼────────────────────┤
│        train/episode/min command y vel/mean         │        -0.2        │
├─────────────────────────────────────────────────────┼────────────────────┤
│        train/episode/max command y vel/mean         │        0.2         │
├─────────────────────────────────────────────────────┼────────────────────┤
│       train/episode/min command yaw vel/mean        │       -1.046       │
├─────────────────────────────────────────────────────┼────────────────────┤
│       train/episode/max command yaw vel/mean        │       1.047        │
├─────────────────────────────────────────────────────┼────────────────────┤
│     train/episode/min command swing height/mean     │        0.03        │
├─────────────────────────────────────────────────────┼────────────────────┤
│     train/episode/max command swing height/mean     │        0.35        │
├─────────────────────────────────────────────────────┼────────────────────┤
│        train/episode/command area trot/mean         │       0.274        │
├─────────────────────────────────────────────────────┼────────────────────┤
│            train/episode/min action/mean            │       -5.242       │
├─────────────────────────────────────────────────────┼────────────────────┤
│            train/episode/max action/mean            │       5.249        │
├─────────────────────────────────────────────────────┼────────────────────┤
│                  time elapsed/mean                  │       63.058       │
├─────────────────────────────────────────────────────┼────────────────────┤
│                   time iter/mean                    │       1.359        │
├─────────────────────────────────────────────────────┼────────────────────┤
│                mean value loss/mean                 │         0.         │
├─────────────────────────────────────────────────────┼────────────────────┤
│              mean surrogate loss/mean               │       -0.038       │
├─────────────────────────────────────────────────────┼────────────────────┤
│               mean decoder loss/mean                │         0.         │
├─────────────────────────────────────────────────────┼────────────────────┤
│           mean decoder loss student/mean            │         0.         │
├─────────────────────────────────────────────────────┼────────────────────┤
│             mean decoder test loss/mean             │         0.         │
├─────────────────────────────────────────────────────┼────────────────────┤
│         mean decoder test loss student/mean         │         0.         │
├─────────────────────────────────────────────────────┼────────────────────┤
│                      timesteps                      │      1836000       │
├─────────────────────────────────────────────────────┼────────────────────┤
│                     iterations                      │         50         │
╘═════════════════════════════════════════════════════╧════════════════════╛

══════════════════════════════════════════
[33m        job         [0m
────────────────────┬─────────────────────
       status       │ running             
      runTime       │ 2025-02-25 22:59:08.626036
════════════════════╧═════════════════════
╒═════════════════════════════════════════════════════╤════════════════════╕
│       train/episode/rew tracking lin vel/mean       │        0.87        │
├─────────────────────────────────────────────────────┼────────────────────┤
│       train/episode/rew tracking ang vel/mean       │       0.474        │
├─────────────────────────────────────────────────────┼────────────────────┤
│          train/episode/rew lin vel z/mean           │       -0.005       │
├─────────────────────────────────────────────────────┼────────────────────┤
│          train/episode/rew ang vel xy/mean          │       -0.012       │
├─────────────────────────────────────────────────────┼────────────────────┤
│           train/episode/rew torques/mean            │       -0.142       │
├─────────────────────────────────────────────────────┼────────────────────┤
│           train/episode/rew dof vel/mean            │       -0.038       │
├─────────────────────────────────────────────────────┼────────────────────┤
│           train/episode/rew dof acc/mean            │       -0.394       │
├─────────────────────────────────────────────────────┼────────────────────┤
│          train/episode/rew collision/mean           │       -4.677       │
├─────────────────────────────────────────────────────┼────────────────────┤
│         train/episode/rew action rate/mean          │       -0.902       │
├─────────────────────────────────────────────────────┼────────────────────┤
│train/episode/rew tracking contacts shaped force/mean│       -2.219       │
├─────────────────────────────────────────────────────┼────────────────────┤
│ train/episode/rew tracking contacts shaped vel/mean │       -0.713       │
├─────────────────────────────────────────────────────┼────────────────────┤
│             train/episode/rew jump/mean             │       -0.409       │
├─────────────────────────────────────────────────────┼────────────────────┤
│        train/episode/rew dof pos limits/mean        │       -0.058       │
├─────────────────────────────────────────────────────┼────────────────────┤
│          train/episode/rew feet slip/mean           │       -0.065       │
├─────────────────────────────────────────────────────┼────────────────────┤
│  train/episode/rew feet clearance cmd linear/mean   │       -3.875       │
├─────────────────────────────────────────────────────┼────────────────────┤
│     train/episode/rew action smoothness 1/mean      │       -0.422       │
├─────────────────────────────────────────────────────┼────────────────────┤
│     train/episode/rew action smoothness 2/mean      │       -1.236       │
├─────────────────────────────────────────────────────┼────────────────────┤
│      train/episode/rew raibert heuristic/mean       │       -7.474       │
├─────────────────────────────────────────────────────┼────────────────────┤
│     train/episode/rew orientation control/mean      │       -5.656       │
├─────────────────────────────────────────────────────┼────────────────────┤
│            train/episode/rew total/mean             │       0.004        │
├─────────────────────────────────────────────────────┼────────────────────┤
│       train/episode/min command duration/mean       │        0.5         │
├─────────────────────────────────────────────────────┼────────────────────┤
│       train/episode/max command duration/mean       │        0.5         │
├─────────────────────────────────────────────────────┼────────────────────┤
│        train/episode/min command bound/mean         │         0.         │
├─────────────────────────────────────────────────────┼────────────────────┤
│        train/episode/max command bound/mean         │         0.         │
├─────────────────────────────────────────────────────┼────────────────────┤
│        train/episode/min command offset/mean        │         0.         │
├─────────────────────────────────────────────────────┼────────────────────┤
│        train/episode/max command offset/mean        │         0.         │
├─────────────────────────────────────────────────────┼────────────────────┤
│        train/episode/min command phase/mean         │        0.5         │
├─────────────────────────────────────────────────────┼────────────────────┤
│        train/episode/max command phase/mean         │        0.5         │
├─────────────────────────────────────────────────────┼────────────────────┤
│         train/episode/min command freq/mean         │       2.001        │
├─────────────────────────────────────────────────────┼────────────────────┤
│         train/episode/max command freq/mean         │       3.999        │
├─────────────────────────────────────────────────────┼────────────────────┤
│        train/episode/min command x vel/mean         │       -1.046       │
├─────────────────────────────────────────────────────┼────────────────────┤
│        train/episode/max command x vel/mean         │       1.047        │
├─────────────────────────────────────────────────────┼────────────────────┤
│        train/episode/min command y vel/mean         │        -0.2        │
├─────────────────────────────────────────────────────┼────────────────────┤
│        train/episode/max command y vel/mean         │        0.2         │
├─────────────────────────────────────────────────────┼────────────────────┤
│       train/episode/min command yaw vel/mean        │       -1.047       │
├─────────────────────────────────────────────────────┼────────────────────┤
│       train/episode/max command yaw vel/mean        │       1.047        │
├─────────────────────────────────────────────────────┼────────────────────┤
│     train/episode/min command swing height/mean     │        0.03        │
├─────────────────────────────────────────────────────┼────────────────────┤
│     train/episode/max command swing height/mean     │        0.35        │
├─────────────────────────────────────────────────────┼────────────────────┤
│        train/episode/command area trot/mean         │       0.274        │
├─────────────────────────────────────────────────────┼────────────────────┤
│            train/episode/min action/mean            │       -5.513       │
├─────────────────────────────────────────────────────┼────────────────────┤
│            train/episode/max action/mean            │       5.454        │
├─────────────────────────────────────────────────────┼────────────────────┤
│                  time elapsed/mean                  │       76.65        │
├─────────────────────────────────────────────────────┼────────────────────┤
│                   time iter/mean                    │       1.361        │
├─────────────────────────────────────────────────────┼────────────────────┤
│                mean value loss/mean                 │         0.         │
├─────────────────────────────────────────────────────┼────────────────────┤
│              mean surrogate loss/mean               │       -0.042       │
├─────────────────────────────────────────────────────┼────────────────────┤
│               mean decoder loss/mean                │         0.         │
├─────────────────────────────────────────────────────┼────────────────────┤
│           mean decoder loss student/mean            │         0.         │
├─────────────────────────────────────────────────────┼────────────────────┤
│             mean decoder test loss/mean             │         0.         │
├─────────────────────────────────────────────────────┼────────────────────┤
│         mean decoder test loss student/mean         │         0.         │
├─────────────────────────────────────────────────────┼────────────────────┤
│                      timesteps                      │      2196000       │
├─────────────────────────────────────────────────────┼────────────────────┤
│                     iterations                      │         60         │
╘═════════════════════════════════════════════════════╧════════════════════╛

══════════════════════════════════════════
[33m        job         [0m
────────────────────┬─────────────────────
       status       │ running             
      runTime       │ 2025-02-25 22:59:22.229211
════════════════════╧═════════════════════
╒═════════════════════════════════════════════════════╤════════════════════╕
│       train/episode/rew tracking lin vel/mean       │       0.982        │
├─────────────────────────────────────────────────────┼────────────────────┤
│       train/episode/rew tracking ang vel/mean       │       0.544        │
├─────────────────────────────────────────────────────┼────────────────────┤
│          train/episode/rew lin vel z/mean           │       -0.006       │
├─────────────────────────────────────────────────────┼────────────────────┤
│          train/episode/rew ang vel xy/mean          │       -0.013       │
├─────────────────────────────────────────────────────┼────────────────────┤
│           train/episode/rew torques/mean            │       -0.16        │
├─────────────────────────────────────────────────────┼────────────────────┤
│           train/episode/rew dof vel/mean            │       -0.045       │
├─────────────────────────────────────────────────────┼────────────────────┤
│           train/episode/rew dof acc/mean            │       -0.466       │
├─────────────────────────────────────────────────────┼────────────────────┤
│          train/episode/rew collision/mean           │       -5.298       │
├─────────────────────────────────────────────────────┼────────────────────┤
│         train/episode/rew action rate/mean          │       -1.055       │
├─────────────────────────────────────────────────────┼────────────────────┤
│train/episode/rew tracking contacts shaped force/mean│       -2.435       │
├─────────────────────────────────────────────────────┼────────────────────┤
│ train/episode/rew tracking contacts shaped vel/mean │       -0.815       │
├─────────────────────────────────────────────────────┼────────────────────┤
│             train/episode/rew jump/mean             │       -0.463       │
├─────────────────────────────────────────────────────┼────────────────────┤
│        train/episode/rew dof pos limits/mean        │       -0.04        │
├─────────────────────────────────────────────────────┼────────────────────┤
│          train/episode/rew feet slip/mean           │       -0.072       │
├─────────────────────────────────────────────────────┼────────────────────┤
│  train/episode/rew feet clearance cmd linear/mean   │       -4.435       │
├─────────────────────────────────────────────────────┼────────────────────┤
│     train/episode/rew action smoothness 1/mean      │       -0.492       │
├─────────────────────────────────────────────────────┼────────────────────┤
│     train/episode/rew action smoothness 2/mean      │       -1.438       │
├─────────────────────────────────────────────────────┼────────────────────┤
│      train/episode/rew raibert heuristic/mean       │       -8.269       │
├─────────────────────────────────────────────────────┼────────────────────┤
│     train/episode/rew orientation control/mean      │       -6.401       │
├─────────────────────────────────────────────────────┼────────────────────┤
│            train/episode/rew total/mean             │       0.005        │
├─────────────────────────────────────────────────────┼────────────────────┤
│       train/episode/min command duration/mean       │        0.5         │
├─────────────────────────────────────────────────────┼────────────────────┤
│       train/episode/max command duration/mean       │        0.5         │
├─────────────────────────────────────────────────────┼────────────────────┤
│        train/episode/min command bound/mean         │         0.         │
├─────────────────────────────────────────────────────┼────────────────────┤
│        train/episode/max command bound/mean         │         0.         │
├─────────────────────────────────────────────────────┼────────────────────┤
│        train/episode/min command offset/mean        │         0.         │
├─────────────────────────────────────────────────────┼────────────────────┤
│        train/episode/max command offset/mean        │         0.         │
├─────────────────────────────────────────────────────┼────────────────────┤
│        train/episode/min command phase/mean         │        0.5         │
├─────────────────────────────────────────────────────┼────────────────────┤
│        train/episode/max command phase/mean         │        0.5         │
├─────────────────────────────────────────────────────┼────────────────────┤
│         train/episode/min command freq/mean         │       2.001        │
├─────────────────────────────────────────────────────┼────────────────────┤
│         train/episode/max command freq/mean         │       3.997        │
├─────────────────────────────────────────────────────┼────────────────────┤
│        train/episode/min command x vel/mean         │       -1.046       │
├─────────────────────────────────────────────────────┼────────────────────┤
│        train/episode/max command x vel/mean         │       1.048        │
├─────────────────────────────────────────────────────┼────────────────────┤
│        train/episode/min command y vel/mean         │        -0.2        │
├─────────────────────────────────────────────────────┼────────────────────┤
│        train/episode/max command y vel/mean         │        0.2         │
├─────────────────────────────────────────────────────┼────────────────────┤
│       train/episode/min command yaw vel/mean        │       -1.045       │
├─────────────────────────────────────────────────────┼────────────────────┤
│       train/episode/max command yaw vel/mean        │       1.046        │
├─────────────────────────────────────────────────────┼────────────────────┤
│     train/episode/min command swing height/mean     │        0.03        │
├─────────────────────────────────────────────────────┼────────────────────┤
│     train/episode/max command swing height/mean     │        0.35        │
├─────────────────────────────────────────────────────┼────────────────────┤
│        train/episode/command area trot/mean         │       0.274        │
├─────────────────────────────────────────────────────┼────────────────────┤
│            train/episode/min action/mean            │       -5.675       │
├─────────────────────────────────────────────────────┼────────────────────┤
│            train/episode/max action/mean            │       5.579        │
├─────────────────────────────────────────────────────┼────────────────────┤
│                  time elapsed/mean                  │       90.289       │
├─────────────────────────────────────────────────────┼────────────────────┤
│                   time iter/mean                    │       1.366        │
├─────────────────────────────────────────────────────┼────────────────────┤
│                mean value loss/mean                 │         0.         │
├─────────────────────────────────────────────────────┼────────────────────┤
│              mean surrogate loss/mean               │       -0.043       │
├─────────────────────────────────────────────────────┼────────────────────┤
│               mean decoder loss/mean                │         0.         │
├─────────────────────────────────────────────────────┼────────────────────┤
│           mean decoder loss student/mean            │         0.         │
├─────────────────────────────────────────────────────┼────────────────────┤
│             mean decoder test loss/mean             │         0.         │
├─────────────────────────────────────────────────────┼────────────────────┤
│         mean decoder test loss student/mean         │         0.         │
├─────────────────────────────────────────────────────┼────────────────────┤
│                      timesteps                      │      2556000       │
├─────────────────────────────────────────────────────┼────────────────────┤
│                     iterations                      │         70         │
╘═════════════════════════════════════════════════════╧════════════════════╛

══════════════════════════════════════════
[33m        job         [0m
────────────────────┬─────────────────────
       status       │ running             
      runTime       │ 2025-02-25 22:59:35.881397
════════════════════╧═════════════════════
╒═════════════════════════════════════════════════════╤════════════════════╕
│       train/episode/rew tracking lin vel/mean       │       1.236        │
├─────────────────────────────────────────────────────┼────────────────────┤
│       train/episode/rew tracking ang vel/mean       │       0.638        │
├─────────────────────────────────────────────────────┼────────────────────┤
│          train/episode/rew lin vel z/mean           │       -0.006       │
├─────────────────────────────────────────────────────┼────────────────────┤
│          train/episode/rew ang vel xy/mean          │       -0.015       │
├─────────────────────────────────────────────────────┼────────────────────┤
│           train/episode/rew torques/mean            │       -0.195       │
├─────────────────────────────────────────────────────┼────────────────────┤
│           train/episode/rew dof vel/mean            │       -0.055       │
├─────────────────────────────────────────────────────┼────────────────────┤
│           train/episode/rew dof acc/mean            │       -0.566       │
├─────────────────────────────────────────────────────┼────────────────────┤
│          train/episode/rew collision/mean           │       -6.836       │
├─────────────────────────────────────────────────────┼────────────────────┤
│         train/episode/rew action rate/mean          │       -1.303       │
├─────────────────────────────────────────────────────┼────────────────────┤
│train/episode/rew tracking contacts shaped force/mean│       -2.918       │
├─────────────────────────────────────────────────────┼────────────────────┤
│ train/episode/rew tracking contacts shaped vel/mean │       -0.97        │
├─────────────────────────────────────────────────────┼────────────────────┤
│             train/episode/rew jump/mean             │       -0.513       │
├─────────────────────────────────────────────────────┼────────────────────┤
│        train/episode/rew dof pos limits/mean        │       -0.047       │
├─────────────────────────────────────────────────────┼────────────────────┤
│          train/episode/rew feet slip/mean           │       -0.086       │
├─────────────────────────────────────────────────────┼────────────────────┤
│  train/episode/rew feet clearance cmd linear/mean   │       -5.154       │
├─────────────────────────────────────────────────────┼────────────────────┤
│     train/episode/rew action smoothness 1/mean      │       -0.606       │
├─────────────────────────────────────────────────────┼────────────────────┤
│     train/episode/rew action smoothness 2/mean      │       -1.767       │
├─────────────────────────────────────────────────────┼────────────────────┤
│      train/episode/rew raibert heuristic/mean       │       -9.677       │
├─────────────────────────────────────────────────────┼────────────────────┤
│     train/episode/rew orientation control/mean      │       -7.616       │
├─────────────────────────────────────────────────────┼────────────────────┤
│            train/episode/rew total/mean             │       0.006        │
├─────────────────────────────────────────────────────┼────────────────────┤
│       train/episode/min command duration/mean       │        0.5         │
├─────────────────────────────────────────────────────┼────────────────────┤
│       train/episode/max command duration/mean       │        0.5         │
├─────────────────────────────────────────────────────┼────────────────────┤
│        train/episode/min command bound/mean         │         0.         │
├─────────────────────────────────────────────────────┼────────────────────┤
│        train/episode/max command bound/mean         │         0.         │
├─────────────────────────────────────────────────────┼────────────────────┤
│        train/episode/min command offset/mean        │         0.         │
├─────────────────────────────────────────────────────┼────────────────────┤
│        train/episode/max command offset/mean        │         0.         │
├─────────────────────────────────────────────────────┼────────────────────┤
│        train/episode/min command phase/mean         │        0.5         │
├─────────────────────────────────────────────────────┼────────────────────┤
│        train/episode/max command phase/mean         │        0.5         │
├─────────────────────────────────────────────────────┼────────────────────┤
│         train/episode/min command freq/mean         │       2.001        │
├─────────────────────────────────────────────────────┼────────────────────┤
│         train/episode/max command freq/mean         │       3.999        │
├─────────────────────────────────────────────────────┼────────────────────┤
│        train/episode/min command x vel/mean         │       -1.047       │
├─────────────────────────────────────────────────────┼────────────────────┤
│        train/episode/max command x vel/mean         │       1.047        │
├─────────────────────────────────────────────────────┼────────────────────┤
│        train/episode/min command y vel/mean         │        -0.2        │
├─────────────────────────────────────────────────────┼────────────────────┤
│        train/episode/max command y vel/mean         │        0.2         │
├─────────────────────────────────────────────────────┼────────────────────┤
│       train/episode/min command yaw vel/mean        │       -1.046       │
├─────────────────────────────────────────────────────┼────────────────────┤
│       train/episode/max command yaw vel/mean        │       1.047        │
├─────────────────────────────────────────────────────┼────────────────────┤
│     train/episode/min command swing height/mean     │        0.03        │
├─────────────────────────────────────────────────────┼────────────────────┤
│     train/episode/max command swing height/mean     │        0.35        │
├─────────────────────────────────────────────────────┼────────────────────┤
│        train/episode/command area trot/mean         │       0.274        │
├─────────────────────────────────────────────────────┼────────────────────┤
│            train/episode/min action/mean            │       -5.85        │
├─────────────────────────────────────────────────────┼────────────────────┤
│            train/episode/max action/mean            │        5.73        │
├─────────────────────────────────────────────────────┼────────────────────┤
│                  time elapsed/mean                  │      103.955       │
├─────────────────────────────────────────────────────┼────────────────────┤
│                   time iter/mean                    │       1.373        │
├─────────────────────────────────────────────────────┼────────────────────┤
│                mean value loss/mean                 │         0.         │
├─────────────────────────────────────────────────────┼────────────────────┤
│              mean surrogate loss/mean               │       -0.041       │
├─────────────────────────────────────────────────────┼────────────────────┤
│               mean decoder loss/mean                │         0.         │
├─────────────────────────────────────────────────────┼────────────────────┤
│           mean decoder loss student/mean            │         0.         │
├─────────────────────────────────────────────────────┼────────────────────┤
│             mean decoder test loss/mean             │         0.         │
├─────────────────────────────────────────────────────┼────────────────────┤
│         mean decoder test loss student/mean         │         0.         │
├─────────────────────────────────────────────────────┼────────────────────┤
│                      timesteps                      │      2916000       │
├─────────────────────────────────────────────────────┼────────────────────┤
│                     iterations                      │         80         │
╘═════════════════════════════════════════════════════╧════════════════════╛

══════════════════════════════════════════
[33m        job         [0m
────────────────────┬─────────────────────
       status       │ running             
      runTime       │ 2025-02-25 22:59:49.612915
════════════════════╧═════════════════════
╒═════════════════════════════════════════════════════╤════════════════════╕
│       train/episode/rew tracking lin vel/mean       │       1.496        │
├─────────────────────────────────────────────────────┼────────────────────┤
│       train/episode/rew tracking ang vel/mean       │       0.825        │
├─────────────────────────────────────────────────────┼────────────────────┤
│          train/episode/rew lin vel z/mean           │       -0.006       │
├─────────────────────────────────────────────────────┼────────────────────┤
│          train/episode/rew ang vel xy/mean          │       -0.018       │
├─────────────────────────────────────────────────────┼────────────────────┤
│           train/episode/rew torques/mean            │       -0.285       │
├─────────────────────────────────────────────────────┼────────────────────┤
│           train/episode/rew dof vel/mean            │       -0.059       │
├─────────────────────────────────────────────────────┼────────────────────┤
│           train/episode/rew dof acc/mean            │       -0.593       │
├─────────────────────────────────────────────────────┼────────────────────┤
│          train/episode/rew collision/mean           │       -9.915       │
├─────────────────────────────────────────────────────┼────────────────────┤
│         train/episode/rew action rate/mean          │       -1.652       │
├─────────────────────────────────────────────────────┼────────────────────┤
│train/episode/rew tracking contacts shaped force/mean│       -4.512       │
├─────────────────────────────────────────────────────┼────────────────────┤
│ train/episode/rew tracking contacts shaped vel/mean │       -0.999       │
├─────────────────────────────────────────────────────┼────────────────────┤
│             train/episode/rew jump/mean             │       -0.673       │
├─────────────────────────────────────────────────────┼────────────────────┤
│        train/episode/rew dof pos limits/mean        │       -0.026       │
├─────────────────────────────────────────────────────┼────────────────────┤
│          train/episode/rew feet slip/mean           │       -0.112       │
├─────────────────────────────────────────────────────┼────────────────────┤
│  train/episode/rew feet clearance cmd linear/mean   │       -5.951       │
├─────────────────────────────────────────────────────┼────────────────────┤
│     train/episode/rew action smoothness 1/mean      │       -0.766       │
├─────────────────────────────────────────────────────┼────────────────────┤
│     train/episode/rew action smoothness 2/mean      │       -2.218       │
├─────────────────────────────────────────────────────┼────────────────────┤
│      train/episode/rew raibert heuristic/mean       │       -9.613       │
├─────────────────────────────────────────────────────┼────────────────────┤
│     train/episode/rew orientation control/mean      │       -7.324       │
├─────────────────────────────────────────────────────┼────────────────────┤
│            train/episode/rew total/mean             │        0.01        │
├─────────────────────────────────────────────────────┼────────────────────┤
│       train/episode/min command duration/mean       │        0.5         │
├─────────────────────────────────────────────────────┼────────────────────┤
│       train/episode/max command duration/mean       │        0.5         │
├─────────────────────────────────────────────────────┼────────────────────┤
│        train/episode/min command bound/mean         │         0.         │
├─────────────────────────────────────────────────────┼────────────────────┤
│        train/episode/max command bound/mean         │         0.         │
├─────────────────────────────────────────────────────┼────────────────────┤
│        train/episode/min command offset/mean        │         0.         │
├─────────────────────────────────────────────────────┼────────────────────┤
│        train/episode/max command offset/mean        │         0.         │
├─────────────────────────────────────────────────────┼────────────────────┤
│        train/episode/min command phase/mean         │        0.5         │
├─────────────────────────────────────────────────────┼────────────────────┤
│        train/episode/max command phase/mean         │        0.5         │
├─────────────────────────────────────────────────────┼────────────────────┤
│         train/episode/min command freq/mean         │         2.         │
├─────────────────────────────────────────────────────┼────────────────────┤
│         train/episode/max command freq/mean         │       3.999        │
├─────────────────────────────────────────────────────┼────────────────────┤
│        train/episode/min command x vel/mean         │       -1.047       │
├─────────────────────────────────────────────────────┼────────────────────┤
│        train/episode/max command x vel/mean         │       1.047        │
├─────────────────────────────────────────────────────┼────────────────────┤
│        train/episode/min command y vel/mean         │        -0.2        │
├─────────────────────────────────────────────────────┼────────────────────┤
│        train/episode/max command y vel/mean         │        0.2         │
├─────────────────────────────────────────────────────┼────────────────────┤
│       train/episode/min command yaw vel/mean        │       -1.045       │
├─────────────────────────────────────────────────────┼────────────────────┤
│       train/episode/max command yaw vel/mean        │       1.047        │
├─────────────────────────────────────────────────────┼────────────────────┤
│     train/episode/min command swing height/mean     │        0.03        │
├─────────────────────────────────────────────────────┼────────────────────┤
│     train/episode/max command swing height/mean     │        0.35        │
├─────────────────────────────────────────────────────┼────────────────────┤
│        train/episode/command area trot/mean         │       0.274        │
├─────────────────────────────────────────────────────┼────────────────────┤
│            train/episode/min action/mean            │       -6.004       │
├─────────────────────────────────────────────────────┼────────────────────┤
│            train/episode/max action/mean            │        5.76        │
├─────────────────────────────────────────────────────┼────────────────────┤
│                  time elapsed/mean                  │      117.733       │
├─────────────────────────────────────────────────────┼────────────────────┤
│                   time iter/mean                    │        1.38        │
├─────────────────────────────────────────────────────┼────────────────────┤
│                mean value loss/mean                 │         0.         │
├─────────────────────────────────────────────────────┼────────────────────┤
│              mean surrogate loss/mean               │       -0.041       │
├─────────────────────────────────────────────────────┼────────────────────┤
│               mean decoder loss/mean                │         0.         │
├─────────────────────────────────────────────────────┼────────────────────┤
│           mean decoder loss student/mean            │         0.         │
├─────────────────────────────────────────────────────┼────────────────────┤
│             mean decoder test loss/mean             │         0.         │
├─────────────────────────────────────────────────────┼────────────────────┤
│         mean decoder test loss student/mean         │         0.         │
├─────────────────────────────────────────────────────┼────────────────────┤
│                      timesteps                      │      3276000       │
├─────────────────────────────────────────────────────┼────────────────────┤
│                     iterations                      │         90         │
╘═════════════════════════════════════════════════════╧════════════════════╛

══════════════════════════════════════════
[33m        job         [0m
────────────────────┬─────────────────────
       status       │ running             
      runTime       │ 2025-02-25 23:00:03.410246
════════════════════╧═════════════════════
╒═════════════════════════════════════════════════════╤════════════════════╕
│       train/episode/rew tracking lin vel/mean       │       2.415        │
├─────────────────────────────────────────────────────┼────────────────────┤
│       train/episode/rew tracking ang vel/mean       │       1.288        │
├─────────────────────────────────────────────────────┼────────────────────┤
│          train/episode/rew lin vel z/mean           │       -0.006       │
├─────────────────────────────────────────────────────┼────────────────────┤
│          train/episode/rew ang vel xy/mean          │       -0.023       │
├─────────────────────────────────────────────────────┼────────────────────┤
│           train/episode/rew torques/mean            │       -0.451       │
├─────────────────────────────────────────────────────┼────────────────────┤
│           train/episode/rew dof vel/mean            │       -0.074       │
├─────────────────────────────────────────────────────┼────────────────────┤
│           train/episode/rew dof acc/mean            │       -0.743       │
├─────────────────────────────────────────────────────┼────────────────────┤
│          train/episode/rew collision/mean           │      -14.519       │
├─────────────────────────────────────────────────────┼────────────────────┤
│         train/episode/rew action rate/mean          │       -2.388       │
├─────────────────────────────────────────────────────┼────────────────────┤
│train/episode/rew tracking contacts shaped force/mean│       -7.389       │
├─────────────────────────────────────────────────────┼────────────────────┤
│ train/episode/rew tracking contacts shaped vel/mean │       -1.187       │
├─────────────────────────────────────────────────────┼────────────────────┤
│             train/episode/rew jump/mean             │       -0.893       │
├─────────────────────────────────────────────────────┼────────────────────┤
│        train/episode/rew dof pos limits/mean        │       -0.043       │
├─────────────────────────────────────────────────────┼────────────────────┤
│          train/episode/rew feet slip/mean           │       -0.179       │
├─────────────────────────────────────────────────────┼────────────────────┤
│  train/episode/rew feet clearance cmd linear/mean   │       -7.623       │
├─────────────────────────────────────────────────────┼────────────────────┤
│     train/episode/rew action smoothness 1/mean      │       -1.106       │
├─────────────────────────────────────────────────────┼────────────────────┤
│     train/episode/rew action smoothness 2/mean      │       -3.176       │
├─────────────────────────────────────────────────────┼────────────────────┤
│      train/episode/rew raibert heuristic/mean       │      -11.766       │
├─────────────────────────────────────────────────────┼────────────────────┤
│     train/episode/rew orientation control/mean      │       -8.792       │
├─────────────────────────────────────────────────────┼────────────────────┤
│            train/episode/rew total/mean             │       0.018        │
├─────────────────────────────────────────────────────┼────────────────────┤
│       train/episode/min command duration/mean       │        0.5         │
├─────────────────────────────────────────────────────┼────────────────────┤
│       train/episode/max command duration/mean       │        0.5         │
├─────────────────────────────────────────────────────┼────────────────────┤
│        train/episode/min command bound/mean         │         0.         │
├─────────────────────────────────────────────────────┼────────────────────┤
│        train/episode/max command bound/mean         │         0.         │
├─────────────────────────────────────────────────────┼────────────────────┤
│        train/episode/min command offset/mean        │         0.         │
├─────────────────────────────────────────────────────┼────────────────────┤
│        train/episode/max command offset/mean        │         0.         │
├─────────────────────────────────────────────────────┼────────────────────┤
│        train/episode/min command phase/mean         │        0.5         │
├─────────────────────────────────────────────────────┼────────────────────┤
│        train/episode/max command phase/mean         │        0.5         │
├─────────────────────────────────────────────────────┼────────────────────┤
│         train/episode/min command freq/mean         │         2.         │
├─────────────────────────────────────────────────────┼────────────────────┤
│         train/episode/max command freq/mean         │       3.998        │
├─────────────────────────────────────────────────────┼────────────────────┤
│        train/episode/min command x vel/mean         │       -1.047       │
├─────────────────────────────────────────────────────┼────────────────────┤
│        train/episode/max command x vel/mean         │       1.047        │
├─────────────────────────────────────────────────────┼────────────────────┤
│        train/episode/min command y vel/mean         │        -0.2        │
├─────────────────────────────────────────────────────┼────────────────────┤
│        train/episode/max command y vel/mean         │        0.2         │
├─────────────────────────────────────────────────────┼────────────────────┤
│       train/episode/min command yaw vel/mean        │       -1.047       │
├─────────────────────────────────────────────────────┼────────────────────┤
│       train/episode/max command yaw vel/mean        │       1.047        │
├─────────────────────────────────────────────────────┼────────────────────┤
│     train/episode/min command swing height/mean     │        0.03        │
├─────────────────────────────────────────────────────┼────────────────────┤
│     train/episode/max command swing height/mean     │        0.35        │
├─────────────────────────────────────────────────────┼────────────────────┤
│        train/episode/command area trot/mean         │       0.274        │
├─────────────────────────────────────────────────────┼────────────────────┤
│            train/episode/min action/mean            │       -6.125       │
├─────────────────────────────────────────────────────┼────────────────────┤
│            train/episode/max action/mean            │       5.817        │
├─────────────────────────────────────────────────────┼────────────────────┤
│                  time elapsed/mean                  │       131.59       │
├─────────────────────────────────────────────────────┼────────────────────┤
│                   time iter/mean                    │       1.381        │
├─────────────────────────────────────────────────────┼────────────────────┤
│                mean value loss/mean                 │         0.         │
├─────────────────────────────────────────────────────┼────────────────────┤
│              mean surrogate loss/mean               │       -0.04        │
├─────────────────────────────────────────────────────┼────────────────────┤
│               mean decoder loss/mean                │         0.         │
├─────────────────────────────────────────────────────┼────────────────────┤
│           mean decoder loss student/mean            │         0.         │
├─────────────────────────────────────────────────────┼────────────────────┤
│             mean decoder test loss/mean             │         0.         │
├─────────────────────────────────────────────────────┼────────────────────┤
│         mean decoder test loss student/mean         │         0.         │
├─────────────────────────────────────────────────────┼────────────────────┤
│                      timesteps                      │      3636000       │
├─────────────────────────────────────────────────────┼────────────────────┤
│                     iterations                      │        100         │
╘═════════════════════════════════════════════════════╧════════════════════╛

══════════════════════════════════════════
[33m        job         [0m
────────────────────┬─────────────────────
       status       │ running             
      runTime       │ 2025-02-25 23:00:17.218976
════════════════════╧═════════════════════
╒═════════════════════════════════════════════════════╤════════════════════╕
│       train/episode/rew tracking lin vel/mean       │       2.832        │
├─────────────────────────────────────────────────────┼────────────────────┤
│       train/episode/rew tracking ang vel/mean       │       1.561        │
├─────────────────────────────────────────────────────┼────────────────────┤
│          train/episode/rew lin vel z/mean           │       -0.006       │
├─────────────────────────────────────────────────────┼────────────────────┤
│          train/episode/rew ang vel xy/mean          │       -0.027       │
├─────────────────────────────────────────────────────┼────────────────────┤
│           train/episode/rew torques/mean            │       -0.62        │
├─────────────────────────────────────────────────────┼────────────────────┤
│           train/episode/rew dof vel/mean            │       -0.08        │
├─────────────────────────────────────────────────────┼────────────────────┤
│           train/episode/rew dof acc/mean            │       -0.775       │
├─────────────────────────────────────────────────────┼────────────────────┤
│          train/episode/rew collision/mean           │      -16.004       │
├─────────────────────────────────────────────────────┼────────────────────┤
│         train/episode/rew action rate/mean          │       -3.022       │
├─────────────────────────────────────────────────────┼────────────────────┤
│train/episode/rew tracking contacts shaped force/mean│      -10.525       │
├─────────────────────────────────────────────────────┼────────────────────┤
│ train/episode/rew tracking contacts shaped vel/mean │       -1.168       │
├─────────────────────────────────────────────────────┼────────────────────┤
│             train/episode/rew jump/mean             │       -1.131       │
├─────────────────────────────────────────────────────┼────────────────────┤
│        train/episode/rew dof pos limits/mean        │       -0.027       │
├─────────────────────────────────────────────────────┼────────────────────┤
│          train/episode/rew feet slip/mean           │       -0.217       │
├─────────────────────────────────────────────────────┼────────────────────┤
│  train/episode/rew feet clearance cmd linear/mean   │       -8.698       │
├─────────────────────────────────────────────────────┼────────────────────┤
│     train/episode/rew action smoothness 1/mean      │       -1.395       │
├─────────────────────────────────────────────────────┼────────────────────┤
│     train/episode/rew action smoothness 2/mean      │       -3.967       │
├─────────────────────────────────────────────────────┼────────────────────┤
│      train/episode/rew raibert heuristic/mean       │      -11.804       │
├─────────────────────────────────────────────────────┼────────────────────┤
│     train/episode/rew orientation control/mean      │       -8.33        │
├─────────────────────────────────────────────────────┼────────────────────┤
│            train/episode/rew total/mean             │       0.032        │
├─────────────────────────────────────────────────────┼────────────────────┤
│       train/episode/min command duration/mean       │        0.5         │
├─────────────────────────────────────────────────────┼────────────────────┤
│       train/episode/max command duration/mean       │        0.5         │
├─────────────────────────────────────────────────────┼────────────────────┤
│        train/episode/min command bound/mean         │         0.         │
├─────────────────────────────────────────────────────┼────────────────────┤
│        train/episode/max command bound/mean         │         0.         │
├─────────────────────────────────────────────────────┼────────────────────┤
│        train/episode/min command offset/mean        │         0.         │
├─────────────────────────────────────────────────────┼────────────────────┤
│        train/episode/max command offset/mean        │         0.         │
├─────────────────────────────────────────────────────┼────────────────────┤
│        train/episode/min command phase/mean         │        0.5         │
├─────────────────────────────────────────────────────┼────────────────────┤
│        train/episode/max command phase/mean         │        0.5         │
├─────────────────────────────────────────────────────┼────────────────────┤
│         train/episode/min command freq/mean         │       2.002        │
├─────────────────────────────────────────────────────┼────────────────────┤
│         train/episode/max command freq/mean         │       3.998        │
├─────────────────────────────────────────────────────┼────────────────────┤
│        train/episode/min command x vel/mean         │       -1.047       │
├─────────────────────────────────────────────────────┼────────────────────┤
│        train/episode/max command x vel/mean         │       1.045        │
├─────────────────────────────────────────────────────┼────────────────────┤
│        train/episode/min command y vel/mean         │        -0.2        │
├─────────────────────────────────────────────────────┼────────────────────┤
│        train/episode/max command y vel/mean         │        0.2         │
├─────────────────────────────────────────────────────┼────────────────────┤
│       train/episode/min command yaw vel/mean        │       -1.047       │
├─────────────────────────────────────────────────────┼────────────────────┤
│       train/episode/max command yaw vel/mean        │       1.047        │
├─────────────────────────────────────────────────────┼────────────────────┤
│     train/episode/min command swing height/mean     │        0.03        │
├─────────────────────────────────────────────────────┼────────────────────┤
│     train/episode/max command swing height/mean     │        0.35        │
├─────────────────────────────────────────────────────┼────────────────────┤
│        train/episode/command area trot/mean         │       0.274        │
├─────────────────────────────────────────────────────┼────────────────────┤
│            train/episode/min action/mean            │       -6.302       │
├─────────────────────────────────────────────────────┼────────────────────┤
│            train/episode/max action/mean            │       5.787        │
├─────────────────────────────────────────────────────┼────────────────────┤
│                  time elapsed/mean                  │      145.356       │
├─────────────────────────────────────────────────────┼────────────────────┤
│                   time iter/mean                    │       1.376        │
├─────────────────────────────────────────────────────┼────────────────────┤
│                mean value loss/mean                 │         0.         │
├─────────────────────────────────────────────────────┼────────────────────┤
│              mean surrogate loss/mean               │       -0.037       │
├─────────────────────────────────────────────────────┼────────────────────┤
│               mean decoder loss/mean                │         0.         │
├─────────────────────────────────────────────────────┼────────────────────┤
│           mean decoder loss student/mean            │         0.         │
├─────────────────────────────────────────────────────┼────────────────────┤
│             mean decoder test loss/mean             │         0.         │
├─────────────────────────────────────────────────────┼────────────────────┤
│         mean decoder test loss student/mean         │         0.         │
├─────────────────────────────────────────────────────┼────────────────────┤
│                      timesteps                      │      3996000       │
├─────────────────────────────────────────────────────┼────────────────────┤
│                     iterations                      │        110         │
╘═════════════════════════════════════════════════════╧════════════════════╛

══════════════════════════════════════════
[33m        job         [0m
────────────────────┬─────────────────────
       status       │ running             
      runTime       │ 2025-02-25 23:00:30.985718
════════════════════╧═════════════════════
╒═════════════════════════════════════════════════════╤════════════════════╕
│       train/episode/rew tracking lin vel/mean       │       4.714        │
├─────────────────────────────────────────────────────┼────────────────────┤
│       train/episode/rew tracking ang vel/mean       │       2.238        │
├─────────────────────────────────────────────────────┼────────────────────┤
│          train/episode/rew lin vel z/mean           │       -0.007       │
├─────────────────────────────────────────────────────┼────────────────────┤
│          train/episode/rew ang vel xy/mean          │       -0.036       │
├─────────────────────────────────────────────────────┼────────────────────┤
│           train/episode/rew torques/mean            │       -0.945       │
├─────────────────────────────────────────────────────┼────────────────────┤
│           train/episode/rew dof vel/mean            │       -0.086       │
├─────────────────────────────────────────────────────┼────────────────────┤
│           train/episode/rew dof acc/mean            │       -0.808       │
├─────────────────────────────────────────────────────┼────────────────────┤
│          train/episode/rew collision/mean           │       -17.49       │
├─────────────────────────────────────────────────────┼────────────────────┤
│         train/episode/rew action rate/mean          │       -4.183       │
├─────────────────────────────────────────────────────┼────────────────────┤
│train/episode/rew tracking contacts shaped force/mean│      -16.689       │
├─────────────────────────────────────────────────────┼────────────────────┤
│ train/episode/rew tracking contacts shaped vel/mean │       -1.063       │
├─────────────────────────────────────────────────────┼────────────────────┤
│             train/episode/rew jump/mean             │       -1.566       │
├─────────────────────────────────────────────────────┼────────────────────┤
│        train/episode/rew dof pos limits/mean        │       -0.029       │
├─────────────────────────────────────────────────────┼────────────────────┤
│          train/episode/rew feet slip/mean           │       -0.282       │
├─────────────────────────────────────────────────────┼────────────────────┤
│  train/episode/rew feet clearance cmd linear/mean   │      -10.957       │
├─────────────────────────────────────────────────────┼────────────────────┤
│     train/episode/rew action smoothness 1/mean      │       -1.932       │
├─────────────────────────────────────────────────────┼────────────────────┤
│     train/episode/rew action smoothness 2/mean      │       -5.419       │
├─────────────────────────────────────────────────────┼────────────────────┤
│      train/episode/rew raibert heuristic/mean       │      -10.725       │
├─────────────────────────────────────────────────────┼────────────────────┤
│     train/episode/rew orientation control/mean      │       -7.501       │
├─────────────────────────────────────────────────────┼────────────────────┤
│            train/episode/rew total/mean             │       0.074        │
├─────────────────────────────────────────────────────┼────────────────────┤
│       train/episode/min command duration/mean       │        0.5         │
├─────────────────────────────────────────────────────┼────────────────────┤
│       train/episode/max command duration/mean       │        0.5         │
├─────────────────────────────────────────────────────┼────────────────────┤
│        train/episode/min command bound/mean         │         0.         │
├─────────────────────────────────────────────────────┼────────────────────┤
│        train/episode/max command bound/mean         │         0.         │
├─────────────────────────────────────────────────────┼────────────────────┤
│        train/episode/min command offset/mean        │         0.         │
├─────────────────────────────────────────────────────┼────────────────────┤
│        train/episode/max command offset/mean        │         0.         │
├─────────────────────────────────────────────────────┼────────────────────┤
│        train/episode/min command phase/mean         │        0.5         │
├─────────────────────────────────────────────────────┼────────────────────┤
│        train/episode/max command phase/mean         │        0.5         │
├─────────────────────────────────────────────────────┼────────────────────┤
│         train/episode/min command freq/mean         │       2.001        │
├─────────────────────────────────────────────────────┼────────────────────┤
│         train/episode/max command freq/mean         │         4.         │
├─────────────────────────────────────────────────────┼────────────────────┤
│        train/episode/min command x vel/mean         │       -1.046       │
├─────────────────────────────────────────────────────┼────────────────────┤
│        train/episode/max command x vel/mean         │       1.045        │
├─────────────────────────────────────────────────────┼────────────────────┤
│        train/episode/min command y vel/mean         │        -0.2        │
├─────────────────────────────────────────────────────┼────────────────────┤
│        train/episode/max command y vel/mean         │       0.199        │
├─────────────────────────────────────────────────────┼────────────────────┤
│       train/episode/min command yaw vel/mean        │       -1.046       │
├─────────────────────────────────────────────────────┼────────────────────┤
│       train/episode/max command yaw vel/mean        │       1.047        │
├─────────────────────────────────────────────────────┼────────────────────┤
│     train/episode/min command swing height/mean     │        0.03        │
├─────────────────────────────────────────────────────┼────────────────────┤
│     train/episode/max command swing height/mean     │       0.349        │
├─────────────────────────────────────────────────────┼────────────────────┤
│        train/episode/command area trot/mean         │       0.274        │
├─────────────────────────────────────────────────────┼────────────────────┤
│            train/episode/min action/mean            │       -6.648       │
├─────────────────────────────────────────────────────┼────────────────────┤
│            train/episode/max action/mean            │       5.853        │
├─────────────────────────────────────────────────────┼────────────────────┤
│                  time elapsed/mean                  │      159.195       │
├─────────────────────────────────────────────────────┼────────────────────┤
│                   time iter/mean                    │       1.393        │
├─────────────────────────────────────────────────────┼────────────────────┤
│                mean value loss/mean                 │         0.         │
├─────────────────────────────────────────────────────┼────────────────────┤
│              mean surrogate loss/mean               │       -0.036       │
├─────────────────────────────────────────────────────┼────────────────────┤
│               mean decoder loss/mean                │         0.         │
├─────────────────────────────────────────────────────┼────────────────────┤
│           mean decoder loss student/mean            │         0.         │
├─────────────────────────────────────────────────────┼────────────────────┤
│             mean decoder test loss/mean             │         0.         │
├─────────────────────────────────────────────────────┼────────────────────┤
│         mean decoder test loss student/mean         │         0.         │
├─────────────────────────────────────────────────────┼────────────────────┤
│                      timesteps                      │      4356000       │
├─────────────────────────────────────────────────────┼────────────────────┤
│                     iterations                      │        120         │
╘═════════════════════════════════════════════════════╧════════════════════╛

══════════════════════════════════════════
[33m        job         [0m
────────────────────┬─────────────────────
       status       │ running             
      runTime       │ 2025-02-25 23:00:44.904557
════════════════════╧═════════════════════
╒═════════════════════════════════════════════════════╤════════════════════╕
│       train/episode/rew tracking lin vel/mean       │       4.902        │
├─────────────────────────────────────────────────────┼────────────────────┤
│       train/episode/rew tracking ang vel/mean       │       2.425        │
├─────────────────────────────────────────────────────┼────────────────────┤
│          train/episode/rew lin vel z/mean           │       -0.008       │
├─────────────────────────────────────────────────────┼────────────────────┤
│          train/episode/rew ang vel xy/mean          │       -0.038       │
├─────────────────────────────────────────────────────┼────────────────────┤
│           train/episode/rew torques/mean            │       -1.042       │
├─────────────────────────────────────────────────────┼────────────────────┤
│           train/episode/rew dof vel/mean            │       -0.086       │
├─────────────────────────────────────────────────────┼────────────────────┤
│           train/episode/rew dof acc/mean            │       -0.796       │
├─────────────────────────────────────────────────────┼────────────────────┤
│          train/episode/rew collision/mean           │      -16.191       │
├─────────────────────────────────────────────────────┼────────────────────┤
│         train/episode/rew action rate/mean          │       -4.348       │
├─────────────────────────────────────────────────────┼────────────────────┤
│train/episode/rew tracking contacts shaped force/mean│      -18.231       │
├─────────────────────────────────────────────────────┼────────────────────┤
│ train/episode/rew tracking contacts shaped vel/mean │       -0.982       │
├─────────────────────────────────────────────────────┼────────────────────┤
│             train/episode/rew jump/mean             │       -1.652       │
├─────────────────────────────────────────────────────┼────────────────────┤
│        train/episode/rew dof pos limits/mean        │       -0.033       │
├─────────────────────────────────────────────────────┼────────────────────┤
│          train/episode/rew feet slip/mean           │       -0.282       │
├─────────────────────────────────────────────────────┼────────────────────┤
│  train/episode/rew feet clearance cmd linear/mean   │      -11.162       │
├─────────────────────────────────────────────────────┼────────────────────┤
│     train/episode/rew action smoothness 1/mean      │       -2.01        │
├─────────────────────────────────────────────────────┼────────────────────┤
│     train/episode/rew action smoothness 2/mean      │       -5.531       │
├─────────────────────────────────────────────────────┼────────────────────┤
│      train/episode/rew raibert heuristic/mean       │       -9.912       │
├─────────────────────────────────────────────────────┼────────────────────┤
│     train/episode/rew orientation control/mean      │       -6.695       │
├─────────────────────────────────────────────────────┼────────────────────┤
│            train/episode/rew total/mean             │       0.097        │
├─────────────────────────────────────────────────────┼────────────────────┤
│       train/episode/min command duration/mean       │        0.5         │
├─────────────────────────────────────────────────────┼────────────────────┤
│       train/episode/max command duration/mean       │        0.5         │
├─────────────────────────────────────────────────────┼────────────────────┤
│        train/episode/min command bound/mean         │         0.         │
├─────────────────────────────────────────────────────┼────────────────────┤
│        train/episode/max command bound/mean         │         0.         │
├─────────────────────────────────────────────────────┼────────────────────┤
│        train/episode/min command offset/mean        │         0.         │
├─────────────────────────────────────────────────────┼────────────────────┤
│        train/episode/max command offset/mean        │         0.         │
├─────────────────────────────────────────────────────┼────────────────────┤
│        train/episode/min command phase/mean         │        0.5         │
├─────────────────────────────────────────────────────┼────────────────────┤
│        train/episode/max command phase/mean         │        0.5         │
├─────────────────────────────────────────────────────┼────────────────────┤
│         train/episode/min command freq/mean         │       2.003        │
├─────────────────────────────────────────────────────┼────────────────────┤
│         train/episode/max command freq/mean         │         4.         │
├─────────────────────────────────────────────────────┼────────────────────┤
│        train/episode/min command x vel/mean         │       -1.046       │
├─────────────────────────────────────────────────────┼────────────────────┤
│        train/episode/max command x vel/mean         │       1.045        │
├─────────────────────────────────────────────────────┼────────────────────┤
│        train/episode/min command y vel/mean         │        -0.2        │
├─────────────────────────────────────────────────────┼────────────────────┤
│        train/episode/max command y vel/mean         │       0.199        │
├─────────────────────────────────────────────────────┼────────────────────┤
│       train/episode/min command yaw vel/mean        │       -1.046       │
├─────────────────────────────────────────────────────┼────────────────────┤
│       train/episode/max command yaw vel/mean        │       1.047        │
├─────────────────────────────────────────────────────┼────────────────────┤
│     train/episode/min command swing height/mean     │        0.03        │
├─────────────────────────────────────────────────────┼────────────────────┤
│     train/episode/max command swing height/mean     │        0.35        │
├─────────────────────────────────────────────────────┼────────────────────┤
│        train/episode/command area trot/mean         │       0.274        │
├─────────────────────────────────────────────────────┼────────────────────┤
│            train/episode/min action/mean            │       -7.253       │
├─────────────────────────────────────────────────────┼────────────────────┤
│            train/episode/max action/mean            │       5.958        │
├─────────────────────────────────────────────────────┼────────────────────┤
│                  time elapsed/mean                  │      172.974       │
├─────────────────────────────────────────────────────┼────────────────────┤
│                   time iter/mean                    │       1.374        │
├─────────────────────────────────────────────────────┼────────────────────┤
│                mean value loss/mean                 │         0.         │
├─────────────────────────────────────────────────────┼────────────────────┤
│              mean surrogate loss/mean               │       -0.035       │
├─────────────────────────────────────────────────────┼────────────────────┤
│               mean decoder loss/mean                │         0.         │
├─────────────────────────────────────────────────────┼────────────────────┤
│           mean decoder loss student/mean            │         0.         │
├─────────────────────────────────────────────────────┼────────────────────┤
│             mean decoder test loss/mean             │         0.         │
├─────────────────────────────────────────────────────┼────────────────────┤
│         mean decoder test loss student/mean         │         0.         │
├─────────────────────────────────────────────────────┼────────────────────┤
│                      timesteps                      │      4716000       │
├─────────────────────────────────────────────────────┼────────────────────┤
│                     iterations                      │        130         │
╘═════════════════════════════════════════════════════╧════════════════════╛

══════════════════════════════════════════
[33m        job         [0m
────────────────────┬─────────────────────
       status       │ running             
      runTime       │ 2025-02-25 23:00:58.647372
════════════════════╧═════════════════════
╒═════════════════════════════════════════════════════╤════════════════════╕
│       train/episode/rew tracking lin vel/mean       │       5.101        │
├─────────────────────────────────────────────────────┼────────────────────┤
│       train/episode/rew tracking ang vel/mean       │       2.543        │
├─────────────────────────────────────────────────────┼────────────────────┤
│          train/episode/rew lin vel z/mean           │       -0.008       │
├─────────────────────────────────────────────────────┼────────────────────┤
│          train/episode/rew ang vel xy/mean          │       -0.039       │
├─────────────────────────────────────────────────────┼────────────────────┤
│           train/episode/rew torques/mean            │       -1.092       │
├─────────────────────────────────────────────────────┼────────────────────┤
│           train/episode/rew dof vel/mean            │       -0.088       │
├─────────────────────────────────────────────────────┼────────────────────┤
│           train/episode/rew dof acc/mean            │       -0.799       │
├─────────────────────────────────────────────────────┼────────────────────┤
│          train/episode/rew collision/mean           │      -15.376       │
├─────────────────────────────────────────────────────┼────────────────────┤
│         train/episode/rew action rate/mean          │       -4.304       │
├─────────────────────────────────────────────────────┼────────────────────┤
│train/episode/rew tracking contacts shaped force/mean│      -18.699       │
├─────────────────────────────────────────────────────┼────────────────────┤
│ train/episode/rew tracking contacts shaped vel/mean │       -0.946       │
├─────────────────────────────────────────────────────┼────────────────────┤
│             train/episode/rew jump/mean             │       -1.69        │
├─────────────────────────────────────────────────────┼────────────────────┤
│        train/episode/rew dof pos limits/mean        │       -0.039       │
├─────────────────────────────────────────────────────┼────────────────────┤
│          train/episode/rew feet slip/mean           │       -0.293       │
├─────────────────────────────────────────────────────┼────────────────────┤
│  train/episode/rew feet clearance cmd linear/mean   │      -10.507       │
├─────────────────────────────────────────────────────┼────────────────────┤
│     train/episode/rew action smoothness 1/mean      │       -1.992       │
├─────────────────────────────────────────────────────┼────────────────────┤
│     train/episode/rew action smoothness 2/mean      │       -5.356       │
├─────────────────────────────────────────────────────┼────────────────────┤
│      train/episode/rew raibert heuristic/mean       │       -9.128       │
├─────────────────────────────────────────────────────┼────────────────────┤
│     train/episode/rew orientation control/mean      │       -5.851       │
├─────────────────────────────────────────────────────┼────────────────────┤
│            train/episode/rew total/mean             │       0.123        │
├─────────────────────────────────────────────────────┼────────────────────┤
│       train/episode/min command duration/mean       │        0.5         │
├─────────────────────────────────────────────────────┼────────────────────┤
│       train/episode/max command duration/mean       │        0.5         │
├─────────────────────────────────────────────────────┼────────────────────┤
│        train/episode/min command bound/mean         │         0.         │
├─────────────────────────────────────────────────────┼────────────────────┤
│        train/episode/max command bound/mean         │         0.         │
├─────────────────────────────────────────────────────┼────────────────────┤
│        train/episode/min command offset/mean        │         0.         │
├─────────────────────────────────────────────────────┼────────────────────┤
│        train/episode/max command offset/mean        │         0.         │
├─────────────────────────────────────────────────────┼────────────────────┤
│        train/episode/min command phase/mean         │        0.5         │
├─────────────────────────────────────────────────────┼────────────────────┤
│        train/episode/max command phase/mean         │        0.5         │
├─────────────────────────────────────────────────────┼────────────────────┤
│         train/episode/min command freq/mean         │       2.001        │
├─────────────────────────────────────────────────────┼────────────────────┤
│         train/episode/max command freq/mean         │       3.998        │
├─────────────────────────────────────────────────────┼────────────────────┤
│        train/episode/min command x vel/mean         │       -1.047       │
├─────────────────────────────────────────────────────┼────────────────────┤
│        train/episode/max command x vel/mean         │       1.045        │
├─────────────────────────────────────────────────────┼────────────────────┤
│        train/episode/min command y vel/mean         │        -0.2        │
├─────────────────────────────────────────────────────┼────────────────────┤
│        train/episode/max command y vel/mean         │        0.2         │
├─────────────────────────────────────────────────────┼────────────────────┤
│       train/episode/min command yaw vel/mean        │       -1.046       │
├─────────────────────────────────────────────────────┼────────────────────┤
│       train/episode/max command yaw vel/mean        │       1.047        │
├─────────────────────────────────────────────────────┼────────────────────┤
│     train/episode/min command swing height/mean     │        0.03        │
├─────────────────────────────────────────────────────┼────────────────────┤
│     train/episode/max command swing height/mean     │        0.35        │
├─────────────────────────────────────────────────────┼────────────────────┤
│        train/episode/command area trot/mean         │       0.274        │
├─────────────────────────────────────────────────────┼────────────────────┤
│            train/episode/min action/mean            │       -7.919       │
├─────────────────────────────────────────────────────┼────────────────────┤
│            train/episode/max action/mean            │       6.119        │
├─────────────────────────────────────────────────────┼────────────────────┤
│                  time elapsed/mean                  │      186.754       │
├─────────────────────────────────────────────────────┼────────────────────┤
│                   time iter/mean                    │       1.364        │
├─────────────────────────────────────────────────────┼────────────────────┤
│                mean value loss/mean                 │         0.         │
├─────────────────────────────────────────────────────┼────────────────────┤
│              mean surrogate loss/mean               │       -0.034       │
├─────────────────────────────────────────────────────┼────────────────────┤
│               mean decoder loss/mean                │         0.         │
├─────────────────────────────────────────────────────┼────────────────────┤
│           mean decoder loss student/mean            │         0.         │
├─────────────────────────────────────────────────────┼────────────────────┤
│             mean decoder test loss/mean             │         0.         │
├─────────────────────────────────────────────────────┼────────────────────┤
│         mean decoder test loss student/mean         │         0.         │
├─────────────────────────────────────────────────────┼────────────────────┤
│                      timesteps                      │      5076000       │
├─────────────────────────────────────────────────────┼────────────────────┤
│                     iterations                      │        140         │
╘═════════════════════════════════════════════════════╧════════════════════╛

══════════════════════════════════════════
[33m        job         [0m
────────────────────┬─────────────────────
       status       │ running             
      runTime       │ 2025-02-25 23:01:12.290303
════════════════════╧═════════════════════
╒═════════════════════════════════════════════════════╤════════════════════╕
│       train/episode/rew tracking lin vel/mean       │       5.006        │
├─────────────────────────────────────────────────────┼────────────────────┤
│       train/episode/rew tracking ang vel/mean       │       2.581        │
├─────────────────────────────────────────────────────┼────────────────────┤
│          train/episode/rew lin vel z/mean           │       -0.008       │
├─────────────────────────────────────────────────────┼────────────────────┤
│          train/episode/rew ang vel xy/mean          │       -0.039       │
├─────────────────────────────────────────────────────┼────────────────────┤
│           train/episode/rew torques/mean            │       -1.126       │
├─────────────────────────────────────────────────────┼────────────────────┤
│           train/episode/rew dof vel/mean            │       -0.09        │
├─────────────────────────────────────────────────────┼────────────────────┤
│           train/episode/rew dof acc/mean            │       -0.802       │
├─────────────────────────────────────────────────────┼────────────────────┤
│          train/episode/rew collision/mean           │      -16.185       │
├─────────────────────────────────────────────────────┼────────────────────┤
│         train/episode/rew action rate/mean          │       -4.243       │
├─────────────────────────────────────────────────────┼────────────────────┤
│train/episode/rew tracking contacts shaped force/mean│      -18.965       │
├─────────────────────────────────────────────────────┼────────────────────┤
│ train/episode/rew tracking contacts shaped vel/mean │       -0.851       │
├─────────────────────────────────────────────────────┼────────────────────┤
│             train/episode/rew jump/mean             │       -1.577       │
├─────────────────────────────────────────────────────┼────────────────────┤
│        train/episode/rew dof pos limits/mean        │       -0.044       │
├─────────────────────────────────────────────────────┼────────────────────┤
│          train/episode/rew feet slip/mean           │       -0.298       │
├─────────────────────────────────────────────────────┼────────────────────┤
│  train/episode/rew feet clearance cmd linear/mean   │      -11.346       │
├─────────────────────────────────────────────────────┼────────────────────┤
│     train/episode/rew action smoothness 1/mean      │       -1.972       │
├─────────────────────────────────────────────────────┼────────────────────┤
│     train/episode/rew action smoothness 2/mean      │       -5.174       │
├─────────────────────────────────────────────────────┼────────────────────┤
│      train/episode/rew raibert heuristic/mean       │       -7.918       │
├─────────────────────────────────────────────────────┼────────────────────┤
│     train/episode/rew orientation control/mean      │       -4.524       │
├─────────────────────────────────────────────────────┼────────────────────┤
│            train/episode/rew total/mean             │       0.134        │
├─────────────────────────────────────────────────────┼────────────────────┤
│       train/episode/min command duration/mean       │        0.5         │
├─────────────────────────────────────────────────────┼────────────────────┤
│       train/episode/max command duration/mean       │        0.5         │
├─────────────────────────────────────────────────────┼────────────────────┤
│        train/episode/min command bound/mean         │         0.         │
├─────────────────────────────────────────────────────┼────────────────────┤
│        train/episode/max command bound/mean         │         0.         │
├─────────────────────────────────────────────────────┼────────────────────┤
│        train/episode/min command offset/mean        │         0.         │
├─────────────────────────────────────────────────────┼────────────────────┤
│        train/episode/max command offset/mean        │         0.         │
├─────────────────────────────────────────────────────┼────────────────────┤
│        train/episode/min command phase/mean         │        0.5         │
├─────────────────────────────────────────────────────┼────────────────────┤
│        train/episode/max command phase/mean         │        0.5         │
├─────────────────────────────────────────────────────┼────────────────────┤
│         train/episode/min command freq/mean         │         2.         │
├─────────────────────────────────────────────────────┼────────────────────┤
│         train/episode/max command freq/mean         │       3.999        │
├─────────────────────────────────────────────────────┼────────────────────┤
│        train/episode/min command x vel/mean         │       -1.047       │
├─────────────────────────────────────────────────────┼────────────────────┤
│        train/episode/max command x vel/mean         │       1.046        │
├─────────────────────────────────────────────────────┼────────────────────┤
│        train/episode/min command y vel/mean         │        -0.2        │
├─────────────────────────────────────────────────────┼────────────────────┤
│        train/episode/max command y vel/mean         │        0.2         │
├─────────────────────────────────────────────────────┼────────────────────┤
│       train/episode/min command yaw vel/mean        │       -1.046       │
├─────────────────────────────────────────────────────┼────────────────────┤
│       train/episode/max command yaw vel/mean        │       1.047        │
├─────────────────────────────────────────────────────┼────────────────────┤
│     train/episode/min command swing height/mean     │        0.03        │
├─────────────────────────────────────────────────────┼────────────────────┤
│     train/episode/max command swing height/mean     │        0.35        │
├─────────────────────────────────────────────────────┼────────────────────┤
│        train/episode/command area trot/mean         │       0.274        │
├─────────────────────────────────────────────────────┼────────────────────┤
│            train/episode/min action/mean            │       -8.393       │
├─────────────────────────────────────────────────────┼────────────────────┤
│            train/episode/max action/mean            │       6.151        │
├─────────────────────────────────────────────────────┼────────────────────┤
│                  time elapsed/mean                  │      200.193       │
├─────────────────────────────────────────────────────┼────────────────────┤
│                   time iter/mean                    │       1.338        │
├─────────────────────────────────────────────────────┼────────────────────┤
│                mean value loss/mean                 │         0.         │
├─────────────────────────────────────────────────────┼────────────────────┤
│              mean surrogate loss/mean               │       -0.034       │
├─────────────────────────────────────────────────────┼────────────────────┤
│               mean decoder loss/mean                │         0.         │
├─────────────────────────────────────────────────────┼────────────────────┤
│           mean decoder loss student/mean            │         0.         │
├─────────────────────────────────────────────────────┼────────────────────┤
│             mean decoder test loss/mean             │         0.         │
├─────────────────────────────────────────────────────┼────────────────────┤
│         mean decoder test loss student/mean         │         0.         │
├─────────────────────────────────────────────────────┼────────────────────┤
│                      timesteps                      │      5436000       │
├─────────────────────────────────────────────────────┼────────────────────┤
│                     iterations                      │        150         │
╘═════════════════════════════════════════════════════╧════════════════════╛

══════════════════════════════════════════
[33m        job         [0m
────────────────────┬─────────────────────
       status       │ running             
      runTime       │ 2025-02-25 23:01:25.672095
════════════════════╧═════════════════════
╒═════════════════════════════════════════════════════╤════════════════════╕
│       train/episode/rew tracking lin vel/mean       │       5.817        │
├─────────────────────────────────────────────────────┼────────────────────┤
│       train/episode/rew tracking ang vel/mean       │       2.798        │
├─────────────────────────────────────────────────────┼────────────────────┤
│          train/episode/rew lin vel z/mean           │       -0.01        │
├─────────────────────────────────────────────────────┼────────────────────┤
│          train/episode/rew ang vel xy/mean          │       -0.042       │
├─────────────────────────────────────────────────────┼────────────────────┤
│           train/episode/rew torques/mean            │       -1.208       │
├─────────────────────────────────────────────────────┼────────────────────┤
│           train/episode/rew dof vel/mean            │       -0.104       │
├─────────────────────────────────────────────────────┼────────────────────┤
│           train/episode/rew dof acc/mean            │       -0.924       │
├─────────────────────────────────────────────────────┼────────────────────┤
│          train/episode/rew collision/mean           │      -15.332       │
├─────────────────────────────────────────────────────┼────────────────────┤
│         train/episode/rew action rate/mean          │       -4.403       │
├─────────────────────────────────────────────────────┼────────────────────┤
│train/episode/rew tracking contacts shaped force/mean│      -19.734       │
├─────────────────────────────────────────────────────┼────────────────────┤
│ train/episode/rew tracking contacts shaped vel/mean │       -0.928       │
├─────────────────────────────────────────────────────┼────────────────────┤
│             train/episode/rew jump/mean             │       -1.719       │
├─────────────────────────────────────────────────────┼────────────────────┤
│        train/episode/rew dof pos limits/mean        │       -0.056       │
├─────────────────────────────────────────────────────┼────────────────────┤
│          train/episode/rew feet slip/mean           │       -0.329       │
├─────────────────────────────────────────────────────┼────────────────────┤
│  train/episode/rew feet clearance cmd linear/mean   │      -10.998       │
├─────────────────────────────────────────────────────┼────────────────────┤
│     train/episode/rew action smoothness 1/mean      │       -2.054       │
├─────────────────────────────────────────────────────┼────────────────────┤
│     train/episode/rew action smoothness 2/mean      │       -5.242       │
├─────────────────────────────────────────────────────┼────────────────────┤
│      train/episode/rew raibert heuristic/mean       │       -7.893       │
├─────────────────────────────────────────────────────┼────────────────────┤
│     train/episode/rew orientation control/mean      │       -4.973       │
├─────────────────────────────────────────────────────┼────────────────────┤
│            train/episode/rew total/mean             │       0.193        │
├─────────────────────────────────────────────────────┼────────────────────┤
│       train/episode/min command duration/mean       │        0.5         │
├─────────────────────────────────────────────────────┼────────────────────┤
│       train/episode/max command duration/mean       │        0.5         │
├─────────────────────────────────────────────────────┼────────────────────┤
│        train/episode/min command bound/mean         │         0.         │
├─────────────────────────────────────────────────────┼────────────────────┤
│        train/episode/max command bound/mean         │         0.         │
├─────────────────────────────────────────────────────┼────────────────────┤
│        train/episode/min command offset/mean        │         0.         │
├─────────────────────────────────────────────────────┼────────────────────┤
│        train/episode/max command offset/mean        │         0.         │
├─────────────────────────────────────────────────────┼────────────────────┤
│        train/episode/min command phase/mean         │        0.5         │
├─────────────────────────────────────────────────────┼────────────────────┤
│        train/episode/max command phase/mean         │        0.5         │
├─────────────────────────────────────────────────────┼────────────────────┤
│         train/episode/min command freq/mean         │       2.001        │
├─────────────────────────────────────────────────────┼────────────────────┤
│         train/episode/max command freq/mean         │       3.999        │
├─────────────────────────────────────────────────────┼────────────────────┤
│        train/episode/min command x vel/mean         │       -1.047       │
├─────────────────────────────────────────────────────┼────────────────────┤
│        train/episode/max command x vel/mean         │       1.045        │
├─────────────────────────────────────────────────────┼────────────────────┤
│        train/episode/min command y vel/mean         │        -0.2        │
├─────────────────────────────────────────────────────┼────────────────────┤
│        train/episode/max command y vel/mean         │        0.2         │
├─────────────────────────────────────────────────────┼────────────────────┤
│       train/episode/min command yaw vel/mean        │       -1.047       │
├─────────────────────────────────────────────────────┼────────────────────┤
│       train/episode/max command yaw vel/mean        │       1.047        │
├─────────────────────────────────────────────────────┼────────────────────┤
│     train/episode/min command swing height/mean     │        0.03        │
├─────────────────────────────────────────────────────┼────────────────────┤
│     train/episode/max command swing height/mean     │        0.35        │
├─────────────────────────────────────────────────────┼────────────────────┤
│        train/episode/command area trot/mean         │       0.274        │
├─────────────────────────────────────────────────────┼────────────────────┤
│            train/episode/min action/mean            │       -8.492       │
├─────────────────────────────────────────────────────┼────────────────────┤
│            train/episode/max action/mean            │       6.154        │
├─────────────────────────────────────────────────────┼────────────────────┤
│                  time elapsed/mean                  │      213.687       │
├─────────────────────────────────────────────────────┼────────────────────┤
│                   time iter/mean                    │       1.362        │
├─────────────────────────────────────────────────────┼────────────────────┤
│                mean value loss/mean                 │         0.         │
├─────────────────────────────────────────────────────┼────────────────────┤
│              mean surrogate loss/mean               │       -0.032       │
├─────────────────────────────────────────────────────┼────────────────────┤
│               mean decoder loss/mean                │         0.         │
├─────────────────────────────────────────────────────┼────────────────────┤
│           mean decoder loss student/mean            │         0.         │
├─────────────────────────────────────────────────────┼────────────────────┤
│             mean decoder test loss/mean             │         0.         │
├─────────────────────────────────────────────────────┼────────────────────┤
│         mean decoder test loss student/mean         │         0.         │
├─────────────────────────────────────────────────────┼────────────────────┤
│                      timesteps                      │      5796000       │
├─────────────────────────────────────────────────────┼────────────────────┤
│                     iterations                      │        160         │
╘═════════════════════════════════════════════════════╧════════════════════╛

══════════════════════════════════════════
[33m        job         [0m
────────────────────┬─────────────────────
       status       │ running             
      runTime       │ 2025-02-25 23:01:39.296694
════════════════════╧═════════════════════
╒═════════════════════════════════════════════════════╤════════════════════╕
│       train/episode/rew tracking lin vel/mean       │       5.556        │
├─────────────────────────────────────────────────────┼────────────────────┤
│       train/episode/rew tracking ang vel/mean       │       2.719        │
├─────────────────────────────────────────────────────┼────────────────────┤
│          train/episode/rew lin vel z/mean           │       -0.011       │
├─────────────────────────────────────────────────────┼────────────────────┤
│          train/episode/rew ang vel xy/mean          │       -0.042       │
├─────────────────────────────────────────────────────┼────────────────────┤
│           train/episode/rew torques/mean            │       -1.181       │
├─────────────────────────────────────────────────────┼────────────────────┤
│           train/episode/rew dof vel/mean            │       -0.113       │
├─────────────────────────────────────────────────────┼────────────────────┤
│           train/episode/rew dof acc/mean            │       -0.993       │
├─────────────────────────────────────────────────────┼────────────────────┤
│          train/episode/rew collision/mean           │      -14.738       │
├─────────────────────────────────────────────────────┼────────────────────┤
│         train/episode/rew action rate/mean          │       -4.17        │
├─────────────────────────────────────────────────────┼────────────────────┤
│train/episode/rew tracking contacts shaped force/mean│      -18.238       │
├─────────────────────────────────────────────────────┼────────────────────┤
│ train/episode/rew tracking contacts shaped vel/mean │       -0.917       │
├─────────────────────────────────────────────────────┼────────────────────┤
│             train/episode/rew jump/mean             │       -1.685       │
├─────────────────────────────────────────────────────┼────────────────────┤
│        train/episode/rew dof pos limits/mean        │       -0.098       │
├─────────────────────────────────────────────────────┼────────────────────┤
│          train/episode/rew feet slip/mean           │       -0.302       │
├─────────────────────────────────────────────────────┼────────────────────┤
│  train/episode/rew feet clearance cmd linear/mean   │       -9.816       │
├─────────────────────────────────────────────────────┼────────────────────┤
│     train/episode/rew action smoothness 1/mean      │       -1.958       │
├─────────────────────────────────────────────────────┼────────────────────┤
│     train/episode/rew action smoothness 2/mean      │       -4.84        │
├─────────────────────────────────────────────────────┼────────────────────┤
│      train/episode/rew raibert heuristic/mean       │       -7.295       │
├─────────────────────────────────────────────────────┼────────────────────┤
│     train/episode/rew orientation control/mean      │       -4.509       │
├─────────────────────────────────────────────────────┼────────────────────┤
│            train/episode/rew total/mean             │       0.223        │
├─────────────────────────────────────────────────────┼────────────────────┤
│       train/episode/min command duration/mean       │        0.5         │
├─────────────────────────────────────────────────────┼────────────────────┤
│       train/episode/max command duration/mean       │        0.5         │
├─────────────────────────────────────────────────────┼────────────────────┤
│        train/episode/min command bound/mean         │         0.         │
├─────────────────────────────────────────────────────┼────────────────────┤
│        train/episode/max command bound/mean         │         0.         │
├─────────────────────────────────────────────────────┼────────────────────┤
│        train/episode/min command offset/mean        │         0.         │
├─────────────────────────────────────────────────────┼────────────────────┤
│        train/episode/max command offset/mean        │         0.         │
├─────────────────────────────────────────────────────┼────────────────────┤
│        train/episode/min command phase/mean         │        0.5         │
├─────────────────────────────────────────────────────┼────────────────────┤
│        train/episode/max command phase/mean         │        0.5         │
├─────────────────────────────────────────────────────┼────────────────────┤
│         train/episode/min command freq/mean         │       2.001        │
├─────────────────────────────────────────────────────┼────────────────────┤
│         train/episode/max command freq/mean         │       3.999        │
├─────────────────────────────────────────────────────┼────────────────────┤
│        train/episode/min command x vel/mean         │       -1.047       │
├─────────────────────────────────────────────────────┼────────────────────┤
│        train/episode/max command x vel/mean         │       1.047        │
├─────────────────────────────────────────────────────┼────────────────────┤
│        train/episode/min command y vel/mean         │        -0.2        │
├─────────────────────────────────────────────────────┼────────────────────┤
│        train/episode/max command y vel/mean         │        0.2         │
├─────────────────────────────────────────────────────┼────────────────────┤
│       train/episode/min command yaw vel/mean        │       -1.047       │
├─────────────────────────────────────────────────────┼────────────────────┤
│       train/episode/max command yaw vel/mean        │       1.047        │
├─────────────────────────────────────────────────────┼────────────────────┤
│     train/episode/min command swing height/mean     │        0.03        │
├─────────────────────────────────────────────────────┼────────────────────┤
│     train/episode/max command swing height/mean     │        0.35        │
├─────────────────────────────────────────────────────┼────────────────────┤
│        train/episode/command area trot/mean         │       0.274        │
├─────────────────────────────────────────────────────┼────────────────────┤
│            train/episode/min action/mean            │       -8.777       │
├─────────────────────────────────────────────────────┼────────────────────┤
│            train/episode/max action/mean            │        6.27        │
├─────────────────────────────────────────────────────┼────────────────────┤
│                  time elapsed/mean                  │      227.382       │
├─────────────────────────────────────────────────────┼────────────────────┤
│                   time iter/mean                    │       1.371        │
├─────────────────────────────────────────────────────┼────────────────────┤
│                mean value loss/mean                 │         0.         │
├─────────────────────────────────────────────────────┼────────────────────┤
│              mean surrogate loss/mean               │       -0.032       │
├─────────────────────────────────────────────────────┼────────────────────┤
│               mean decoder loss/mean                │         0.         │
├─────────────────────────────────────────────────────┼────────────────────┤
│           mean decoder loss student/mean            │         0.         │
├─────────────────────────────────────────────────────┼────────────────────┤
│             mean decoder test loss/mean             │         0.         │
├─────────────────────────────────────────────────────┼────────────────────┤
│         mean decoder test loss student/mean         │         0.         │
├─────────────────────────────────────────────────────┼────────────────────┤
│                      timesteps                      │      6156000       │
├─────────────────────────────────────────────────────┼────────────────────┤
│                     iterations                      │        170         │
╘═════════════════════════════════════════════════════╧════════════════════╛

══════════════════════════════════════════
[33m        job         [0m
────────────────────┬─────────────────────
       status       │ running             
      runTime       │ 2025-02-25 23:01:53.010865
════════════════════╧═════════════════════
╒═════════════════════════════════════════════════════╤════════════════════╕
│       train/episode/rew tracking lin vel/mean       │       5.502        │
├─────────────────────────────────────────────────────┼────────────────────┤
│       train/episode/rew tracking ang vel/mean       │       2.729        │
├─────────────────────────────────────────────────────┼────────────────────┤
│          train/episode/rew lin vel z/mean           │       -0.012       │
├─────────────────────────────────────────────────────┼────────────────────┤
│          train/episode/rew ang vel xy/mean          │       -0.042       │
├─────────────────────────────────────────────────────┼────────────────────┤
│           train/episode/rew torques/mean            │       -1.157       │
├─────────────────────────────────────────────────────┼────────────────────┤
│           train/episode/rew dof vel/mean            │       -0.126       │
├─────────────────────────────────────────────────────┼────────────────────┤
│           train/episode/rew dof acc/mean            │       -1.093       │
├─────────────────────────────────────────────────────┼────────────────────┤
│          train/episode/rew collision/mean           │       -14.95       │
├─────────────────────────────────────────────────────┼────────────────────┤
│         train/episode/rew action rate/mean          │       -3.985       │
├─────────────────────────────────────────────────────┼────────────────────┤
│train/episode/rew tracking contacts shaped force/mean│      -17.019       │
├─────────────────────────────────────────────────────┼────────────────────┤
│ train/episode/rew tracking contacts shaped vel/mean │       -0.997       │
├─────────────────────────────────────────────────────┼────────────────────┤
│             train/episode/rew jump/mean             │       -1.663       │
├─────────────────────────────────────────────────────┼────────────────────┤
│        train/episode/rew dof pos limits/mean        │       -0.143       │
├─────────────────────────────────────────────────────┼────────────────────┤
│          train/episode/rew feet slip/mean           │       -0.314       │
├─────────────────────────────────────────────────────┼────────────────────┤
│  train/episode/rew feet clearance cmd linear/mean   │       -10.35       │
├─────────────────────────────────────────────────────┼────────────────────┤
│     train/episode/rew action smoothness 1/mean      │       -1.88        │
├─────────────────────────────────────────────────────┼────────────────────┤
│     train/episode/rew action smoothness 2/mean      │       -4.503       │
├─────────────────────────────────────────────────────┼────────────────────┤
│      train/episode/rew raibert heuristic/mean       │       -7.345       │
├─────────────────────────────────────────────────────┼────────────────────┤
│     train/episode/rew orientation control/mean      │       -4.205       │
├─────────────────────────────────────────────────────┼────────────────────┤
│            train/episode/rew total/mean             │       0.243        │
├─────────────────────────────────────────────────────┼────────────────────┤
│       train/episode/min command duration/mean       │        0.5         │
├─────────────────────────────────────────────────────┼────────────────────┤
│       train/episode/max command duration/mean       │        0.5         │
├─────────────────────────────────────────────────────┼────────────────────┤
│        train/episode/min command bound/mean         │         0.         │
├─────────────────────────────────────────────────────┼────────────────────┤
│        train/episode/max command bound/mean         │         0.         │
├─────────────────────────────────────────────────────┼────────────────────┤
│        train/episode/min command offset/mean        │         0.         │
├─────────────────────────────────────────────────────┼────────────────────┤
│        train/episode/max command offset/mean        │         0.         │
├─────────────────────────────────────────────────────┼────────────────────┤
│        train/episode/min command phase/mean         │        0.5         │
├─────────────────────────────────────────────────────┼────────────────────┤
│        train/episode/max command phase/mean         │        0.5         │
├─────────────────────────────────────────────────────┼────────────────────┤
│         train/episode/min command freq/mean         │       2.001        │
├─────────────────────────────────────────────────────┼────────────────────┤
│         train/episode/max command freq/mean         │       3.998        │
├─────────────────────────────────────────────────────┼────────────────────┤
│        train/episode/min command x vel/mean         │       -1.045       │
├─────────────────────────────────────────────────────┼────────────────────┤
│        train/episode/max command x vel/mean         │       1.046        │
├─────────────────────────────────────────────────────┼────────────────────┤
│        train/episode/min command y vel/mean         │       -0.199       │
├─────────────────────────────────────────────────────┼────────────────────┤
│        train/episode/max command y vel/mean         │        0.2         │
├─────────────────────────────────────────────────────┼────────────────────┤
│       train/episode/min command yaw vel/mean        │       -1.047       │
├─────────────────────────────────────────────────────┼────────────────────┤
│       train/episode/max command yaw vel/mean        │       1.047        │
├─────────────────────────────────────────────────────┼────────────────────┤
│     train/episode/min command swing height/mean     │        0.03        │
├─────────────────────────────────────────────────────┼────────────────────┤
│     train/episode/max command swing height/mean     │        0.35        │
├─────────────────────────────────────────────────────┼────────────────────┤
│        train/episode/command area trot/mean         │       0.274        │
├─────────────────────────────────────────────────────┼────────────────────┤
│            train/episode/min action/mean            │       -8.834       │
├─────────────────────────────────────────────────────┼────────────────────┤
│            train/episode/max action/mean            │       6.392        │
├─────────────────────────────────────────────────────┼────────────────────┤
│                  time elapsed/mean                  │      241.111       │
├─────────────────────────────────────────────────────┼────────────────────┤
│                   time iter/mean                    │       1.373        │
├─────────────────────────────────────────────────────┼────────────────────┤
│                mean value loss/mean                 │         0.         │
├─────────────────────────────────────────────────────┼────────────────────┤
│              mean surrogate loss/mean               │       -0.031       │
├─────────────────────────────────────────────────────┼────────────────────┤
│               mean decoder loss/mean                │         0.         │
├─────────────────────────────────────────────────────┼────────────────────┤
│           mean decoder loss student/mean            │         0.         │
├─────────────────────────────────────────────────────┼────────────────────┤
│             mean decoder test loss/mean             │         0.         │
├─────────────────────────────────────────────────────┼────────────────────┤
│         mean decoder test loss student/mean         │         0.         │
├─────────────────────────────────────────────────────┼────────────────────┤
│                      timesteps                      │      6516000       │
├─────────────────────────────────────────────────────┼────────────────────┤
│                     iterations                      │        180         │
╘═════════════════════════════════════════════════════╧════════════════════╛

══════════════════════════════════════════
[33m        job         [0m
────────────────────┬─────────────────────
       status       │ running             
      runTime       │ 2025-02-25 23:02:06.744968
════════════════════╧═════════════════════
╒═════════════════════════════════════════════════════╤════════════════════╕
│       train/episode/rew tracking lin vel/mean       │       5.853        │
├─────────────────────────────────────────────────────┼────────────────────┤
│       train/episode/rew tracking ang vel/mean       │       2.659        │
├─────────────────────────────────────────────────────┼────────────────────┤
│          train/episode/rew lin vel z/mean           │       -0.013       │
├─────────────────────────────────────────────────────┼────────────────────┤
│          train/episode/rew ang vel xy/mean          │       -0.041       │
├─────────────────────────────────────────────────────┼────────────────────┤
│           train/episode/rew torques/mean            │       -1.141       │
├─────────────────────────────────────────────────────┼────────────────────┤
│           train/episode/rew dof vel/mean            │       -0.135       │
├─────────────────────────────────────────────────────┼────────────────────┤
│           train/episode/rew dof acc/mean            │       -1.143       │
├─────────────────────────────────────────────────────┼────────────────────┤
│          train/episode/rew collision/mean           │      -13.492       │
├─────────────────────────────────────────────────────┼────────────────────┤
│         train/episode/rew action rate/mean          │       -3.733       │
├─────────────────────────────────────────────────────┼────────────────────┤
│train/episode/rew tracking contacts shaped force/mean│      -15.675       │
├─────────────────────────────────────────────────────┼────────────────────┤
│ train/episode/rew tracking contacts shaped vel/mean │       -0.973       │
├─────────────────────────────────────────────────────┼────────────────────┤
│             train/episode/rew jump/mean             │       -1.689       │
├─────────────────────────────────────────────────────┼────────────────────┤
│        train/episode/rew dof pos limits/mean        │       -0.197       │
├─────────────────────────────────────────────────────┼────────────────────┤
│          train/episode/rew feet slip/mean           │       -0.322       │
├─────────────────────────────────────────────────────┼────────────────────┤
│  train/episode/rew feet clearance cmd linear/mean   │       -9.365       │
├─────────────────────────────────────────────────────┼────────────────────┤
│     train/episode/rew action smoothness 1/mean      │       -1.767       │
├─────────────────────────────────────────────────────┼────────────────────┤
│     train/episode/rew action smoothness 2/mean      │       -4.099       │
├─────────────────────────────────────────────────────┼────────────────────┤
│      train/episode/rew raibert heuristic/mean       │       -6.638       │
├─────────────────────────────────────────────────────┼────────────────────┤
│     train/episode/rew orientation control/mean      │       -3.967       │
├─────────────────────────────────────────────────────┼────────────────────┤
│            train/episode/rew total/mean             │       0.279        │
├─────────────────────────────────────────────────────┼────────────────────┤
│       train/episode/min command duration/mean       │        0.5         │
├─────────────────────────────────────────────────────┼────────────────────┤
│       train/episode/max command duration/mean       │        0.5         │
├─────────────────────────────────────────────────────┼────────────────────┤
│        train/episode/min command bound/mean         │         0.         │
├─────────────────────────────────────────────────────┼────────────────────┤
│        train/episode/max command bound/mean         │         0.         │
├─────────────────────────────────────────────────────┼────────────────────┤
│        train/episode/min command offset/mean        │         0.         │
├─────────────────────────────────────────────────────┼────────────────────┤
│        train/episode/max command offset/mean        │         0.         │
├─────────────────────────────────────────────────────┼────────────────────┤
│        train/episode/min command phase/mean         │        0.5         │
├─────────────────────────────────────────────────────┼────────────────────┤
│        train/episode/max command phase/mean         │        0.5         │
├─────────────────────────────────────────────────────┼────────────────────┤
│         train/episode/min command freq/mean         │       2.002        │
├─────────────────────────────────────────────────────┼────────────────────┤
│         train/episode/max command freq/mean         │       3.998        │
├─────────────────────────────────────────────────────┼────────────────────┤
│        train/episode/min command x vel/mean         │       -1.047       │
├─────────────────────────────────────────────────────┼────────────────────┤
│        train/episode/max command x vel/mean         │       1.047        │
├─────────────────────────────────────────────────────┼────────────────────┤
│        train/episode/min command y vel/mean         │       -0.199       │
├─────────────────────────────────────────────────────┼────────────────────┤
│        train/episode/max command y vel/mean         │        0.2         │
├─────────────────────────────────────────────────────┼────────────────────┤
│       train/episode/min command yaw vel/mean        │       -1.047       │
├─────────────────────────────────────────────────────┼────────────────────┤
│       train/episode/max command yaw vel/mean        │       1.047        │
├─────────────────────────────────────────────────────┼────────────────────┤
│     train/episode/min command swing height/mean     │        0.03        │
├─────────────────────────────────────────────────────┼────────────────────┤
│     train/episode/max command swing height/mean     │        0.35        │
├─────────────────────────────────────────────────────┼────────────────────┤
│        train/episode/command area trot/mean         │       0.274        │
├─────────────────────────────────────────────────────┼────────────────────┤
│            train/episode/min action/mean            │       -8.634       │
├─────────────────────────────────────────────────────┼────────────────────┤
│            train/episode/max action/mean            │       6.539        │
├─────────────────────────────────────────────────────┼────────────────────┤
│                  time elapsed/mean                  │      254.813       │
├─────────────────────────────────────────────────────┼────────────────────┤
│                   time iter/mean                    │       1.368        │
├─────────────────────────────────────────────────────┼────────────────────┤
│                mean value loss/mean                 │         0.         │
├─────────────────────────────────────────────────────┼────────────────────┤
│              mean surrogate loss/mean               │       -0.031       │
├─────────────────────────────────────────────────────┼────────────────────┤
│               mean decoder loss/mean                │         0.         │
├─────────────────────────────────────────────────────┼────────────────────┤
│           mean decoder loss student/mean            │         0.         │
├─────────────────────────────────────────────────────┼────────────────────┤
│             mean decoder test loss/mean             │         0.         │
├─────────────────────────────────────────────────────┼────────────────────┤
│         mean decoder test loss student/mean         │         0.         │
├─────────────────────────────────────────────────────┼────────────────────┤
│                      timesteps                      │      6876000       │
├─────────────────────────────────────────────────────┼────────────────────┤
│                     iterations                      │        190         │
╘═════════════════════════════════════════════════════╧════════════════════╛

══════════════════════════════════════════
[33m        job         [0m
────────────────────┬─────────────────────
       status       │ running             
      runTime       │ 2025-02-25 23:02:20.423516
════════════════════╧═════════════════════
╒═════════════════════════════════════════════════════╤════════════════════╕
│       train/episode/rew tracking lin vel/mean       │        6.12        │
├─────────────────────────────────────────────────────┼────────────────────┤
│       train/episode/rew tracking ang vel/mean       │        2.7         │
├─────────────────────────────────────────────────────┼────────────────────┤
│          train/episode/rew lin vel z/mean           │       -0.014       │
├─────────────────────────────────────────────────────┼────────────────────┤
│          train/episode/rew ang vel xy/mean          │       -0.043       │
├─────────────────────────────────────────────────────┼────────────────────┤
│           train/episode/rew torques/mean            │       -1.133       │
├─────────────────────────────────────────────────────┼────────────────────┤
│           train/episode/rew dof vel/mean            │       -0.151       │
├─────────────────────────────────────────────────────┼────────────────────┤
│           train/episode/rew dof acc/mean            │       -1.25        │
├─────────────────────────────────────────────────────┼────────────────────┤
│          train/episode/rew collision/mean           │      -15.432       │
├─────────────────────────────────────────────────────┼────────────────────┤
│         train/episode/rew action rate/mean          │       -3.684       │
├─────────────────────────────────────────────────────┼────────────────────┤
│train/episode/rew tracking contacts shaped force/mean│      -15.008       │
├─────────────────────────────────────────────────────┼────────────────────┤
│ train/episode/rew tracking contacts shaped vel/mean │       -1.099       │
├─────────────────────────────────────────────────────┼────────────────────┤
│             train/episode/rew jump/mean             │       -1.636       │
├─────────────────────────────────────────────────────┼────────────────────┤
│        train/episode/rew dof pos limits/mean        │       -0.268       │
├─────────────────────────────────────────────────────┼────────────────────┤
│          train/episode/rew feet slip/mean           │       -0.338       │
├─────────────────────────────────────────────────────┼────────────────────┤
│  train/episode/rew feet clearance cmd linear/mean   │       -9.651       │
├─────────────────────────────────────────────────────┼────────────────────┤
│     train/episode/rew action smoothness 1/mean      │       -1.744       │
├─────────────────────────────────────────────────────┼────────────────────┤
│     train/episode/rew action smoothness 2/mean      │       -3.958       │
├─────────────────────────────────────────────────────┼────────────────────┤
│      train/episode/rew raibert heuristic/mean       │       -6.958       │
├─────────────────────────────────────────────────────┼────────────────────┤
│     train/episode/rew orientation control/mean      │       -4.089       │
├─────────────────────────────────────────────────────┼────────────────────┤
│            train/episode/rew total/mean             │        0.33        │
├─────────────────────────────────────────────────────┼────────────────────┤
│       train/episode/min command duration/mean       │        0.5         │
├─────────────────────────────────────────────────────┼────────────────────┤
│       train/episode/max command duration/mean       │        0.5         │
├─────────────────────────────────────────────────────┼────────────────────┤
│        train/episode/min command bound/mean         │         0.         │
├─────────────────────────────────────────────────────┼────────────────────┤
│        train/episode/max command bound/mean         │         0.         │
├─────────────────────────────────────────────────────┼────────────────────┤
│        train/episode/min command offset/mean        │         0.         │
├─────────────────────────────────────────────────────┼────────────────────┤
│        train/episode/max command offset/mean        │         0.         │
├─────────────────────────────────────────────────────┼────────────────────┤
│        train/episode/min command phase/mean         │        0.5         │
├─────────────────────────────────────────────────────┼────────────────────┤
│        train/episode/max command phase/mean         │        0.5         │
├─────────────────────────────────────────────────────┼────────────────────┤
│         train/episode/min command freq/mean         │       2.001        │
├─────────────────────────────────────────────────────┼────────────────────┤
│         train/episode/max command freq/mean         │       3.998        │
├─────────────────────────────────────────────────────┼────────────────────┤
│        train/episode/min command x vel/mean         │       -1.047       │
├─────────────────────────────────────────────────────┼────────────────────┤
│        train/episode/max command x vel/mean         │       1.047        │
├─────────────────────────────────────────────────────┼────────────────────┤
│        train/episode/min command y vel/mean         │        -0.2        │
├─────────────────────────────────────────────────────┼────────────────────┤
│        train/episode/max command y vel/mean         │        0.2         │
├─────────────────────────────────────────────────────┼────────────────────┤
│       train/episode/min command yaw vel/mean        │       -1.047       │
├─────────────────────────────────────────────────────┼────────────────────┤
│       train/episode/max command yaw vel/mean        │       1.047        │
├─────────────────────────────────────────────────────┼────────────────────┤
│     train/episode/min command swing height/mean     │       0.031        │
├─────────────────────────────────────────────────────┼────────────────────┤
│     train/episode/max command swing height/mean     │        0.35        │
├─────────────────────────────────────────────────────┼────────────────────┤
│        train/episode/command area trot/mean         │       0.274        │
├─────────────────────────────────────────────────────┼────────────────────┤
│            train/episode/min action/mean            │       -8.521       │
├─────────────────────────────────────────────────────┼────────────────────┤
│            train/episode/max action/mean            │       6.513        │
├─────────────────────────────────────────────────────┼────────────────────┤
│                  time elapsed/mean                  │      268.457       │
├─────────────────────────────────────────────────────┼────────────────────┤
│                   time iter/mean                    │       1.361        │
├─────────────────────────────────────────────────────┼────────────────────┤
│                mean value loss/mean                 │         0.         │
├─────────────────────────────────────────────────────┼────────────────────┤
│              mean surrogate loss/mean               │       -0.028       │
├─────────────────────────────────────────────────────┼────────────────────┤
│               mean decoder loss/mean                │         0.         │
├─────────────────────────────────────────────────────┼────────────────────┤
│           mean decoder loss student/mean            │         0.         │
├─────────────────────────────────────────────────────┼────────────────────┤
│             mean decoder test loss/mean             │         0.         │
├─────────────────────────────────────────────────────┼────────────────────┤
│         mean decoder test loss student/mean         │         0.         │
├─────────────────────────────────────────────────────┼────────────────────┤
│                      timesteps                      │      7236000       │
├─────────────────────────────────────────────────────┼────────────────────┤
│                     iterations                      │        200         │
╘═════════════════════════════════════════════════════╧════════════════════╛

══════════════════════════════════════════
[33m        job         [0m
────────────────────┬─────────────────────
       status       │ running             
      runTime       │ 2025-02-25 23:02:34.034713
════════════════════╧═════════════════════
╒═════════════════════════════════════════════════════╤════════════════════╕
│       train/episode/rew tracking lin vel/mean       │       6.584        │
├─────────────────────────────────────────────────────┼────────────────────┤
│       train/episode/rew tracking ang vel/mean       │       3.116        │
├─────────────────────────────────────────────────────┼────────────────────┤
│          train/episode/rew lin vel z/mean           │       -0.017       │
├─────────────────────────────────────────────────────┼────────────────────┤
│          train/episode/rew ang vel xy/mean          │       -0.048       │
├─────────────────────────────────────────────────────┼────────────────────┤
│           train/episode/rew torques/mean            │       -1.252       │
├─────────────────────────────────────────────────────┼────────────────────┤
│           train/episode/rew dof vel/mean            │       -0.178       │
├─────────────────────────────────────────────────────┼────────────────────┤
│           train/episode/rew dof acc/mean            │       -1.446       │
├─────────────────────────────────────────────────────┼────────────────────┤
│          train/episode/rew collision/mean           │      -15.755       │
├─────────────────────────────────────────────────────┼────────────────────┤
│         train/episode/rew action rate/mean          │       -3.934       │
├─────────────────────────────────────────────────────┼────────────────────┤
│train/episode/rew tracking contacts shaped force/mean│      -15.479       │
├─────────────────────────────────────────────────────┼────────────────────┤
│ train/episode/rew tracking contacts shaped vel/mean │       -1.228       │
├─────────────────────────────────────────────────────┼────────────────────┤
│             train/episode/rew jump/mean             │       -1.787       │
├─────────────────────────────────────────────────────┼────────────────────┤
│        train/episode/rew dof pos limits/mean        │       -0.417       │
├─────────────────────────────────────────────────────┼────────────────────┤
│          train/episode/rew feet slip/mean           │       -0.37        │
├─────────────────────────────────────────────────────┼────────────────────┤
│  train/episode/rew feet clearance cmd linear/mean   │      -10.161       │
├─────────────────────────────────────────────────────┼────────────────────┤
│     train/episode/rew action smoothness 1/mean      │       -1.867       │
├─────────────────────────────────────────────────────┼────────────────────┤
│     train/episode/rew action smoothness 2/mean      │       -4.121       │
├─────────────────────────────────────────────────────┼────────────────────┤
│      train/episode/rew raibert heuristic/mean       │       -7.328       │
├─────────────────────────────────────────────────────┼────────────────────┤
│     train/episode/rew orientation control/mean      │       -4.335       │
├─────────────────────────────────────────────────────┼────────────────────┤
│            train/episode/rew total/mean             │       0.409        │
├─────────────────────────────────────────────────────┼────────────────────┤
│       train/episode/min command duration/mean       │        0.5         │
├─────────────────────────────────────────────────────┼────────────────────┤
│       train/episode/max command duration/mean       │        0.5         │
├─────────────────────────────────────────────────────┼────────────────────┤
│        train/episode/min command bound/mean         │         0.         │
├─────────────────────────────────────────────────────┼────────────────────┤
│        train/episode/max command bound/mean         │         0.         │
├─────────────────────────────────────────────────────┼────────────────────┤
│        train/episode/min command offset/mean        │         0.         │
├─────────────────────────────────────────────────────┼────────────────────┤
│        train/episode/max command offset/mean        │         0.         │
├─────────────────────────────────────────────────────┼────────────────────┤
│        train/episode/min command phase/mean         │        0.5         │
├─────────────────────────────────────────────────────┼────────────────────┤
│        train/episode/max command phase/mean         │        0.5         │
├─────────────────────────────────────────────────────┼────────────────────┤
│         train/episode/min command freq/mean         │       2.001        │
├─────────────────────────────────────────────────────┼────────────────────┤
│         train/episode/max command freq/mean         │       3.998        │
├─────────────────────────────────────────────────────┼────────────────────┤
│        train/episode/min command x vel/mean         │       -1.048       │
├─────────────────────────────────────────────────────┼────────────────────┤
│        train/episode/max command x vel/mean         │       1.047        │
├─────────────────────────────────────────────────────┼────────────────────┤
│        train/episode/min command y vel/mean         │        -0.2        │
├─────────────────────────────────────────────────────┼────────────────────┤
│        train/episode/max command y vel/mean         │        0.2         │
├─────────────────────────────────────────────────────┼────────────────────┤
│       train/episode/min command yaw vel/mean        │       -1.047       │
├─────────────────────────────────────────────────────┼────────────────────┤
│       train/episode/max command yaw vel/mean        │       1.044        │
├─────────────────────────────────────────────────────┼────────────────────┤
│     train/episode/min command swing height/mean     │        0.03        │
├─────────────────────────────────────────────────────┼────────────────────┤
│     train/episode/max command swing height/mean     │        0.35        │
├─────────────────────────────────────────────────────┼────────────────────┤
│        train/episode/command area trot/mean         │       0.274        │
├─────────────────────────────────────────────────────┼────────────────────┤
│            train/episode/min action/mean            │       -8.439       │
├─────────────────────────────────────────────────────┼────────────────────┤
│            train/episode/max action/mean            │       6.626        │
├─────────────────────────────────────────────────────┼────────────────────┤
│                  time elapsed/mean                  │      282.111       │
├─────────────────────────────────────────────────────┼────────────────────┤
│                   time iter/mean                    │       1.358        │
├─────────────────────────────────────────────────────┼────────────────────┤
│                mean value loss/mean                 │         0.         │
├─────────────────────────────────────────────────────┼────────────────────┤
│              mean surrogate loss/mean               │       -0.028       │
├─────────────────────────────────────────────────────┼────────────────────┤
│               mean decoder loss/mean                │         0.         │
├─────────────────────────────────────────────────────┼────────────────────┤
│           mean decoder loss student/mean            │         0.         │
├─────────────────────────────────────────────────────┼────────────────────┤
│             mean decoder test loss/mean             │         0.         │
├─────────────────────────────────────────────────────┼────────────────────┤
│         mean decoder test loss student/mean         │         0.         │
├─────────────────────────────────────────────────────┼────────────────────┤
│                      timesteps                      │      7596000       │
├─────────────────────────────────────────────────────┼────────────────────┤
│                     iterations                      │        210         │
╘═════════════════════════════════════════════════════╧════════════════════╛

══════════════════════════════════════════
[33m        job         [0m
────────────────────┬─────────────────────
       status       │ running             
      runTime       │ 2025-02-25 23:02:47.607551
════════════════════╧═════════════════════
╒═════════════════════════════════════════════════════╤════════════════════╕
│       train/episode/rew tracking lin vel/mean       │       6.197        │
├─────────────────────────────────────────────────────┼────────────────────┤
│       train/episode/rew tracking ang vel/mean       │       2.784        │
├─────────────────────────────────────────────────────┼────────────────────┤
│          train/episode/rew lin vel z/mean           │       -0.016       │
├─────────────────────────────────────────────────────┼────────────────────┤
│          train/episode/rew ang vel xy/mean          │       -0.044       │
├─────────────────────────────────────────────────────┼────────────────────┤
│           train/episode/rew torques/mean            │       -1.119       │
├─────────────────────────────────────────────────────┼────────────────────┤
│           train/episode/rew dof vel/mean            │       -0.173       │
├─────────────────────────────────────────────────────┼────────────────────┤
│           train/episode/rew dof acc/mean            │       -1.367       │
├─────────────────────────────────────────────────────┼────────────────────┤
│          train/episode/rew collision/mean           │      -14.752       │
├─────────────────────────────────────────────────────┼────────────────────┤
│         train/episode/rew action rate/mean          │       -3.453       │
├─────────────────────────────────────────────────────┼────────────────────┤
│train/episode/rew tracking contacts shaped force/mean│       -13.03       │
├─────────────────────────────────────────────────────┼────────────────────┤
│ train/episode/rew tracking contacts shaped vel/mean │       -1.184       │
├─────────────────────────────────────────────────────┼────────────────────┤
│             train/episode/rew jump/mean             │       -1.72        │
├─────────────────────────────────────────────────────┼────────────────────┤
│        train/episode/rew dof pos limits/mean        │       -0.377       │
├─────────────────────────────────────────────────────┼────────────────────┤
│          train/episode/rew feet slip/mean           │       -0.352       │
├─────────────────────────────────────────────────────┼────────────────────┤
│  train/episode/rew feet clearance cmd linear/mean   │       -9.173       │
├─────────────────────────────────────────────────────┼────────────────────┤
│     train/episode/rew action smoothness 1/mean      │       -1.64        │
├─────────────────────────────────────────────────────┼────────────────────┤
│     train/episode/rew action smoothness 2/mean      │       -3.54        │
├─────────────────────────────────────────────────────┼────────────────────┤
│      train/episode/rew raibert heuristic/mean       │       -6.631       │
├─────────────────────────────────────────────────────┼────────────────────┤
│     train/episode/rew orientation control/mean      │        -3.9        │
├─────────────────────────────────────────────────────┼────────────────────┤
│            train/episode/rew total/mean             │       0.408        │
├─────────────────────────────────────────────────────┼────────────────────┤
│       train/episode/min command duration/mean       │        0.5         │
├─────────────────────────────────────────────────────┼────────────────────┤
│       train/episode/max command duration/mean       │        0.5         │
├─────────────────────────────────────────────────────┼────────────────────┤
│        train/episode/min command bound/mean         │         0.         │
├─────────────────────────────────────────────────────┼────────────────────┤
│        train/episode/max command bound/mean         │         0.         │
├─────────────────────────────────────────────────────┼────────────────────┤
│        train/episode/min command offset/mean        │         0.         │
├─────────────────────────────────────────────────────┼────────────────────┤
│        train/episode/max command offset/mean        │         0.         │
├─────────────────────────────────────────────────────┼────────────────────┤
│        train/episode/min command phase/mean         │        0.5         │
├─────────────────────────────────────────────────────┼────────────────────┤
│        train/episode/max command phase/mean         │        0.5         │
├─────────────────────────────────────────────────────┼────────────────────┤
│         train/episode/min command freq/mean         │       2.002        │
├─────────────────────────────────────────────────────┼────────────────────┤
│         train/episode/max command freq/mean         │       3.998        │
├─────────────────────────────────────────────────────┼────────────────────┤
│        train/episode/min command x vel/mean         │       -1.047       │
├─────────────────────────────────────────────────────┼────────────────────┤
│        train/episode/max command x vel/mean         │       1.047        │
├─────────────────────────────────────────────────────┼────────────────────┤
│        train/episode/min command y vel/mean         │        -0.2        │
├─────────────────────────────────────────────────────┼────────────────────┤
│        train/episode/max command y vel/mean         │        0.2         │
├─────────────────────────────────────────────────────┼────────────────────┤
│       train/episode/min command yaw vel/mean        │       -1.048       │
├─────────────────────────────────────────────────────┼────────────────────┤
│       train/episode/max command yaw vel/mean        │       1.046        │
├─────────────────────────────────────────────────────┼────────────────────┤
│     train/episode/min command swing height/mean     │        0.03        │
├─────────────────────────────────────────────────────┼────────────────────┤
│     train/episode/max command swing height/mean     │        0.35        │
├─────────────────────────────────────────────────────┼────────────────────┤
│        train/episode/command area trot/mean         │       0.274        │
├─────────────────────────────────────────────────────┼────────────────────┤
│            train/episode/min action/mean            │       -8.276       │
├─────────────────────────────────────────────────────┼────────────────────┤
│            train/episode/max action/mean            │        6.7         │
├─────────────────────────────────────────────────────┼────────────────────┤
│                  time elapsed/mean                  │      295.485       │
├─────────────────────────────────────────────────────┼────────────────────┤
│                   time iter/mean                    │       1.337        │
├─────────────────────────────────────────────────────┼────────────────────┤
│                mean value loss/mean                 │         0.         │
├─────────────────────────────────────────────────────┼────────────────────┤
│              mean surrogate loss/mean               │       -0.028       │
├─────────────────────────────────────────────────────┼────────────────────┤
│               mean decoder loss/mean                │         0.         │
├─────────────────────────────────────────────────────┼────────────────────┤
│           mean decoder loss student/mean            │         0.         │
├─────────────────────────────────────────────────────┼────────────────────┤
│             mean decoder test loss/mean             │         0.         │
├─────────────────────────────────────────────────────┼────────────────────┤
│         mean decoder test loss student/mean         │         0.         │
├─────────────────────────────────────────────────────┼────────────────────┤
│                      timesteps                      │      7956000       │
├─────────────────────────────────────────────────────┼────────────────────┤
│                     iterations                      │        220         │
╘═════════════════════════════════════════════════════╧════════════════════╛

══════════════════════════════════════════
[33m        job         [0m
────────────────────┬─────────────────────
       status       │ running             
      runTime       │ 2025-02-25 23:03:00.984783
════════════════════╧═════════════════════
╒═════════════════════════════════════════════════════╤════════════════════╕
│       train/episode/rew tracking lin vel/mean       │       6.793        │
├─────────────────────────────────────────────────────┼────────────────────┤
│       train/episode/rew tracking ang vel/mean       │       2.859        │
├─────────────────────────────────────────────────────┼────────────────────┤
│          train/episode/rew lin vel z/mean           │       -0.018       │
├─────────────────────────────────────────────────────┼────────────────────┤
│          train/episode/rew ang vel xy/mean          │       -0.043       │
├─────────────────────────────────────────────────────┼────────────────────┤
│           train/episode/rew torques/mean            │       -1.179       │
├─────────────────────────────────────────────────────┼────────────────────┤
│           train/episode/rew dof vel/mean            │       -0.173       │
├─────────────────────────────────────────────────────┼────────────────────┤
│           train/episode/rew dof acc/mean            │       -1.337       │
├─────────────────────────────────────────────────────┼────────────────────┤
│          train/episode/rew collision/mean           │      -13.558       │
├─────────────────────────────────────────────────────┼────────────────────┤
│         train/episode/rew action rate/mean          │       -3.386       │
├─────────────────────────────────────────────────────┼────────────────────┤
│train/episode/rew tracking contacts shaped force/mean│      -13.192       │
├─────────────────────────────────────────────────────┼────────────────────┤
│ train/episode/rew tracking contacts shaped vel/mean │       -1.169       │
├─────────────────────────────────────────────────────┼────────────────────┤
│             train/episode/rew jump/mean             │       -1.696       │
├─────────────────────────────────────────────────────┼────────────────────┤
│        train/episode/rew dof pos limits/mean        │       -0.451       │
├─────────────────────────────────────────────────────┼────────────────────┤
│          train/episode/rew feet slip/mean           │       -0.341       │
├─────────────────────────────────────────────────────┼────────────────────┤
│  train/episode/rew feet clearance cmd linear/mean   │       -8.82        │
├─────────────────────────────────────────────────────┼────────────────────┤
│     train/episode/rew action smoothness 1/mean      │       -1.604       │
├─────────────────────────────────────────────────────┼────────────────────┤
│     train/episode/rew action smoothness 2/mean      │       -3.421       │
├─────────────────────────────────────────────────────┼────────────────────┤
│      train/episode/rew raibert heuristic/mean       │       -6.235       │
├─────────────────────────────────────────────────────┼────────────────────┤
│     train/episode/rew orientation control/mean      │       -3.73        │
├─────────────────────────────────────────────────────┼────────────────────┤
│            train/episode/rew total/mean             │       0.516        │
├─────────────────────────────────────────────────────┼────────────────────┤
│       train/episode/min command duration/mean       │        0.5         │
├─────────────────────────────────────────────────────┼────────────────────┤
│       train/episode/max command duration/mean       │        0.5         │
├─────────────────────────────────────────────────────┼────────────────────┤
│        train/episode/min command bound/mean         │         0.         │
├─────────────────────────────────────────────────────┼────────────────────┤
│        train/episode/max command bound/mean         │         0.         │
├─────────────────────────────────────────────────────┼────────────────────┤
│        train/episode/min command offset/mean        │         0.         │
├─────────────────────────────────────────────────────┼────────────────────┤
│        train/episode/max command offset/mean        │         0.         │
├─────────────────────────────────────────────────────┼────────────────────┤
│        train/episode/min command phase/mean         │        0.5         │
├─────────────────────────────────────────────────────┼────────────────────┤
│        train/episode/max command phase/mean         │        0.5         │
├─────────────────────────────────────────────────────┼────────────────────┤
│         train/episode/min command freq/mean         │       2.001        │
├─────────────────────────────────────────────────────┼────────────────────┤
│         train/episode/max command freq/mean         │         4.         │
├─────────────────────────────────────────────────────┼────────────────────┤
│        train/episode/min command x vel/mean         │       -1.047       │
├─────────────────────────────────────────────────────┼────────────────────┤
│        train/episode/max command x vel/mean         │       1.041        │
├─────────────────────────────────────────────────────┼────────────────────┤
│        train/episode/min command y vel/mean         │        -0.2        │
├─────────────────────────────────────────────────────┼────────────────────┤
│        train/episode/max command y vel/mean         │        0.2         │
├─────────────────────────────────────────────────────┼────────────────────┤
│       train/episode/min command yaw vel/mean        │       -1.048       │
├─────────────────────────────────────────────────────┼────────────────────┤
│       train/episode/max command yaw vel/mean        │       1.046        │
├─────────────────────────────────────────────────────┼────────────────────┤
│     train/episode/min command swing height/mean     │        0.03        │
├─────────────────────────────────────────────────────┼────────────────────┤
│     train/episode/max command swing height/mean     │        0.35        │
├─────────────────────────────────────────────────────┼────────────────────┤
│        train/episode/command area trot/mean         │       0.274        │
├─────────────────────────────────────────────────────┼────────────────────┤
│            train/episode/min action/mean            │       -8.145       │
├─────────────────────────────────────────────────────┼────────────────────┤
│            train/episode/max action/mean            │        6.72        │
├─────────────────────────────────────────────────────┼────────────────────┤
│                  time elapsed/mean                  │      308.922       │
├─────────────────────────────────────────────────────┼────────────────────┤
│                   time iter/mean                    │       1.343        │
├─────────────────────────────────────────────────────┼────────────────────┤
│                mean value loss/mean                 │         0.         │
├─────────────────────────────────────────────────────┼────────────────────┤
│              mean surrogate loss/mean               │       -0.028       │
├─────────────────────────────────────────────────────┼────────────────────┤
│               mean decoder loss/mean                │         0.         │
├─────────────────────────────────────────────────────┼────────────────────┤
│           mean decoder loss student/mean            │         0.         │
├─────────────────────────────────────────────────────┼────────────────────┤
│             mean decoder test loss/mean             │         0.         │
├─────────────────────────────────────────────────────┼────────────────────┤
│         mean decoder test loss student/mean         │         0.         │
├─────────────────────────────────────────────────────┼────────────────────┤
│                      timesteps                      │      8316000       │
├─────────────────────────────────────────────────────┼────────────────────┤
│                     iterations                      │        230         │
╘═════════════════════════════════════════════════════╧════════════════════╛

══════════════════════════════════════════
[33m        job         [0m
────────────────────┬─────────────────────
       status       │ running             
      runTime       │ 2025-02-25 23:03:14.413732
════════════════════╧═════════════════════
╒═════════════════════════════════════════════════════╤════════════════════╕
│       train/episode/rew tracking lin vel/mean       │       7.199        │
├─────────────────────────────────────────────────────┼────────────────────┤
│       train/episode/rew tracking ang vel/mean       │       2.766        │
├─────────────────────────────────────────────────────┼────────────────────┤
│          train/episode/rew lin vel z/mean           │       -0.019       │
├─────────────────────────────────────────────────────┼────────────────────┤
│          train/episode/rew ang vel xy/mean          │       -0.047       │
├─────────────────────────────────────────────────────┼────────────────────┤
│           train/episode/rew torques/mean            │       -1.166       │
├─────────────────────────────────────────────────────┼────────────────────┤
│           train/episode/rew dof vel/mean            │       -0.197       │
├─────────────────────────────────────────────────────┼────────────────────┤
│           train/episode/rew dof acc/mean            │       -1.465       │
├─────────────────────────────────────────────────────┼────────────────────┤
│          train/episode/rew collision/mean           │      -12.372       │
├─────────────────────────────────────────────────────┼────────────────────┤
│         train/episode/rew action rate/mean          │       -3.351       │
├─────────────────────────────────────────────────────┼────────────────────┤
│train/episode/rew tracking contacts shaped force/mean│      -12.012       │
├─────────────────────────────────────────────────────┼────────────────────┤
│ train/episode/rew tracking contacts shaped vel/mean │       -1.319       │
├─────────────────────────────────────────────────────┼────────────────────┤
│             train/episode/rew jump/mean             │       -1.828       │
├─────────────────────────────────────────────────────┼────────────────────┤
│        train/episode/rew dof pos limits/mean        │       -0.47        │
├─────────────────────────────────────────────────────┼────────────────────┤
│          train/episode/rew feet slip/mean           │        -0.4        │
├─────────────────────────────────────────────────────┼────────────────────┤
│  train/episode/rew feet clearance cmd linear/mean   │       -8.224       │
├─────────────────────────────────────────────────────┼────────────────────┤
│     train/episode/rew action smoothness 1/mean      │       -1.591       │
├─────────────────────────────────────────────────────┼────────────────────┤
│     train/episode/rew action smoothness 2/mean      │       -3.278       │
├─────────────────────────────────────────────────────┼────────────────────┤
│      train/episode/rew raibert heuristic/mean       │       -5.883       │
├─────────────────────────────────────────────────────┼────────────────────┤
│     train/episode/rew orientation control/mean      │       -3.735       │
├─────────────────────────────────────────────────────┼────────────────────┤
│            train/episode/rew total/mean             │       0.584        │
├─────────────────────────────────────────────────────┼────────────────────┤
│       train/episode/min command duration/mean       │        0.5         │
├─────────────────────────────────────────────────────┼────────────────────┤
│       train/episode/max command duration/mean       │        0.5         │
├─────────────────────────────────────────────────────┼────────────────────┤
│        train/episode/min command bound/mean         │         0.         │
├─────────────────────────────────────────────────────┼────────────────────┤
│        train/episode/max command bound/mean         │         0.         │
├─────────────────────────────────────────────────────┼────────────────────┤
│        train/episode/min command offset/mean        │         0.         │
├─────────────────────────────────────────────────────┼────────────────────┤
│        train/episode/max command offset/mean        │         0.         │
├─────────────────────────────────────────────────────┼────────────────────┤
│        train/episode/min command phase/mean         │        0.5         │
├─────────────────────────────────────────────────────┼────────────────────┤
│        train/episode/max command phase/mean         │        0.5         │
├─────────────────────────────────────────────────────┼────────────────────┤
│         train/episode/min command freq/mean         │       2.001        │
├─────────────────────────────────────────────────────┼────────────────────┤
│         train/episode/max command freq/mean         │         4.         │
├─────────────────────────────────────────────────────┼────────────────────┤
│        train/episode/min command x vel/mean         │       -1.047       │
├─────────────────────────────────────────────────────┼────────────────────┤
│        train/episode/max command x vel/mean         │       1.044        │
├─────────────────────────────────────────────────────┼────────────────────┤
│        train/episode/min command y vel/mean         │        -0.2        │
├─────────────────────────────────────────────────────┼────────────────────┤
│        train/episode/max command y vel/mean         │        0.2         │
├─────────────────────────────────────────────────────┼────────────────────┤
│       train/episode/min command yaw vel/mean        │       -1.047       │
├─────────────────────────────────────────────────────┼────────────────────┤
│       train/episode/max command yaw vel/mean        │       1.045        │
├─────────────────────────────────────────────────────┼────────────────────┤
│     train/episode/min command swing height/mean     │        0.03        │
├─────────────────────────────────────────────────────┼────────────────────┤
│     train/episode/max command swing height/mean     │        0.35        │
├─────────────────────────────────────────────────────┼────────────────────┤
│        train/episode/command area trot/mean         │       0.274        │
├─────────────────────────────────────────────────────┼────────────────────┤
│            train/episode/min action/mean            │       -8.076       │
├─────────────────────────────────────────────────────┼────────────────────┤
│            train/episode/max action/mean            │       6.735        │
├─────────────────────────────────────────────────────┼────────────────────┤
│                  time elapsed/mean                  │      322.302       │
├─────────────────────────────────────────────────────┼────────────────────┤
│                   time iter/mean                    │       1.332        │
├─────────────────────────────────────────────────────┼────────────────────┤
│                mean value loss/mean                 │         0.         │
├─────────────────────────────────────────────────────┼────────────────────┤
│              mean surrogate loss/mean               │       -0.026       │
├─────────────────────────────────────────────────────┼────────────────────┤
│               mean decoder loss/mean                │         0.         │
├─────────────────────────────────────────────────────┼────────────────────┤
│           mean decoder loss student/mean            │         0.         │
├─────────────────────────────────────────────────────┼────────────────────┤
│             mean decoder test loss/mean             │         0.         │
├─────────────────────────────────────────────────────┼────────────────────┤
│         mean decoder test loss student/mean         │         0.         │
├─────────────────────────────────────────────────────┼────────────────────┤
│                      timesteps                      │      8676000       │
├─────────────────────────────────────────────────────┼────────────────────┤
│                     iterations                      │        240         │
╘═════════════════════════════════════════════════════╧════════════════════╛

══════════════════════════════════════════
[33m        job         [0m
────────────────────┬─────────────────────
       status       │ running             
      runTime       │ 2025-02-25 23:03:27.728835
════════════════════╧═════════════════════
╒═════════════════════════════════════════════════════╤════════════════════╕
│       train/episode/rew tracking lin vel/mean       │       6.798        │
├─────────────────────────────────────────────────────┼────────────────────┤
│       train/episode/rew tracking ang vel/mean       │       2.658        │
├─────────────────────────────────────────────────────┼────────────────────┤
│          train/episode/rew lin vel z/mean           │       -0.019       │
├─────────────────────────────────────────────────────┼────────────────────┤
│          train/episode/rew ang vel xy/mean          │       -0.043       │
├─────────────────────────────────────────────────────┼────────────────────┤
│           train/episode/rew torques/mean            │       -1.101       │
├─────────────────────────────────────────────────────┼────────────────────┤
│           train/episode/rew dof vel/mean            │       -0.182       │
├─────────────────────────────────────────────────────┼────────────────────┤
│           train/episode/rew dof acc/mean            │       -1.325       │
├─────────────────────────────────────────────────────┼────────────────────┤
│          train/episode/rew collision/mean           │       -9.313       │
├─────────────────────────────────────────────────────┼────────────────────┤
│         train/episode/rew action rate/mean          │       -3.012       │
├─────────────────────────────────────────────────────┼────────────────────┤
│train/episode/rew tracking contacts shaped force/mean│      -10.901       │
├─────────────────────────────────────────────────────┼────────────────────┤
│ train/episode/rew tracking contacts shaped vel/mean │       -1.212       │
├─────────────────────────────────────────────────────┼────────────────────┤
│             train/episode/rew jump/mean             │       -1.548       │
├─────────────────────────────────────────────────────┼────────────────────┤
│        train/episode/rew dof pos limits/mean        │       -0.445       │
├─────────────────────────────────────────────────────┼────────────────────┤
│          train/episode/rew feet slip/mean           │       -0.352       │
├─────────────────────────────────────────────────────┼────────────────────┤
│  train/episode/rew feet clearance cmd linear/mean   │       -8.026       │
├─────────────────────────────────────────────────────┼────────────────────┤
│     train/episode/rew action smoothness 1/mean      │       -1.424       │
├─────────────────────────────────────────────────────┼────────────────────┤
│     train/episode/rew action smoothness 2/mean      │       -2.905       │
├─────────────────────────────────────────────────────┼────────────────────┤
│      train/episode/rew raibert heuristic/mean       │       -5.047       │
├─────────────────────────────────────────────────────┼────────────────────┤
│     train/episode/rew orientation control/mean      │       -3.257       │
├─────────────────────────────────────────────────────┼────────────────────┤
│            train/episode/rew total/mean             │       0.625        │
├─────────────────────────────────────────────────────┼────────────────────┤
│       train/episode/min command duration/mean       │        0.5         │
├─────────────────────────────────────────────────────┼────────────────────┤
│       train/episode/max command duration/mean       │        0.5         │
├─────────────────────────────────────────────────────┼────────────────────┤
│        train/episode/min command bound/mean         │         0.         │
├─────────────────────────────────────────────────────┼────────────────────┤
│        train/episode/max command bound/mean         │         0.         │
├─────────────────────────────────────────────────────┼────────────────────┤
│        train/episode/min command offset/mean        │         0.         │
├─────────────────────────────────────────────────────┼────────────────────┤
│        train/episode/max command offset/mean        │         0.         │
├─────────────────────────────────────────────────────┼────────────────────┤
│        train/episode/min command phase/mean         │        0.5         │
├─────────────────────────────────────────────────────┼────────────────────┤
│        train/episode/max command phase/mean         │        0.5         │
├─────────────────────────────────────────────────────┼────────────────────┤
│         train/episode/min command freq/mean         │       2.001        │
├─────────────────────────────────────────────────────┼────────────────────┤
│         train/episode/max command freq/mean         │       3.999        │
├─────────────────────────────────────────────────────┼────────────────────┤
│        train/episode/min command x vel/mean         │       -1.047       │
├─────────────────────────────────────────────────────┼────────────────────┤
│        train/episode/max command x vel/mean         │       1.047        │
├─────────────────────────────────────────────────────┼────────────────────┤
│        train/episode/min command y vel/mean         │       -0.199       │
├─────────────────────────────────────────────────────┼────────────────────┤
│        train/episode/max command y vel/mean         │        0.2         │
├─────────────────────────────────────────────────────┼────────────────────┤
│       train/episode/min command yaw vel/mean        │       -1.048       │
├─────────────────────────────────────────────────────┼────────────────────┤
│       train/episode/max command yaw vel/mean        │       1.047        │
├─────────────────────────────────────────────────────┼────────────────────┤
│     train/episode/min command swing height/mean     │        0.03        │
├─────────────────────────────────────────────────────┼────────────────────┤
│     train/episode/max command swing height/mean     │        0.35        │
├─────────────────────────────────────────────────────┼────────────────────┤
│        train/episode/command area trot/mean         │       0.274        │
├─────────────────────────────────────────────────────┼────────────────────┤
│            train/episode/min action/mean            │       -7.798       │
├─────────────────────────────────────────────────────┼────────────────────┤
│            train/episode/max action/mean            │       6.701        │
├─────────────────────────────────────────────────────┼────────────────────┤
│                  time elapsed/mean                  │      335.535       │
├─────────────────────────────────────────────────────┼────────────────────┤
│                   time iter/mean                    │       1.318        │
├─────────────────────────────────────────────────────┼────────────────────┤
│                mean value loss/mean                 │         0.         │
├─────────────────────────────────────────────────────┼────────────────────┤
│              mean surrogate loss/mean               │       -0.027       │
├─────────────────────────────────────────────────────┼────────────────────┤
│               mean decoder loss/mean                │         0.         │
├─────────────────────────────────────────────────────┼────────────────────┤
│           mean decoder loss student/mean            │         0.         │
├─────────────────────────────────────────────────────┼────────────────────┤
│             mean decoder test loss/mean             │         0.         │
├─────────────────────────────────────────────────────┼────────────────────┤
│         mean decoder test loss student/mean         │         0.         │
├─────────────────────────────────────────────────────┼────────────────────┤
│                      timesteps                      │      9036000       │
├─────────────────────────────────────────────────────┼────────────────────┤
│                     iterations                      │        250         │
╘═════════════════════════════════════════════════════╧════════════════════╛

══════════════════════════════════════════
[33m        job         [0m
────────────────────┬─────────────────────
       status       │ running             
      runTime       │ 2025-02-25 23:03:40.913820
════════════════════╧═════════════════════
╒═════════════════════════════════════════════════════╤════════════════════╕
│       train/episode/rew tracking lin vel/mean       │       7.128        │
├─────────────────────────────────────────────────────┼────────────────────┤
│       train/episode/rew tracking ang vel/mean       │       2.829        │
├─────────────────────────────────────────────────────┼────────────────────┤
│          train/episode/rew lin vel z/mean           │       -0.021       │
├─────────────────────────────────────────────────────┼────────────────────┤
│          train/episode/rew ang vel xy/mean          │       -0.042       │
├─────────────────────────────────────────────────────┼────────────────────┤
│           train/episode/rew torques/mean            │       -1.134       │
├─────────────────────────────────────────────────────┼────────────────────┤
│           train/episode/rew dof vel/mean            │       -0.188       │
├─────────────────────────────────────────────────────┼────────────────────┤
│           train/episode/rew dof acc/mean            │       -1.358       │
├─────────────────────────────────────────────────────┼────────────────────┤
│          train/episode/rew collision/mean           │       -8.575       │
├─────────────────────────────────────────────────────┼────────────────────┤
│         train/episode/rew action rate/mean          │        -3.         │
├─────────────────────────────────────────────────────┼────────────────────┤
│train/episode/rew tracking contacts shaped force/mean│      -10.675       │
├─────────────────────────────────────────────────────┼────────────────────┤
│ train/episode/rew tracking contacts shaped vel/mean │       -1.269       │
├─────────────────────────────────────────────────────┼────────────────────┤
│             train/episode/rew jump/mean             │       -1.548       │
├─────────────────────────────────────────────────────┼────────────────────┤
│        train/episode/rew dof pos limits/mean        │       -0.463       │
├─────────────────────────────────────────────────────┼────────────────────┤
│          train/episode/rew feet slip/mean           │       -0.339       │
├─────────────────────────────────────────────────────┼────────────────────┤
│  train/episode/rew feet clearance cmd linear/mean   │       -8.406       │
├─────────────────────────────────────────────────────┼────────────────────┤
│     train/episode/rew action smoothness 1/mean      │       -1.413       │
├─────────────────────────────────────────────────────┼────────────────────┤
│     train/episode/rew action smoothness 2/mean      │       -2.859       │
├─────────────────────────────────────────────────────┼────────────────────┤
│      train/episode/rew raibert heuristic/mean       │       -5.099       │
├─────────────────────────────────────────────────────┼────────────────────┤
│     train/episode/rew orientation control/mean      │       -3.604       │
├─────────────────────────────────────────────────────┼────────────────────┤
│            train/episode/rew total/mean             │       0.718        │
├─────────────────────────────────────────────────────┼────────────────────┤
│       train/episode/min command duration/mean       │        0.5         │
├─────────────────────────────────────────────────────┼────────────────────┤
│       train/episode/max command duration/mean       │        0.5         │
├─────────────────────────────────────────────────────┼────────────────────┤
│        train/episode/min command bound/mean         │         0.         │
├─────────────────────────────────────────────────────┼────────────────────┤
│        train/episode/max command bound/mean         │         0.         │
├─────────────────────────────────────────────────────┼────────────────────┤
│        train/episode/min command offset/mean        │         0.         │
├─────────────────────────────────────────────────────┼────────────────────┤
│        train/episode/max command offset/mean        │         0.         │
├─────────────────────────────────────────────────────┼────────────────────┤
│        train/episode/min command phase/mean         │        0.5         │
├─────────────────────────────────────────────────────┼────────────────────┤
│        train/episode/max command phase/mean         │        0.5         │
├─────────────────────────────────────────────────────┼────────────────────┤
│         train/episode/min command freq/mean         │       2.002        │
├─────────────────────────────────────────────────────┼────────────────────┤
│         train/episode/max command freq/mean         │       3.999        │
├─────────────────────────────────────────────────────┼────────────────────┤
│        train/episode/min command x vel/mean         │       -1.047       │
├─────────────────────────────────────────────────────┼────────────────────┤
│        train/episode/max command x vel/mean         │       1.047        │
├─────────────────────────────────────────────────────┼────────────────────┤
│        train/episode/min command y vel/mean         │        -0.2        │
├─────────────────────────────────────────────────────┼────────────────────┤
│        train/episode/max command y vel/mean         │        0.2         │
├─────────────────────────────────────────────────────┼────────────────────┤
│       train/episode/min command yaw vel/mean        │       -1.047       │
├─────────────────────────────────────────────────────┼────────────────────┤
│       train/episode/max command yaw vel/mean        │       1.047        │
├─────────────────────────────────────────────────────┼────────────────────┤
│     train/episode/min command swing height/mean     │        0.03        │
├─────────────────────────────────────────────────────┼────────────────────┤
│     train/episode/max command swing height/mean     │        0.35        │
├─────────────────────────────────────────────────────┼────────────────────┤
│        train/episode/command area trot/mean         │       0.274        │
├─────────────────────────────────────────────────────┼────────────────────┤
│            train/episode/min action/mean            │       -7.75        │
├─────────────────────────────────────────────────────┼────────────────────┤
│            train/episode/max action/mean            │       6.621        │
├─────────────────────────────────────────────────────┼────────────────────┤
│                  time elapsed/mean                  │      348.686       │
├─────────────────────────────────────────────────────┼────────────────────┤
│                   time iter/mean                    │       1.312        │
├─────────────────────────────────────────────────────┼────────────────────┤
│                mean value loss/mean                 │         0.         │
├─────────────────────────────────────────────────────┼────────────────────┤
│              mean surrogate loss/mean               │       -0.027       │
├─────────────────────────────────────────────────────┼────────────────────┤
│               mean decoder loss/mean                │         0.         │
├─────────────────────────────────────────────────────┼────────────────────┤
│           mean decoder loss student/mean            │         0.         │
├─────────────────────────────────────────────────────┼────────────────────┤
│             mean decoder test loss/mean             │         0.         │
├─────────────────────────────────────────────────────┼────────────────────┤
│         mean decoder test loss student/mean         │         0.         │
├─────────────────────────────────────────────────────┼────────────────────┤
│                      timesteps                      │      9396000       │
├─────────────────────────────────────────────────────┼────────────────────┤
│                     iterations                      │        260         │
╘═════════════════════════════════════════════════════╧════════════════════╛

══════════════════════════════════════════
[33m        job         [0m
────────────────────┬─────────────────────
       status       │ running             
      runTime       │ 2025-02-25 23:03:54.028946
════════════════════╧═════════════════════
╒═════════════════════════════════════════════════════╤════════════════════╕
│       train/episode/rew tracking lin vel/mean       │       7.583        │
├─────────────────────────────────────────────────────┼────────────────────┤
│       train/episode/rew tracking ang vel/mean       │       2.778        │
├─────────────────────────────────────────────────────┼────────────────────┤
│          train/episode/rew lin vel z/mean           │       -0.021       │
├─────────────────────────────────────────────────────┼────────────────────┤
│          train/episode/rew ang vel xy/mean          │       -0.04        │
├─────────────────────────────────────────────────────┼────────────────────┤
│           train/episode/rew torques/mean            │       -1.122       │
├─────────────────────────────────────────────────────┼────────────────────┤
│           train/episode/rew dof vel/mean            │       -0.184       │
├─────────────────────────────────────────────────────┼────────────────────┤
│           train/episode/rew dof acc/mean            │       -1.307       │
├─────────────────────────────────────────────────────┼────────────────────┤
│          train/episode/rew collision/mean           │       -7.365       │
├─────────────────────────────────────────────────────┼────────────────────┤
│         train/episode/rew action rate/mean          │       -2.854       │
├─────────────────────────────────────────────────────┼────────────────────┤
│train/episode/rew tracking contacts shaped force/mean│      -10.191       │
├─────────────────────────────────────────────────────┼────────────────────┤
│ train/episode/rew tracking contacts shaped vel/mean │       -1.204       │
├─────────────────────────────────────────────────────┼────────────────────┤
│             train/episode/rew jump/mean             │       -1.546       │
├─────────────────────────────────────────────────────┼────────────────────┤
│        train/episode/rew dof pos limits/mean        │       -0.454       │
├─────────────────────────────────────────────────────┼────────────────────┤
│          train/episode/rew feet slip/mean           │       -0.343       │
├─────────────────────────────────────────────────────┼────────────────────┤
│  train/episode/rew feet clearance cmd linear/mean   │       -7.369       │
├─────────────────────────────────────────────────────┼────────────────────┤
│     train/episode/rew action smoothness 1/mean      │       -1.344       │
├─────────────────────────────────────────────────────┼────────────────────┤
│     train/episode/rew action smoothness 2/mean      │       -2.661       │
├─────────────────────────────────────────────────────┼────────────────────┤
│      train/episode/rew raibert heuristic/mean       │       -4.348       │
├─────────────────────────────────────────────────────┼────────────────────┤
│     train/episode/rew orientation control/mean      │       -3.15        │
├─────────────────────────────────────────────────────┼────────────────────┤
│            train/episode/rew total/mean             │       0.833        │
├─────────────────────────────────────────────────────┼────────────────────┤
│       train/episode/min command duration/mean       │        0.5         │
├─────────────────────────────────────────────────────┼────────────────────┤
│       train/episode/max command duration/mean       │        0.5         │
├─────────────────────────────────────────────────────┼────────────────────┤
│        train/episode/min command bound/mean         │         0.         │
├─────────────────────────────────────────────────────┼────────────────────┤
│        train/episode/max command bound/mean         │         0.         │
├─────────────────────────────────────────────────────┼────────────────────┤
│        train/episode/min command offset/mean        │         0.         │
├─────────────────────────────────────────────────────┼────────────────────┤
│        train/episode/max command offset/mean        │         0.         │
├─────────────────────────────────────────────────────┼────────────────────┤
│        train/episode/min command phase/mean         │        0.5         │
├─────────────────────────────────────────────────────┼────────────────────┤
│        train/episode/max command phase/mean         │        0.5         │
├─────────────────────────────────────────────────────┼────────────────────┤
│         train/episode/min command freq/mean         │       2.002        │
├─────────────────────────────────────────────────────┼────────────────────┤
│         train/episode/max command freq/mean         │       3.999        │
├─────────────────────────────────────────────────────┼────────────────────┤
│        train/episode/min command x vel/mean         │       -1.047       │
├─────────────────────────────────────────────────────┼────────────────────┤
│        train/episode/max command x vel/mean         │       1.047        │
├─────────────────────────────────────────────────────┼────────────────────┤
│        train/episode/min command y vel/mean         │        -0.2        │
├─────────────────────────────────────────────────────┼────────────────────┤
│        train/episode/max command y vel/mean         │        0.2         │
├─────────────────────────────────────────────────────┼────────────────────┤
│       train/episode/min command yaw vel/mean        │       -1.045       │
├─────────────────────────────────────────────────────┼────────────────────┤
│       train/episode/max command yaw vel/mean        │       1.046        │
├─────────────────────────────────────────────────────┼────────────────────┤
│     train/episode/min command swing height/mean     │        0.03        │
├─────────────────────────────────────────────────────┼────────────────────┤
│     train/episode/max command swing height/mean     │        0.35        │
├─────────────────────────────────────────────────────┼────────────────────┤
│        train/episode/command area trot/mean         │       0.274        │
├─────────────────────────────────────────────────────┼────────────────────┤
│            train/episode/min action/mean            │       -7.801       │
├─────────────────────────────────────────────────────┼────────────────────┤
│            train/episode/max action/mean            │       6.577        │
├─────────────────────────────────────────────────────┼────────────────────┤
│                  time elapsed/mean                  │      361.782       │
├─────────────────────────────────────────────────────┼────────────────────┤
│                   time iter/mean                    │       1.307        │
├─────────────────────────────────────────────────────┼────────────────────┤
│                mean value loss/mean                 │         0.         │
├─────────────────────────────────────────────────────┼────────────────────┤
│              mean surrogate loss/mean               │       -0.026       │
├─────────────────────────────────────────────────────┼────────────────────┤
│               mean decoder loss/mean                │         0.         │
├─────────────────────────────────────────────────────┼────────────────────┤
│           mean decoder loss student/mean            │         0.         │
├─────────────────────────────────────────────────────┼────────────────────┤
│             mean decoder test loss/mean             │         0.         │
├─────────────────────────────────────────────────────┼────────────────────┤
│         mean decoder test loss student/mean         │         0.         │
├─────────────────────────────────────────────────────┼────────────────────┤
│                      timesteps                      │      9756000       │
├─────────────────────────────────────────────────────┼────────────────────┤
│                     iterations                      │        270         │
╘═════════════════════════════════════════════════════╧════════════════════╛

══════════════════════════════════════════
[33m        job         [0m
────────────────────┬─────────────────────
       status       │ running             
      runTime       │ 2025-02-25 23:04:07.098165
════════════════════╧═════════════════════
╒═════════════════════════════════════════════════════╤════════════════════╕
│       train/episode/rew tracking lin vel/mean       │       8.368        │
├─────────────────────────────────────────────────────┼────────────────────┤
│       train/episode/rew tracking ang vel/mean       │       3.094        │
├─────────────────────────────────────────────────────┼────────────────────┤
│          train/episode/rew lin vel z/mean           │       -0.025       │
├─────────────────────────────────────────────────────┼────────────────────┤
│          train/episode/rew ang vel xy/mean          │       -0.044       │
├─────────────────────────────────────────────────────┼────────────────────┤
│           train/episode/rew torques/mean            │       -1.228       │
├─────────────────────────────────────────────────────┼────────────────────┤
│           train/episode/rew dof vel/mean            │       -0.206       │
├─────────────────────────────────────────────────────┼────────────────────┤
│           train/episode/rew dof acc/mean            │       -1.442       │
├─────────────────────────────────────────────────────┼────────────────────┤
│          train/episode/rew collision/mean           │       -6.939       │
├─────────────────────────────────────────────────────┼────────────────────┤
│         train/episode/rew action rate/mean          │       -3.068       │
├─────────────────────────────────────────────────────┼────────────────────┤
│train/episode/rew tracking contacts shaped force/mean│      -10.697       │
├─────────────────────────────────────────────────────┼────────────────────┤
│ train/episode/rew tracking contacts shaped vel/mean │       -1.313       │
├─────────────────────────────────────────────────────┼────────────────────┤
│             train/episode/rew jump/mean             │       -1.861       │
├─────────────────────────────────────────────────────┼────────────────────┤
│        train/episode/rew dof pos limits/mean        │       -0.443       │
├─────────────────────────────────────────────────────┼────────────────────┤
│          train/episode/rew feet slip/mean           │       -0.373       │
├─────────────────────────────────────────────────────┼────────────────────┤
│  train/episode/rew feet clearance cmd linear/mean   │       -7.451       │
├─────────────────────────────────────────────────────┼────────────────────┤
│     train/episode/rew action smoothness 1/mean      │       -1.443       │
├─────────────────────────────────────────────────────┼────────────────────┤
│     train/episode/rew action smoothness 2/mean      │       -2.818       │
├─────────────────────────────────────────────────────┼────────────────────┤
│      train/episode/rew raibert heuristic/mean       │       -4.556       │
├─────────────────────────────────────────────────────┼────────────────────┤
│     train/episode/rew orientation control/mean      │       -3.343       │
├─────────────────────────────────────────────────────┼────────────────────┤
│            train/episode/rew total/mean             │       0.992        │
├─────────────────────────────────────────────────────┼────────────────────┤
│       train/episode/min command duration/mean       │        0.5         │
├─────────────────────────────────────────────────────┼────────────────────┤
│       train/episode/max command duration/mean       │        0.5         │
├─────────────────────────────────────────────────────┼────────────────────┤
│        train/episode/min command bound/mean         │         0.         │
├─────────────────────────────────────────────────────┼────────────────────┤
│        train/episode/max command bound/mean         │         0.         │
├─────────────────────────────────────────────────────┼────────────────────┤
│        train/episode/min command offset/mean        │         0.         │
├─────────────────────────────────────────────────────┼────────────────────┤
│        train/episode/max command offset/mean        │         0.         │
├─────────────────────────────────────────────────────┼────────────────────┤
│        train/episode/min command phase/mean         │        0.5         │
├─────────────────────────────────────────────────────┼────────────────────┤
│        train/episode/max command phase/mean         │        0.5         │
├─────────────────────────────────────────────────────┼────────────────────┤
│         train/episode/min command freq/mean         │       2.001        │
├─────────────────────────────────────────────────────┼────────────────────┤
│         train/episode/max command freq/mean         │         4.         │
├─────────────────────────────────────────────────────┼────────────────────┤
│        train/episode/min command x vel/mean         │       -1.047       │
├─────────────────────────────────────────────────────┼────────────────────┤
│        train/episode/max command x vel/mean         │       1.048        │
├─────────────────────────────────────────────────────┼────────────────────┤
│        train/episode/min command y vel/mean         │        -0.2        │
├─────────────────────────────────────────────────────┼────────────────────┤
│        train/episode/max command y vel/mean         │        0.2         │
├─────────────────────────────────────────────────────┼────────────────────┤
│       train/episode/min command yaw vel/mean        │       -1.044       │
├─────────────────────────────────────────────────────┼────────────────────┤
│       train/episode/max command yaw vel/mean        │       1.044        │
├─────────────────────────────────────────────────────┼────────────────────┤
│     train/episode/min command swing height/mean     │        0.03        │
├─────────────────────────────────────────────────────┼────────────────────┤
│     train/episode/max command swing height/mean     │        0.35        │
├─────────────────────────────────────────────────────┼────────────────────┤
│        train/episode/command area trot/mean         │       0.274        │
├─────────────────────────────────────────────────────┼────────────────────┤
│            train/episode/min action/mean            │       -7.711       │
├─────────────────────────────────────────────────────┼────────────────────┤
│            train/episode/max action/mean            │       6.615        │
├─────────────────────────────────────────────────────┼────────────────────┤
│                  time elapsed/mean                  │      374.754       │
├─────────────────────────────────────────────────────┼────────────────────┤
│                   time iter/mean                    │       1.282        │
├─────────────────────────────────────────────────────┼────────────────────┤
│                mean value loss/mean                 │         0.         │
├─────────────────────────────────────────────────────┼────────────────────┤
│              mean surrogate loss/mean               │       -0.025       │
├─────────────────────────────────────────────────────┼────────────────────┤
│               mean decoder loss/mean                │         0.         │
├─────────────────────────────────────────────────────┼────────────────────┤
│           mean decoder loss student/mean            │         0.         │
├─────────────────────────────────────────────────────┼────────────────────┤
│             mean decoder test loss/mean             │         0.         │
├─────────────────────────────────────────────────────┼────────────────────┤
│         mean decoder test loss student/mean         │         0.         │
├─────────────────────────────────────────────────────┼────────────────────┤
│                      timesteps                      │      10116000      │
├─────────────────────────────────────────────────────┼────────────────────┤
│                     iterations                      │        280         │
╘═════════════════════════════════════════════════════╧════════════════════╛

══════════════════════════════════════════
[33m        job         [0m
────────────────────┬─────────────────────
       status       │ running             
      runTime       │ 2025-02-25 23:04:19.916503
════════════════════╧═════════════════════
╒═════════════════════════════════════════════════════╤════════════════════╕
│       train/episode/rew tracking lin vel/mean       │       8.552        │
├─────────────────────────────────────────────────────┼────────────────────┤
│       train/episode/rew tracking ang vel/mean       │        3.17        │
├─────────────────────────────────────────────────────┼────────────────────┤
│          train/episode/rew lin vel z/mean           │       -0.025       │
├─────────────────────────────────────────────────────┼────────────────────┤
│          train/episode/rew ang vel xy/mean          │       -0.044       │
├─────────────────────────────────────────────────────┼────────────────────┤
│           train/episode/rew torques/mean            │       -1.21        │
├─────────────────────────────────────────────────────┼────────────────────┤
│           train/episode/rew dof vel/mean            │       -0.211       │
├─────────────────────────────────────────────────────┼────────────────────┤
│           train/episode/rew dof acc/mean            │       -1.463       │
├─────────────────────────────────────────────────────┼────────────────────┤
│          train/episode/rew collision/mean           │       -6.768       │
├─────────────────────────────────────────────────────┼────────────────────┤
│         train/episode/rew action rate/mean          │       -3.016       │
├─────────────────────────────────────────────────────┼────────────────────┤
│train/episode/rew tracking contacts shaped force/mean│      -10.205       │
├─────────────────────────────────────────────────────┼────────────────────┤
│ train/episode/rew tracking contacts shaped vel/mean │       -1.345       │
├─────────────────────────────────────────────────────┼────────────────────┤
│             train/episode/rew jump/mean             │       -1.694       │
├─────────────────────────────────────────────────────┼────────────────────┤
│        train/episode/rew dof pos limits/mean        │       -0.435       │
├─────────────────────────────────────────────────────┼────────────────────┤
│          train/episode/rew feet slip/mean           │       -0.389       │
├─────────────────────────────────────────────────────┼────────────────────┤
│  train/episode/rew feet clearance cmd linear/mean   │       -8.195       │
├─────────────────────────────────────────────────────┼────────────────────┤
│     train/episode/rew action smoothness 1/mean      │       -1.419       │
├─────────────────────────────────────────────────────┼────────────────────┤
│     train/episode/rew action smoothness 2/mean      │       -2.724       │
├─────────────────────────────────────────────────────┼────────────────────┤
│      train/episode/rew raibert heuristic/mean       │       -4.631       │
├─────────────────────────────────────────────────────┼────────────────────┤
│     train/episode/rew orientation control/mean      │       -3.31        │
├─────────────────────────────────────────────────────┼────────────────────┤
│            train/episode/rew total/mean             │       1.058        │
├─────────────────────────────────────────────────────┼────────────────────┤
│       train/episode/min command duration/mean       │        0.5         │
├─────────────────────────────────────────────────────┼────────────────────┤
│       train/episode/max command duration/mean       │        0.5         │
├─────────────────────────────────────────────────────┼────────────────────┤
│        train/episode/min command bound/mean         │         0.         │
├─────────────────────────────────────────────────────┼────────────────────┤
│        train/episode/max command bound/mean         │         0.         │
├─────────────────────────────────────────────────────┼────────────────────┤
│        train/episode/min command offset/mean        │         0.         │
├─────────────────────────────────────────────────────┼────────────────────┤
│        train/episode/max command offset/mean        │         0.         │
├─────────────────────────────────────────────────────┼────────────────────┤
│        train/episode/min command phase/mean         │        0.5         │
├─────────────────────────────────────────────────────┼────────────────────┤
│        train/episode/max command phase/mean         │        0.5         │
├─────────────────────────────────────────────────────┼────────────────────┤
│         train/episode/min command freq/mean         │       2.001        │
├─────────────────────────────────────────────────────┼────────────────────┤
│         train/episode/max command freq/mean         │       3.999        │
├─────────────────────────────────────────────────────┼────────────────────┤
│        train/episode/min command x vel/mean         │       -1.047       │
├─────────────────────────────────────────────────────┼────────────────────┤
│        train/episode/max command x vel/mean         │       1.045        │
├─────────────────────────────────────────────────────┼────────────────────┤
│        train/episode/min command y vel/mean         │        -0.2        │
├─────────────────────────────────────────────────────┼────────────────────┤
│        train/episode/max command y vel/mean         │        0.2         │
├─────────────────────────────────────────────────────┼────────────────────┤
│       train/episode/min command yaw vel/mean        │       -1.046       │
├─────────────────────────────────────────────────────┼────────────────────┤
│       train/episode/max command yaw vel/mean        │       1.044        │
├─────────────────────────────────────────────────────┼────────────────────┤
│     train/episode/min command swing height/mean     │        0.03        │
├─────────────────────────────────────────────────────┼────────────────────┤
│     train/episode/max command swing height/mean     │        0.35        │
├─────────────────────────────────────────────────────┼────────────────────┤
│        train/episode/command area trot/mean         │       0.274        │
├─────────────────────────────────────────────────────┼────────────────────┤
│            train/episode/min action/mean            │       -7.635       │
├─────────────────────────────────────────────────────┼────────────────────┤
│            train/episode/max action/mean            │       6.695        │
├─────────────────────────────────────────────────────┼────────────────────┤
│                  time elapsed/mean                  │       387.53       │
├─────────────────────────────────────────────────────┼────────────────────┤
│                   time iter/mean                    │       1.284        │
├─────────────────────────────────────────────────────┼────────────────────┤
│                mean value loss/mean                 │         0.         │
├─────────────────────────────────────────────────────┼────────────────────┤
│              mean surrogate loss/mean               │       -0.024       │
├─────────────────────────────────────────────────────┼────────────────────┤
│               mean decoder loss/mean                │         0.         │
├─────────────────────────────────────────────────────┼────────────────────┤
│           mean decoder loss student/mean            │         0.         │
├─────────────────────────────────────────────────────┼────────────────────┤
│             mean decoder test loss/mean             │         0.         │
├─────────────────────────────────────────────────────┼────────────────────┤
│         mean decoder test loss student/mean         │         0.         │
├─────────────────────────────────────────────────────┼────────────────────┤
│                      timesteps                      │      10476000      │
├─────────────────────────────────────────────────────┼────────────────────┤
│                     iterations                      │        290         │
╘═════════════════════════════════════════════════════╧════════════════════╛

══════════════════════════════════════════
[33m        job         [0m
────────────────────┬─────────────────────
       status       │ running             
      runTime       │ 2025-02-25 23:04:32.754080
════════════════════╧═════════════════════
╒═════════════════════════════════════════════════════╤════════════════════╕
│       train/episode/rew tracking lin vel/mean       │       9.482        │
├─────────────────────────────────────────────────────┼────────────────────┤
│       train/episode/rew tracking ang vel/mean       │       3.592        │
├─────────────────────────────────────────────────────┼────────────────────┤
│          train/episode/rew lin vel z/mean           │       -0.03        │
├─────────────────────────────────────────────────────┼────────────────────┤
│          train/episode/rew ang vel xy/mean          │       -0.048       │
├─────────────────────────────────────────────────────┼────────────────────┤
│           train/episode/rew torques/mean            │       -1.352       │
├─────────────────────────────────────────────────────┼────────────────────┤
│           train/episode/rew dof vel/mean            │       -0.241       │
├─────────────────────────────────────────────────────┼────────────────────┤
│           train/episode/rew dof acc/mean            │       -1.633       │
├─────────────────────────────────────────────────────┼────────────────────┤
│          train/episode/rew collision/mean           │       -6.954       │
├─────────────────────────────────────────────────────┼────────────────────┤
│         train/episode/rew action rate/mean          │       -3.269       │
├─────────────────────────────────────────────────────┼────────────────────┤
│train/episode/rew tracking contacts shaped force/mean│      -11.058       │
├─────────────────────────────────────────────────────┼────────────────────┤
│ train/episode/rew tracking contacts shaped vel/mean │       -1.473       │
├─────────────────────────────────────────────────────┼────────────────────┤
│             train/episode/rew jump/mean             │       -1.876       │
├─────────────────────────────────────────────────────┼────────────────────┤
│        train/episode/rew dof pos limits/mean        │       -0.527       │
├─────────────────────────────────────────────────────┼────────────────────┤
│          train/episode/rew feet slip/mean           │       -0.446       │
├─────────────────────────────────────────────────────┼────────────────────┤
│  train/episode/rew feet clearance cmd linear/mean   │       -8.421       │
├─────────────────────────────────────────────────────┼────────────────────┤
│     train/episode/rew action smoothness 1/mean      │       -1.538       │
├─────────────────────────────────────────────────────┼────────────────────┤
│     train/episode/rew action smoothness 2/mean      │       -2.917       │
├─────────────────────────────────────────────────────┼────────────────────┤
│      train/episode/rew raibert heuristic/mean       │       -4.831       │
├─────────────────────────────────────────────────────┼────────────────────┤
│     train/episode/rew orientation control/mean      │       -3.453       │
├─────────────────────────────────────────────────────┼────────────────────┤
│            train/episode/rew total/mean             │       1.286        │
├─────────────────────────────────────────────────────┼────────────────────┤
│       train/episode/min command duration/mean       │        0.5         │
├─────────────────────────────────────────────────────┼────────────────────┤
│       train/episode/max command duration/mean       │        0.5         │
├─────────────────────────────────────────────────────┼────────────────────┤
│        train/episode/min command bound/mean         │         0.         │
├─────────────────────────────────────────────────────┼────────────────────┤
│        train/episode/max command bound/mean         │         0.         │
├─────────────────────────────────────────────────────┼────────────────────┤
│        train/episode/min command offset/mean        │         0.         │
├─────────────────────────────────────────────────────┼────────────────────┤
│        train/episode/max command offset/mean        │         0.         │
├─────────────────────────────────────────────────────┼────────────────────┤
│        train/episode/min command phase/mean         │        0.5         │
├─────────────────────────────────────────────────────┼────────────────────┤
│        train/episode/max command phase/mean         │        0.5         │
├─────────────────────────────────────────────────────┼────────────────────┤
│         train/episode/min command freq/mean         │         2.         │
├─────────────────────────────────────────────────────┼────────────────────┤
│         train/episode/max command freq/mean         │       3.996        │
├─────────────────────────────────────────────────────┼────────────────────┤
│        train/episode/min command x vel/mean         │       -1.047       │
├─────────────────────────────────────────────────────┼────────────────────┤
│        train/episode/max command x vel/mean         │       1.046        │
├─────────────────────────────────────────────────────┼────────────────────┤
│        train/episode/min command y vel/mean         │        -0.2        │
├─────────────────────────────────────────────────────┼────────────────────┤
│        train/episode/max command y vel/mean         │        0.2         │
├─────────────────────────────────────────────────────┼────────────────────┤
│       train/episode/min command yaw vel/mean        │       -1.047       │
├─────────────────────────────────────────────────────┼────────────────────┤
│       train/episode/max command yaw vel/mean        │       1.045        │
├─────────────────────────────────────────────────────┼────────────────────┤
│     train/episode/min command swing height/mean     │        0.03        │
├─────────────────────────────────────────────────────┼────────────────────┤
│     train/episode/max command swing height/mean     │        0.35        │
├─────────────────────────────────────────────────────┼────────────────────┤
│        train/episode/command area trot/mean         │       0.274        │
├─────────────────────────────────────────────────────┼────────────────────┤
│            train/episode/min action/mean            │       -7.551       │
├─────────────────────────────────────────────────────┼────────────────────┤
│            train/episode/max action/mean            │       6.676        │
├─────────────────────────────────────────────────────┼────────────────────┤
│                  time elapsed/mean                  │      400.336       │
├─────────────────────────────────────────────────────┼────────────────────┤
│                   time iter/mean                    │       1.275        │
├─────────────────────────────────────────────────────┼────────────────────┤
│                mean value loss/mean                 │         0.         │
├─────────────────────────────────────────────────────┼────────────────────┤
│              mean surrogate loss/mean               │       -0.025       │
├─────────────────────────────────────────────────────┼────────────────────┤
│               mean decoder loss/mean                │         0.         │
├─────────────────────────────────────────────────────┼────────────────────┤
│           mean decoder loss student/mean            │         0.         │
├─────────────────────────────────────────────────────┼────────────────────┤
│             mean decoder test loss/mean             │         0.         │
├─────────────────────────────────────────────────────┼────────────────────┤
│         mean decoder test loss student/mean         │         0.         │
├─────────────────────────────────────────────────────┼────────────────────┤
│                      timesteps                      │      10836000      │
├─────────────────────────────────────────────────────┼────────────────────┤
│                     iterations                      │        300         │
╘═════════════════════════════════════════════════════╧════════════════════╛

══════════════════════════════════════════
[33m        job         [0m
────────────────────┬─────────────────────
       status       │ running             
      runTime       │ 2025-02-25 23:04:45.498799
════════════════════╧═════════════════════
╒═════════════════════════════════════════════════════╤════════════════════╕
│       train/episode/rew tracking lin vel/mean       │       10.086       │
├─────────────────────────────────────────────────────┼────────────────────┤
│       train/episode/rew tracking ang vel/mean       │       3.782        │
├─────────────────────────────────────────────────────┼────────────────────┤
│          train/episode/rew lin vel z/mean           │       -0.029       │
├─────────────────────────────────────────────────────┼────────────────────┤
│          train/episode/rew ang vel xy/mean          │       -0.046       │
├─────────────────────────────────────────────────────┼────────────────────┤
│           train/episode/rew torques/mean            │       -1.385       │
├─────────────────────────────────────────────────────┼────────────────────┤
│           train/episode/rew dof vel/mean            │       -0.241       │
├─────────────────────────────────────────────────────┼────────────────────┤
│           train/episode/rew dof acc/mean            │       -1.656       │
├─────────────────────────────────────────────────────┼────────────────────┤
│          train/episode/rew collision/mean           │       -6.248       │
├─────────────────────────────────────────────────────┼────────────────────┤
│         train/episode/rew action rate/mean          │       -3.288       │
├─────────────────────────────────────────────────────┼────────────────────┤
│train/episode/rew tracking contacts shaped force/mean│      -10.982       │
├─────────────────────────────────────────────────────┼────────────────────┤
│ train/episode/rew tracking contacts shaped vel/mean │       -1.427       │
├─────────────────────────────────────────────────────┼────────────────────┤
│             train/episode/rew jump/mean             │       -1.943       │
├─────────────────────────────────────────────────────┼────────────────────┤
│        train/episode/rew dof pos limits/mean        │       -0.502       │
├─────────────────────────────────────────────────────┼────────────────────┤
│          train/episode/rew feet slip/mean           │       -0.415       │
├─────────────────────────────────────────────────────┼────────────────────┤
│  train/episode/rew feet clearance cmd linear/mean   │       -8.065       │
├─────────────────────────────────────────────────────┼────────────────────┤
│     train/episode/rew action smoothness 1/mean      │       -1.55        │
├─────────────────────────────────────────────────────┼────────────────────┤
│     train/episode/rew action smoothness 2/mean      │       -2.887       │
├─────────────────────────────────────────────────────┼────────────────────┤
│      train/episode/rew raibert heuristic/mean       │       -4.572       │
├─────────────────────────────────────────────────────┼────────────────────┤
│     train/episode/rew orientation control/mean      │       -3.313       │
├─────────────────────────────────────────────────────┼────────────────────┤
│            train/episode/rew total/mean             │       1.465        │
├─────────────────────────────────────────────────────┼────────────────────┤
│       train/episode/min command duration/mean       │        0.5         │
├─────────────────────────────────────────────────────┼────────────────────┤
│       train/episode/max command duration/mean       │        0.5         │
├─────────────────────────────────────────────────────┼────────────────────┤
│        train/episode/min command bound/mean         │         0.         │
├─────────────────────────────────────────────────────┼────────────────────┤
│        train/episode/max command bound/mean         │         0.         │
├─────────────────────────────────────────────────────┼────────────────────┤
│        train/episode/min command offset/mean        │         0.         │
├─────────────────────────────────────────────────────┼────────────────────┤
│        train/episode/max command offset/mean        │         0.         │
├─────────────────────────────────────────────────────┼────────────────────┤
│        train/episode/min command phase/mean         │        0.5         │
├─────────────────────────────────────────────────────┼────────────────────┤
│        train/episode/max command phase/mean         │        0.5         │
├─────────────────────────────────────────────────────┼────────────────────┤
│         train/episode/min command freq/mean         │         2.         │
├─────────────────────────────────────────────────────┼────────────────────┤
│         train/episode/max command freq/mean         │       3.996        │
├─────────────────────────────────────────────────────┼────────────────────┤
│        train/episode/min command x vel/mean         │       -1.047       │
├─────────────────────────────────────────────────────┼────────────────────┤
│        train/episode/max command x vel/mean         │       1.046        │
├─────────────────────────────────────────────────────┼────────────────────┤
│        train/episode/min command y vel/mean         │        -0.2        │
├─────────────────────────────────────────────────────┼────────────────────┤
│        train/episode/max command y vel/mean         │        0.2         │
├─────────────────────────────────────────────────────┼────────────────────┤
│       train/episode/min command yaw vel/mean        │       -1.048       │
├─────────────────────────────────────────────────────┼────────────────────┤
│       train/episode/max command yaw vel/mean        │       1.046        │
├─────────────────────────────────────────────────────┼────────────────────┤
│     train/episode/min command swing height/mean     │        0.03        │
├─────────────────────────────────────────────────────┼────────────────────┤
│     train/episode/max command swing height/mean     │        0.35        │
├─────────────────────────────────────────────────────┼────────────────────┤
│        train/episode/command area trot/mean         │       0.274        │
├─────────────────────────────────────────────────────┼────────────────────┤
│            train/episode/min action/mean            │       -7.486       │
├─────────────────────────────────────────────────────┼────────────────────┤
│            train/episode/max action/mean            │       6.525        │
├─────────────────────────────────────────────────────┼────────────────────┤
│                  time elapsed/mean                  │      412.952       │
├─────────────────────────────────────────────────────┼────────────────────┤
│                   time iter/mean                    │       1.253        │
├─────────────────────────────────────────────────────┼────────────────────┤
│                mean value loss/mean                 │         0.         │
├─────────────────────────────────────────────────────┼────────────────────┤
│              mean surrogate loss/mean               │       -0.024       │
├─────────────────────────────────────────────────────┼────────────────────┤
│               mean decoder loss/mean                │         0.         │
├─────────────────────────────────────────────────────┼────────────────────┤
│           mean decoder loss student/mean            │         0.         │
├─────────────────────────────────────────────────────┼────────────────────┤
│             mean decoder test loss/mean             │         0.         │
├─────────────────────────────────────────────────────┼────────────────────┤
│         mean decoder test loss student/mean         │         0.         │
├─────────────────────────────────────────────────────┼────────────────────┤
│                      timesteps                      │      11196000      │
├─────────────────────────────────────────────────────┼────────────────────┤
│                     iterations                      │        310         │
╘═════════════════════════════════════════════════════╧════════════════════╛

══════════════════════════════════════════
[33m        job         [0m
────────────────────┬─────────────────────
       status       │ running             
      runTime       │ 2025-02-25 23:04:58.022820
════════════════════╧═════════════════════
╒═════════════════════════════════════════════════════╤════════════════════╕
│       train/episode/rew tracking lin vel/mean       │       10.442       │
├─────────────────────────────────────────────────────┼────────────────────┤
│       train/episode/rew tracking ang vel/mean       │       3.863        │
├─────────────────────────────────────────────────────┼────────────────────┤
│          train/episode/rew lin vel z/mean           │       -0.029       │
├─────────────────────────────────────────────────────┼────────────────────┤
│          train/episode/rew ang vel xy/mean          │       -0.045       │
├─────────────────────────────────────────────────────┼────────────────────┤
│           train/episode/rew torques/mean            │       -1.371       │
├─────────────────────────────────────────────────────┼────────────────────┤
│           train/episode/rew dof vel/mean            │       -0.252       │
├─────────────────────────────────────────────────────┼────────────────────┤
│           train/episode/rew dof acc/mean            │       -1.709       │
├─────────────────────────────────────────────────────┼────────────────────┤
│          train/episode/rew collision/mean           │       -6.208       │
├─────────────────────────────────────────────────────┼────────────────────┤
│         train/episode/rew action rate/mean          │       -3.248       │
├─────────────────────────────────────────────────────┼────────────────────┤
│train/episode/rew tracking contacts shaped force/mean│      -10.518       │
├─────────────────────────────────────────────────────┼────────────────────┤
│ train/episode/rew tracking contacts shaped vel/mean │       -1.467       │
├─────────────────────────────────────────────────────┼────────────────────┤
│             train/episode/rew jump/mean             │       -1.912       │
├─────────────────────────────────────────────────────┼────────────────────┤
│        train/episode/rew dof pos limits/mean        │       -0.392       │
├─────────────────────────────────────────────────────┼────────────────────┤
│          train/episode/rew feet slip/mean           │       -0.427       │
├─────────────────────────────────────────────────────┼────────────────────┤
│  train/episode/rew feet clearance cmd linear/mean   │       -8.096       │
├─────────────────────────────────────────────────────┼────────────────────┤
│     train/episode/rew action smoothness 1/mean      │       -1.532       │
├─────────────────────────────────────────────────────┼────────────────────┤
│     train/episode/rew action smoothness 2/mean      │       -2.813       │
├─────────────────────────────────────────────────────┼────────────────────┤
│      train/episode/rew raibert heuristic/mean       │       -4.436       │
├─────────────────────────────────────────────────────┼────────────────────┤
│     train/episode/rew orientation control/mean      │       -3.167       │
├─────────────────────────────────────────────────────┼────────────────────┤
│            train/episode/rew total/mean             │       1.582        │
├─────────────────────────────────────────────────────┼────────────────────┤
│       train/episode/min command duration/mean       │        0.5         │
├─────────────────────────────────────────────────────┼────────────────────┤
│       train/episode/max command duration/mean       │        0.5         │
├─────────────────────────────────────────────────────┼────────────────────┤
│        train/episode/min command bound/mean         │         0.         │
├─────────────────────────────────────────────────────┼────────────────────┤
│        train/episode/max command bound/mean         │         0.         │
├─────────────────────────────────────────────────────┼────────────────────┤
│        train/episode/min command offset/mean        │         0.         │
├─────────────────────────────────────────────────────┼────────────────────┤
│        train/episode/max command offset/mean        │         0.         │
├─────────────────────────────────────────────────────┼────────────────────┤
│        train/episode/min command phase/mean         │        0.5         │
├─────────────────────────────────────────────────────┼────────────────────┤
│        train/episode/max command phase/mean         │        0.5         │
├─────────────────────────────────────────────────────┼────────────────────┤
│         train/episode/min command freq/mean         │       2.001        │
├─────────────────────────────────────────────────────┼────────────────────┤
│         train/episode/max command freq/mean         │       3.998        │
├─────────────────────────────────────────────────────┼────────────────────┤
│        train/episode/min command x vel/mean         │       -1.046       │
├─────────────────────────────────────────────────────┼────────────────────┤
│        train/episode/max command x vel/mean         │       1.044        │
├─────────────────────────────────────────────────────┼────────────────────┤
│        train/episode/min command y vel/mean         │        -0.2        │
├─────────────────────────────────────────────────────┼────────────────────┤
│        train/episode/max command y vel/mean         │        0.2         │
├─────────────────────────────────────────────────────┼────────────────────┤
│       train/episode/min command yaw vel/mean        │       -1.047       │
├─────────────────────────────────────────────────────┼────────────────────┤
│       train/episode/max command yaw vel/mean        │       1.047        │
├─────────────────────────────────────────────────────┼────────────────────┤
│     train/episode/min command swing height/mean     │        0.03        │
├─────────────────────────────────────────────────────┼────────────────────┤
│     train/episode/max command swing height/mean     │        0.35        │
├─────────────────────────────────────────────────────┼────────────────────┤
│        train/episode/command area trot/mean         │       0.274        │
├─────────────────────────────────────────────────────┼────────────────────┤
│            train/episode/min action/mean            │       -7.479       │
├─────────────────────────────────────────────────────┼────────────────────┤
│            train/episode/max action/mean            │       6.558        │
├─────────────────────────────────────────────────────┼────────────────────┤
│                  time elapsed/mean                  │      425.491       │
├─────────────────────────────────────────────────────┼────────────────────┤
│                   time iter/mean                    │       1.256        │
├─────────────────────────────────────────────────────┼────────────────────┤
│                mean value loss/mean                 │         0.         │
├─────────────────────────────────────────────────────┼────────────────────┤
│              mean surrogate loss/mean               │       -0.024       │
├─────────────────────────────────────────────────────┼────────────────────┤
│               mean decoder loss/mean                │         0.         │
├─────────────────────────────────────────────────────┼────────────────────┤
│           mean decoder loss student/mean            │         0.         │
├─────────────────────────────────────────────────────┼────────────────────┤
│             mean decoder test loss/mean             │         0.         │
├─────────────────────────────────────────────────────┼────────────────────┤
│         mean decoder test loss student/mean         │         0.         │
├─────────────────────────────────────────────────────┼────────────────────┤
│                      timesteps                      │      11556000      │
├─────────────────────────────────────────────────────┼────────────────────┤
│                     iterations                      │        320         │
╘═════════════════════════════════════════════════════╧════════════════════╛

══════════════════════════════════════════
[33m        job         [0m
────────────────────┬─────────────────────
       status       │ running             
      runTime       │ 2025-02-25 23:05:10.577745
════════════════════╧═════════════════════
╒═════════════════════════════════════════════════════╤════════════════════╕
│       train/episode/rew tracking lin vel/mean       │       9.443        │
├─────────────────────────────────────────────────────┼────────────────────┤
│       train/episode/rew tracking ang vel/mean       │       3.675        │
├─────────────────────────────────────────────────────┼────────────────────┤
│          train/episode/rew lin vel z/mean           │       -0.029       │
├─────────────────────────────────────────────────────┼────────────────────┤
│          train/episode/rew ang vel xy/mean          │       -0.041       │
├─────────────────────────────────────────────────────┼────────────────────┤
│           train/episode/rew torques/mean            │       -1.28        │
├─────────────────────────────────────────────────────┼────────────────────┤
│           train/episode/rew dof vel/mean            │       -0.233       │
├─────────────────────────────────────────────────────┼────────────────────┤
│           train/episode/rew dof acc/mean            │       -1.579       │
├─────────────────────────────────────────────────────┼────────────────────┤
│          train/episode/rew collision/mean           │       -5.329       │
├─────────────────────────────────────────────────────┼────────────────────┤
│         train/episode/rew action rate/mean          │       -2.974       │
├─────────────────────────────────────────────────────┼────────────────────┤
│train/episode/rew tracking contacts shaped force/mean│       -9.785       │
├─────────────────────────────────────────────────────┼────────────────────┤
│ train/episode/rew tracking contacts shaped vel/mean │       -1.393       │
├─────────────────────────────────────────────────────┼────────────────────┤
│             train/episode/rew jump/mean             │       -1.767       │
├─────────────────────────────────────────────────────┼────────────────────┤
│        train/episode/rew dof pos limits/mean        │       -0.369       │
├─────────────────────────────────────────────────────┼────────────────────┤
│          train/episode/rew feet slip/mean           │       -0.394       │
├─────────────────────────────────────────────────────┼────────────────────┤
│  train/episode/rew feet clearance cmd linear/mean   │       -7.451       │
├─────────────────────────────────────────────────────┼────────────────────┤
│     train/episode/rew action smoothness 1/mean      │       -1.399       │
├─────────────────────────────────────────────────────┼────────────────────┤
│     train/episode/rew action smoothness 2/mean      │       -2.565       │
├─────────────────────────────────────────────────────┼────────────────────┤
│      train/episode/rew raibert heuristic/mean       │       -4.215       │
├─────────────────────────────────────────────────────┼────────────────────┤
│     train/episode/rew orientation control/mean      │       -2.871       │
├─────────────────────────────────────────────────────┼────────────────────┤
│            train/episode/rew total/mean             │       1.543        │
├─────────────────────────────────────────────────────┼────────────────────┤
│       train/episode/min command duration/mean       │        0.5         │
├─────────────────────────────────────────────────────┼────────────────────┤
│       train/episode/max command duration/mean       │        0.5         │
├─────────────────────────────────────────────────────┼────────────────────┤
│        train/episode/min command bound/mean         │         0.         │
├─────────────────────────────────────────────────────┼────────────────────┤
│        train/episode/max command bound/mean         │         0.         │
├─────────────────────────────────────────────────────┼────────────────────┤
│        train/episode/min command offset/mean        │         0.         │
├─────────────────────────────────────────────────────┼────────────────────┤
│        train/episode/max command offset/mean        │         0.         │
├─────────────────────────────────────────────────────┼────────────────────┤
│        train/episode/min command phase/mean         │        0.5         │
├─────────────────────────────────────────────────────┼────────────────────┤
│        train/episode/max command phase/mean         │        0.5         │
├─────────────────────────────────────────────────────┼────────────────────┤
│         train/episode/min command freq/mean         │       2.001        │
├─────────────────────────────────────────────────────┼────────────────────┤
│         train/episode/max command freq/mean         │         4.         │
├─────────────────────────────────────────────────────┼────────────────────┤
│        train/episode/min command x vel/mean         │       -1.046       │
├─────────────────────────────────────────────────────┼────────────────────┤
│        train/episode/max command x vel/mean         │       1.042        │
├─────────────────────────────────────────────────────┼────────────────────┤
│        train/episode/min command y vel/mean         │        -0.2        │
├─────────────────────────────────────────────────────┼────────────────────┤
│        train/episode/max command y vel/mean         │        0.2         │
├─────────────────────────────────────────────────────┼────────────────────┤
│       train/episode/min command yaw vel/mean        │       -1.045       │
├─────────────────────────────────────────────────────┼────────────────────┤
│       train/episode/max command yaw vel/mean        │       1.047        │
├─────────────────────────────────────────────────────┼────────────────────┤
│     train/episode/min command swing height/mean     │        0.03        │
├─────────────────────────────────────────────────────┼────────────────────┤
│     train/episode/max command swing height/mean     │        0.35        │
├─────────────────────────────────────────────────────┼────────────────────┤
│        train/episode/command area trot/mean         │       0.274        │
├─────────────────────────────────────────────────────┼────────────────────┤
│            train/episode/min action/mean            │       -7.429       │
├─────────────────────────────────────────────────────┼────────────────────┤
│            train/episode/max action/mean            │        6.6         │
├─────────────────────────────────────────────────────┼────────────────────┤
│                  time elapsed/mean                  │      437.942       │
├─────────────────────────────────────────────────────┼────────────────────┤
│                   time iter/mean                    │       1.238        │
├─────────────────────────────────────────────────────┼────────────────────┤
│                mean value loss/mean                 │         0.         │
├─────────────────────────────────────────────────────┼────────────────────┤
│              mean surrogate loss/mean               │       -0.025       │
├─────────────────────────────────────────────────────┼────────────────────┤
│               mean decoder loss/mean                │         0.         │
├─────────────────────────────────────────────────────┼────────────────────┤
│           mean decoder loss student/mean            │         0.         │
├─────────────────────────────────────────────────────┼────────────────────┤
│             mean decoder test loss/mean             │         0.         │
├─────────────────────────────────────────────────────┼────────────────────┤
│         mean decoder test loss student/mean         │         0.         │
├─────────────────────────────────────────────────────┼────────────────────┤
│                      timesteps                      │      11916000      │
├─────────────────────────────────────────────────────┼────────────────────┤
│                     iterations                      │        330         │
╘═════════════════════════════════════════════════════╧════════════════════╛

══════════════════════════════════════════
[33m        job         [0m
────────────────────┬─────────────────────
       status       │ running             
      runTime       │ 2025-02-25 23:05:22.957735
════════════════════╧═════════════════════
