══════════════════════════════════════════
[33m      AC_Args       [0m
────────────────────┬─────────────────────
   init_noise_std   │ 1.0                 
 actor_hidden_dims  │ [512, 256, 128]     
 critic_hidden_dims │ [512, 256, 128]     
     activation     │ elu                 
adaptation_module_branch_hidden_dims│ [256, 128]          
    use_decoder     │ False               
════════════════════╧═════════════════════
[33m      PPO_Args      [0m
────────────────────┬─────────────────────
  value_loss_coef   │ 1.0                 
use_clipped_value_loss│ True                
     clip_param     │ 0.2                 
    entropy_coef    │ 0.01                
num_learning_epochs │ 10                  
  num_mini_batches  │ 4                   
   learning_rate    │ 0.0005              
adaptation_module_learning_rate│ 0.001               
num_adaptation_module_substeps│ 1                   
      schedule      │ adaptive            
       gamma        │ 0.99                
        lam         │ 0.95                
     desired_kl     │ 0.01                
   max_grad_norm    │ 1.0                 
selective_adaptation_module_loss│ False               
════════════════════╧═════════════════════
[33m     RunnerArgs     [0m
────────────────────┬─────────────────────
algorithm_class_name│ RMA                 
 num_steps_per_env  │ 24                  
   max_iterations   │ 1500                
   save_interval    │ 100                 
save_video_interval │ 100                 
      log_freq      │ 10                  
        glob        │ <module 'glob' from '/home/ammar/anaconda3/envs/uni-o4/lib/python3.8/glob.py'>
       resume       │ True                
      load_run      │ -1                  
     checkpoint     │ -1                  
 resume_curriculum  │ False               
════════════════════╧═════════════════════
[33m        Cfg         [0m
────────────────────┬─────────────────────
        env         │ {'num_envs': 4096, 'num_observations': 58, 'num_scalar_observations': 58, 'num_privileged_obs': 0, 'privileged_future_horizon': 1, 'num_actions': 12, 'num_observation_history': 5, 'env_spacing': 3.0, 'send_timeouts': True, 'episode_length_s': 20, 'observe_vel': False, 'observe_only_ang_vel': False, 'observe_only_lin_vel': False, 'observe_yaw': False, 'observe_contact_states': False, 'observe_command': True, 'observe_height_command': False, 'observe_gait_commands': True, 'observe_timing_parameter': False, 'observe_clock_inputs': True, 'observe_two_prev_actions': False, 'observe_imu': False, 'record_video': True, 'recording_width_px': 360, 'recording_height_px': 240, 'recording_mode': 'COLOR', 'num_recording_envs': 1, 'debug_viz': False, 'all_agents_share': False, 'priv_observe_friction': True, 'priv_observe_friction_indep': False, 'priv_observe_ground_friction': False, 'priv_observe_ground_friction_per_foot': False, 'priv_observe_restitution': True, 'priv_observe_base_mass': False, 'priv_observe_com_displacement': False, 'priv_observe_motor_strength': False, 'priv_observe_motor_offset': False, 'priv_observe_joint_friction': True, 'priv_observe_Kp_factor': False, 'priv_observe_Kd_factor': False, 'priv_observe_contact_forces': False, 'priv_observe_contact_states': False, 'priv_observe_body_velocity': False, 'priv_observe_foot_height': False, 'priv_observe_body_height': False, 'priv_observe_gravity': False, 'priv_observe_terrain_type': False, 'priv_observe_clock_inputs': False, 'priv_observe_doubletime_clock_inputs': False, 'priv_observe_halftime_clock_inputs': False, 'priv_observe_desired_contact_states': False, 'priv_observe_dummy_variable': False, 'priv_observe_motion': False, 'priv_observe_gravity_transformed_motion': False, 'priv_observe_foot_displacement': False, 'priv_observe_gravity_transformed_foot_displacement': False, 'max_episode_length': 1001.0}
      terrain       │ {'mesh_type': 'trimesh', 'horizontal_scale': 0.1, 'vertical_scale': 0.005, 'border_size': 0.0, 'curriculum': False, 'static_friction': 1.0, 'dynamic_friction': 1.0, 'restitution': 0.0, 'terrain_noise_magnitude': 0.0, 'terrain_smoothness': 0.005, 'measure_heights': False, 'measured_points_x': [-0.8, -0.7, -0.6, -0.5, -0.4, -0.3, -0.2, -0.1, 0.0, 0.1, 0.2, 0.3, 0.4, 0.5, 0.6, 0.7, 0.8], 'measured_points_y': [-0.5, -0.4, -0.3, -0.2, -0.1, 0.0, 0.1, 0.2, 0.3, 0.4, 0.5], 'selected': False, 'terrain_kwargs': None, 'min_init_terrain_level': 0, 'max_init_terrain_level': 5, 'terrain_length': 5.0, 'terrain_width': 5.0, 'num_rows': 30, 'num_cols': 30, 'terrain_proportions': [0, 0, 0, 0, 0, 0, 0, 0, 1.0], 'slope_treshold': 0.75, 'difficulty_scale': 1.0, 'x_init_range': 0.2, 'y_init_range': 0.2, 'yaw_init_range': 3.14, 'x_init_offset': 0.0, 'y_init_offset': 0.0, 'teleport_robots': False, 'teleport_thresh': 0.3, 'max_platform_height': 0.2, 'center_robots': True, 'center_span': 4, 'proportions': [0, 0, 0, 0, 0, 0, 0, 0, 1.0], 'num_sub_terrains': 900, 'env_origins': array([[[  2.5,   2.5,   0. ],
        [  2.5,   7.5,   0. ],
        [  2.5,  12.5,   0. ],
        ...,
        [  2.5, 137.5,   0. ],
        [  2.5, 142.5,   0. ],
        [  2.5, 147.5,   0. ]],

       [[  7.5,   2.5,   0. ],
        [  7.5,   7.5,   0. ],
        [  7.5,  12.5,   0. ],
        ...,
        [  7.5, 137.5,   0. ],
        [  7.5, 142.5,   0. ],
        [  7.5, 147.5,   0. ]],

       [[ 12.5,   2.5,   0. ],
        [ 12.5,   7.5,   0. ],
        [ 12.5,  12.5,   0. ],
        ...,
        [ 12.5, 137.5,   0. ],
        [ 12.5, 142.5,   0. ],
        [ 12.5, 147.5,   0. ]],

       ...,

       [[137.5,   2.5,   0. ],
        [137.5,   7.5,   0. ],
        [137.5,  12.5,   0. ],
        ...,
        [137.5, 137.5,   0. ],
        [137.5, 142.5,   0. ],
        [137.5, 147.5,   0. ]],

       [[142.5,   2.5,   0. ],
        [142.5,   7.5,   0. ],
        [142.5,  12.5,   0. ],
        ...,
        [142.5, 137.5,   0. ],
        [142.5, 142.5,   0. ],
        [142.5, 147.5,   0. ]],

       [[147.5,   2.5,   0. ],
        [147.5,   7.5,   0. ],
        [147.5,  12.5,   0. ],
        ...,
        [147.5, 137.5,   0. ],
        [147.5, 142.5,   0. ],
        [147.5, 147.5,   0. ]]]), 'width_per_env_pixels': 50, 'length_per_env_pixels': 50, 'border': 0, 'tot_cols': 1500, 'tot_rows': 1500, 'row_indices': array([   0,    1,    2, ..., 1497, 1498, 1499]), 'col_indices': array([   0,    1,    2, ..., 1497, 1498, 1499]), 'x_offset': 0, 'rows_offset': 0, 'env_length': 5.0, 'env_width': 5.0, 'max_terrain_level': 30, 'terrain_origins': tensor([[[  2.5000,   2.5000,   0.0000],
         [  2.5000,   7.5000,   0.0000],
         [  2.5000,  12.5000,   0.0000],
         ...,
         [  2.5000, 137.5000,   0.0000],
         [  2.5000, 142.5000,   0.0000],
         [  2.5000, 147.5000,   0.0000]],

        [[  7.5000,   2.5000,   0.0000],
         [  7.5000,   7.5000,   0.0000],
         [  7.5000,  12.5000,   0.0000],
         ...,
         [  7.5000, 137.5000,   0.0000],
         [  7.5000, 142.5000,   0.0000],
         [  7.5000, 147.5000,   0.0000]],

        [[ 12.5000,   2.5000,   0.0000],
         [ 12.5000,   7.5000,   0.0000],
         [ 12.5000,  12.5000,   0.0000],
         ...,
         [ 12.5000, 137.5000,   0.0000],
         [ 12.5000, 142.5000,   0.0000],
         [ 12.5000, 147.5000,   0.0000]],

        ...,

        [[137.5000,   2.5000,   0.0000],
         [137.5000,   7.5000,   0.0000],
         [137.5000,  12.5000,   0.0000],
         ...,
         [137.5000, 137.5000,   0.0000],
         [137.5000, 142.5000,   0.0000],
         [137.5000, 147.5000,   0.0000]],

        [[142.5000,   2.5000,   0.0000],
         [142.5000,   7.5000,   0.0000],
         [142.5000,  12.5000,   0.0000],
         ...,
         [142.5000, 137.5000,   0.0000],
         [142.5000, 142.5000,   0.0000],
         [142.5000, 147.5000,   0.0000]],

        [[147.5000,   2.5000,   0.0000],
         [147.5000,   7.5000,   0.0000],
         [147.5000,  12.5000,   0.0000],
         ...,
         [147.5000, 137.5000,   0.0000],
         [147.5000, 142.5000,   0.0000],
         [147.5000, 147.5000,   0.0000]]], device='cuda:0')}
      commands      │ {'command_curriculum': True, 'max_reverse_curriculum': 1.0, 'max_forward_curriculum': 1.0, 'yaw_command_curriculum': False, 'max_yaw_curriculum': 1.0, 'exclusive_command_sampling': False, 'num_commands': 15, 'resampling_time': 10, 'subsample_gait': False, 'gait_interval_s': 10.0, 'vel_interval_s': 10.0, 'jump_interval_s': 20.0, 'jump_duration_s': 0.1, 'jump_height': 0.3, 'heading_command': False, 'global_reference': False, 'observe_accel': False, 'distributional_commands': True, 'curriculum_type': 'RewardThresholdCurriculum', 'lipschitz_threshold': 0.9, 'num_lin_vel_bins': 30, 'lin_vel_step': 0.3, 'num_ang_vel_bins': 30, 'ang_vel_step': 0.3, 'distribution_update_extension_distance': 1, 'curriculum_seed': 100, 'lin_vel_x': [-1.0, 1.0], 'lin_vel_y': [-0.6, 0.6], 'ang_vel_yaw': [-1.0, 1.0], 'body_height_cmd': [-0.25, 0.15], 'impulse_height_commands': False, 'limit_vel_x': [-2.0, 2.0], 'limit_vel_y': [-0.2, 0.2], 'limit_vel_yaw': [-2.0, 2.0], 'limit_body_height': [-0.25, 0.15], 'limit_gait_phase': [0.0, 1.0], 'limit_gait_offset': [0.0, 1.0], 'limit_gait_bound': [0.0, 1.0], 'limit_gait_frequency': [2.0, 4.0], 'limit_gait_duration': [0.5, 0.5], 'limit_footswing_height': [0.03, 0.35], 'limit_body_pitch': [-0.4, 0.4], 'limit_body_roll': [-0.0, 0.0], 'limit_aux_reward_coef': [0.0, 0.01], 'limit_compliance': [0.0, 0.01], 'limit_stance_width': [0.1, 0.45], 'limit_stance_length': [0.35, 0.45], 'num_bins_vel_x': 21, 'num_bins_vel_y': 1, 'num_bins_vel_yaw': 21, 'num_bins_body_height': 1, 'num_bins_gait_frequency': 1, 'num_bins_gait_phase': 1, 'num_bins_gait_offset': 1, 'num_bins_gait_bound': 1, 'num_bins_gait_duration': 1, 'num_bins_footswing_height': 1, 'num_bins_body_pitch': 1, 'num_bins_body_roll': 1, 'num_bins_aux_reward_coef': 1, 'num_bins_compliance': 1, 'num_bins_stance_width': 1, 'num_bins_stance_length': 1, 'heading': [-3.14, 3.14], 'gait_phase_cmd_range': [0.0, 1.0], 'gait_offset_cmd_range': [0.0, 1.0], 'gait_bound_cmd_range': [0.0, 1.0], 'gait_frequency_cmd_range': [2.0, 4.0], 'gait_duration_cmd_range': [0.5, 0.5], 'footswing_height_range': [0.03, 0.35], 'body_pitch_range': [-0.4, 0.4], 'body_roll_range': [-0.0, 0.0], 'aux_reward_coef_range': [0.0, 0.01], 'compliance_range': [0.0, 0.01], 'stance_width_range': [0.1, 0.45], 'stance_length_range': [0.35, 0.45], 'exclusive_phase_offset': False, 'binary_phases': True, 'pacing_offset': False, 'balance_gait_distribution': True, 'gaitwise_curricula': True}
curriculum_thresholds│ {'tracking_lin_vel': 1.0, 'tracking_ang_vel': 1.5, 'tracking_contacts_shaped_force': 0.9, 'tracking_contacts_shaped_vel': 0.9}
     init_state     │ {'pos': [0.0, 0.0, 0.6], 'rot': [0.0, 0.0, 0.0, 1.0], 'lin_vel': [0.0, 0.0, 0.0], 'ang_vel': [0.0, 0.0, 0.0], 'default_joint_angles': {'FL_hip_joint': 0.1, 'RL_hip_joint': 0.1, 'FR_hip_joint': -0.1, 'RR_hip_joint': -0.1, 'FL_thigh_joint': 0.8, 'RL_thigh_joint': 1.0, 'FR_thigh_joint': 0.8, 'RR_thigh_joint': 1.0, 'FL_calf_joint': -1.5, 'RL_calf_joint': -1.5, 'FR_calf_joint': -1.5, 'RR_calf_joint': -1.5}}
      control       │ {'control_type': 'P', 'stiffness': {'joint': 50.0}, 'damping': {'joint': 2.0}, 'action_scale': 0.25, 'hip_scale_reduction': 0.5, 'decimation': 4}
       asset        │ {'file': '{MINI_GYM_ROOT_DIR}/resources/robots/go1/urdf/go1.urdf', 'foot_name': 'foot', 'penalize_contacts_on': ['thigh', 'calf'], 'terminate_after_contacts_on': ['base'], 'disable_gravity': False, 'collapse_fixed_joints': True, 'fix_base_link': False, 'default_dof_drive_mode': 3, 'self_collisions': 0, 'replace_cylinder_with_capsule': True, 'flip_visual_attachments': False, 'density': 0.001, 'angular_damping': 0.0, 'linear_damping': 0.0, 'max_angular_velocity': 1000.0, 'max_linear_velocity': 1000.0, 'armature': 0.0, 'thickness': 0.01}
    domain_rand     │ {'rand_interval_s': 4, 'randomize_rigids_after_start': False, 'randomize_friction': True, 'friction_range': [0.1, 3.0], 'randomize_restitution': True, 'restitution_range': [0.0, 0.4], 'randomize_base_mass': True, 'added_mass_range': [-1.0, 3.0], 'randomize_com_displacement': False, 'com_displacement_range': [-0.15, 0.15], 'randomize_motor_strength': True, 'motor_strength_range': [0.9, 1.1], 'randomize_Kp_factor': False, 'Kp_factor_range': [0.8, 1.3], 'randomize_Kd_factor': False, 'Kd_factor_range': [0.5, 1.5], 'gravity_rand_interval_s': 8.0, 'gravity_impulse_duration': 0.99, 'randomize_gravity': False, 'gravity_range': [-1.0, 1.0], 'push_robots': False, 'push_interval_s': 15, 'max_push_vel_xy': 0.5, 'randomize_lag_timesteps': False, 'lag_timesteps': 6, 'restitution': 0.5, 'randomize_friction_indep': False, 'randomize_ground_friction': True, 'ground_friction_range': [0.0, 0.0], 'randomize_motor_offset': True, 'motor_offset_range': [-0.02, 0.02], 'tile_height_range': [-0.0, 0.0], 'tile_height_curriculum': False, 'tile_height_update_interval': 1000000, 'tile_height_curriculum_step': 0.01, 'push_interval': 751.0, 'rand_interval': 201.0, 'gravity_rand_interval': 401.0, 'gravity_rand_duration': 397.0}
      rewards       │ {'only_positive_rewards': False, 'only_positive_rewards_ji22_style': True, 'sigma_rew_neg': 0.02, 'reward_container_name': 'CoRLRewards', 'tracking_sigma': 0.25, 'tracking_sigma_lat': 0.25, 'tracking_sigma_long': 0.25, 'tracking_sigma_yaw': 0.25, 'soft_dof_pos_limit': 0.9, 'soft_dof_vel_limit': 1.0, 'soft_torque_limit': 1.0, 'base_height_target': 0.3, 'max_contact_force': 100.0, 'use_terminal_body_height': True, 'terminal_body_height': 0.05, 'use_terminal_foot_height': False, 'terminal_foot_height': -0.005, 'use_terminal_roll_pitch': True, 'terminal_body_ori': 1.6, 'kappa_gait_probs': 0.07, 'gait_force_sigma': 100.0, 'gait_vel_sigma': 10.0, 'footswing_height': 0.09}
   reward_scales    │ {'termination': -0.0, 'tracking_lin_vel': 1.0, 'tracking_ang_vel': 0.5, 'lin_vel_z': -0.02, 'ang_vel_xy': -0.001, 'orientation': 0.0, 'torques': -0.0001, 'dof_vel': -0.0001, 'dof_acc': -2.5e-07, 'base_height': 0.0, 'feet_air_time': 0.0, 'collision': -5.0, 'feet_stumble': -0.0, 'action_rate': -0.01, 'stand_still': -0.0, 'tracking_lin_vel_lat': 0.0, 'tracking_lin_vel_long': 0.0, 'tracking_contacts': 0.0, 'tracking_contacts_shaped': 0.0, 'tracking_contacts_shaped_force': 4.0, 'tracking_contacts_shaped_vel': 4.0, 'jump': 10.0, 'energy': 0.0, 'energy_expenditure': 0.0, 'survival': 0.0, 'dof_pos_limits': -10.0, 'feet_contact_forces': 0.0, 'feet_slip': -0.04, 'feet_clearance_cmd_linear': -30.0, 'dof_pos': -0.0, 'action_smoothness_1': -0.1, 'action_smoothness_2': -0.1, 'base_motion': 0.0, 'feet_impact_vel': -0.0, 'raibert_heuristic': -10.0, 'estimation_bonus': 0.0, 'feet_clearance': -0.0, 'feet_clearance_cmd': -0.0, 'orientation_control': -5.0, 'tracking_stance_width': -0.0, 'tracking_stance_length': -0.0, 'hop_symmetry': 0.0}
   normalization    │ {'clip_observations': 100.0, 'clip_actions': 10.0, 'friction_range': [0, 1], 'ground_friction_range': [0, 1], 'restitution_range': [0, 1.0], 'added_mass_range': [-1.0, 3.0], 'com_displacement_range': [-0.1, 0.1], 'motor_strength_range': [0.9, 1.1], 'motor_offset_range': [-0.05, 0.05], 'Kp_factor_range': [0.8, 1.3], 'Kd_factor_range': [0.5, 1.5], 'joint_friction_range': [0.0, 0.7], 'contact_force_range': [0.0, 50.0], 'contact_state_range': [0.0, 1.0], 'body_velocity_range': [-6.0, 6.0], 'foot_height_range': [0.0, 0.15], 'body_height_range': [0.0, 0.6], 'gravity_range': [-1.0, 1.0], 'motion': [-0.01, 0.01]}
     obs_scales     │ {'lin_vel': 2.0, 'ang_vel': 0.25, 'dof_pos': 1.0, 'dof_vel': 0.05, 'imu': 0.1, 'height_measurements': 5.0, 'friction_measurements': 1.0, 'body_height_cmd': 2.0, 'gait_phase_cmd': 1.0, 'gait_freq_cmd': 1.0, 'footswing_height_cmd': 0.15, 'body_pitch_cmd': 0.3, 'body_roll_cmd': 0.3, 'aux_reward_cmd': 1.0, 'compliance_cmd': 1.0, 'stance_width_cmd': 1.0, 'stance_length_cmd': 1.0, 'segmentation_image': 1.0, 'rgb_image': 1.0, 'depth_image': 1.0}
       noise        │ {'add_noise': True, 'noise_level': 1.0}
    noise_scales    │ {'dof_pos': 0.01, 'dof_vel': 1.5, 'lin_vel': 0.1, 'ang_vel': 0.2, 'imu': 0.1, 'gravity': 0.05, 'contact_states': 0.05, 'height_measurements': 0.1, 'friction_measurements': 0.0, 'segmentation_image': 0.0, 'rgb_image': 0.0, 'depth_image': 0.0}
       viewer       │ {'ref_env': 0, 'pos': [10, 0, 6], 'lookat': [11.0, 5, 3.0]}
        sim         │ {'dt': 0.005, 'substeps': 1, 'gravity': [0.0, 0.0, -9.81], 'up_axis': 1, 'use_gpu_pipeline': True, 'physx': {'num_threads': 10, 'solver_type': 1, 'num_position_iterations': 4, 'num_velocity_iterations': 0, 'contact_offset': 0.01, 'rest_offset': 0.0, 'bounce_threshold_velocity': 0.5, 'max_depenetration_velocity': 1.0, 'max_gpu_contact_pairs': 8388608, 'default_buffer_size_multiplier': 5, 'contact_collection': 2}}
   command_ranges   │ {'command_curriculum': True, 'max_reverse_curriculum': 1.0, 'max_forward_curriculum': 1.0, 'yaw_command_curriculum': False, 'max_yaw_curriculum': 1.0, 'exclusive_command_sampling': False, 'num_commands': 15, 'resampling_time': 10, 'subsample_gait': False, 'gait_interval_s': 10.0, 'vel_interval_s': 10.0, 'jump_interval_s': 20.0, 'jump_duration_s': 0.1, 'jump_height': 0.3, 'heading_command': False, 'global_reference': False, 'observe_accel': False, 'distributional_commands': True, 'curriculum_type': 'RewardThresholdCurriculum', 'lipschitz_threshold': 0.9, 'num_lin_vel_bins': 30, 'lin_vel_step': 0.3, 'num_ang_vel_bins': 30, 'ang_vel_step': 0.3, 'distribution_update_extension_distance': 1, 'curriculum_seed': 100, 'lin_vel_x': [-1.0, 1.0], 'lin_vel_y': [-0.6, 0.6], 'ang_vel_yaw': [-1.0, 1.0], 'body_height_cmd': [-0.25, 0.15], 'impulse_height_commands': False, 'limit_vel_x': [-2.0, 2.0], 'limit_vel_y': [-0.2, 0.2], 'limit_vel_yaw': [-2.0, 2.0], 'limit_body_height': [-0.25, 0.15], 'limit_gait_phase': [0.0, 1.0], 'limit_gait_offset': [0.0, 1.0], 'limit_gait_bound': [0.0, 1.0], 'limit_gait_frequency': [2.0, 4.0], 'limit_gait_duration': [0.5, 0.5], 'limit_footswing_height': [0.03, 0.35], 'limit_body_pitch': [-0.4, 0.4], 'limit_body_roll': [-0.0, 0.0], 'limit_aux_reward_coef': [0.0, 0.01], 'limit_compliance': [0.0, 0.01], 'limit_stance_width': [0.1, 0.45], 'limit_stance_length': [0.35, 0.45], 'num_bins_vel_x': 21, 'num_bins_vel_y': 1, 'num_bins_vel_yaw': 21, 'num_bins_body_height': 1, 'num_bins_gait_frequency': 1, 'num_bins_gait_phase': 1, 'num_bins_gait_offset': 1, 'num_bins_gait_bound': 1, 'num_bins_gait_duration': 1, 'num_bins_footswing_height': 1, 'num_bins_body_pitch': 1, 'num_bins_body_roll': 1, 'num_bins_aux_reward_coef': 1, 'num_bins_compliance': 1, 'num_bins_stance_width': 1, 'num_bins_stance_length': 1, 'heading': [-3.14, 3.14], 'gait_phase_cmd_range': [0.0, 1.0], 'gait_offset_cmd_range': [0.0, 1.0], 'gait_bound_cmd_range': [0.0, 1.0], 'gait_frequency_cmd_range': [2.0, 4.0], 'gait_duration_cmd_range': [0.5, 0.5], 'footswing_height_range': [0.03, 0.35], 'body_pitch_range': [-0.4, 0.4], 'body_roll_range': [-0.0, 0.0], 'aux_reward_coef_range': [0.0, 0.01], 'compliance_range': [0.0, 0.01], 'stance_width_range': [0.1, 0.45], 'stance_length_range': [0.35, 0.45], 'exclusive_phase_offset': False, 'binary_phases': True, 'pacing_offset': False, 'balance_gait_distribution': True, 'gaitwise_curricula': True}
════════════════════╧═════════════════════
╒═════════════════════════════════════════════════════╤════════════════════╕
│       train/episode/rew tracking lin vel/mean       │         0.         │
├─────────────────────────────────────────────────────┼────────────────────┤
│       train/episode/rew tracking ang vel/mean       │         0.         │
├─────────────────────────────────────────────────────┼────────────────────┤
│          train/episode/rew lin vel z/mean           │         0.         │
├─────────────────────────────────────────────────────┼────────────────────┤
│          train/episode/rew ang vel xy/mean          │         0.         │
├─────────────────────────────────────────────────────┼────────────────────┤
│           train/episode/rew torques/mean            │         0.         │
├─────────────────────────────────────────────────────┼────────────────────┤
│           train/episode/rew dof vel/mean            │         0.         │
├─────────────────────────────────────────────────────┼────────────────────┤
│           train/episode/rew dof acc/mean            │         0.         │
├─────────────────────────────────────────────────────┼────────────────────┤
│          train/episode/rew collision/mean           │         0.         │
├─────────────────────────────────────────────────────┼────────────────────┤
│         train/episode/rew action rate/mean          │         0.         │
├─────────────────────────────────────────────────────┼────────────────────┤
│train/episode/rew tracking contacts shaped force/mean│         0.         │
├─────────────────────────────────────────────────────┼────────────────────┤
│ train/episode/rew tracking contacts shaped vel/mean │         0.         │
├─────────────────────────────────────────────────────┼────────────────────┤
│             train/episode/rew jump/mean             │         0.         │
├─────────────────────────────────────────────────────┼────────────────────┤
│        train/episode/rew dof pos limits/mean        │         0.         │
├─────────────────────────────────────────────────────┼────────────────────┤
│          train/episode/rew feet slip/mean           │         0.         │
├─────────────────────────────────────────────────────┼────────────────────┤
│  train/episode/rew feet clearance cmd linear/mean   │         0.         │
├─────────────────────────────────────────────────────┼────────────────────┤
│     train/episode/rew action smoothness 1/mean      │         0.         │
├─────────────────────────────────────────────────────┼────────────────────┤
│     train/episode/rew action smoothness 2/mean      │         0.         │
├─────────────────────────────────────────────────────┼────────────────────┤
│      train/episode/rew raibert heuristic/mean       │         0.         │
├─────────────────────────────────────────────────────┼────────────────────┤
│     train/episode/rew orientation control/mean      │         0.         │
├─────────────────────────────────────────────────────┼────────────────────┤
│            train/episode/rew total/mean             │         0.         │
├─────────────────────────────────────────────────────┼────────────────────┤
│       train/episode/min command duration/mean       │        0.5         │
├─────────────────────────────────────────────────────┼────────────────────┤
│       train/episode/max command duration/mean       │        0.5         │
├─────────────────────────────────────────────────────┼────────────────────┤
│        train/episode/min command bound/mean         │         0.         │
├─────────────────────────────────────────────────────┼────────────────────┤
│        train/episode/max command bound/mean         │         0.         │
├─────────────────────────────────────────────────────┼────────────────────┤
│        train/episode/min command offset/mean        │         0.         │
├─────────────────────────────────────────────────────┼────────────────────┤
│        train/episode/max command offset/mean        │         0.         │
├─────────────────────────────────────────────────────┼────────────────────┤
│        train/episode/min command phase/mean         │        0.5         │
├─────────────────────────────────────────────────────┼────────────────────┤
│        train/episode/max command phase/mean         │        0.5         │
├─────────────────────────────────────────────────────┼────────────────────┤
│         train/episode/min command freq/mean         │         2.         │
├─────────────────────────────────────────────────────┼────────────────────┤
│         train/episode/max command freq/mean         │       3.998        │
├─────────────────────────────────────────────────────┼────────────────────┤
│        train/episode/min command x vel/mean         │       -1.047       │
├─────────────────────────────────────────────────────┼────────────────────┤
│        train/episode/max command x vel/mean         │       1.048        │
├─────────────────────────────────────────────────────┼────────────────────┤
│        train/episode/min command y vel/mean         │        -0.2        │
├─────────────────────────────────────────────────────┼────────────────────┤
│        train/episode/max command y vel/mean         │        0.2         │
├─────────────────────────────────────────────────────┼────────────────────┤
│       train/episode/min command yaw vel/mean        │       -1.047       │
├─────────────────────────────────────────────────────┼────────────────────┤
│       train/episode/max command yaw vel/mean        │       1.047        │
├─────────────────────────────────────────────────────┼────────────────────┤
│     train/episode/min command swing height/mean     │        0.03        │
├─────────────────────────────────────────────────────┼────────────────────┤
│     train/episode/max command swing height/mean     │        0.35        │
├─────────────────────────────────────────────────────┼────────────────────┤
│        train/episode/command area trot/mean         │       0.274        │
├─────────────────────────────────────────────────────┼────────────────────┤
│            train/episode/min action/mean            │         0.         │
├─────────────────────────────────────────────────────┼────────────────────┤
│            train/episode/max action/mean            │         0.         │
├─────────────────────────────────────────────────────┼────────────────────┤
│                  time elapsed/mean                  │        3.05        │
├─────────────────────────────────────────────────────┼────────────────────┤
│                   time iter/mean                    │        3.05        │
├─────────────────────────────────────────────────────┼────────────────────┤
│                mean value loss/mean                 │       0.004        │
├─────────────────────────────────────────────────────┼────────────────────┤
│              mean surrogate loss/mean               │       -0.007       │
├─────────────────────────────────────────────────────┼────────────────────┤
│               mean decoder loss/mean                │         0.         │
├─────────────────────────────────────────────────────┼────────────────────┤
│           mean decoder loss student/mean            │         0.         │
├─────────────────────────────────────────────────────┼────────────────────┤
│             mean decoder test loss/mean             │         0.         │
├─────────────────────────────────────────────────────┼────────────────────┤
│         mean decoder test loss student/mean         │         0.         │
├─────────────────────────────────────────────────────┼────────────────────┤
│                      timesteps                      │       98304        │
├─────────────────────────────────────────────────────┼────────────────────┤
│                     iterations                      │         0          │
╘═════════════════════════════════════════════════════╧════════════════════╛

══════════════════════════════════════════
[33m        job         [0m
────────────────────┬─────────────────────
       status       │ running             
      runTime       │ 2025-05-29 22:56:27.085818
════════════════════╧═════════════════════
╒═════════════════════════════════════════════════════╤════════════════════╕
│       train/episode/rew tracking lin vel/mean       │       0.848        │
├─────────────────────────────────────────────────────┼────────────────────┤
│       train/episode/rew tracking ang vel/mean       │       0.493        │
├─────────────────────────────────────────────────────┼────────────────────┤
│          train/episode/rew lin vel z/mean           │       -0.019       │
├─────────────────────────────────────────────────────┼────────────────────┤
│          train/episode/rew ang vel xy/mean          │       -0.019       │
├─────────────────────────────────────────────────────┼────────────────────┤
│           train/episode/rew torques/mean            │       -0.403       │
├─────────────────────────────────────────────────────┼────────────────────┤
│           train/episode/rew dof vel/mean            │       -0.03        │
├─────────────────────────────────────────────────────┼────────────────────┤
│           train/episode/rew dof acc/mean            │       -0.313       │
├─────────────────────────────────────────────────────┼────────────────────┤
│          train/episode/rew collision/mean           │       -0.462       │
├─────────────────────────────────────────────────────┼────────────────────┤
│         train/episode/rew action rate/mean          │       -0.649       │
├─────────────────────────────────────────────────────┼────────────────────┤
│train/episode/rew tracking contacts shaped force/mean│       -2.359       │
├─────────────────────────────────────────────────────┼────────────────────┤
│ train/episode/rew tracking contacts shaped vel/mean │       -1.069       │
├─────────────────────────────────────────────────────┼────────────────────┤
│             train/episode/rew jump/mean             │       -0.798       │
├─────────────────────────────────────────────────────┼────────────────────┤
│        train/episode/rew dof pos limits/mean        │         0.         │
├─────────────────────────────────────────────────────┼────────────────────┤
│          train/episode/rew feet slip/mean           │       -0.164       │
├─────────────────────────────────────────────────────┼────────────────────┤
│  train/episode/rew feet clearance cmd linear/mean   │       -3.23        │
├─────────────────────────────────────────────────────┼────────────────────┤
│     train/episode/rew action smoothness 1/mean      │       -0.302       │
├─────────────────────────────────────────────────────┼────────────────────┤
│     train/episode/rew action smoothness 2/mean      │       -0.896       │
├─────────────────────────────────────────────────────┼────────────────────┤
│      train/episode/rew raibert heuristic/mean       │       -4.451       │
├─────────────────────────────────────────────────────┼────────────────────┤
│     train/episode/rew orientation control/mean      │         0.         │
├─────────────────────────────────────────────────────┼────────────────────┤
│            train/episode/rew total/mean             │        0.03        │
├─────────────────────────────────────────────────────┼────────────────────┤
│       train/episode/min command duration/mean       │        0.5         │
├─────────────────────────────────────────────────────┼────────────────────┤
│       train/episode/max command duration/mean       │        0.5         │
├─────────────────────────────────────────────────────┼────────────────────┤
│        train/episode/min command bound/mean         │         0.         │
├─────────────────────────────────────────────────────┼────────────────────┤
│        train/episode/max command bound/mean         │         0.         │
├─────────────────────────────────────────────────────┼────────────────────┤
│        train/episode/min command offset/mean        │         0.         │
├─────────────────────────────────────────────────────┼────────────────────┤
│        train/episode/max command offset/mean        │         0.         │
├─────────────────────────────────────────────────────┼────────────────────┤
│        train/episode/min command phase/mean         │        0.5         │
├─────────────────────────────────────────────────────┼────────────────────┤
│        train/episode/max command phase/mean         │        0.5         │
├─────────────────────────────────────────────────────┼────────────────────┤
│         train/episode/min command freq/mean         │       2.001        │
├─────────────────────────────────────────────────────┼────────────────────┤
│         train/episode/max command freq/mean         │       3.998        │
├─────────────────────────────────────────────────────┼────────────────────┤
│        train/episode/min command x vel/mean         │       -1.047       │
├─────────────────────────────────────────────────────┼────────────────────┤
│        train/episode/max command x vel/mean         │       1.048        │
├─────────────────────────────────────────────────────┼────────────────────┤
│        train/episode/min command y vel/mean         │        -0.2        │
├─────────────────────────────────────────────────────┼────────────────────┤
│        train/episode/max command y vel/mean         │        0.2         │
├─────────────────────────────────────────────────────┼────────────────────┤
│       train/episode/min command yaw vel/mean        │       -1.047       │
├─────────────────────────────────────────────────────┼────────────────────┤
│       train/episode/max command yaw vel/mean        │       1.047        │
├─────────────────────────────────────────────────────┼────────────────────┤
│     train/episode/min command swing height/mean     │        0.03        │
├─────────────────────────────────────────────────────┼────────────────────┤
│     train/episode/max command swing height/mean     │        0.35        │
├─────────────────────────────────────────────────────┼────────────────────┤
│        train/episode/command area trot/mean         │       0.274        │
├─────────────────────────────────────────────────────┼────────────────────┤
│            train/episode/min action/mean            │       -4.126       │
├─────────────────────────────────────────────────────┼────────────────────┤
│            train/episode/max action/mean            │       4.164        │
├─────────────────────────────────────────────────────┼────────────────────┤
│                  time elapsed/mean                  │       16.956       │
├─────────────────────────────────────────────────────┼────────────────────┤
│                   time iter/mean                    │       2.421        │
├─────────────────────────────────────────────────────┼────────────────────┤
│                mean value loss/mean                 │         0.         │
├─────────────────────────────────────────────────────┼────────────────────┤
│              mean surrogate loss/mean               │       -0.017       │
├─────────────────────────────────────────────────────┼────────────────────┤
│               mean decoder loss/mean                │         0.         │
├─────────────────────────────────────────────────────┼────────────────────┤
│           mean decoder loss student/mean            │         0.         │
├─────────────────────────────────────────────────────┼────────────────────┤
│             mean decoder test loss/mean             │         0.         │
├─────────────────────────────────────────────────────┼────────────────────┤
│         mean decoder test loss student/mean         │         0.         │
├─────────────────────────────────────────────────────┼────────────────────┤
│                      timesteps                      │      1081344       │
├─────────────────────────────────────────────────────┼────────────────────┤
│                     iterations                      │         10         │
╘═════════════════════════════════════════════════════╧════════════════════╛

══════════════════════════════════════════
[33m        job         [0m
────────────────────┬─────────────────────
       status       │ running             
      runTime       │ 2025-05-29 22:56:51.359280
════════════════════╧═════════════════════
╒═════════════════════════════════════════════════════╤════════════════════╕
│       train/episode/rew tracking lin vel/mean       │       2.025        │
├─────────────────────────────────────────────────────┼────────────────────┤
│       train/episode/rew tracking ang vel/mean       │       1.157        │
├─────────────────────────────────────────────────────┼────────────────────┤
│          train/episode/rew lin vel z/mean           │       -0.023       │
├─────────────────────────────────────────────────────┼────────────────────┤
│          train/episode/rew ang vel xy/mean          │       -0.031       │
├─────────────────────────────────────────────────────┼────────────────────┤
│           train/episode/rew torques/mean            │       -0.94        │
├─────────────────────────────────────────────────────┼────────────────────┤
│           train/episode/rew dof vel/mean            │       -0.063       │
├─────────────────────────────────────────────────────┼────────────────────┤
│           train/episode/rew dof acc/mean            │       -0.674       │
├─────────────────────────────────────────────────────┼────────────────────┤
│          train/episode/rew collision/mean           │       -0.482       │
├─────────────────────────────────────────────────────┼────────────────────┤
│         train/episode/rew action rate/mean          │       -1.582       │
├─────────────────────────────────────────────────────┼────────────────────┤
│train/episode/rew tracking contacts shaped force/mean│       -6.473       │
├─────────────────────────────────────────────────────┼────────────────────┤
│ train/episode/rew tracking contacts shaped vel/mean │       -2.014       │
├─────────────────────────────────────────────────────┼────────────────────┤
│             train/episode/rew jump/mean             │       -1.639       │
├─────────────────────────────────────────────────────┼────────────────────┤
│        train/episode/rew dof pos limits/mean        │        -0.         │
├─────────────────────────────────────────────────────┼────────────────────┤
│          train/episode/rew feet slip/mean           │       -0.555       │
├─────────────────────────────────────────────────────┼────────────────────┤
│  train/episode/rew feet clearance cmd linear/mean   │       -6.328       │
├─────────────────────────────────────────────────────┼────────────────────┤
│     train/episode/rew action smoothness 1/mean      │       -0.736       │
├─────────────────────────────────────────────────────┼────────────────────┤
│     train/episode/rew action smoothness 2/mean      │       -2.178       │
├─────────────────────────────────────────────────────┼────────────────────┤
│      train/episode/rew raibert heuristic/mean       │       -6.995       │
├─────────────────────────────────────────────────────┼────────────────────┤
│     train/episode/rew orientation control/mean      │         0.         │
├─────────────────────────────────────────────────────┼────────────────────┤
│            train/episode/rew total/mean             │       0.093        │
├─────────────────────────────────────────────────────┼────────────────────┤
│       train/episode/min command duration/mean       │        0.5         │
├─────────────────────────────────────────────────────┼────────────────────┤
│       train/episode/max command duration/mean       │        0.5         │
├─────────────────────────────────────────────────────┼────────────────────┤
│        train/episode/min command bound/mean         │         0.         │
├─────────────────────────────────────────────────────┼────────────────────┤
│        train/episode/max command bound/mean         │         0.         │
├─────────────────────────────────────────────────────┼────────────────────┤
│        train/episode/min command offset/mean        │         0.         │
├─────────────────────────────────────────────────────┼────────────────────┤
│        train/episode/max command offset/mean        │         0.         │
├─────────────────────────────────────────────────────┼────────────────────┤
│        train/episode/min command phase/mean         │        0.5         │
├─────────────────────────────────────────────────────┼────────────────────┤
│        train/episode/max command phase/mean         │        0.5         │
├─────────────────────────────────────────────────────┼────────────────────┤
│         train/episode/min command freq/mean         │       2.001        │
├─────────────────────────────────────────────────────┼────────────────────┤
│         train/episode/max command freq/mean         │       3.998        │
├─────────────────────────────────────────────────────┼────────────────────┤
│        train/episode/min command x vel/mean         │       -1.047       │
├─────────────────────────────────────────────────────┼────────────────────┤
│        train/episode/max command x vel/mean         │       1.048        │
├─────────────────────────────────────────────────────┼────────────────────┤
│        train/episode/min command y vel/mean         │        -0.2        │
├─────────────────────────────────────────────────────┼────────────────────┤
│        train/episode/max command y vel/mean         │        0.2         │
├─────────────────────────────────────────────────────┼────────────────────┤
│       train/episode/min command yaw vel/mean        │       -1.047       │
├─────────────────────────────────────────────────────┼────────────────────┤
│       train/episode/max command yaw vel/mean        │       1.047        │
├─────────────────────────────────────────────────────┼────────────────────┤
│     train/episode/min command swing height/mean     │        0.03        │
├─────────────────────────────────────────────────────┼────────────────────┤
│     train/episode/max command swing height/mean     │        0.35        │
├─────────────────────────────────────────────────────┼────────────────────┤
│        train/episode/command area trot/mean         │       0.274        │
├─────────────────────────────────────────────────────┼────────────────────┤
│            train/episode/min action/mean            │       -4.417       │
├─────────────────────────────────────────────────────┼────────────────────┤
│            train/episode/max action/mean            │       4.451        │
├─────────────────────────────────────────────────────┼────────────────────┤
│                  time elapsed/mean                  │       39.105       │
├─────────────────────────────────────────────────────┼────────────────────┤
│                   time iter/mean                    │       2.144        │
├─────────────────────────────────────────────────────┼────────────────────┤
│                mean value loss/mean                 │         0.         │
├─────────────────────────────────────────────────────┼────────────────────┤
│              mean surrogate loss/mean               │       -0.032       │
├─────────────────────────────────────────────────────┼────────────────────┤
│               mean decoder loss/mean                │         0.         │
├─────────────────────────────────────────────────────┼────────────────────┤
│           mean decoder loss student/mean            │         0.         │
├─────────────────────────────────────────────────────┼────────────────────┤
│             mean decoder test loss/mean             │         0.         │
├─────────────────────────────────────────────────────┼────────────────────┤
│         mean decoder test loss student/mean         │         0.         │
├─────────────────────────────────────────────────────┼────────────────────┤
│                      timesteps                      │      2064384       │
├─────────────────────────────────────────────────────┼────────────────────┤
│                     iterations                      │         20         │
╘═════════════════════════════════════════════════════╧════════════════════╛

══════════════════════════════════════════
[33m        job         [0m
────────────────────┬─────────────────────
       status       │ running             
      runTime       │ 2025-05-29 22:57:12.803169
════════════════════╧═════════════════════
╒═════════════════════════════════════════════════════╤════════════════════╕
│       train/episode/rew tracking lin vel/mean       │       2.598        │
├─────────────────────────────────────────────────────┼────────────────────┤
│       train/episode/rew tracking ang vel/mean       │       1.394        │
├─────────────────────────────────────────────────────┼────────────────────┤
│          train/episode/rew lin vel z/mean           │       -0.024       │
├─────────────────────────────────────────────────────┼────────────────────┤
│          train/episode/rew ang vel xy/mean          │       -0.032       │
├─────────────────────────────────────────────────────┼────────────────────┤
│           train/episode/rew torques/mean            │       -1.079       │
├─────────────────────────────────────────────────────┼────────────────────┤
│           train/episode/rew dof vel/mean            │       -0.072       │
├─────────────────────────────────────────────────────┼────────────────────┤
│           train/episode/rew dof acc/mean            │       -0.763       │
├─────────────────────────────────────────────────────┼────────────────────┤
│          train/episode/rew collision/mean           │       -0.41        │
├─────────────────────────────────────────────────────┼────────────────────┤
│         train/episode/rew action rate/mean          │       -1.792       │
├─────────────────────────────────────────────────────┼────────────────────┤
│train/episode/rew tracking contacts shaped force/mean│       -7.249       │
├─────────────────────────────────────────────────────┼────────────────────┤
│ train/episode/rew tracking contacts shaped vel/mean │       -2.174       │
├─────────────────────────────────────────────────────┼────────────────────┤
│             train/episode/rew jump/mean             │       -1.773       │
├─────────────────────────────────────────────────────┼────────────────────┤
│        train/episode/rew dof pos limits/mean        │        -0.         │
├─────────────────────────────────────────────────────┼────────────────────┤
│          train/episode/rew feet slip/mean           │       -0.639       │
├─────────────────────────────────────────────────────┼────────────────────┤
│  train/episode/rew feet clearance cmd linear/mean   │       -6.687       │
├─────────────────────────────────────────────────────┼────────────────────┤
│     train/episode/rew action smoothness 1/mean      │       -0.827       │
├─────────────────────────────────────────────────────┼────────────────────┤
│     train/episode/rew action smoothness 2/mean      │       -2.424       │
├─────────────────────────────────────────────────────┼────────────────────┤
│      train/episode/rew raibert heuristic/mean       │       -7.244       │
├─────────────────────────────────────────────────────┼────────────────────┤
│     train/episode/rew orientation control/mean      │         0.         │
├─────────────────────────────────────────────────────┼────────────────────┤
│            train/episode/rew total/mean             │       0.141        │
├─────────────────────────────────────────────────────┼────────────────────┤
│       train/episode/min command duration/mean       │        0.5         │
├─────────────────────────────────────────────────────┼────────────────────┤
│       train/episode/max command duration/mean       │        0.5         │
├─────────────────────────────────────────────────────┼────────────────────┤
│        train/episode/min command bound/mean         │         0.         │
├─────────────────────────────────────────────────────┼────────────────────┤
│        train/episode/max command bound/mean         │         0.         │
├─────────────────────────────────────────────────────┼────────────────────┤
│        train/episode/min command offset/mean        │         0.         │
├─────────────────────────────────────────────────────┼────────────────────┤
│        train/episode/max command offset/mean        │         0.         │
├─────────────────────────────────────────────────────┼────────────────────┤
│        train/episode/min command phase/mean         │        0.5         │
├─────────────────────────────────────────────────────┼────────────────────┤
│        train/episode/max command phase/mean         │        0.5         │
├─────────────────────────────────────────────────────┼────────────────────┤
│         train/episode/min command freq/mean         │       2.002        │
├─────────────────────────────────────────────────────┼────────────────────┤
│         train/episode/max command freq/mean         │         4.         │
├─────────────────────────────────────────────────────┼────────────────────┤
│        train/episode/min command x vel/mean         │       -1.048       │
├─────────────────────────────────────────────────────┼────────────────────┤
│        train/episode/max command x vel/mean         │       1.048        │
├─────────────────────────────────────────────────────┼────────────────────┤
│        train/episode/min command y vel/mean         │        -0.2        │
├─────────────────────────────────────────────────────┼────────────────────┤
│        train/episode/max command y vel/mean         │        0.2         │
├─────────────────────────────────────────────────────┼────────────────────┤
│       train/episode/min command yaw vel/mean        │       -1.046       │
├─────────────────────────────────────────────────────┼────────────────────┤
│       train/episode/max command yaw vel/mean        │       1.046        │
├─────────────────────────────────────────────────────┼────────────────────┤
│     train/episode/min command swing height/mean     │        0.03        │
├─────────────────────────────────────────────────────┼────────────────────┤
│     train/episode/max command swing height/mean     │        0.35        │
├─────────────────────────────────────────────────────┼────────────────────┤
│        train/episode/command area trot/mean         │       0.274        │
├─────────────────────────────────────────────────────┼────────────────────┤
│            train/episode/min action/mean            │       -4.469       │
├─────────────────────────────────────────────────────┼────────────────────┤
│            train/episode/max action/mean            │       4.534        │
├─────────────────────────────────────────────────────┼────────────────────┤
│                  time elapsed/mean                  │       60.802       │
├─────────────────────────────────────────────────────┼────────────────────┤
│                   time iter/mean                    │       2.191        │
├─────────────────────────────────────────────────────┼────────────────────┤
│                mean value loss/mean                 │         0.         │
├─────────────────────────────────────────────────────┼────────────────────┤
│              mean surrogate loss/mean               │       -0.034       │
├─────────────────────────────────────────────────────┼────────────────────┤
│               mean decoder loss/mean                │         0.         │
├─────────────────────────────────────────────────────┼────────────────────┤
│           mean decoder loss student/mean            │         0.         │
├─────────────────────────────────────────────────────┼────────────────────┤
│             mean decoder test loss/mean             │         0.         │
├─────────────────────────────────────────────────────┼────────────────────┤
│         mean decoder test loss student/mean         │         0.         │
├─────────────────────────────────────────────────────┼────────────────────┤
│                      timesteps                      │      3047424       │
├─────────────────────────────────────────────────────┼────────────────────┤
│                     iterations                      │         30         │
╘═════════════════════════════════════════════════════╧════════════════════╛

══════════════════════════════════════════
[33m        job         [0m
────────────────────┬─────────────────────
       status       │ running             
      runTime       │ 2025-05-29 22:57:34.713561
════════════════════╧═════════════════════
╒═════════════════════════════════════════════════════╤════════════════════╕
│       train/episode/rew tracking lin vel/mean       │       3.629        │
├─────────────────────────────────────────────────────┼────────────────────┤
│       train/episode/rew tracking ang vel/mean       │        1.86        │
├─────────────────────────────────────────────────────┼────────────────────┤
│          train/episode/rew lin vel z/mean           │       -0.027       │
├─────────────────────────────────────────────────────┼────────────────────┤
│          train/episode/rew ang vel xy/mean          │       -0.038       │
├─────────────────────────────────────────────────────┼────────────────────┤
│           train/episode/rew torques/mean            │       -1.367       │
├─────────────────────────────────────────────────────┼────────────────────┤
│           train/episode/rew dof vel/mean            │       -0.092       │
├─────────────────────────────────────────────────────┼────────────────────┤
│           train/episode/rew dof acc/mean            │       -0.955       │
├─────────────────────────────────────────────────────┼────────────────────┤
│          train/episode/rew collision/mean           │       -0.553       │
├─────────────────────────────────────────────────────┼────────────────────┤
│         train/episode/rew action rate/mean          │       -2.211       │
├─────────────────────────────────────────────────────┼────────────────────┤
│train/episode/rew tracking contacts shaped force/mean│       -8.813       │
├─────────────────────────────────────────────────────┼────────────────────┤
│ train/episode/rew tracking contacts shaped vel/mean │       -2.616       │
├─────────────────────────────────────────────────────┼────────────────────┤
│             train/episode/rew jump/mean             │       -2.371       │
├─────────────────────────────────────────────────────┼────────────────────┤
│        train/episode/rew dof pos limits/mean        │         0.         │
├─────────────────────────────────────────────────────┼────────────────────┤
│          train/episode/rew feet slip/mean           │       -0.791       │
├─────────────────────────────────────────────────────┼────────────────────┤
│  train/episode/rew feet clearance cmd linear/mean   │       -8.385       │
├─────────────────────────────────────────────────────┼────────────────────┤
│     train/episode/rew action smoothness 1/mean      │       -1.016       │
├─────────────────────────────────────────────────────┼────────────────────┤
│     train/episode/rew action smoothness 2/mean      │       -2.94        │
├─────────────────────────────────────────────────────┼────────────────────┤
│      train/episode/rew raibert heuristic/mean       │       -8.67        │
├─────────────────────────────────────────────────────┼────────────────────┤
│     train/episode/rew orientation control/mean      │         0.         │
├─────────────────────────────────────────────────────┼────────────────────┤
│            train/episode/rew total/mean             │       0.224        │
├─────────────────────────────────────────────────────┼────────────────────┤
│       train/episode/min command duration/mean       │        0.5         │
├─────────────────────────────────────────────────────┼────────────────────┤
│       train/episode/max command duration/mean       │        0.5         │
├─────────────────────────────────────────────────────┼────────────────────┤
│        train/episode/min command bound/mean         │         0.         │
├─────────────────────────────────────────────────────┼────────────────────┤
│        train/episode/max command bound/mean         │         0.         │
├─────────────────────────────────────────────────────┼────────────────────┤
│        train/episode/min command offset/mean        │         0.         │
├─────────────────────────────────────────────────────┼────────────────────┤
│        train/episode/max command offset/mean        │         0.         │
├─────────────────────────────────────────────────────┼────────────────────┤
│        train/episode/min command phase/mean         │        0.5         │
├─────────────────────────────────────────────────────┼────────────────────┤
│        train/episode/max command phase/mean         │        0.5         │
├─────────────────────────────────────────────────────┼────────────────────┤
│         train/episode/min command freq/mean         │       2.001        │
├─────────────────────────────────────────────────────┼────────────────────┤
│         train/episode/max command freq/mean         │         4.         │
├─────────────────────────────────────────────────────┼────────────────────┤
│        train/episode/min command x vel/mean         │       -1.048       │
├─────────────────────────────────────────────────────┼────────────────────┤
│        train/episode/max command x vel/mean         │       1.046        │
├─────────────────────────────────────────────────────┼────────────────────┤
│        train/episode/min command y vel/mean         │        -0.2        │
├─────────────────────────────────────────────────────┼────────────────────┤
│        train/episode/max command y vel/mean         │        0.2         │
├─────────────────────────────────────────────────────┼────────────────────┤
│       train/episode/min command yaw vel/mean        │       -1.047       │
├─────────────────────────────────────────────────────┼────────────────────┤
│       train/episode/max command yaw vel/mean        │       1.047        │
├─────────────────────────────────────────────────────┼────────────────────┤
│     train/episode/min command swing height/mean     │        0.03        │
├─────────────────────────────────────────────────────┼────────────────────┤
│     train/episode/max command swing height/mean     │        0.35        │
├─────────────────────────────────────────────────────┼────────────────────┤
│        train/episode/command area trot/mean         │       0.274        │
├─────────────────────────────────────────────────────┼────────────────────┤
│            train/episode/min action/mean            │       -4.517       │
├─────────────────────────────────────────────────────┼────────────────────┤
│            train/episode/max action/mean            │        4.54        │
├─────────────────────────────────────────────────────┼────────────────────┤
│                  time elapsed/mean                  │       82.643       │
├─────────────────────────────────────────────────────┼────────────────────┤
│                   time iter/mean                    │       2.183        │
├─────────────────────────────────────────────────────┼────────────────────┤
│                mean value loss/mean                 │         0.         │
├─────────────────────────────────────────────────────┼────────────────────┤
│              mean surrogate loss/mean               │       -0.034       │
├─────────────────────────────────────────────────────┼────────────────────┤
│               mean decoder loss/mean                │         0.         │
├─────────────────────────────────────────────────────┼────────────────────┤
│           mean decoder loss student/mean            │         0.         │
├─────────────────────────────────────────────────────┼────────────────────┤
│             mean decoder test loss/mean             │         0.         │
├─────────────────────────────────────────────────────┼────────────────────┤
│         mean decoder test loss student/mean         │         0.         │
├─────────────────────────────────────────────────────┼────────────────────┤
│                      timesteps                      │      4030464       │
├─────────────────────────────────────────────────────┼────────────────────┤
│                     iterations                      │         40         │
╘═════════════════════════════════════════════════════╧════════════════════╛

══════════════════════════════════════════
[33m        job         [0m
────────────────────┬─────────────────────
       status       │ running             
      runTime       │ 2025-05-29 22:57:56.540767
════════════════════╧═════════════════════
╒═════════════════════════════════════════════════════╤════════════════════╕
│       train/episode/rew tracking lin vel/mean       │       4.874        │
├─────────────────────────────────────────────────────┼────────────────────┤
│       train/episode/rew tracking ang vel/mean       │       2.092        │
├─────────────────────────────────────────────────────┼────────────────────┤
│          train/episode/rew lin vel z/mean           │       -0.026       │
├─────────────────────────────────────────────────────┼────────────────────┤
│          train/episode/rew ang vel xy/mean          │       -0.037       │
├─────────────────────────────────────────────────────┼────────────────────┤
│           train/episode/rew torques/mean            │       -1.441       │
├─────────────────────────────────────────────────────┼────────────────────┤
│           train/episode/rew dof vel/mean            │       -0.097       │
├─────────────────────────────────────────────────────┼────────────────────┤
│           train/episode/rew dof acc/mean            │       -0.993       │
├─────────────────────────────────────────────────────┼────────────────────┤
│          train/episode/rew collision/mean           │       -0.372       │
├─────────────────────────────────────────────────────┼────────────────────┤
│         train/episode/rew action rate/mean          │       -2.26        │
├─────────────────────────────────────────────────────┼────────────────────┤
│train/episode/rew tracking contacts shaped force/mean│       -8.859       │
├─────────────────────────────────────────────────────┼────────────────────┤
│ train/episode/rew tracking contacts shaped vel/mean │       -2.513       │
├─────────────────────────────────────────────────────┼────────────────────┤
│             train/episode/rew jump/mean             │       -2.293       │
├─────────────────────────────────────────────────────┼────────────────────┤
│        train/episode/rew dof pos limits/mean        │        -0.         │
├─────────────────────────────────────────────────────┼────────────────────┤
│          train/episode/rew feet slip/mean           │        -0.8        │
├─────────────────────────────────────────────────────┼────────────────────┤
│  train/episode/rew feet clearance cmd linear/mean   │       -8.212       │
├─────────────────────────────────────────────────────┼────────────────────┤
│     train/episode/rew action smoothness 1/mean      │       -1.032       │
├─────────────────────────────────────────────────────┼────────────────────┤
│     train/episode/rew action smoothness 2/mean      │       -2.937       │
├─────────────────────────────────────────────────────┼────────────────────┤
│      train/episode/rew raibert heuristic/mean       │       -7.818       │
├─────────────────────────────────────────────────────┼────────────────────┤
│     train/episode/rew orientation control/mean      │         0.         │
├─────────────────────────────────────────────────────┼────────────────────┤
│            train/episode/rew total/mean             │        0.38        │
├─────────────────────────────────────────────────────┼────────────────────┤
│       train/episode/min command duration/mean       │        0.5         │
├─────────────────────────────────────────────────────┼────────────────────┤
│       train/episode/max command duration/mean       │        0.5         │
├─────────────────────────────────────────────────────┼────────────────────┤
│        train/episode/min command bound/mean         │         0.         │
├─────────────────────────────────────────────────────┼────────────────────┤
│        train/episode/max command bound/mean         │         0.         │
├─────────────────────────────────────────────────────┼────────────────────┤
│        train/episode/min command offset/mean        │         0.         │
├─────────────────────────────────────────────────────┼────────────────────┤
│        train/episode/max command offset/mean        │         0.         │
├─────────────────────────────────────────────────────┼────────────────────┤
│        train/episode/min command phase/mean         │        0.5         │
├─────────────────────────────────────────────────────┼────────────────────┤
│        train/episode/max command phase/mean         │        0.5         │
├─────────────────────────────────────────────────────┼────────────────────┤
│         train/episode/min command freq/mean         │         2.         │
├─────────────────────────────────────────────────────┼────────────────────┤
│         train/episode/max command freq/mean         │         4.         │
├─────────────────────────────────────────────────────┼────────────────────┤
│        train/episode/min command x vel/mean         │       -1.047       │
├─────────────────────────────────────────────────────┼────────────────────┤
│        train/episode/max command x vel/mean         │       1.047        │
├─────────────────────────────────────────────────────┼────────────────────┤
│        train/episode/min command y vel/mean         │        -0.2        │
├─────────────────────────────────────────────────────┼────────────────────┤
│        train/episode/max command y vel/mean         │        0.2         │
├─────────────────────────────────────────────────────┼────────────────────┤
│       train/episode/min command yaw vel/mean        │       -1.047       │
├─────────────────────────────────────────────────────┼────────────────────┤
│       train/episode/max command yaw vel/mean        │       1.047        │
├─────────────────────────────────────────────────────┼────────────────────┤
│     train/episode/min command swing height/mean     │        0.03        │
├─────────────────────────────────────────────────────┼────────────────────┤
│     train/episode/max command swing height/mean     │        0.35        │
├─────────────────────────────────────────────────────┼────────────────────┤
│        train/episode/command area trot/mean         │       0.274        │
├─────────────────────────────────────────────────────┼────────────────────┤
│            train/episode/min action/mean            │       -4.62        │
├─────────────────────────────────────────────────────┼────────────────────┤
│            train/episode/max action/mean            │       4.566        │
├─────────────────────────────────────────────────────┼────────────────────┤
│                  time elapsed/mean                  │      105.335       │
├─────────────────────────────────────────────────────┼────────────────────┤
│                   time iter/mean                    │       2.304        │
├─────────────────────────────────────────────────────┼────────────────────┤
│                mean value loss/mean                 │         0.         │
├─────────────────────────────────────────────────────┼────────────────────┤
│              mean surrogate loss/mean               │       -0.032       │
├─────────────────────────────────────────────────────┼────────────────────┤
│               mean decoder loss/mean                │         0.         │
├─────────────────────────────────────────────────────┼────────────────────┤
│           mean decoder loss student/mean            │         0.         │
├─────────────────────────────────────────────────────┼────────────────────┤
│             mean decoder test loss/mean             │         0.         │
├─────────────────────────────────────────────────────┼────────────────────┤
│         mean decoder test loss student/mean         │         0.         │
├─────────────────────────────────────────────────────┼────────────────────┤
│                      timesteps                      │      5013504       │
├─────────────────────────────────────────────────────┼────────────────────┤
│                     iterations                      │         50         │
╘═════════════════════════════════════════════════════╧════════════════════╛

══════════════════════════════════════════
[33m        job         [0m
────────────────────┬─────────────────────
       status       │ running             
      runTime       │ 2025-05-29 22:58:19.573013
════════════════════╧═════════════════════
╒═════════════════════════════════════════════════════╤════════════════════╕
│       train/episode/rew tracking lin vel/mean       │       9.093        │
├─────────────────────────────────────────────────────┼────────────────────┤
│       train/episode/rew tracking ang vel/mean       │       3.333        │
├─────────────────────────────────────────────────────┼────────────────────┤
│          train/episode/rew lin vel z/mean           │       -0.031       │
├─────────────────────────────────────────────────────┼────────────────────┤
│          train/episode/rew ang vel xy/mean          │       -0.05        │
├─────────────────────────────────────────────────────┼────────────────────┤
│           train/episode/rew torques/mean            │       -2.238       │
├─────────────────────────────────────────────────────┼────────────────────┤
│           train/episode/rew dof vel/mean            │       -0.148       │
├─────────────────────────────────────────────────────┼────────────────────┤
│           train/episode/rew dof acc/mean            │       -1.504       │
├─────────────────────────────────────────────────────┼────────────────────┤
│          train/episode/rew collision/mean           │       -0.294       │
├─────────────────────────────────────────────────────┼────────────────────┤
│         train/episode/rew action rate/mean          │       -3.374       │
├─────────────────────────────────────────────────────┼────────────────────┤
│train/episode/rew tracking contacts shaped force/mean│      -12.966       │
├─────────────────────────────────────────────────────┼────────────────────┤
│ train/episode/rew tracking contacts shaped vel/mean │       -3.374       │
├─────────────────────────────────────────────────────┼────────────────────┤
│             train/episode/rew jump/mean             │       -4.02        │
├─────────────────────────────────────────────────────┼────────────────────┤
│        train/episode/rew dof pos limits/mean        │        -0.         │
├─────────────────────────────────────────────────────┼────────────────────┤
│          train/episode/rew feet slip/mean           │       -1.207       │
├─────────────────────────────────────────────────────┼────────────────────┤
│  train/episode/rew feet clearance cmd linear/mean   │      -11.557       │
├─────────────────────────────────────────────────────┼────────────────────┤
│     train/episode/rew action smoothness 1/mean      │       -1.534       │
├─────────────────────────────────────────────────────┼────────────────────┤
│     train/episode/rew action smoothness 2/mean      │       -4.297       │
├─────────────────────────────────────────────────────┼────────────────────┤
│      train/episode/rew raibert heuristic/mean       │       -8.755       │
├─────────────────────────────────────────────────────┼────────────────────┤
│     train/episode/rew orientation control/mean      │         0.         │
├─────────────────────────────────────────────────────┼────────────────────┤
│            train/episode/rew total/mean             │       0.817        │
├─────────────────────────────────────────────────────┼────────────────────┤
│       train/episode/min command duration/mean       │        0.5         │
├─────────────────────────────────────────────────────┼────────────────────┤
│       train/episode/max command duration/mean       │        0.5         │
├─────────────────────────────────────────────────────┼────────────────────┤
│        train/episode/min command bound/mean         │         0.         │
├─────────────────────────────────────────────────────┼────────────────────┤
│        train/episode/max command bound/mean         │         0.         │
├─────────────────────────────────────────────────────┼────────────────────┤
│        train/episode/min command offset/mean        │         0.         │
├─────────────────────────────────────────────────────┼────────────────────┤
│        train/episode/max command offset/mean        │         0.         │
├─────────────────────────────────────────────────────┼────────────────────┤
│        train/episode/min command phase/mean         │        0.5         │
├─────────────────────────────────────────────────────┼────────────────────┤
│        train/episode/max command phase/mean         │        0.5         │
├─────────────────────────────────────────────────────┼────────────────────┤
│         train/episode/min command freq/mean         │         2.         │
├─────────────────────────────────────────────────────┼────────────────────┤
│         train/episode/max command freq/mean         │         4.         │
├─────────────────────────────────────────────────────┼────────────────────┤
│        train/episode/min command x vel/mean         │       -1.046       │
├─────────────────────────────────────────────────────┼────────────────────┤
│        train/episode/max command x vel/mean         │       1.047        │
├─────────────────────────────────────────────────────┼────────────────────┤
│        train/episode/min command y vel/mean         │        -0.2        │
├─────────────────────────────────────────────────────┼────────────────────┤
│        train/episode/max command y vel/mean         │        0.2         │
├─────────────────────────────────────────────────────┼────────────────────┤
│       train/episode/min command yaw vel/mean        │       -1.047       │
├─────────────────────────────────────────────────────┼────────────────────┤
│       train/episode/max command yaw vel/mean        │       1.047        │
├─────────────────────────────────────────────────────┼────────────────────┤
│     train/episode/min command swing height/mean     │        0.03        │
├─────────────────────────────────────────────────────┼────────────────────┤
│     train/episode/max command swing height/mean     │        0.35        │
├─────────────────────────────────────────────────────┼────────────────────┤
│        train/episode/command area trot/mean         │       0.274        │
├─────────────────────────────────────────────────────┼────────────────────┤
│            train/episode/min action/mean            │       -4.846       │
├─────────────────────────────────────────────────────┼────────────────────┤
│            train/episode/max action/mean            │       4.601        │
├─────────────────────────────────────────────────────┼────────────────────┤
│                  time elapsed/mean                  │      127.321       │
├─────────────────────────────────────────────────────┼────────────────────┤
│                   time iter/mean                    │       2.143        │
├─────────────────────────────────────────────────────┼────────────────────┤
│                mean value loss/mean                 │         0.         │
├─────────────────────────────────────────────────────┼────────────────────┤
│              mean surrogate loss/mean               │       -0.03        │
├─────────────────────────────────────────────────────┼────────────────────┤
│               mean decoder loss/mean                │         0.         │
├─────────────────────────────────────────────────────┼────────────────────┤
│           mean decoder loss student/mean            │         0.         │
├─────────────────────────────────────────────────────┼────────────────────┤
│             mean decoder test loss/mean             │         0.         │
├─────────────────────────────────────────────────────┼────────────────────┤
│         mean decoder test loss student/mean         │         0.         │
├─────────────────────────────────────────────────────┼────────────────────┤
│                      timesteps                      │      5996544       │
├─────────────────────────────────────────────────────┼────────────────────┤
│                     iterations                      │         60         │
╘═════════════════════════════════════════════════════╧════════════════════╛

══════════════════════════════════════════
[33m        job         [0m
────────────────────┬─────────────────────
       status       │ running             
      runTime       │ 2025-05-29 22:58:41.007440
════════════════════╧═════════════════════
╒═════════════════════════════════════════════════════╤════════════════════╕
│       train/episode/rew tracking lin vel/mean       │       10.792       │
├─────────────────────────────────────────────────────┼────────────────────┤
│       train/episode/rew tracking ang vel/mean       │       3.941        │
├─────────────────────────────────────────────────────┼────────────────────┤
│          train/episode/rew lin vel z/mean           │       -0.034       │
├─────────────────────────────────────────────────────┼────────────────────┤
│          train/episode/rew ang vel xy/mean          │       -0.055       │
├─────────────────────────────────────────────────────┼────────────────────┤
│           train/episode/rew torques/mean            │       -2.518       │
├─────────────────────────────────────────────────────┼────────────────────┤
│           train/episode/rew dof vel/mean            │       -0.171       │
├─────────────────────────────────────────────────────┼────────────────────┤
│           train/episode/rew dof acc/mean            │       -1.682       │
├─────────────────────────────────────────────────────┼────────────────────┤
│          train/episode/rew collision/mean           │       -0.271       │
├─────────────────────────────────────────────────────┼────────────────────┤
│         train/episode/rew action rate/mean          │       -3.605       │
├─────────────────────────────────────────────────────┼────────────────────┤
│train/episode/rew tracking contacts shaped force/mean│      -13.341       │
├─────────────────────────────────────────────────────┼────────────────────┤
│ train/episode/rew tracking contacts shaped vel/mean │       -3.531       │
├─────────────────────────────────────────────────────┼────────────────────┤
│             train/episode/rew jump/mean             │       -4.598       │
├─────────────────────────────────────────────────────┼────────────────────┤
│        train/episode/rew dof pos limits/mean        │        -0.         │
├─────────────────────────────────────────────────────┼────────────────────┤
│          train/episode/rew feet slip/mean           │       -1.268       │
├─────────────────────────────────────────────────────┼────────────────────┤
│  train/episode/rew feet clearance cmd linear/mean   │      -11.607       │
├─────────────────────────────────────────────────────┼────────────────────┤
│     train/episode/rew action smoothness 1/mean      │       -1.633       │
├─────────────────────────────────────────────────────┼────────────────────┤
│     train/episode/rew action smoothness 2/mean      │       -4.473       │
├─────────────────────────────────────────────────────┼────────────────────┤
│      train/episode/rew raibert heuristic/mean       │       -8.857       │
├─────────────────────────────────────────────────────┼────────────────────┤
│     train/episode/rew orientation control/mean      │         0.         │
├─────────────────────────────────────────────────────┼────────────────────┤
│            train/episode/rew total/mean             │       1.195        │
├─────────────────────────────────────────────────────┼────────────────────┤
│       train/episode/min command duration/mean       │        0.5         │
├─────────────────────────────────────────────────────┼────────────────────┤
│       train/episode/max command duration/mean       │        0.5         │
├─────────────────────────────────────────────────────┼────────────────────┤
│        train/episode/min command bound/mean         │         0.         │
├─────────────────────────────────────────────────────┼────────────────────┤
│        train/episode/max command bound/mean         │         0.         │
├─────────────────────────────────────────────────────┼────────────────────┤
│        train/episode/min command offset/mean        │         0.         │
├─────────────────────────────────────────────────────┼────────────────────┤
│        train/episode/max command offset/mean        │         0.         │
├─────────────────────────────────────────────────────┼────────────────────┤
│        train/episode/min command phase/mean         │        0.5         │
├─────────────────────────────────────────────────────┼────────────────────┤
│        train/episode/max command phase/mean         │        0.5         │
├─────────────────────────────────────────────────────┼────────────────────┤
│         train/episode/min command freq/mean         │         2.         │
├─────────────────────────────────────────────────────┼────────────────────┤
│         train/episode/max command freq/mean         │       3.999        │
├─────────────────────────────────────────────────────┼────────────────────┤
│        train/episode/min command x vel/mean         │       -1.047       │
├─────────────────────────────────────────────────────┼────────────────────┤
│        train/episode/max command x vel/mean         │       1.047        │
├─────────────────────────────────────────────────────┼────────────────────┤
│        train/episode/min command y vel/mean         │        -0.2        │
├─────────────────────────────────────────────────────┼────────────────────┤
│        train/episode/max command y vel/mean         │        0.2         │
├─────────────────────────────────────────────────────┼────────────────────┤
│       train/episode/min command yaw vel/mean        │       -1.047       │
├─────────────────────────────────────────────────────┼────────────────────┤
│       train/episode/max command yaw vel/mean        │       1.047        │
├─────────────────────────────────────────────────────┼────────────────────┤
│     train/episode/min command swing height/mean     │        0.03        │
├─────────────────────────────────────────────────────┼────────────────────┤
│     train/episode/max command swing height/mean     │        0.35        │
├─────────────────────────────────────────────────────┼────────────────────┤
│        train/episode/command area trot/mean         │       0.274        │
├─────────────────────────────────────────────────────┼────────────────────┤
│            train/episode/min action/mean            │       -4.842       │
├─────────────────────────────────────────────────────┼────────────────────┤
│            train/episode/max action/mean            │       4.588        │
├─────────────────────────────────────────────────────┼────────────────────┤
│                  time elapsed/mean                  │      148.622       │
├─────────────────────────────────────────────────────┼────────────────────┤
│                   time iter/mean                    │        2.12        │
├─────────────────────────────────────────────────────┼────────────────────┤
│                mean value loss/mean                 │         0.         │
├─────────────────────────────────────────────────────┼────────────────────┤
│              mean surrogate loss/mean               │       -0.028       │
├─────────────────────────────────────────────────────┼────────────────────┤
│               mean decoder loss/mean                │         0.         │
├─────────────────────────────────────────────────────┼────────────────────┤
│           mean decoder loss student/mean            │         0.         │
├─────────────────────────────────────────────────────┼────────────────────┤
│             mean decoder test loss/mean             │         0.         │
├─────────────────────────────────────────────────────┼────────────────────┤
│         mean decoder test loss student/mean         │         0.         │
├─────────────────────────────────────────────────────┼────────────────────┤
│                      timesteps                      │      6979584       │
├─────────────────────────────────────────────────────┼────────────────────┤
│                     iterations                      │         70         │
╘═════════════════════════════════════════════════════╧════════════════════╛

══════════════════════════════════════════
[33m        job         [0m
────────────────────┬─────────────────────
       status       │ running             
      runTime       │ 2025-05-29 22:59:02.204808
════════════════════╧═════════════════════
╒═════════════════════════════════════════════════════╤════════════════════╕
│       train/episode/rew tracking lin vel/mean       │       11.564       │
├─────────────────────────────────────────────────────┼────────────────────┤
│       train/episode/rew tracking ang vel/mean       │       3.918        │
├─────────────────────────────────────────────────────┼────────────────────┤
│          train/episode/rew lin vel z/mean           │       -0.035       │
├─────────────────────────────────────────────────────┼────────────────────┤
│          train/episode/rew ang vel xy/mean          │       -0.052       │
├─────────────────────────────────────────────────────┼────────────────────┤
│           train/episode/rew torques/mean            │       -2.426       │
├─────────────────────────────────────────────────────┼────────────────────┤
│           train/episode/rew dof vel/mean            │       -0.167       │
├─────────────────────────────────────────────────────┼────────────────────┤
│           train/episode/rew dof acc/mean            │       -1.579       │
├─────────────────────────────────────────────────────┼────────────────────┤
│          train/episode/rew collision/mean           │       -0.164       │
├─────────────────────────────────────────────────────┼────────────────────┤
│         train/episode/rew action rate/mean          │       -3.227       │
├─────────────────────────────────────────────────────┼────────────────────┤
│train/episode/rew tracking contacts shaped force/mean│      -11.582       │
├─────────────────────────────────────────────────────┼────────────────────┤
│ train/episode/rew tracking contacts shaped vel/mean │       -3.155       │
├─────────────────────────────────────────────────────┼────────────────────┤
│             train/episode/rew jump/mean             │       -4.536       │
├─────────────────────────────────────────────────────┼────────────────────┤
│        train/episode/rew dof pos limits/mean        │        -0.         │
├─────────────────────────────────────────────────────┼────────────────────┤
│          train/episode/rew feet slip/mean           │       -1.105       │
├─────────────────────────────────────────────────────┼────────────────────┤
│  train/episode/rew feet clearance cmd linear/mean   │      -11.083       │
├─────────────────────────────────────────────────────┼────────────────────┤
│     train/episode/rew action smoothness 1/mean      │       -1.454       │
├─────────────────────────────────────────────────────┼────────────────────┤
│     train/episode/rew action smoothness 2/mean      │       -3.878       │
├─────────────────────────────────────────────────────┼────────────────────┤
│      train/episode/rew raibert heuristic/mean       │       -8.051       │
├─────────────────────────────────────────────────────┼────────────────────┤
│     train/episode/rew orientation control/mean      │         0.         │
├─────────────────────────────────────────────────────┼────────────────────┤
│            train/episode/rew total/mean             │       1.529        │
├─────────────────────────────────────────────────────┼────────────────────┤
│       train/episode/min command duration/mean       │        0.5         │
├─────────────────────────────────────────────────────┼────────────────────┤
│       train/episode/max command duration/mean       │        0.5         │
├─────────────────────────────────────────────────────┼────────────────────┤
│        train/episode/min command bound/mean         │         0.         │
├─────────────────────────────────────────────────────┼────────────────────┤
│        train/episode/max command bound/mean         │         0.         │
├─────────────────────────────────────────────────────┼────────────────────┤
│        train/episode/min command offset/mean        │         0.         │
├─────────────────────────────────────────────────────┼────────────────────┤
│        train/episode/max command offset/mean        │         0.         │
├─────────────────────────────────────────────────────┼────────────────────┤
│        train/episode/min command phase/mean         │        0.5         │
├─────────────────────────────────────────────────────┼────────────────────┤
│        train/episode/max command phase/mean         │        0.5         │
├─────────────────────────────────────────────────────┼────────────────────┤
│         train/episode/min command freq/mean         │         2.         │
├─────────────────────────────────────────────────────┼────────────────────┤
│         train/episode/max command freq/mean         │       3.999        │
├─────────────────────────────────────────────────────┼────────────────────┤
│        train/episode/min command x vel/mean         │       -1.047       │
├─────────────────────────────────────────────────────┼────────────────────┤
│        train/episode/max command x vel/mean         │       1.047        │
├─────────────────────────────────────────────────────┼────────────────────┤
│        train/episode/min command y vel/mean         │        -0.2        │
├─────────────────────────────────────────────────────┼────────────────────┤
│        train/episode/max command y vel/mean         │        0.2         │
├─────────────────────────────────────────────────────┼────────────────────┤
│       train/episode/min command yaw vel/mean        │       -1.047       │
├─────────────────────────────────────────────────────┼────────────────────┤
│       train/episode/max command yaw vel/mean        │       1.047        │
├─────────────────────────────────────────────────────┼────────────────────┤
│     train/episode/min command swing height/mean     │        0.03        │
├─────────────────────────────────────────────────────┼────────────────────┤
│     train/episode/max command swing height/mean     │        0.35        │
├─────────────────────────────────────────────────────┼────────────────────┤
│        train/episode/command area trot/mean         │       0.274        │
├─────────────────────────────────────────────────────┼────────────────────┤
│            train/episode/min action/mean            │       -4.851       │
├─────────────────────────────────────────────────────┼────────────────────┤
│            train/episode/max action/mean            │       4.512        │
├─────────────────────────────────────────────────────┼────────────────────┤
│                  time elapsed/mean                  │      169.767       │
├─────────────────────────────────────────────────────┼────────────────────┤
│                   time iter/mean                    │       2.106        │
├─────────────────────────────────────────────────────┼────────────────────┤
│                mean value loss/mean                 │         0.         │
├─────────────────────────────────────────────────────┼────────────────────┤
│              mean surrogate loss/mean               │       -0.026       │
├─────────────────────────────────────────────────────┼────────────────────┤
│               mean decoder loss/mean                │         0.         │
├─────────────────────────────────────────────────────┼────────────────────┤
│           mean decoder loss student/mean            │         0.         │
├─────────────────────────────────────────────────────┼────────────────────┤
│             mean decoder test loss/mean             │         0.         │
├─────────────────────────────────────────────────────┼────────────────────┤
│         mean decoder test loss student/mean         │         0.         │
├─────────────────────────────────────────────────────┼────────────────────┤
│                      timesteps                      │      7962624       │
├─────────────────────────────────────────────────────┼────────────────────┤
│                     iterations                      │         80         │
╘═════════════════════════════════════════════════════╧════════════════════╛

══════════════════════════════════════════
[33m        job         [0m
────────────────────┬─────────────────────
       status       │ running             
      runTime       │ 2025-05-29 22:59:23.260678
════════════════════╧═════════════════════
╒═════════════════════════════════════════════════════╤════════════════════╕
│       train/episode/rew tracking lin vel/mean       │       12.567       │
├─────────────────────────────────────────────────────┼────────────────────┤
│       train/episode/rew tracking ang vel/mean       │       4.125        │
├─────────────────────────────────────────────────────┼────────────────────┤
│          train/episode/rew lin vel z/mean           │       -0.035       │
├─────────────────────────────────────────────────────┼────────────────────┤
│          train/episode/rew ang vel xy/mean          │       -0.053       │
├─────────────────────────────────────────────────────┼────────────────────┤
│           train/episode/rew torques/mean            │       -2.472       │
├─────────────────────────────────────────────────────┼────────────────────┤
│           train/episode/rew dof vel/mean            │       -0.176       │
├─────────────────────────────────────────────────────┼────────────────────┤
│           train/episode/rew dof acc/mean            │       -1.574       │
├─────────────────────────────────────────────────────┼────────────────────┤
│          train/episode/rew collision/mean           │       -0.128       │
├─────────────────────────────────────────────────────┼────────────────────┤
│         train/episode/rew action rate/mean          │       -3.05        │
├─────────────────────────────────────────────────────┼────────────────────┤
│train/episode/rew tracking contacts shaped force/mean│      -10.476       │
├─────────────────────────────────────────────────────┼────────────────────┤
│ train/episode/rew tracking contacts shaped vel/mean │       -3.045       │
├─────────────────────────────────────────────────────┼────────────────────┤
│             train/episode/rew jump/mean             │       -4.719       │
├─────────────────────────────────────────────────────┼────────────────────┤
│        train/episode/rew dof pos limits/mean        │        -0.         │
├─────────────────────────────────────────────────────┼────────────────────┤
│          train/episode/rew feet slip/mean           │       -1.034       │
├─────────────────────────────────────────────────────┼────────────────────┤
│  train/episode/rew feet clearance cmd linear/mean   │      -11.115       │
├─────────────────────────────────────────────────────┼────────────────────┤
│     train/episode/rew action smoothness 1/mean      │       -1.369       │
├─────────────────────────────────────────────────────┼────────────────────┤
│     train/episode/rew action smoothness 2/mean      │       -3.548       │
├─────────────────────────────────────────────────────┼────────────────────┤
│      train/episode/rew raibert heuristic/mean       │       -7.674       │
├─────────────────────────────────────────────────────┼────────────────────┤
│     train/episode/rew orientation control/mean      │         0.         │
├─────────────────────────────────────────────────────┼────────────────────┤
│            train/episode/rew total/mean             │       1.979        │
├─────────────────────────────────────────────────────┼────────────────────┤
│       train/episode/min command duration/mean       │        0.5         │
├─────────────────────────────────────────────────────┼────────────────────┤
│       train/episode/max command duration/mean       │        0.5         │
├─────────────────────────────────────────────────────┼────────────────────┤
│        train/episode/min command bound/mean         │         0.         │
├─────────────────────────────────────────────────────┼────────────────────┤
│        train/episode/max command bound/mean         │         0.         │
├─────────────────────────────────────────────────────┼────────────────────┤
│        train/episode/min command offset/mean        │         0.         │
├─────────────────────────────────────────────────────┼────────────────────┤
│        train/episode/max command offset/mean        │         0.         │
├─────────────────────────────────────────────────────┼────────────────────┤
│        train/episode/min command phase/mean         │        0.5         │
├─────────────────────────────────────────────────────┼────────────────────┤
│        train/episode/max command phase/mean         │        0.5         │
├─────────────────────────────────────────────────────┼────────────────────┤
│         train/episode/min command freq/mean         │         2.         │
├─────────────────────────────────────────────────────┼────────────────────┤
│         train/episode/max command freq/mean         │       3.999        │
├─────────────────────────────────────────────────────┼────────────────────┤
│        train/episode/min command x vel/mean         │       -1.047       │
├─────────────────────────────────────────────────────┼────────────────────┤
│        train/episode/max command x vel/mean         │       1.048        │
├─────────────────────────────────────────────────────┼────────────────────┤
│        train/episode/min command y vel/mean         │        -0.2        │
├─────────────────────────────────────────────────────┼────────────────────┤
│        train/episode/max command y vel/mean         │        0.2         │
├─────────────────────────────────────────────────────┼────────────────────┤
│       train/episode/min command yaw vel/mean        │       -1.047       │
├─────────────────────────────────────────────────────┼────────────────────┤
│       train/episode/max command yaw vel/mean        │       1.047        │
├─────────────────────────────────────────────────────┼────────────────────┤
│     train/episode/min command swing height/mean     │        0.03        │
├─────────────────────────────────────────────────────┼────────────────────┤
│     train/episode/max command swing height/mean     │        0.35        │
├─────────────────────────────────────────────────────┼────────────────────┤
│        train/episode/command area trot/mean         │       0.274        │
├─────────────────────────────────────────────────────┼────────────────────┤
│            train/episode/min action/mean            │       -4.807       │
├─────────────────────────────────────────────────────┼────────────────────┤
│            train/episode/max action/mean            │       4.411        │
├─────────────────────────────────────────────────────┼────────────────────┤
│                  time elapsed/mean                  │       190.94       │
├─────────────────────────────────────────────────────┼────────────────────┤
│                   time iter/mean                    │       2.128        │
├─────────────────────────────────────────────────────┼────────────────────┤
│                mean value loss/mean                 │       0.001        │
├─────────────────────────────────────────────────────┼────────────────────┤
│              mean surrogate loss/mean               │       -0.024       │
├─────────────────────────────────────────────────────┼────────────────────┤
│               mean decoder loss/mean                │         0.         │
├─────────────────────────────────────────────────────┼────────────────────┤
│           mean decoder loss student/mean            │         0.         │
├─────────────────────────────────────────────────────┼────────────────────┤
│             mean decoder test loss/mean             │         0.         │
├─────────────────────────────────────────────────────┼────────────────────┤
│         mean decoder test loss student/mean         │         0.         │
├─────────────────────────────────────────────────────┼────────────────────┤
│                      timesteps                      │      8945664       │
├─────────────────────────────────────────────────────┼────────────────────┤
│                     iterations                      │         90         │
╘═════════════════════════════════════════════════════╧════════════════════╛

══════════════════════════════════════════
[33m        job         [0m
────────────────────┬─────────────────────
       status       │ running             
      runTime       │ 2025-05-29 22:59:44.560001
════════════════════╧═════════════════════
╒═════════════════════════════════════════════════════╤════════════════════╕
│       train/episode/rew tracking lin vel/mean       │       14.063       │
├─────────────────────────────────────────────────────┼────────────────────┤
│       train/episode/rew tracking ang vel/mean       │       4.469        │
├─────────────────────────────────────────────────────┼────────────────────┤
│          train/episode/rew lin vel z/mean           │       -0.035       │
├─────────────────────────────────────────────────────┼────────────────────┤
│          train/episode/rew ang vel xy/mean          │       -0.052       │
├─────────────────────────────────────────────────────┼────────────────────┤
│           train/episode/rew torques/mean            │       -2.532       │
├─────────────────────────────────────────────────────┼────────────────────┤
│           train/episode/rew dof vel/mean            │       -0.183       │
├─────────────────────────────────────────────────────┼────────────────────┤
│           train/episode/rew dof acc/mean            │       -1.558       │
├─────────────────────────────────────────────────────┼────────────────────┤
│          train/episode/rew collision/mean           │       -0.074       │
├─────────────────────────────────────────────────────┼────────────────────┤
│         train/episode/rew action rate/mean          │       -2.904       │
├─────────────────────────────────────────────────────┼────────────────────┤
│train/episode/rew tracking contacts shaped force/mean│       -9.682       │
├─────────────────────────────────────────────────────┼────────────────────┤
│ train/episode/rew tracking contacts shaped vel/mean │       -2.892       │
├─────────────────────────────────────────────────────┼────────────────────┤
│             train/episode/rew jump/mean             │       -4.861       │
├─────────────────────────────────────────────────────┼────────────────────┤
│        train/episode/rew dof pos limits/mean        │        -0.         │
├─────────────────────────────────────────────────────┼────────────────────┤
│          train/episode/rew feet slip/mean           │       -0.946       │
├─────────────────────────────────────────────────────┼────────────────────┤
│  train/episode/rew feet clearance cmd linear/mean   │      -10.061       │
├─────────────────────────────────────────────────────┼────────────────────┤
│     train/episode/rew action smoothness 1/mean      │       -1.297       │
├─────────────────────────────────────────────────────┼────────────────────┤
│     train/episode/rew action smoothness 2/mean      │       -3.268       │
├─────────────────────────────────────────────────────┼────────────────────┤
│      train/episode/rew raibert heuristic/mean       │       -7.069       │
├─────────────────────────────────────────────────────┼────────────────────┤
│     train/episode/rew orientation control/mean      │         0.         │
├─────────────────────────────────────────────────────┼────────────────────┤
│            train/episode/rew total/mean             │       2.666        │
├─────────────────────────────────────────────────────┼────────────────────┤
│       train/episode/min command duration/mean       │        0.5         │
├─────────────────────────────────────────────────────┼────────────────────┤
│       train/episode/max command duration/mean       │        0.5         │
├─────────────────────────────────────────────────────┼────────────────────┤
│        train/episode/min command bound/mean         │         0.         │
├─────────────────────────────────────────────────────┼────────────────────┤
│        train/episode/max command bound/mean         │         0.         │
├─────────────────────────────────────────────────────┼────────────────────┤
│        train/episode/min command offset/mean        │         0.         │
├─────────────────────────────────────────────────────┼────────────────────┤
│        train/episode/max command offset/mean        │         0.         │
├─────────────────────────────────────────────────────┼────────────────────┤
│        train/episode/min command phase/mean         │        0.5         │
├─────────────────────────────────────────────────────┼────────────────────┤
│        train/episode/max command phase/mean         │        0.5         │
├─────────────────────────────────────────────────────┼────────────────────┤
│         train/episode/min command freq/mean         │         2.         │
├─────────────────────────────────────────────────────┼────────────────────┤
│         train/episode/max command freq/mean         │         4.         │
├─────────────────────────────────────────────────────┼────────────────────┤
│        train/episode/min command x vel/mean         │       -1.047       │
├─────────────────────────────────────────────────────┼────────────────────┤
│        train/episode/max command x vel/mean         │       1.048        │
├─────────────────────────────────────────────────────┼────────────────────┤
│        train/episode/min command y vel/mean         │        -0.2        │
├─────────────────────────────────────────────────────┼────────────────────┤
│        train/episode/max command y vel/mean         │        0.2         │
├─────────────────────────────────────────────────────┼────────────────────┤
│       train/episode/min command yaw vel/mean        │       -1.047       │
├─────────────────────────────────────────────────────┼────────────────────┤
│       train/episode/max command yaw vel/mean        │       1.047        │
├─────────────────────────────────────────────────────┼────────────────────┤
│     train/episode/min command swing height/mean     │        0.03        │
├─────────────────────────────────────────────────────┼────────────────────┤
│     train/episode/max command swing height/mean     │        0.35        │
├─────────────────────────────────────────────────────┼────────────────────┤
│        train/episode/command area trot/mean         │       0.274        │
├─────────────────────────────────────────────────────┼────────────────────┤
│            train/episode/min action/mean            │       -4.716       │
├─────────────────────────────────────────────────────┼────────────────────┤
│            train/episode/max action/mean            │       4.305        │
├─────────────────────────────────────────────────────┼────────────────────┤
│                  time elapsed/mean                  │      211.815       │
├─────────────────────────────────────────────────────┼────────────────────┤
│                   time iter/mean                    │       2.066        │
├─────────────────────────────────────────────────────┼────────────────────┤
│                mean value loss/mean                 │         0.         │
├─────────────────────────────────────────────────────┼────────────────────┤
│              mean surrogate loss/mean               │       -0.022       │
├─────────────────────────────────────────────────────┼────────────────────┤
│               mean decoder loss/mean                │         0.         │
├─────────────────────────────────────────────────────┼────────────────────┤
│           mean decoder loss student/mean            │         0.         │
├─────────────────────────────────────────────────────┼────────────────────┤
│             mean decoder test loss/mean             │         0.         │
├─────────────────────────────────────────────────────┼────────────────────┤
│         mean decoder test loss student/mean         │         0.         │
├─────────────────────────────────────────────────────┼────────────────────┤
│                      timesteps                      │      9928704       │
├─────────────────────────────────────────────────────┼────────────────────┤
│                     iterations                      │        100         │
╘═════════════════════════════════════════════════════╧════════════════════╛

══════════════════════════════════════════
[33m        job         [0m
────────────────────┬─────────────────────
       status       │ running             
      runTime       │ 2025-05-29 23:00:05.196024
════════════════════╧═════════════════════
╒═════════════════════════════════════════════════════╤════════════════════╕
│       train/episode/rew tracking lin vel/mean       │       15.25        │
├─────────────────────────────────────────────────────┼────────────────────┤
│       train/episode/rew tracking ang vel/mean       │       4.787        │
├─────────────────────────────────────────────────────┼────────────────────┤
│          train/episode/rew lin vel z/mean           │       -0.033       │
├─────────────────────────────────────────────────────┼────────────────────┤
│          train/episode/rew ang vel xy/mean          │       -0.05        │
├─────────────────────────────────────────────────────┼────────────────────┤
│           train/episode/rew torques/mean            │       -2.522       │
├─────────────────────────────────────────────────────┼────────────────────┤
│           train/episode/rew dof vel/mean            │       -0.184       │
├─────────────────────────────────────────────────────┼────────────────────┤
│           train/episode/rew dof acc/mean            │       -1.49        │
├─────────────────────────────────────────────────────┼────────────────────┤
│          train/episode/rew collision/mean           │       -0.032       │
├─────────────────────────────────────────────────────┼────────────────────┤
│         train/episode/rew action rate/mean          │       -2.693       │
├─────────────────────────────────────────────────────┼────────────────────┤
│train/episode/rew tracking contacts shaped force/mean│       -8.648       │
├─────────────────────────────────────────────────────┼────────────────────┤
│ train/episode/rew tracking contacts shaped vel/mean │       -2.679       │
├─────────────────────────────────────────────────────┼────────────────────┤
│             train/episode/rew jump/mean             │       -5.329       │
├─────────────────────────────────────────────────────┼────────────────────┤
│        train/episode/rew dof pos limits/mean        │        -0.         │
├─────────────────────────────────────────────────────┼────────────────────┤
│          train/episode/rew feet slip/mean           │       -0.849       │
├─────────────────────────────────────────────────────┼────────────────────┤
│  train/episode/rew feet clearance cmd linear/mean   │      -10.029       │
├─────────────────────────────────────────────────────┼────────────────────┤
│     train/episode/rew action smoothness 1/mean      │       -1.196       │
├─────────────────────────────────────────────────────┼────────────────────┤
│     train/episode/rew action smoothness 2/mean      │       -2.937       │
├─────────────────────────────────────────────────────┼────────────────────┤
│      train/episode/rew raibert heuristic/mean       │       -6.386       │
├─────────────────────────────────────────────────────┼────────────────────┤
│     train/episode/rew orientation control/mean      │         0.         │
├─────────────────────────────────────────────────────┼────────────────────┤
│            train/episode/rew total/mean             │       3.237        │
├─────────────────────────────────────────────────────┼────────────────────┤
│       train/episode/min command duration/mean       │        0.5         │
├─────────────────────────────────────────────────────┼────────────────────┤
│       train/episode/max command duration/mean       │        0.5         │
├─────────────────────────────────────────────────────┼────────────────────┤
│        train/episode/min command bound/mean         │         0.         │
├─────────────────────────────────────────────────────┼────────────────────┤
│        train/episode/max command bound/mean         │         0.         │
├─────────────────────────────────────────────────────┼────────────────────┤
│        train/episode/min command offset/mean        │         0.         │
├─────────────────────────────────────────────────────┼────────────────────┤
│        train/episode/max command offset/mean        │         0.         │
├─────────────────────────────────────────────────────┼────────────────────┤
│        train/episode/min command phase/mean         │        0.5         │
├─────────────────────────────────────────────────────┼────────────────────┤
│        train/episode/max command phase/mean         │        0.5         │
├─────────────────────────────────────────────────────┼────────────────────┤
│         train/episode/min command freq/mean         │         2.         │
├─────────────────────────────────────────────────────┼────────────────────┤
│         train/episode/max command freq/mean         │       3.999        │
├─────────────────────────────────────────────────────┼────────────────────┤
│        train/episode/min command x vel/mean         │       -1.047       │
├─────────────────────────────────────────────────────┼────────────────────┤
│        train/episode/max command x vel/mean         │       1.048        │
├─────────────────────────────────────────────────────┼────────────────────┤
│        train/episode/min command y vel/mean         │        -0.2        │
├─────────────────────────────────────────────────────┼────────────────────┤
│        train/episode/max command y vel/mean         │        0.2         │
├─────────────────────────────────────────────────────┼────────────────────┤
│       train/episode/min command yaw vel/mean        │       -1.046       │
├─────────────────────────────────────────────────────┼────────────────────┤
│       train/episode/max command yaw vel/mean        │       1.047        │
├─────────────────────────────────────────────────────┼────────────────────┤
│     train/episode/min command swing height/mean     │        0.03        │
├─────────────────────────────────────────────────────┼────────────────────┤
│     train/episode/max command swing height/mean     │        0.35        │
├─────────────────────────────────────────────────────┼────────────────────┤
│        train/episode/command area trot/mean         │       0.274        │
├─────────────────────────────────────────────────────┼────────────────────┤
│            train/episode/min action/mean            │       -4.616       │
├─────────────────────────────────────────────────────┼────────────────────┤
│            train/episode/max action/mean            │       4.155        │
├─────────────────────────────────────────────────────┼────────────────────┤
│                  time elapsed/mean                  │      232.534       │
├─────────────────────────────────────────────────────┼────────────────────┤
│                   time iter/mean                    │       2.067        │
├─────────────────────────────────────────────────────┼────────────────────┤
│                mean value loss/mean                 │       0.001        │
├─────────────────────────────────────────────────────┼────────────────────┤
│              mean surrogate loss/mean               │       -0.021       │
├─────────────────────────────────────────────────────┼────────────────────┤
│               mean decoder loss/mean                │         0.         │
├─────────────────────────────────────────────────────┼────────────────────┤
│           mean decoder loss student/mean            │         0.         │
├─────────────────────────────────────────────────────┼────────────────────┤
│             mean decoder test loss/mean             │         0.         │
├─────────────────────────────────────────────────────┼────────────────────┤
│         mean decoder test loss student/mean         │         0.         │
├─────────────────────────────────────────────────────┼────────────────────┤
│                      timesteps                      │      10911744      │
├─────────────────────────────────────────────────────┼────────────────────┤
│                     iterations                      │        110         │
╘═════════════════════════════════════════════════════╧════════════════════╛

══════════════════════════════════════════
[33m        job         [0m
────────────────────┬─────────────────────
       status       │ running             
      runTime       │ 2025-05-29 23:00:25.865885
════════════════════╧═════════════════════
╒═════════════════════════════════════════════════════╤════════════════════╕
│       train/episode/rew tracking lin vel/mean       │       15.947       │
├─────────────────────────────────────────────────────┼────────────────────┤
│       train/episode/rew tracking ang vel/mean       │       5.002        │
├─────────────────────────────────────────────────────┼────────────────────┤
│          train/episode/rew lin vel z/mean           │       -0.03        │
├─────────────────────────────────────────────────────┼────────────────────┤
│          train/episode/rew ang vel xy/mean          │       -0.047       │
├─────────────────────────────────────────────────────┼────────────────────┤
│           train/episode/rew torques/mean            │       -2.496       │
├─────────────────────────────────────────────────────┼────────────────────┤
│           train/episode/rew dof vel/mean            │       -0.18        │
├─────────────────────────────────────────────────────┼────────────────────┤
│           train/episode/rew dof acc/mean            │       -1.389       │
├─────────────────────────────────────────────────────┼────────────────────┤
│          train/episode/rew collision/mean           │       -0.047       │
├─────────────────────────────────────────────────────┼────────────────────┤
│         train/episode/rew action rate/mean          │       -2.462       │
├─────────────────────────────────────────────────────┼────────────────────┤
│train/episode/rew tracking contacts shaped force/mean│       -7.755       │
├─────────────────────────────────────────────────────┼────────────────────┤
│ train/episode/rew tracking contacts shaped vel/mean │       -2.393       │
├─────────────────────────────────────────────────────┼────────────────────┤
│             train/episode/rew jump/mean             │       -5.091       │
├─────────────────────────────────────────────────────┼────────────────────┤
│        train/episode/rew dof pos limits/mean        │        -0.         │
├─────────────────────────────────────────────────────┼────────────────────┤
│          train/episode/rew feet slip/mean           │       -0.721       │
├─────────────────────────────────────────────────────┼────────────────────┤
│  train/episode/rew feet clearance cmd linear/mean   │       -9.53        │
├─────────────────────────────────────────────────────┼────────────────────┤
│     train/episode/rew action smoothness 1/mean      │       -1.087       │
├─────────────────────────────────────────────────────┼────────────────────┤
│     train/episode/rew action smoothness 2/mean      │       -2.594       │
├─────────────────────────────────────────────────────┼────────────────────┤
│      train/episode/rew raibert heuristic/mean       │       -5.549       │
├─────────────────────────────────────────────────────┼────────────────────┤
│     train/episode/rew orientation control/mean      │         0.         │
├─────────────────────────────────────────────────────┼────────────────────┤
│            train/episode/rew total/mean             │       3.922        │
├─────────────────────────────────────────────────────┼────────────────────┤
│       train/episode/min command duration/mean       │        0.5         │
├─────────────────────────────────────────────────────┼────────────────────┤
│       train/episode/max command duration/mean       │        0.5         │
├─────────────────────────────────────────────────────┼────────────────────┤
│        train/episode/min command bound/mean         │         0.         │
├─────────────────────────────────────────────────────┼────────────────────┤
│        train/episode/max command bound/mean         │         0.         │
├─────────────────────────────────────────────────────┼────────────────────┤
│        train/episode/min command offset/mean        │         0.         │
├─────────────────────────────────────────────────────┼────────────────────┤
│        train/episode/max command offset/mean        │         0.         │
├─────────────────────────────────────────────────────┼────────────────────┤
│        train/episode/min command phase/mean         │        0.5         │
├─────────────────────────────────────────────────────┼────────────────────┤
│        train/episode/max command phase/mean         │        0.5         │
├─────────────────────────────────────────────────────┼────────────────────┤
│         train/episode/min command freq/mean         │         2.         │
├─────────────────────────────────────────────────────┼────────────────────┤
│         train/episode/max command freq/mean         │       3.999        │
├─────────────────────────────────────────────────────┼────────────────────┤
│        train/episode/min command x vel/mean         │       -1.047       │
├─────────────────────────────────────────────────────┼────────────────────┤
│        train/episode/max command x vel/mean         │       1.047        │
├─────────────────────────────────────────────────────┼────────────────────┤
│        train/episode/min command y vel/mean         │        -0.2        │
├─────────────────────────────────────────────────────┼────────────────────┤
│        train/episode/max command y vel/mean         │        0.2         │
├─────────────────────────────────────────────────────┼────────────────────┤
│       train/episode/min command yaw vel/mean        │       -1.046       │
├─────────────────────────────────────────────────────┼────────────────────┤
│       train/episode/max command yaw vel/mean        │       1.047        │
├─────────────────────────────────────────────────────┼────────────────────┤
│     train/episode/min command swing height/mean     │        0.03        │
├─────────────────────────────────────────────────────┼────────────────────┤
│     train/episode/max command swing height/mean     │        0.35        │
├─────────────────────────────────────────────────────┼────────────────────┤
│        train/episode/command area trot/mean         │       0.274        │
├─────────────────────────────────────────────────────┼────────────────────┤
│            train/episode/min action/mean            │       -4.584       │
├─────────────────────────────────────────────────────┼────────────────────┤
│            train/episode/max action/mean            │       4.062        │
├─────────────────────────────────────────────────────┼────────────────────┤
│                  time elapsed/mean                  │      253.089       │
├─────────────────────────────────────────────────────┼────────────────────┤
│                   time iter/mean                    │       2.048        │
├─────────────────────────────────────────────────────┼────────────────────┤
│                mean value loss/mean                 │       0.001        │
├─────────────────────────────────────────────────────┼────────────────────┤
│              mean surrogate loss/mean               │       -0.019       │
├─────────────────────────────────────────────────────┼────────────────────┤
│               mean decoder loss/mean                │         0.         │
├─────────────────────────────────────────────────────┼────────────────────┤
│           mean decoder loss student/mean            │         0.         │
├─────────────────────────────────────────────────────┼────────────────────┤
│             mean decoder test loss/mean             │         0.         │
├─────────────────────────────────────────────────────┼────────────────────┤
│         mean decoder test loss student/mean         │         0.         │
├─────────────────────────────────────────────────────┼────────────────────┤
│                      timesteps                      │      11894784      │
├─────────────────────────────────────────────────────┼────────────────────┤
│                     iterations                      │        120         │
╘═════════════════════════════════════════════════════╧════════════════════╛

══════════════════════════════════════════
[33m        job         [0m
────────────────────┬─────────────────────
       status       │ running             
      runTime       │ 2025-05-29 23:00:46.347438
════════════════════╧═════════════════════
╒═════════════════════════════════════════════════════╤════════════════════╕
│       train/episode/rew tracking lin vel/mean       │       16.059       │
├─────────────────────────────────────────────────────┼────────────────────┤
│       train/episode/rew tracking ang vel/mean       │       5.121        │
├─────────────────────────────────────────────────────┼────────────────────┤
│          train/episode/rew lin vel z/mean           │       -0.028       │
├─────────────────────────────────────────────────────┼────────────────────┤
│          train/episode/rew ang vel xy/mean          │       -0.043       │
├─────────────────────────────────────────────────────┼────────────────────┤
│           train/episode/rew torques/mean            │       -2.418       │
├─────────────────────────────────────────────────────┼────────────────────┤
│           train/episode/rew dof vel/mean            │       -0.174       │
├─────────────────────────────────────────────────────┼────────────────────┤
│           train/episode/rew dof acc/mean            │       -1.288       │
├─────────────────────────────────────────────────────┼────────────────────┤
│          train/episode/rew collision/mean           │       -0.03        │
├─────────────────────────────────────────────────────┼────────────────────┤
│         train/episode/rew action rate/mean          │       -2.221       │
├─────────────────────────────────────────────────────┼────────────────────┤
│train/episode/rew tracking contacts shaped force/mean│       -6.736       │
├─────────────────────────────────────────────────────┼────────────────────┤
│ train/episode/rew tracking contacts shaped vel/mean │       -2.217       │
├─────────────────────────────────────────────────────┼────────────────────┤
│             train/episode/rew jump/mean             │       -4.964       │
├─────────────────────────────────────────────────────┼────────────────────┤
│        train/episode/rew dof pos limits/mean        │        -0.         │
├─────────────────────────────────────────────────────┼────────────────────┤
│          train/episode/rew feet slip/mean           │       -0.605       │
├─────────────────────────────────────────────────────┼────────────────────┤
│  train/episode/rew feet clearance cmd linear/mean   │       -9.095       │
├─────────────────────────────────────────────────────┼────────────────────┤
│     train/episode/rew action smoothness 1/mean      │       -0.975       │
├─────────────────────────────────────────────────────┼────────────────────┤
│     train/episode/rew action smoothness 2/mean      │       -2.271       │
├─────────────────────────────────────────────────────┼────────────────────┤
│      train/episode/rew raibert heuristic/mean       │       -5.342       │
├─────────────────────────────────────────────────────┼────────────────────┤
│     train/episode/rew orientation control/mean      │         0.         │
├─────────────────────────────────────────────────────┼────────────────────┤
│            train/episode/rew total/mean             │       4.375        │
├─────────────────────────────────────────────────────┼────────────────────┤
│       train/episode/min command duration/mean       │        0.5         │
├─────────────────────────────────────────────────────┼────────────────────┤
│       train/episode/max command duration/mean       │        0.5         │
├─────────────────────────────────────────────────────┼────────────────────┤
│        train/episode/min command bound/mean         │         0.         │
├─────────────────────────────────────────────────────┼────────────────────┤
│        train/episode/max command bound/mean         │         0.         │
├─────────────────────────────────────────────────────┼────────────────────┤
│        train/episode/min command offset/mean        │         0.         │
├─────────────────────────────────────────────────────┼────────────────────┤
│        train/episode/max command offset/mean        │         0.         │
├─────────────────────────────────────────────────────┼────────────────────┤
│        train/episode/min command phase/mean         │        0.5         │
├─────────────────────────────────────────────────────┼────────────────────┤
│        train/episode/max command phase/mean         │        0.5         │
├─────────────────────────────────────────────────────┼────────────────────┤
│         train/episode/min command freq/mean         │       2.001        │
├─────────────────────────────────────────────────────┼────────────────────┤
│         train/episode/max command freq/mean         │         4.         │
├─────────────────────────────────────────────────────┼────────────────────┤
│        train/episode/min command x vel/mean         │       -1.047       │
├─────────────────────────────────────────────────────┼────────────────────┤
│        train/episode/max command x vel/mean         │       1.047        │
├─────────────────────────────────────────────────────┼────────────────────┤
│        train/episode/min command y vel/mean         │        -0.2        │
├─────────────────────────────────────────────────────┼────────────────────┤
│        train/episode/max command y vel/mean         │        0.2         │
├─────────────────────────────────────────────────────┼────────────────────┤
│       train/episode/min command yaw vel/mean        │       -1.046       │
├─────────────────────────────────────────────────────┼────────────────────┤
│       train/episode/max command yaw vel/mean        │       1.047        │
├─────────────────────────────────────────────────────┼────────────────────┤
│     train/episode/min command swing height/mean     │        0.03        │
├─────────────────────────────────────────────────────┼────────────────────┤
│     train/episode/max command swing height/mean     │        0.35        │
├─────────────────────────────────────────────────────┼────────────────────┤
│        train/episode/command area trot/mean         │       0.274        │
├─────────────────────────────────────────────────────┼────────────────────┤
│            train/episode/min action/mean            │       -4.533       │
├─────────────────────────────────────────────────────┼────────────────────┤
│            train/episode/max action/mean            │       4.064        │
├─────────────────────────────────────────────────────┼────────────────────┤
│                  time elapsed/mean                  │      273.743       │
├─────────────────────────────────────────────────────┼────────────────────┤
│                   time iter/mean                    │       2.099        │
├─────────────────────────────────────────────────────┼────────────────────┤
│                mean value loss/mean                 │       0.001        │
├─────────────────────────────────────────────────────┼────────────────────┤
│              mean surrogate loss/mean               │       -0.017       │
├─────────────────────────────────────────────────────┼────────────────────┤
│               mean decoder loss/mean                │         0.         │
├─────────────────────────────────────────────────────┼────────────────────┤
│           mean decoder loss student/mean            │         0.         │
├─────────────────────────────────────────────────────┼────────────────────┤
│             mean decoder test loss/mean             │         0.         │
├─────────────────────────────────────────────────────┼────────────────────┤
│         mean decoder test loss student/mean         │         0.         │
├─────────────────────────────────────────────────────┼────────────────────┤
│                      timesteps                      │      12877824      │
├─────────────────────────────────────────────────────┼────────────────────┤
│                     iterations                      │        130         │
╘═════════════════════════════════════════════════════╧════════════════════╛

══════════════════════════════════════════
[33m        job         [0m
────────────────────┬─────────────────────
       status       │ running             
      runTime       │ 2025-05-29 23:01:07.336196
════════════════════╧═════════════════════
╒═════════════════════════════════════════════════════╤════════════════════╕
│       train/episode/rew tracking lin vel/mean       │       16.305       │
├─────────────────────────────────────────────────────┼────────────────────┤
│       train/episode/rew tracking ang vel/mean       │       5.351        │
├─────────────────────────────────────────────────────┼────────────────────┤
│          train/episode/rew lin vel z/mean           │       -0.026       │
├─────────────────────────────────────────────────────┼────────────────────┤
│          train/episode/rew ang vel xy/mean          │       -0.041       │
├─────────────────────────────────────────────────────┼────────────────────┤
│           train/episode/rew torques/mean            │       -2.387       │
├─────────────────────────────────────────────────────┼────────────────────┤
│           train/episode/rew dof vel/mean            │       -0.172       │
├─────────────────────────────────────────────────────┼────────────────────┤
│           train/episode/rew dof acc/mean            │       -1.219       │
├─────────────────────────────────────────────────────┼────────────────────┤
│          train/episode/rew collision/mean           │       -0.009       │
├─────────────────────────────────────────────────────┼────────────────────┤
│         train/episode/rew action rate/mean          │       -2.064       │
├─────────────────────────────────────────────────────┼────────────────────┤
│train/episode/rew tracking contacts shaped force/mean│       -6.141       │
├─────────────────────────────────────────────────────┼────────────────────┤
│ train/episode/rew tracking contacts shaped vel/mean │       -2.072       │
├─────────────────────────────────────────────────────┼────────────────────┤
│             train/episode/rew jump/mean             │       -5.053       │
├─────────────────────────────────────────────────────┼────────────────────┤
│        train/episode/rew dof pos limits/mean        │        -0.         │
├─────────────────────────────────────────────────────┼────────────────────┤
│          train/episode/rew feet slip/mean           │       -0.528       │
├─────────────────────────────────────────────────────┼────────────────────┤
│  train/episode/rew feet clearance cmd linear/mean   │       -8.493       │
├─────────────────────────────────────────────────────┼────────────────────┤
│     train/episode/rew action smoothness 1/mean      │       -0.902       │
├─────────────────────────────────────────────────────┼────────────────────┤
│     train/episode/rew action smoothness 2/mean      │       -2.046       │
├─────────────────────────────────────────────────────┼────────────────────┤
│      train/episode/rew raibert heuristic/mean       │       -4.813       │
├─────────────────────────────────────────────────────┼────────────────────┤
│     train/episode/rew orientation control/mean      │         0.         │
├─────────────────────────────────────────────────────┼────────────────────┤
│            train/episode/rew total/mean             │       4.857        │
├─────────────────────────────────────────────────────┼────────────────────┤
│       train/episode/min command duration/mean       │        0.5         │
├─────────────────────────────────────────────────────┼────────────────────┤
│       train/episode/max command duration/mean       │        0.5         │
├─────────────────────────────────────────────────────┼────────────────────┤
│        train/episode/min command bound/mean         │         0.         │
├─────────────────────────────────────────────────────┼────────────────────┤
│        train/episode/max command bound/mean         │         0.         │
├─────────────────────────────────────────────────────┼────────────────────┤
│        train/episode/min command offset/mean        │         0.         │
├─────────────────────────────────────────────────────┼────────────────────┤
│        train/episode/max command offset/mean        │         0.         │
├─────────────────────────────────────────────────────┼────────────────────┤
│        train/episode/min command phase/mean         │        0.5         │
├─────────────────────────────────────────────────────┼────────────────────┤
│        train/episode/max command phase/mean         │        0.5         │
├─────────────────────────────────────────────────────┼────────────────────┤
│         train/episode/min command freq/mean         │       2.001        │
├─────────────────────────────────────────────────────┼────────────────────┤
│         train/episode/max command freq/mean         │         4.         │
├─────────────────────────────────────────────────────┼────────────────────┤
│        train/episode/min command x vel/mean         │       -1.047       │
├─────────────────────────────────────────────────────┼────────────────────┤
│        train/episode/max command x vel/mean         │       1.047        │
├─────────────────────────────────────────────────────┼────────────────────┤
│        train/episode/min command y vel/mean         │        -0.2        │
├─────────────────────────────────────────────────────┼────────────────────┤
│        train/episode/max command y vel/mean         │        0.2         │
├─────────────────────────────────────────────────────┼────────────────────┤
│       train/episode/min command yaw vel/mean        │       -1.046       │
├─────────────────────────────────────────────────────┼────────────────────┤
│       train/episode/max command yaw vel/mean        │       1.047        │
├─────────────────────────────────────────────────────┼────────────────────┤
│     train/episode/min command swing height/mean     │        0.03        │
├─────────────────────────────────────────────────────┼────────────────────┤
│     train/episode/max command swing height/mean     │        0.35        │
├─────────────────────────────────────────────────────┼────────────────────┤
│        train/episode/command area trot/mean         │       0.274        │
├─────────────────────────────────────────────────────┼────────────────────┤
│            train/episode/min action/mean            │       -4.605       │
├─────────────────────────────────────────────────────┼────────────────────┤
│            train/episode/max action/mean            │       4.053        │
├─────────────────────────────────────────────────────┼────────────────────┤
│                  time elapsed/mean                  │      294.561       │
├─────────────────────────────────────────────────────┼────────────────────┤
│                   time iter/mean                    │       2.053        │
├─────────────────────────────────────────────────────┼────────────────────┤
│                mean value loss/mean                 │       0.001        │
├─────────────────────────────────────────────────────┼────────────────────┤
│              mean surrogate loss/mean               │       -0.016       │
├─────────────────────────────────────────────────────┼────────────────────┤
│               mean decoder loss/mean                │         0.         │
├─────────────────────────────────────────────────────┼────────────────────┤
│           mean decoder loss student/mean            │         0.         │
├─────────────────────────────────────────────────────┼────────────────────┤
│             mean decoder test loss/mean             │         0.         │
├─────────────────────────────────────────────────────┼────────────────────┤
│         mean decoder test loss student/mean         │         0.         │
├─────────────────────────────────────────────────────┼────────────────────┤
│                      timesteps                      │      13860864      │
├─────────────────────────────────────────────────────┼────────────────────┤
│                     iterations                      │        140         │
╘═════════════════════════════════════════════════════╧════════════════════╛

══════════════════════════════════════════
[33m        job         [0m
────────────────────┬─────────────────────
       status       │ running             
      runTime       │ 2025-05-29 23:01:27.862461
════════════════════╧═════════════════════
╒═════════════════════════════════════════════════════╤════════════════════╕
│       train/episode/rew tracking lin vel/mean       │       16.701       │
├─────────────────────────────────────────────────────┼────────────────────┤
│       train/episode/rew tracking ang vel/mean       │       5.684        │
├─────────────────────────────────────────────────────┼────────────────────┤
│          train/episode/rew lin vel z/mean           │       -0.025       │
├─────────────────────────────────────────────────────┼────────────────────┤
│          train/episode/rew ang vel xy/mean          │       -0.039       │
├─────────────────────────────────────────────────────┼────────────────────┤
│           train/episode/rew torques/mean            │       -2.391       │
├─────────────────────────────────────────────────────┼────────────────────┤
│           train/episode/rew dof vel/mean            │       -0.175       │
├─────────────────────────────────────────────────────┼────────────────────┤
│           train/episode/rew dof acc/mean            │        -1.2        │
├─────────────────────────────────────────────────────┼────────────────────┤
│          train/episode/rew collision/mean           │       -0.006       │
├─────────────────────────────────────────────────────┼────────────────────┤
│         train/episode/rew action rate/mean          │       -1.974       │
├─────────────────────────────────────────────────────┼────────────────────┤
│train/episode/rew tracking contacts shaped force/mean│       -5.629       │
├─────────────────────────────────────────────────────┼────────────────────┤
│ train/episode/rew tracking contacts shaped vel/mean │       -2.051       │
├─────────────────────────────────────────────────────┼────────────────────┤
│             train/episode/rew jump/mean             │       -4.993       │
├─────────────────────────────────────────────────────┼────────────────────┤
│        train/episode/rew dof pos limits/mean        │        -0.         │
├─────────────────────────────────────────────────────┼────────────────────┤
│          train/episode/rew feet slip/mean           │       -0.476       │
├─────────────────────────────────────────────────────┼────────────────────┤
│  train/episode/rew feet clearance cmd linear/mean   │       -8.047       │
├─────────────────────────────────────────────────────┼────────────────────┤
│     train/episode/rew action smoothness 1/mean      │       -0.86        │
├─────────────────────────────────────────────────────┼────────────────────┤
│     train/episode/rew action smoothness 2/mean      │       -1.902       │
├─────────────────────────────────────────────────────┼────────────────────┤
│      train/episode/rew raibert heuristic/mean       │       -4.522       │
├─────────────────────────────────────────────────────┼────────────────────┤
│     train/episode/rew orientation control/mean      │         0.         │
├─────────────────────────────────────────────────────┼────────────────────┤
│            train/episode/rew total/mean             │       5.449        │
├─────────────────────────────────────────────────────┼────────────────────┤
│       train/episode/min command duration/mean       │        0.5         │
├─────────────────────────────────────────────────────┼────────────────────┤
│       train/episode/max command duration/mean       │        0.5         │
├─────────────────────────────────────────────────────┼────────────────────┤
│        train/episode/min command bound/mean         │         0.         │
├─────────────────────────────────────────────────────┼────────────────────┤
│        train/episode/max command bound/mean         │         0.         │
├─────────────────────────────────────────────────────┼────────────────────┤
│        train/episode/min command offset/mean        │         0.         │
├─────────────────────────────────────────────────────┼────────────────────┤
│        train/episode/max command offset/mean        │         0.         │
├─────────────────────────────────────────────────────┼────────────────────┤
│        train/episode/min command phase/mean         │        0.5         │
├─────────────────────────────────────────────────────┼────────────────────┤
│        train/episode/max command phase/mean         │        0.5         │
├─────────────────────────────────────────────────────┼────────────────────┤
│         train/episode/min command freq/mean         │         2.         │
├─────────────────────────────────────────────────────┼────────────────────┤
│         train/episode/max command freq/mean         │         4.         │
├─────────────────────────────────────────────────────┼────────────────────┤
│        train/episode/min command x vel/mean         │       -1.047       │
├─────────────────────────────────────────────────────┼────────────────────┤
│        train/episode/max command x vel/mean         │       1.047        │
├─────────────────────────────────────────────────────┼────────────────────┤
│        train/episode/min command y vel/mean         │        -0.2        │
├─────────────────────────────────────────────────────┼────────────────────┤
│        train/episode/max command y vel/mean         │        0.2         │
├─────────────────────────────────────────────────────┼────────────────────┤
│       train/episode/min command yaw vel/mean        │       -1.047       │
├─────────────────────────────────────────────────────┼────────────────────┤
│       train/episode/max command yaw vel/mean        │       1.047        │
├─────────────────────────────────────────────────────┼────────────────────┤
│     train/episode/min command swing height/mean     │        0.03        │
├─────────────────────────────────────────────────────┼────────────────────┤
│     train/episode/max command swing height/mean     │        0.35        │
├─────────────────────────────────────────────────────┼────────────────────┤
│        train/episode/command area trot/mean         │       0.274        │
├─────────────────────────────────────────────────────┼────────────────────┤
│            train/episode/min action/mean            │       -4.651       │
├─────────────────────────────────────────────────────┼────────────────────┤
│            train/episode/max action/mean            │       4.084        │
├─────────────────────────────────────────────────────┼────────────────────┤
│                  time elapsed/mean                  │      315.124       │
├─────────────────────────────────────────────────────┼────────────────────┤
│                   time iter/mean                    │       2.068        │
├─────────────────────────────────────────────────────┼────────────────────┤
│                mean value loss/mean                 │       0.001        │
├─────────────────────────────────────────────────────┼────────────────────┤
│              mean surrogate loss/mean               │       -0.015       │
├─────────────────────────────────────────────────────┼────────────────────┤
│               mean decoder loss/mean                │         0.         │
├─────────────────────────────────────────────────────┼────────────────────┤
│           mean decoder loss student/mean            │         0.         │
├─────────────────────────────────────────────────────┼────────────────────┤
│             mean decoder test loss/mean             │         0.         │
├─────────────────────────────────────────────────────┼────────────────────┤
│         mean decoder test loss student/mean         │         0.         │
├─────────────────────────────────────────────────────┼────────────────────┤
│                      timesteps                      │      14843904      │
├─────────────────────────────────────────────────────┼────────────────────┤
│                     iterations                      │        150         │
╘═════════════════════════════════════════════════════╧════════════════════╛

══════════════════════════════════════════
[33m        job         [0m
────────────────────┬─────────────────────
       status       │ running             
      runTime       │ 2025-05-29 23:01:48.542439
════════════════════╧═════════════════════
╒═════════════════════════════════════════════════════╤════════════════════╕
│       train/episode/rew tracking lin vel/mean       │       16.91        │
├─────────────────────────────────────────────────────┼────────────────────┤
│       train/episode/rew tracking ang vel/mean       │       5.958        │
├─────────────────────────────────────────────────────┼────────────────────┤
│          train/episode/rew lin vel z/mean           │       -0.023       │
├─────────────────────────────────────────────────────┼────────────────────┤
│          train/episode/rew ang vel xy/mean          │       -0.037       │
├─────────────────────────────────────────────────────┼────────────────────┤
│           train/episode/rew torques/mean            │       -2.427       │
├─────────────────────────────────────────────────────┼────────────────────┤
│           train/episode/rew dof vel/mean            │       -0.173       │
├─────────────────────────────────────────────────────┼────────────────────┤
│           train/episode/rew dof acc/mean            │       -1.158       │
├─────────────────────────────────────────────────────┼────────────────────┤
│          train/episode/rew collision/mean           │       -0.008       │
├─────────────────────────────────────────────────────┼────────────────────┤
│         train/episode/rew action rate/mean          │       -1.875       │
├─────────────────────────────────────────────────────┼────────────────────┤
│train/episode/rew tracking contacts shaped force/mean│       -5.29        │
├─────────────────────────────────────────────────────┼────────────────────┤
│ train/episode/rew tracking contacts shaped vel/mean │       -1.96        │
├─────────────────────────────────────────────────────┼────────────────────┤
│             train/episode/rew jump/mean             │       -5.025       │
├─────────────────────────────────────────────────────┼────────────────────┤
│        train/episode/rew dof pos limits/mean        │        -0.         │
├─────────────────────────────────────────────────────┼────────────────────┤
│          train/episode/rew feet slip/mean           │       -0.422       │
├─────────────────────────────────────────────────────┼────────────────────┤
│  train/episode/rew feet clearance cmd linear/mean   │       -7.721       │
├─────────────────────────────────────────────────────┼────────────────────┤
│     train/episode/rew action smoothness 1/mean      │       -0.815       │
├─────────────────────────────────────────────────────┼────────────────────┤
│     train/episode/rew action smoothness 2/mean      │       -1.756       │
├─────────────────────────────────────────────────────┼────────────────────┤
│      train/episode/rew raibert heuristic/mean       │       -4.282       │
├─────────────────────────────────────────────────────┼────────────────────┤
│     train/episode/rew orientation control/mean      │         0.         │
├─────────────────────────────────────────────────────┼────────────────────┤
│            train/episode/rew total/mean             │       5.819        │
├─────────────────────────────────────────────────────┼────────────────────┤
│       train/episode/min command duration/mean       │        0.5         │
├─────────────────────────────────────────────────────┼────────────────────┤
│       train/episode/max command duration/mean       │        0.5         │
├─────────────────────────────────────────────────────┼────────────────────┤
│        train/episode/min command bound/mean         │         0.         │
├─────────────────────────────────────────────────────┼────────────────────┤
│        train/episode/max command bound/mean         │         0.         │
├─────────────────────────────────────────────────────┼────────────────────┤
│        train/episode/min command offset/mean        │         0.         │
├─────────────────────────────────────────────────────┼────────────────────┤
│        train/episode/max command offset/mean        │         0.         │
├─────────────────────────────────────────────────────┼────────────────────┤
│        train/episode/min command phase/mean         │        0.5         │
├─────────────────────────────────────────────────────┼────────────────────┤
│        train/episode/max command phase/mean         │        0.5         │
├─────────────────────────────────────────────────────┼────────────────────┤
│         train/episode/min command freq/mean         │         2.         │
├─────────────────────────────────────────────────────┼────────────────────┤
│         train/episode/max command freq/mean         │       3.999        │
├─────────────────────────────────────────────────────┼────────────────────┤
│        train/episode/min command x vel/mean         │       -1.047       │
├─────────────────────────────────────────────────────┼────────────────────┤
│        train/episode/max command x vel/mean         │       1.046        │
├─────────────────────────────────────────────────────┼────────────────────┤
│        train/episode/min command y vel/mean         │        -0.2        │
├─────────────────────────────────────────────────────┼────────────────────┤
│        train/episode/max command y vel/mean         │        0.2         │
├─────────────────────────────────────────────────────┼────────────────────┤
│       train/episode/min command yaw vel/mean        │       -1.047       │
├─────────────────────────────────────────────────────┼────────────────────┤
│       train/episode/max command yaw vel/mean        │       1.048        │
├─────────────────────────────────────────────────────┼────────────────────┤
│     train/episode/min command swing height/mean     │        0.03        │
├─────────────────────────────────────────────────────┼────────────────────┤
│     train/episode/max command swing height/mean     │        0.35        │
├─────────────────────────────────────────────────────┼────────────────────┤
│        train/episode/command area trot/mean         │       0.274        │
├─────────────────────────────────────────────────────┼────────────────────┤
│            train/episode/min action/mean            │       -4.71        │
├─────────────────────────────────────────────────────┼────────────────────┤
│            train/episode/max action/mean            │       4.186        │
├─────────────────────────────────────────────────────┼────────────────────┤
│                  time elapsed/mean                  │       335.85       │
├─────────────────────────────────────────────────────┼────────────────────┤
│                   time iter/mean                    │       2.064        │
├─────────────────────────────────────────────────────┼────────────────────┤
│                mean value loss/mean                 │       0.001        │
├─────────────────────────────────────────────────────┼────────────────────┤
│              mean surrogate loss/mean               │       -0.015       │
├─────────────────────────────────────────────────────┼────────────────────┤
│               mean decoder loss/mean                │         0.         │
├─────────────────────────────────────────────────────┼────────────────────┤
│           mean decoder loss student/mean            │         0.         │
├─────────────────────────────────────────────────────┼────────────────────┤
│             mean decoder test loss/mean             │         0.         │
├─────────────────────────────────────────────────────┼────────────────────┤
│         mean decoder test loss student/mean         │         0.         │
├─────────────────────────────────────────────────────┼────────────────────┤
│                      timesteps                      │      15826944      │
├─────────────────────────────────────────────────────┼────────────────────┤
│                     iterations                      │        160         │
╘═════════════════════════════════════════════════════╧════════════════════╛

══════════════════════════════════════════
[33m        job         [0m
────────────────────┬─────────────────────
       status       │ running             
      runTime       │ 2025-05-29 23:02:09.181477
════════════════════╧═════════════════════
╒═════════════════════════════════════════════════════╤════════════════════╕
│       train/episode/rew tracking lin vel/mean       │       16.983       │
├─────────────────────────────────────────────────────┼────────────────────┤
│       train/episode/rew tracking ang vel/mean       │       6.215        │
├─────────────────────────────────────────────────────┼────────────────────┤
│          train/episode/rew lin vel z/mean           │       -0.023       │
├─────────────────────────────────────────────────────┼────────────────────┤
│          train/episode/rew ang vel xy/mean          │       -0.035       │
├─────────────────────────────────────────────────────┼────────────────────┤
│           train/episode/rew torques/mean            │       -2.414       │
├─────────────────────────────────────────────────────┼────────────────────┤
│           train/episode/rew dof vel/mean            │       -0.172       │
├─────────────────────────────────────────────────────┼────────────────────┤
│           train/episode/rew dof acc/mean            │       -1.111       │
├─────────────────────────────────────────────────────┼────────────────────┤
│          train/episode/rew collision/mean           │       -0.004       │
├─────────────────────────────────────────────────────┼────────────────────┤
│         train/episode/rew action rate/mean          │       -1.777       │
├─────────────────────────────────────────────────────┼────────────────────┤
│train/episode/rew tracking contacts shaped force/mean│       -4.977       │
├─────────────────────────────────────────────────────┼────────────────────┤
│ train/episode/rew tracking contacts shaped vel/mean │       -1.915       │
├─────────────────────────────────────────────────────┼────────────────────┤
│             train/episode/rew jump/mean             │       -4.514       │
├─────────────────────────────────────────────────────┼────────────────────┤
│        train/episode/rew dof pos limits/mean        │        -0.         │
├─────────────────────────────────────────────────────┼────────────────────┤
│          train/episode/rew feet slip/mean           │       -0.387       │
├─────────────────────────────────────────────────────┼────────────────────┤
│  train/episode/rew feet clearance cmd linear/mean   │       -7.066       │
├─────────────────────────────────────────────────────┼────────────────────┤
│     train/episode/rew action smoothness 1/mean      │       -0.771       │
├─────────────────────────────────────────────────────┼────────────────────┤
│     train/episode/rew action smoothness 2/mean      │       -1.629       │
├─────────────────────────────────────────────────────┼────────────────────┤
│      train/episode/rew raibert heuristic/mean       │       -4.482       │
├─────────────────────────────────────────────────────┼────────────────────┤
│     train/episode/rew orientation control/mean      │         0.         │
├─────────────────────────────────────────────────────┼────────────────────┤
│            train/episode/rew total/mean             │       6.285        │
├─────────────────────────────────────────────────────┼────────────────────┤
│       train/episode/min command duration/mean       │        0.5         │
├─────────────────────────────────────────────────────┼────────────────────┤
│       train/episode/max command duration/mean       │        0.5         │
├─────────────────────────────────────────────────────┼────────────────────┤
│        train/episode/min command bound/mean         │         0.         │
├─────────────────────────────────────────────────────┼────────────────────┤
│        train/episode/max command bound/mean         │         0.         │
├─────────────────────────────────────────────────────┼────────────────────┤
│        train/episode/min command offset/mean        │         0.         │
├─────────────────────────────────────────────────────┼────────────────────┤
│        train/episode/max command offset/mean        │         0.         │
├─────────────────────────────────────────────────────┼────────────────────┤
│        train/episode/min command phase/mean         │        0.5         │
├─────────────────────────────────────────────────────┼────────────────────┤
│        train/episode/max command phase/mean         │        0.5         │
├─────────────────────────────────────────────────────┼────────────────────┤
│         train/episode/min command freq/mean         │         2.         │
├─────────────────────────────────────────────────────┼────────────────────┤
│         train/episode/max command freq/mean         │       3.999        │
├─────────────────────────────────────────────────────┼────────────────────┤
│        train/episode/min command x vel/mean         │       -1.047       │
├─────────────────────────────────────────────────────┼────────────────────┤
│        train/episode/max command x vel/mean         │       1.047        │
├─────────────────────────────────────────────────────┼────────────────────┤
│        train/episode/min command y vel/mean         │        -0.2        │
├─────────────────────────────────────────────────────┼────────────────────┤
│        train/episode/max command y vel/mean         │        0.2         │
├─────────────────────────────────────────────────────┼────────────────────┤
│       train/episode/min command yaw vel/mean        │       -1.047       │
├─────────────────────────────────────────────────────┼────────────────────┤
│       train/episode/max command yaw vel/mean        │       1.047        │
├─────────────────────────────────────────────────────┼────────────────────┤
│     train/episode/min command swing height/mean     │        0.03        │
├─────────────────────────────────────────────────────┼────────────────────┤
│     train/episode/max command swing height/mean     │        0.35        │
├─────────────────────────────────────────────────────┼────────────────────┤
│        train/episode/command area trot/mean         │       0.274        │
├─────────────────────────────────────────────────────┼────────────────────┤
│            train/episode/min action/mean            │       -4.703       │
├─────────────────────────────────────────────────────┼────────────────────┤
│            train/episode/max action/mean            │       4.181        │
├─────────────────────────────────────────────────────┼────────────────────┤
│                  time elapsed/mean                  │      356.447       │
├─────────────────────────────────────────────────────┼────────────────────┤
│                   time iter/mean                    │       2.089        │
├─────────────────────────────────────────────────────┼────────────────────┤
│                mean value loss/mean                 │       0.001        │
├─────────────────────────────────────────────────────┼────────────────────┤
│              mean surrogate loss/mean               │       -0.015       │
├─────────────────────────────────────────────────────┼────────────────────┤
│               mean decoder loss/mean                │         0.         │
├─────────────────────────────────────────────────────┼────────────────────┤
│           mean decoder loss student/mean            │         0.         │
├─────────────────────────────────────────────────────┼────────────────────┤
│             mean decoder test loss/mean             │         0.         │
├─────────────────────────────────────────────────────┼────────────────────┤
│         mean decoder test loss student/mean         │         0.         │
├─────────────────────────────────────────────────────┼────────────────────┤
│                      timesteps                      │      16809984      │
├─────────────────────────────────────────────────────┼────────────────────┤
│                     iterations                      │        170         │
╘═════════════════════════════════════════════════════╧════════════════════╛

══════════════════════════════════════════
[33m        job         [0m
────────────────────┬─────────────────────
       status       │ running             
      runTime       │ 2025-05-29 23:02:30.074899
════════════════════╧═════════════════════
╒═════════════════════════════════════════════════════╤════════════════════╕
│       train/episode/rew tracking lin vel/mean       │       17.246       │
├─────────────────────────────────────────────────────┼────────────────────┤
│       train/episode/rew tracking ang vel/mean       │       6.536        │
├─────────────────────────────────────────────────────┼────────────────────┤
│          train/episode/rew lin vel z/mean           │       -0.022       │
├─────────────────────────────────────────────────────┼────────────────────┤
│          train/episode/rew ang vel xy/mean          │       -0.033       │
├─────────────────────────────────────────────────────┼────────────────────┤
│           train/episode/rew torques/mean            │       -2.437       │
├─────────────────────────────────────────────────────┼────────────────────┤
│           train/episode/rew dof vel/mean            │       -0.174       │
├─────────────────────────────────────────────────────┼────────────────────┤
│           train/episode/rew dof acc/mean            │       -1.097       │
├─────────────────────────────────────────────────────┼────────────────────┤
│          train/episode/rew collision/mean           │       -0.003       │
├─────────────────────────────────────────────────────┼────────────────────┤
│         train/episode/rew action rate/mean          │       -1.728       │
├─────────────────────────────────────────────────────┼────────────────────┤
│train/episode/rew tracking contacts shaped force/mean│       -4.672       │
├─────────────────────────────────────────────────────┼────────────────────┤
│ train/episode/rew tracking contacts shaped vel/mean │       -1.895       │
├─────────────────────────────────────────────────────┼────────────────────┤
│             train/episode/rew jump/mean             │       -4.691       │
├─────────────────────────────────────────────────────┼────────────────────┤
│        train/episode/rew dof pos limits/mean        │        -0.         │
├─────────────────────────────────────────────────────┼────────────────────┤
│          train/episode/rew feet slip/mean           │       -0.362       │
├─────────────────────────────────────────────────────┼────────────────────┤
│  train/episode/rew feet clearance cmd linear/mean   │       -7.249       │
├─────────────────────────────────────────────────────┼────────────────────┤
│     train/episode/rew action smoothness 1/mean      │       -0.748       │
├─────────────────────────────────────────────────────┼────────────────────┤
│     train/episode/rew action smoothness 2/mean      │       -1.545       │
├─────────────────────────────────────────────────────┼────────────────────┤
│      train/episode/rew raibert heuristic/mean       │       -4.041       │
├─────────────────────────────────────────────────────┼────────────────────┤
│     train/episode/rew orientation control/mean      │         0.         │
├─────────────────────────────────────────────────────┼────────────────────┤
│            train/episode/rew total/mean             │       6.586        │
├─────────────────────────────────────────────────────┼────────────────────┤
│       train/episode/min command duration/mean       │        0.5         │
├─────────────────────────────────────────────────────┼────────────────────┤
│       train/episode/max command duration/mean       │        0.5         │
├─────────────────────────────────────────────────────┼────────────────────┤
│        train/episode/min command bound/mean         │         0.         │
├─────────────────────────────────────────────────────┼────────────────────┤
│        train/episode/max command bound/mean         │         0.         │
├─────────────────────────────────────────────────────┼────────────────────┤
│        train/episode/min command offset/mean        │         0.         │
├─────────────────────────────────────────────────────┼────────────────────┤
│        train/episode/max command offset/mean        │         0.         │
├─────────────────────────────────────────────────────┼────────────────────┤
│        train/episode/min command phase/mean         │        0.5         │
├─────────────────────────────────────────────────────┼────────────────────┤
│        train/episode/max command phase/mean         │        0.5         │
├─────────────────────────────────────────────────────┼────────────────────┤
│         train/episode/min command freq/mean         │         2.         │
├─────────────────────────────────────────────────────┼────────────────────┤
│         train/episode/max command freq/mean         │       3.999        │
├─────────────────────────────────────────────────────┼────────────────────┤
│        train/episode/min command x vel/mean         │       -1.047       │
├─────────────────────────────────────────────────────┼────────────────────┤
│        train/episode/max command x vel/mean         │       1.047        │
├─────────────────────────────────────────────────────┼────────────────────┤
│        train/episode/min command y vel/mean         │        -0.2        │
├─────────────────────────────────────────────────────┼────────────────────┤
│        train/episode/max command y vel/mean         │        0.2         │
├─────────────────────────────────────────────────────┼────────────────────┤
│       train/episode/min command yaw vel/mean        │       -1.047       │
├─────────────────────────────────────────────────────┼────────────────────┤
│       train/episode/max command yaw vel/mean        │       1.047        │
├─────────────────────────────────────────────────────┼────────────────────┤
│     train/episode/min command swing height/mean     │        0.03        │
├─────────────────────────────────────────────────────┼────────────────────┤
│     train/episode/max command swing height/mean     │        0.35        │
├─────────────────────────────────────────────────────┼────────────────────┤
│        train/episode/command area trot/mean         │       0.274        │
├─────────────────────────────────────────────────────┼────────────────────┤
│            train/episode/min action/mean            │       -4.755       │
├─────────────────────────────────────────────────────┼────────────────────┤
│            train/episode/max action/mean            │       4.244        │
├─────────────────────────────────────────────────────┼────────────────────┤
│                  time elapsed/mean                  │      377.306       │
├─────────────────────────────────────────────────────┼────────────────────┤
│                   time iter/mean                    │       2.049        │
├─────────────────────────────────────────────────────┼────────────────────┤
│                mean value loss/mean                 │       0.001        │
├─────────────────────────────────────────────────────┼────────────────────┤
│              mean surrogate loss/mean               │       -0.014       │
├─────────────────────────────────────────────────────┼────────────────────┤
│               mean decoder loss/mean                │         0.         │
├─────────────────────────────────────────────────────┼────────────────────┤
│           mean decoder loss student/mean            │         0.         │
├─────────────────────────────────────────────────────┼────────────────────┤
│             mean decoder test loss/mean             │         0.         │
├─────────────────────────────────────────────────────┼────────────────────┤
│         mean decoder test loss student/mean         │         0.         │
├─────────────────────────────────────────────────────┼────────────────────┤
│                      timesteps                      │      17793024      │
├─────────────────────────────────────────────────────┼────────────────────┤
│                     iterations                      │        180         │
╘═════════════════════════════════════════════════════╧════════════════════╛

══════════════════════════════════════════
[33m        job         [0m
────────────────────┬─────────────────────
       status       │ running             
      runTime       │ 2025-05-29 23:02:50.560738
════════════════════╧═════════════════════
╒═════════════════════════════════════════════════════╤════════════════════╕
│       train/episode/rew tracking lin vel/mean       │       17.374       │
├─────────────────────────────────────────────────────┼────────────────────┤
│       train/episode/rew tracking ang vel/mean       │       6.756        │
├─────────────────────────────────────────────────────┼────────────────────┤
│          train/episode/rew lin vel z/mean           │       -0.022       │
├─────────────────────────────────────────────────────┼────────────────────┤
│          train/episode/rew ang vel xy/mean          │       -0.032       │
├─────────────────────────────────────────────────────┼────────────────────┤
│           train/episode/rew torques/mean            │       -2.442       │
├─────────────────────────────────────────────────────┼────────────────────┤
│           train/episode/rew dof vel/mean            │       -0.173       │
├─────────────────────────────────────────────────────┼────────────────────┤
│           train/episode/rew dof acc/mean            │       -1.078       │
├─────────────────────────────────────────────────────┼────────────────────┤
│          train/episode/rew collision/mean           │       -0.004       │
├─────────────────────────────────────────────────────┼────────────────────┤
│         train/episode/rew action rate/mean          │       -1.676       │
├─────────────────────────────────────────────────────┼────────────────────┤
│train/episode/rew tracking contacts shaped force/mean│       -4.483       │
├─────────────────────────────────────────────────────┼────────────────────┤
│ train/episode/rew tracking contacts shaped vel/mean │       -1.884       │
├─────────────────────────────────────────────────────┼────────────────────┤
│             train/episode/rew jump/mean             │       -4.615       │
├─────────────────────────────────────────────────────┼────────────────────┤
│        train/episode/rew dof pos limits/mean        │        -0.         │
├─────────────────────────────────────────────────────┼────────────────────┤
│          train/episode/rew feet slip/mean           │       -0.346       │
├─────────────────────────────────────────────────────┼────────────────────┤
│  train/episode/rew feet clearance cmd linear/mean   │       -6.691       │
├─────────────────────────────────────────────────────┼────────────────────┤
│     train/episode/rew action smoothness 1/mean      │       -0.725       │
├─────────────────────────────────────────────────────┼────────────────────┤
│     train/episode/rew action smoothness 2/mean      │       -1.465       │
├─────────────────────────────────────────────────────┼────────────────────┤
│      train/episode/rew raibert heuristic/mean       │       -3.989       │
├─────────────────────────────────────────────────────┼────────────────────┤
│     train/episode/rew orientation control/mean      │         0.         │
├─────────────────────────────────────────────────────┼────────────────────┤
│            train/episode/rew total/mean             │       6.951        │
├─────────────────────────────────────────────────────┼────────────────────┤
│       train/episode/min command duration/mean       │        0.5         │
├─────────────────────────────────────────────────────┼────────────────────┤
│       train/episode/max command duration/mean       │        0.5         │
├─────────────────────────────────────────────────────┼────────────────────┤
│        train/episode/min command bound/mean         │         0.         │
├─────────────────────────────────────────────────────┼────────────────────┤
│        train/episode/max command bound/mean         │         0.         │
├─────────────────────────────────────────────────────┼────────────────────┤
│        train/episode/min command offset/mean        │         0.         │
├─────────────────────────────────────────────────────┼────────────────────┤
│        train/episode/max command offset/mean        │         0.         │
├─────────────────────────────────────────────────────┼────────────────────┤
│        train/episode/min command phase/mean         │        0.5         │
├─────────────────────────────────────────────────────┼────────────────────┤
│        train/episode/max command phase/mean         │        0.5         │
├─────────────────────────────────────────────────────┼────────────────────┤
│         train/episode/min command freq/mean         │         2.         │
├─────────────────────────────────────────────────────┼────────────────────┤
│         train/episode/max command freq/mean         │         4.         │
├─────────────────────────────────────────────────────┼────────────────────┤
│        train/episode/min command x vel/mean         │       -1.047       │
├─────────────────────────────────────────────────────┼────────────────────┤
│        train/episode/max command x vel/mean         │       1.047        │
├─────────────────────────────────────────────────────┼────────────────────┤
│        train/episode/min command y vel/mean         │        -0.2        │
├─────────────────────────────────────────────────────┼────────────────────┤
│        train/episode/max command y vel/mean         │        0.2         │
├─────────────────────────────────────────────────────┼────────────────────┤
│       train/episode/min command yaw vel/mean        │       -1.047       │
├─────────────────────────────────────────────────────┼────────────────────┤
│       train/episode/max command yaw vel/mean        │       1.047        │
├─────────────────────────────────────────────────────┼────────────────────┤
│     train/episode/min command swing height/mean     │        0.03        │
├─────────────────────────────────────────────────────┼────────────────────┤
│     train/episode/max command swing height/mean     │        0.35        │
├─────────────────────────────────────────────────────┼────────────────────┤
│        train/episode/command area trot/mean         │       0.274        │
├─────────────────────────────────────────────────────┼────────────────────┤
│            train/episode/min action/mean            │       -4.842       │
├─────────────────────────────────────────────────────┼────────────────────┤
│            train/episode/max action/mean            │       4.251        │
├─────────────────────────────────────────────────────┼────────────────────┤
│                  time elapsed/mean                  │      397.943       │
├─────────────────────────────────────────────────────┼────────────────────┤
│                   time iter/mean                    │       2.091        │
├─────────────────────────────────────────────────────┼────────────────────┤
│                mean value loss/mean                 │       0.002        │
├─────────────────────────────────────────────────────┼────────────────────┤
│              mean surrogate loss/mean               │       -0.014       │
├─────────────────────────────────────────────────────┼────────────────────┤
│               mean decoder loss/mean                │         0.         │
├─────────────────────────────────────────────────────┼────────────────────┤
│           mean decoder loss student/mean            │         0.         │
├─────────────────────────────────────────────────────┼────────────────────┤
│             mean decoder test loss/mean             │         0.         │
├─────────────────────────────────────────────────────┼────────────────────┤
│         mean decoder test loss student/mean         │         0.         │
├─────────────────────────────────────────────────────┼────────────────────┤
│                      timesteps                      │      18776064      │
├─────────────────────────────────────────────────────┼────────────────────┤
│                     iterations                      │        190         │
╘═════════════════════════════════════════════════════╧════════════════════╛

══════════════════════════════════════════
[33m        job         [0m
────────────────────┬─────────────────────
       status       │ running             
      runTime       │ 2025-05-29 23:03:11.469310
════════════════════╧═════════════════════
╒═════════════════════════════════════════════════════╤════════════════════╕
│       train/episode/rew tracking lin vel/mean       │       17.374       │
├─────────────────────────────────────────────────────┼────────────────────┤
│       train/episode/rew tracking ang vel/mean       │       6.946        │
├─────────────────────────────────────────────────────┼────────────────────┤
│          train/episode/rew lin vel z/mean           │       -0.022       │
├─────────────────────────────────────────────────────┼────────────────────┤
│          train/episode/rew ang vel xy/mean          │       -0.031       │
├─────────────────────────────────────────────────────┼────────────────────┤
│           train/episode/rew torques/mean            │       -2.47        │
├─────────────────────────────────────────────────────┼────────────────────┤
│           train/episode/rew dof vel/mean            │       -0.173       │
├─────────────────────────────────────────────────────┼────────────────────┤
│           train/episode/rew dof acc/mean            │       -1.058       │
├─────────────────────────────────────────────────────┼────────────────────┤
│          train/episode/rew collision/mean           │       -0.012       │
├─────────────────────────────────────────────────────┼────────────────────┤
│         train/episode/rew action rate/mean          │       -1.623       │
├─────────────────────────────────────────────────────┼────────────────────┤
│train/episode/rew tracking contacts shaped force/mean│       -4.273       │
├─────────────────────────────────────────────────────┼────────────────────┤
│ train/episode/rew tracking contacts shaped vel/mean │       -1.872       │
├─────────────────────────────────────────────────────┼────────────────────┤
│             train/episode/rew jump/mean             │       -4.662       │
├─────────────────────────────────────────────────────┼────────────────────┤
│        train/episode/rew dof pos limits/mean        │        -0.         │
├─────────────────────────────────────────────────────┼────────────────────┤
│          train/episode/rew feet slip/mean           │       -0.326       │
├─────────────────────────────────────────────────────┼────────────────────┤
│  train/episode/rew feet clearance cmd linear/mean   │       -6.603       │
├─────────────────────────────────────────────────────┼────────────────────┤
│     train/episode/rew action smoothness 1/mean      │       -0.703       │
├─────────────────────────────────────────────────────┼────────────────────┤
│     train/episode/rew action smoothness 2/mean      │       -1.389       │
├─────────────────────────────────────────────────────┼────────────────────┤
│      train/episode/rew raibert heuristic/mean       │       -3.914       │
├─────────────────────────────────────────────────────┼────────────────────┤
│     train/episode/rew orientation control/mean      │         0.         │
├─────────────────────────────────────────────────────┼────────────────────┤
│            train/episode/rew total/mean             │       7.044        │
├─────────────────────────────────────────────────────┼────────────────────┤
│       train/episode/min command duration/mean       │        0.5         │
├─────────────────────────────────────────────────────┼────────────────────┤
│       train/episode/max command duration/mean       │        0.5         │
├─────────────────────────────────────────────────────┼────────────────────┤
│        train/episode/min command bound/mean         │         0.         │
├─────────────────────────────────────────────────────┼────────────────────┤
│        train/episode/max command bound/mean         │         0.         │
├─────────────────────────────────────────────────────┼────────────────────┤
│        train/episode/min command offset/mean        │         0.         │
├─────────────────────────────────────────────────────┼────────────────────┤
│        train/episode/max command offset/mean        │         0.         │
├─────────────────────────────────────────────────────┼────────────────────┤
│        train/episode/min command phase/mean         │        0.5         │
├─────────────────────────────────────────────────────┼────────────────────┤
│        train/episode/max command phase/mean         │        0.5         │
├─────────────────────────────────────────────────────┼────────────────────┤
│         train/episode/min command freq/mean         │       2.001        │
├─────────────────────────────────────────────────────┼────────────────────┤
│         train/episode/max command freq/mean         │         4.         │
├─────────────────────────────────────────────────────┼────────────────────┤
│        train/episode/min command x vel/mean         │       -1.047       │
├─────────────────────────────────────────────────────┼────────────────────┤
│        train/episode/max command x vel/mean         │       1.047        │
├─────────────────────────────────────────────────────┼────────────────────┤
│        train/episode/min command y vel/mean         │        -0.2        │
├─────────────────────────────────────────────────────┼────────────────────┤
│        train/episode/max command y vel/mean         │        0.2         │
├─────────────────────────────────────────────────────┼────────────────────┤
│       train/episode/min command yaw vel/mean        │       -1.047       │
├─────────────────────────────────────────────────────┼────────────────────┤
│       train/episode/max command yaw vel/mean        │       1.047        │
├─────────────────────────────────────────────────────┼────────────────────┤
│     train/episode/min command swing height/mean     │        0.03        │
├─────────────────────────────────────────────────────┼────────────────────┤
│     train/episode/max command swing height/mean     │        0.35        │
├─────────────────────────────────────────────────────┼────────────────────┤
│        train/episode/command area trot/mean         │       0.274        │
├─────────────────────────────────────────────────────┼────────────────────┤
│            train/episode/min action/mean            │       -4.939       │
├─────────────────────────────────────────────────────┼────────────────────┤
│            train/episode/max action/mean            │       4.327        │
├─────────────────────────────────────────────────────┼────────────────────┤
│                  time elapsed/mean                  │      418.885       │
├─────────────────────────────────────────────────────┼────────────────────┤
│                   time iter/mean                    │       2.087        │
├─────────────────────────────────────────────────────┼────────────────────┤
│                mean value loss/mean                 │       0.001        │
├─────────────────────────────────────────────────────┼────────────────────┤
│              mean surrogate loss/mean               │       -0.013       │
├─────────────────────────────────────────────────────┼────────────────────┤
│               mean decoder loss/mean                │         0.         │
├─────────────────────────────────────────────────────┼────────────────────┤
│           mean decoder loss student/mean            │         0.         │
├─────────────────────────────────────────────────────┼────────────────────┤
│             mean decoder test loss/mean             │         0.         │
├─────────────────────────────────────────────────────┼────────────────────┤
│         mean decoder test loss student/mean         │         0.         │
├─────────────────────────────────────────────────────┼────────────────────┤
│                      timesteps                      │      19759104      │
├─────────────────────────────────────────────────────┼────────────────────┤
│                     iterations                      │        200         │
╘═════════════════════════════════════════════════════╧════════════════════╛

══════════════════════════════════════════
[33m        job         [0m
────────────────────┬─────────────────────
       status       │ running             
      runTime       │ 2025-05-29 23:03:32.337566
════════════════════╧═════════════════════
╒═════════════════════════════════════════════════════╤════════════════════╕
│       train/episode/rew tracking lin vel/mean       │       17.334       │
├─────────────────────────────────────────────────────┼────────────────────┤
│       train/episode/rew tracking ang vel/mean       │       7.075        │
├─────────────────────────────────────────────────────┼────────────────────┤
│          train/episode/rew lin vel z/mean           │       -0.022       │
├─────────────────────────────────────────────────────┼────────────────────┤
│          train/episode/rew ang vel xy/mean          │       -0.03        │
├─────────────────────────────────────────────────────┼────────────────────┤
│           train/episode/rew torques/mean            │       -2.48        │
├─────────────────────────────────────────────────────┼────────────────────┤
│           train/episode/rew dof vel/mean            │       -0.171       │
├─────────────────────────────────────────────────────┼────────────────────┤
│           train/episode/rew dof acc/mean            │       -1.023       │
├─────────────────────────────────────────────────────┼────────────────────┤
│          train/episode/rew collision/mean           │       -0.01        │
├─────────────────────────────────────────────────────┼────────────────────┤
│         train/episode/rew action rate/mean          │       -1.565       │
├─────────────────────────────────────────────────────┼────────────────────┤
│train/episode/rew tracking contacts shaped force/mean│       -4.147       │
├─────────────────────────────────────────────────────┼────────────────────┤
│ train/episode/rew tracking contacts shaped vel/mean │       -1.832       │
├─────────────────────────────────────────────────────┼────────────────────┤
│             train/episode/rew jump/mean             │       -4.487       │
├─────────────────────────────────────────────────────┼────────────────────┤
│        train/episode/rew dof pos limits/mean        │        -0.         │
├─────────────────────────────────────────────────────┼────────────────────┤
│          train/episode/rew feet slip/mean           │       -0.306       │
├─────────────────────────────────────────────────────┼────────────────────┤
│  train/episode/rew feet clearance cmd linear/mean   │       -5.807       │
├─────────────────────────────────────────────────────┼────────────────────┤
│     train/episode/rew action smoothness 1/mean      │       -0.676       │
├─────────────────────────────────────────────────────┼────────────────────┤
│     train/episode/rew action smoothness 2/mean      │       -1.318       │
├─────────────────────────────────────────────────────┼────────────────────┤
│      train/episode/rew raibert heuristic/mean       │       -3.713       │
├─────────────────────────────────────────────────────┼────────────────────┤
│     train/episode/rew orientation control/mean      │         0.         │
├─────────────────────────────────────────────────────┼────────────────────┤
│            train/episode/rew total/mean             │       7.541        │
├─────────────────────────────────────────────────────┼────────────────────┤
│       train/episode/min command duration/mean       │        0.5         │
├─────────────────────────────────────────────────────┼────────────────────┤
│       train/episode/max command duration/mean       │        0.5         │
├─────────────────────────────────────────────────────┼────────────────────┤
│        train/episode/min command bound/mean         │         0.         │
├─────────────────────────────────────────────────────┼────────────────────┤
│        train/episode/max command bound/mean         │         0.         │
├─────────────────────────────────────────────────────┼────────────────────┤
│        train/episode/min command offset/mean        │         0.         │
├─────────────────────────────────────────────────────┼────────────────────┤
│        train/episode/max command offset/mean        │         0.         │
├─────────────────────────────────────────────────────┼────────────────────┤
│        train/episode/min command phase/mean         │        0.5         │
├─────────────────────────────────────────────────────┼────────────────────┤
│        train/episode/max command phase/mean         │        0.5         │
├─────────────────────────────────────────────────────┼────────────────────┤
│         train/episode/min command freq/mean         │         2.         │
├─────────────────────────────────────────────────────┼────────────────────┤
│         train/episode/max command freq/mean         │       3.999        │
├─────────────────────────────────────────────────────┼────────────────────┤
│        train/episode/min command x vel/mean         │       -1.047       │
├─────────────────────────────────────────────────────┼────────────────────┤
│        train/episode/max command x vel/mean         │       1.047        │
├─────────────────────────────────────────────────────┼────────────────────┤
│        train/episode/min command y vel/mean         │        -0.2        │
├─────────────────────────────────────────────────────┼────────────────────┤
│        train/episode/max command y vel/mean         │        0.2         │
├─────────────────────────────────────────────────────┼────────────────────┤
│       train/episode/min command yaw vel/mean        │       -1.047       │
├─────────────────────────────────────────────────────┼────────────────────┤
│       train/episode/max command yaw vel/mean        │       1.047        │
├─────────────────────────────────────────────────────┼────────────────────┤
│     train/episode/min command swing height/mean     │        0.03        │
├─────────────────────────────────────────────────────┼────────────────────┤
│     train/episode/max command swing height/mean     │        0.35        │
├─────────────────────────────────────────────────────┼────────────────────┤
│        train/episode/command area trot/mean         │       0.274        │
├─────────────────────────────────────────────────────┼────────────────────┤
│            train/episode/min action/mean            │       -5.075       │
├─────────────────────────────────────────────────────┼────────────────────┤
│            train/episode/max action/mean            │       4.377        │
├─────────────────────────────────────────────────────┼────────────────────┤
│                  time elapsed/mean                  │      439.757       │
├─────────────────────────────────────────────────────┼────────────────────┤
│                   time iter/mean                    │       2.099        │
├─────────────────────────────────────────────────────┼────────────────────┤
│                mean value loss/mean                 │       0.002        │
├─────────────────────────────────────────────────────┼────────────────────┤
│              mean surrogate loss/mean               │       -0.013       │
├─────────────────────────────────────────────────────┼────────────────────┤
│               mean decoder loss/mean                │         0.         │
├─────────────────────────────────────────────────────┼────────────────────┤
│           mean decoder loss student/mean            │         0.         │
├─────────────────────────────────────────────────────┼────────────────────┤
│             mean decoder test loss/mean             │         0.         │
├─────────────────────────────────────────────────────┼────────────────────┤
│         mean decoder test loss student/mean         │         0.         │
├─────────────────────────────────────────────────────┼────────────────────┤
│                      timesteps                      │      20742144      │
├─────────────────────────────────────────────────────┼────────────────────┤
│                     iterations                      │        210         │
╘═════════════════════════════════════════════════════╧════════════════════╛

══════════════════════════════════════════
[33m        job         [0m
────────────────────┬─────────────────────
       status       │ running             
      runTime       │ 2025-05-29 23:03:53.342467
════════════════════╧═════════════════════
╒═════════════════════════════════════════════════════╤════════════════════╕
│       train/episode/rew tracking lin vel/mean       │       17.295       │
├─────────────────────────────────────────────────────┼────────────────────┤
│       train/episode/rew tracking ang vel/mean       │       7.175        │
├─────────────────────────────────────────────────────┼────────────────────┤
│          train/episode/rew lin vel z/mean           │       -0.022       │
├─────────────────────────────────────────────────────┼────────────────────┤
│          train/episode/rew ang vel xy/mean          │       -0.03        │
├─────────────────────────────────────────────────────┼────────────────────┤
│           train/episode/rew torques/mean            │       -2.492       │
├─────────────────────────────────────────────────────┼────────────────────┤
│           train/episode/rew dof vel/mean            │       -0.177       │
├─────────────────────────────────────────────────────┼────────────────────┤
│           train/episode/rew dof acc/mean            │       -1.033       │
├─────────────────────────────────────────────────────┼────────────────────┤
│          train/episode/rew collision/mean           │       -0.004       │
├─────────────────────────────────────────────────────┼────────────────────┤
│         train/episode/rew action rate/mean          │       -1.539       │
├─────────────────────────────────────────────────────┼────────────────────┤
│train/episode/rew tracking contacts shaped force/mean│       -3.929       │
├─────────────────────────────────────────────────────┼────────────────────┤
│ train/episode/rew tracking contacts shaped vel/mean │       -1.904       │
├─────────────────────────────────────────────────────┼────────────────────┤
│             train/episode/rew jump/mean             │       -4.22        │
├─────────────────────────────────────────────────────┼────────────────────┤
│        train/episode/rew dof pos limits/mean        │        -0.         │
├─────────────────────────────────────────────────────┼────────────────────┤
│          train/episode/rew feet slip/mean           │       -0.303       │
├─────────────────────────────────────────────────────┼────────────────────┤
│  train/episode/rew feet clearance cmd linear/mean   │       -6.187       │
├─────────────────────────────────────────────────────┼────────────────────┤
│     train/episode/rew action smoothness 1/mean      │       -0.667       │
├─────────────────────────────────────────────────────┼────────────────────┤
│     train/episode/rew action smoothness 2/mean      │       -1.267       │
├─────────────────────────────────────────────────────┼────────────────────┤
│      train/episode/rew raibert heuristic/mean       │       -3.486       │
├─────────────────────────────────────────────────────┼────────────────────┤
│     train/episode/rew orientation control/mean      │         0.         │
├─────────────────────────────────────────────────────┼────────────────────┤
│            train/episode/rew total/mean             │       7.643        │
├─────────────────────────────────────────────────────┼────────────────────┤
│       train/episode/min command duration/mean       │        0.5         │
├─────────────────────────────────────────────────────┼────────────────────┤
│       train/episode/max command duration/mean       │        0.5         │
├─────────────────────────────────────────────────────┼────────────────────┤
│        train/episode/min command bound/mean         │         0.         │
├─────────────────────────────────────────────────────┼────────────────────┤
│        train/episode/max command bound/mean         │         0.         │
├─────────────────────────────────────────────────────┼────────────────────┤
│        train/episode/min command offset/mean        │         0.         │
├─────────────────────────────────────────────────────┼────────────────────┤
│        train/episode/max command offset/mean        │         0.         │
├─────────────────────────────────────────────────────┼────────────────────┤
│        train/episode/min command phase/mean         │        0.5         │
├─────────────────────────────────────────────────────┼────────────────────┤
│        train/episode/max command phase/mean         │        0.5         │
├─────────────────────────────────────────────────────┼────────────────────┤
│         train/episode/min command freq/mean         │       2.001        │
├─────────────────────────────────────────────────────┼────────────────────┤
│         train/episode/max command freq/mean         │         4.         │
├─────────────────────────────────────────────────────┼────────────────────┤
│        train/episode/min command x vel/mean         │       -1.047       │
├─────────────────────────────────────────────────────┼────────────────────┤
│        train/episode/max command x vel/mean         │       1.047        │
├─────────────────────────────────────────────────────┼────────────────────┤
│        train/episode/min command y vel/mean         │        -0.2        │
├─────────────────────────────────────────────────────┼────────────────────┤
│        train/episode/max command y vel/mean         │        0.2         │
├─────────────────────────────────────────────────────┼────────────────────┤
│       train/episode/min command yaw vel/mean        │       -1.047       │
├─────────────────────────────────────────────────────┼────────────────────┤
│       train/episode/max command yaw vel/mean        │       1.047        │
├─────────────────────────────────────────────────────┼────────────────────┤
│     train/episode/min command swing height/mean     │        0.03        │
├─────────────────────────────────────────────────────┼────────────────────┤
│     train/episode/max command swing height/mean     │        0.35        │
├─────────────────────────────────────────────────────┼────────────────────┤
│        train/episode/command area trot/mean         │       0.274        │
├─────────────────────────────────────────────────────┼────────────────────┤
│            train/episode/min action/mean            │       -5.143       │
├─────────────────────────────────────────────────────┼────────────────────┤
│            train/episode/max action/mean            │       4.409        │
├─────────────────────────────────────────────────────┼────────────────────┤
│                  time elapsed/mean                  │      460.798       │
├─────────────────────────────────────────────────────┼────────────────────┤
│                   time iter/mean                    │       2.085        │
├─────────────────────────────────────────────────────┼────────────────────┤
│                mean value loss/mean                 │       0.001        │
├─────────────────────────────────────────────────────┼────────────────────┤
│              mean surrogate loss/mean               │       -0.013       │
├─────────────────────────────────────────────────────┼────────────────────┤
│               mean decoder loss/mean                │         0.         │
├─────────────────────────────────────────────────────┼────────────────────┤
│           mean decoder loss student/mean            │         0.         │
├─────────────────────────────────────────────────────┼────────────────────┤
│             mean decoder test loss/mean             │         0.         │
├─────────────────────────────────────────────────────┼────────────────────┤
│         mean decoder test loss student/mean         │         0.         │
├─────────────────────────────────────────────────────┼────────────────────┤
│                      timesteps                      │      21725184      │
├─────────────────────────────────────────────────────┼────────────────────┤
│                     iterations                      │        220         │
╘═════════════════════════════════════════════════════╧════════════════════╛

══════════════════════════════════════════
[33m        job         [0m
────────────────────┬─────────────────────
       status       │ running             
      runTime       │ 2025-05-29 23:04:14.169356
════════════════════╧═════════════════════
╒═════════════════════════════════════════════════════╤════════════════════╕
│       train/episode/rew tracking lin vel/mean       │       17.264       │
├─────────────────────────────────────────────────────┼────────────────────┤
│       train/episode/rew tracking ang vel/mean       │       7.298        │
├─────────────────────────────────────────────────────┼────────────────────┤
│          train/episode/rew lin vel z/mean           │       -0.022       │
├─────────────────────────────────────────────────────┼────────────────────┤
│          train/episode/rew ang vel xy/mean          │       -0.029       │
├─────────────────────────────────────────────────────┼────────────────────┤
│           train/episode/rew torques/mean            │       -2.476       │
├─────────────────────────────────────────────────────┼────────────────────┤
│           train/episode/rew dof vel/mean            │       -0.178       │
├─────────────────────────────────────────────────────┼────────────────────┤
│           train/episode/rew dof acc/mean            │       -1.029       │
├─────────────────────────────────────────────────────┼────────────────────┤
│          train/episode/rew collision/mean           │       -0.01        │
├─────────────────────────────────────────────────────┼────────────────────┤
│         train/episode/rew action rate/mean          │       -1.508       │
├─────────────────────────────────────────────────────┼────────────────────┤
│train/episode/rew tracking contacts shaped force/mean│       -3.763       │
├─────────────────────────────────────────────────────┼────────────────────┤
│ train/episode/rew tracking contacts shaped vel/mean │       -1.931       │
├─────────────────────────────────────────────────────┼────────────────────┤
│             train/episode/rew jump/mean             │       -4.305       │
├─────────────────────────────────────────────────────┼────────────────────┤
│        train/episode/rew dof pos limits/mean        │        -0.         │
├─────────────────────────────────────────────────────┼────────────────────┤
│          train/episode/rew feet slip/mean           │       -0.294       │
├─────────────────────────────────────────────────────┼────────────────────┤
│  train/episode/rew feet clearance cmd linear/mean   │       -5.49        │
├─────────────────────────────────────────────────────┼────────────────────┤
│     train/episode/rew action smoothness 1/mean      │       -0.656       │
├─────────────────────────────────────────────────────┼────────────────────┤
│     train/episode/rew action smoothness 2/mean      │       -1.216       │
├─────────────────────────────────────────────────────┼────────────────────┤
│      train/episode/rew raibert heuristic/mean       │       -3.353       │
├─────────────────────────────────────────────────────┼────────────────────┤
│     train/episode/rew orientation control/mean      │         0.         │
├─────────────────────────────────────────────────────┼────────────────────┤
│            train/episode/rew total/mean             │       7.953        │
├─────────────────────────────────────────────────────┼────────────────────┤
│       train/episode/min command duration/mean       │        0.5         │
├─────────────────────────────────────────────────────┼────────────────────┤
│       train/episode/max command duration/mean       │        0.5         │
├─────────────────────────────────────────────────────┼────────────────────┤
│        train/episode/min command bound/mean         │         0.         │
├─────────────────────────────────────────────────────┼────────────────────┤
│        train/episode/max command bound/mean         │         0.         │
├─────────────────────────────────────────────────────┼────────────────────┤
│        train/episode/min command offset/mean        │         0.         │
├─────────────────────────────────────────────────────┼────────────────────┤
│        train/episode/max command offset/mean        │         0.         │
├─────────────────────────────────────────────────────┼────────────────────┤
│        train/episode/min command phase/mean         │        0.5         │
├─────────────────────────────────────────────────────┼────────────────────┤
│        train/episode/max command phase/mean         │        0.5         │
├─────────────────────────────────────────────────────┼────────────────────┤
│         train/episode/min command freq/mean         │         2.         │
├─────────────────────────────────────────────────────┼────────────────────┤
│         train/episode/max command freq/mean         │         4.         │
├─────────────────────────────────────────────────────┼────────────────────┤
│        train/episode/min command x vel/mean         │       -1.048       │
├─────────────────────────────────────────────────────┼────────────────────┤
│        train/episode/max command x vel/mean         │       1.047        │
├─────────────────────────────────────────────────────┼────────────────────┤
│        train/episode/min command y vel/mean         │        -0.2        │
├─────────────────────────────────────────────────────┼────────────────────┤
│        train/episode/max command y vel/mean         │        0.2         │
├─────────────────────────────────────────────────────┼────────────────────┤
│       train/episode/min command yaw vel/mean        │       -1.047       │
├─────────────────────────────────────────────────────┼────────────────────┤
│       train/episode/max command yaw vel/mean        │       1.047        │
├─────────────────────────────────────────────────────┼────────────────────┤
│     train/episode/min command swing height/mean     │        0.03        │
├─────────────────────────────────────────────────────┼────────────────────┤
│     train/episode/max command swing height/mean     │        0.35        │
├─────────────────────────────────────────────────────┼────────────────────┤
│        train/episode/command area trot/mean         │       0.274        │
├─────────────────────────────────────────────────────┼────────────────────┤
│            train/episode/min action/mean            │       -5.41        │
├─────────────────────────────────────────────────────┼────────────────────┤
│            train/episode/max action/mean            │       4.536        │
├─────────────────────────────────────────────────────┼────────────────────┤
│                  time elapsed/mean                  │      481.451       │
├─────────────────────────────────────────────────────┼────────────────────┤
│                   time iter/mean                    │       2.078        │
├─────────────────────────────────────────────────────┼────────────────────┤
│                mean value loss/mean                 │       0.002        │
├─────────────────────────────────────────────────────┼────────────────────┤
│              mean surrogate loss/mean               │       -0.013       │
├─────────────────────────────────────────────────────┼────────────────────┤
│               mean decoder loss/mean                │         0.         │
├─────────────────────────────────────────────────────┼────────────────────┤
│           mean decoder loss student/mean            │         0.         │
├─────────────────────────────────────────────────────┼────────────────────┤
│             mean decoder test loss/mean             │         0.         │
├─────────────────────────────────────────────────────┼────────────────────┤
│         mean decoder test loss student/mean         │         0.         │
├─────────────────────────────────────────────────────┼────────────────────┤
│                      timesteps                      │      22708224      │
├─────────────────────────────────────────────────────┼────────────────────┤
│                     iterations                      │        230         │
╘═════════════════════════════════════════════════════╧════════════════════╛

══════════════════════════════════════════
[33m        job         [0m
────────────────────┬─────────────────────
       status       │ running             
      runTime       │ 2025-05-29 23:04:34.952546
════════════════════╧═════════════════════
╒═════════════════════════════════════════════════════╤════════════════════╕
│       train/episode/rew tracking lin vel/mean       │       17.381       │
├─────────────────────────────────────────────────────┼────────────────────┤
│       train/episode/rew tracking ang vel/mean       │       7.423        │
├─────────────────────────────────────────────────────┼────────────────────┤
│          train/episode/rew lin vel z/mean           │       -0.022       │
├─────────────────────────────────────────────────────┼────────────────────┤
│          train/episode/rew ang vel xy/mean          │       -0.029       │
├─────────────────────────────────────────────────────┼────────────────────┤
│           train/episode/rew torques/mean            │       -2.538       │
├─────────────────────────────────────────────────────┼────────────────────┤
│           train/episode/rew dof vel/mean            │       -0.186       │
├─────────────────────────────────────────────────────┼────────────────────┤
│           train/episode/rew dof acc/mean            │       -1.048       │
├─────────────────────────────────────────────────────┼────────────────────┤
│          train/episode/rew collision/mean           │       -0.007       │
├─────────────────────────────────────────────────────┼────────────────────┤
│         train/episode/rew action rate/mean          │       -1.505       │
├─────────────────────────────────────────────────────┼────────────────────┤
│train/episode/rew tracking contacts shaped force/mean│       -3.661       │
├─────────────────────────────────────────────────────┼────────────────────┤
│ train/episode/rew tracking contacts shaped vel/mean │       -1.99        │
├─────────────────────────────────────────────────────┼────────────────────┤
│             train/episode/rew jump/mean             │       -4.345       │
├─────────────────────────────────────────────────────┼────────────────────┤
│        train/episode/rew dof pos limits/mean        │        -0.         │
├─────────────────────────────────────────────────────┼────────────────────┤
│          train/episode/rew feet slip/mean           │       -0.285       │
├─────────────────────────────────────────────────────┼────────────────────┤
│  train/episode/rew feet clearance cmd linear/mean   │       -5.52        │
├─────────────────────────────────────────────────────┼────────────────────┤
│     train/episode/rew action smoothness 1/mean      │       -0.657       │
├─────────────────────────────────────────────────────┼────────────────────┤
│     train/episode/rew action smoothness 2/mean      │       -1.189       │
├─────────────────────────────────────────────────────┼────────────────────┤
│      train/episode/rew raibert heuristic/mean       │       -3.112       │
├─────────────────────────────────────────────────────┼────────────────────┤
│     train/episode/rew orientation control/mean      │         0.         │
├─────────────────────────────────────────────────────┼────────────────────┤
│            train/episode/rew total/mean             │       8.079        │
├─────────────────────────────────────────────────────┼────────────────────┤
│       train/episode/min command duration/mean       │        0.5         │
├─────────────────────────────────────────────────────┼────────────────────┤
│       train/episode/max command duration/mean       │        0.5         │
├─────────────────────────────────────────────────────┼────────────────────┤
│        train/episode/min command bound/mean         │         0.         │
├─────────────────────────────────────────────────────┼────────────────────┤
│        train/episode/max command bound/mean         │         0.         │
├─────────────────────────────────────────────────────┼────────────────────┤
│        train/episode/min command offset/mean        │         0.         │
├─────────────────────────────────────────────────────┼────────────────────┤
│        train/episode/max command offset/mean        │         0.         │
├─────────────────────────────────────────────────────┼────────────────────┤
│        train/episode/min command phase/mean         │        0.5         │
├─────────────────────────────────────────────────────┼────────────────────┤
│        train/episode/max command phase/mean         │        0.5         │
├─────────────────────────────────────────────────────┼────────────────────┤
│         train/episode/min command freq/mean         │         2.         │
├─────────────────────────────────────────────────────┼────────────────────┤
│         train/episode/max command freq/mean         │         4.         │
├─────────────────────────────────────────────────────┼────────────────────┤
│        train/episode/min command x vel/mean         │       -1.048       │
├─────────────────────────────────────────────────────┼────────────────────┤
│        train/episode/max command x vel/mean         │       1.047        │
├─────────────────────────────────────────────────────┼────────────────────┤
│        train/episode/min command y vel/mean         │        -0.2        │
├─────────────────────────────────────────────────────┼────────────────────┤
│        train/episode/max command y vel/mean         │        0.2         │
├─────────────────────────────────────────────────────┼────────────────────┤
│       train/episode/min command yaw vel/mean        │       -1.046       │
├─────────────────────────────────────────────────────┼────────────────────┤
│       train/episode/max command yaw vel/mean        │       1.048        │
├─────────────────────────────────────────────────────┼────────────────────┤
│     train/episode/min command swing height/mean     │        0.03        │
├─────────────────────────────────────────────────────┼────────────────────┤
│     train/episode/max command swing height/mean     │        0.35        │
├─────────────────────────────────────────────────────┼────────────────────┤
│        train/episode/command area trot/mean         │       0.274        │
├─────────────────────────────────────────────────────┼────────────────────┤
│            train/episode/min action/mean            │       -5.573       │
├─────────────────────────────────────────────────────┼────────────────────┤
│            train/episode/max action/mean            │       4.587        │
├─────────────────────────────────────────────────────┼────────────────────┤
│                  time elapsed/mean                  │      502.401       │
├─────────────────────────────────────────────────────┼────────────────────┤
│                   time iter/mean                    │       2.082        │
├─────────────────────────────────────────────────────┼────────────────────┤
│                mean value loss/mean                 │       0.001        │
├─────────────────────────────────────────────────────┼────────────────────┤
│              mean surrogate loss/mean               │       -0.013       │
├─────────────────────────────────────────────────────┼────────────────────┤
│               mean decoder loss/mean                │         0.         │
├─────────────────────────────────────────────────────┼────────────────────┤
│           mean decoder loss student/mean            │         0.         │
├─────────────────────────────────────────────────────┼────────────────────┤
│             mean decoder test loss/mean             │         0.         │
├─────────────────────────────────────────────────────┼────────────────────┤
│         mean decoder test loss student/mean         │         0.         │
├─────────────────────────────────────────────────────┼────────────────────┤
│                      timesteps                      │      23691264      │
├─────────────────────────────────────────────────────┼────────────────────┤
│                     iterations                      │        240         │
╘═════════════════════════════════════════════════════╧════════════════════╛

══════════════════════════════════════════
[33m        job         [0m
────────────────────┬─────────────────────
       status       │ running             
      runTime       │ 2025-05-29 23:04:55.765123
════════════════════╧═════════════════════
╒═════════════════════════════════════════════════════╤════════════════════╕
│       train/episode/rew tracking lin vel/mean       │       17.334       │
├─────────────────────────────────────────────────────┼────────────────────┤
│       train/episode/rew tracking ang vel/mean       │       7.481        │
├─────────────────────────────────────────────────────┼────────────────────┤
│          train/episode/rew lin vel z/mean           │       -0.022       │
├─────────────────────────────────────────────────────┼────────────────────┤
│          train/episode/rew ang vel xy/mean          │       -0.028       │
├─────────────────────────────────────────────────────┼────────────────────┤
│           train/episode/rew torques/mean            │       -2.552       │
├─────────────────────────────────────────────────────┼────────────────────┤
│           train/episode/rew dof vel/mean            │       -0.191       │
├─────────────────────────────────────────────────────┼────────────────────┤
│           train/episode/rew dof acc/mean            │       -1.054       │
├─────────────────────────────────────────────────────┼────────────────────┤
│          train/episode/rew collision/mean           │       -0.009       │
├─────────────────────────────────────────────────────┼────────────────────┤
│         train/episode/rew action rate/mean          │       -1.497       │
├─────────────────────────────────────────────────────┼────────────────────┤
│train/episode/rew tracking contacts shaped force/mean│       -3.627       │
├─────────────────────────────────────────────────────┼────────────────────┤
│ train/episode/rew tracking contacts shaped vel/mean │       -2.008       │
├─────────────────────────────────────────────────────┼────────────────────┤
│             train/episode/rew jump/mean             │       -4.323       │
├─────────────────────────────────────────────────────┼────────────────────┤
│        train/episode/rew dof pos limits/mean        │       -0.001       │
├─────────────────────────────────────────────────────┼────────────────────┤
│          train/episode/rew feet slip/mean           │       -0.281       │
├─────────────────────────────────────────────────────┼────────────────────┤
│  train/episode/rew feet clearance cmd linear/mean   │       -5.058       │
├─────────────────────────────────────────────────────┼────────────────────┤
│     train/episode/rew action smoothness 1/mean      │       -0.656       │
├─────────────────────────────────────────────────────┼────────────────────┤
│     train/episode/rew action smoothness 2/mean      │       -1.16        │
├─────────────────────────────────────────────────────┼────────────────────┤
│      train/episode/rew raibert heuristic/mean       │       -2.939       │
├─────────────────────────────────────────────────────┼────────────────────┤
│     train/episode/rew orientation control/mean      │         0.         │
├─────────────────────────────────────────────────────┼────────────────────┤
│            train/episode/rew total/mean             │       8.302        │
├─────────────────────────────────────────────────────┼────────────────────┤
│       train/episode/min command duration/mean       │        0.5         │
├─────────────────────────────────────────────────────┼────────────────────┤
│       train/episode/max command duration/mean       │        0.5         │
├─────────────────────────────────────────────────────┼────────────────────┤
│        train/episode/min command bound/mean         │         0.         │
├─────────────────────────────────────────────────────┼────────────────────┤
│        train/episode/max command bound/mean         │         0.         │
├─────────────────────────────────────────────────────┼────────────────────┤
│        train/episode/min command offset/mean        │         0.         │
├─────────────────────────────────────────────────────┼────────────────────┤
│        train/episode/max command offset/mean        │         0.         │
├─────────────────────────────────────────────────────┼────────────────────┤
│        train/episode/min command phase/mean         │        0.5         │
├─────────────────────────────────────────────────────┼────────────────────┤
│        train/episode/max command phase/mean         │        0.5         │
├─────────────────────────────────────────────────────┼────────────────────┤
│         train/episode/min command freq/mean         │         2.         │
├─────────────────────────────────────────────────────┼────────────────────┤
│         train/episode/max command freq/mean         │         4.         │
├─────────────────────────────────────────────────────┼────────────────────┤
│        train/episode/min command x vel/mean         │       -1.047       │
├─────────────────────────────────────────────────────┼────────────────────┤
│        train/episode/max command x vel/mean         │       1.047        │
├─────────────────────────────────────────────────────┼────────────────────┤
│        train/episode/min command y vel/mean         │        -0.2        │
├─────────────────────────────────────────────────────┼────────────────────┤
│        train/episode/max command y vel/mean         │        0.2         │
├─────────────────────────────────────────────────────┼────────────────────┤
│       train/episode/min command yaw vel/mean        │       -1.046       │
├─────────────────────────────────────────────────────┼────────────────────┤
│       train/episode/max command yaw vel/mean        │       1.047        │
├─────────────────────────────────────────────────────┼────────────────────┤
│     train/episode/min command swing height/mean     │        0.03        │
├─────────────────────────────────────────────────────┼────────────────────┤
│     train/episode/max command swing height/mean     │        0.35        │
├─────────────────────────────────────────────────────┼────────────────────┤
│        train/episode/command area trot/mean         │       0.274        │
├─────────────────────────────────────────────────────┼────────────────────┤
│            train/episode/min action/mean            │       -5.978       │
├─────────────────────────────────────────────────────┼────────────────────┤
│            train/episode/max action/mean            │       4.701        │
├─────────────────────────────────────────────────────┼────────────────────┤
│                  time elapsed/mean                  │      523.014       │
├─────────────────────────────────────────────────────┼────────────────────┤
│                   time iter/mean                    │       2.065        │
├─────────────────────────────────────────────────────┼────────────────────┤
│                mean value loss/mean                 │       0.002        │
├─────────────────────────────────────────────────────┼────────────────────┤
│              mean surrogate loss/mean               │       -0.012       │
├─────────────────────────────────────────────────────┼────────────────────┤
│               mean decoder loss/mean                │         0.         │
├─────────────────────────────────────────────────────┼────────────────────┤
│           mean decoder loss student/mean            │         0.         │
├─────────────────────────────────────────────────────┼────────────────────┤
│             mean decoder test loss/mean             │         0.         │
├─────────────────────────────────────────────────────┼────────────────────┤
│         mean decoder test loss student/mean         │         0.         │
├─────────────────────────────────────────────────────┼────────────────────┤
│                      timesteps                      │      24674304      │
├─────────────────────────────────────────────────────┼────────────────────┤
│                     iterations                      │        250         │
╘═════════════════════════════════════════════════════╧════════════════════╛

══════════════════════════════════════════
[33m        job         [0m
────────────────────┬─────────────────────
       status       │ running             
      runTime       │ 2025-05-29 23:05:16.417220
════════════════════╧═════════════════════
╒═════════════════════════════════════════════════════╤════════════════════╕
│       train/episode/rew tracking lin vel/mean       │       17.201       │
├─────────────────────────────────────────────────────┼────────────────────┤
│       train/episode/rew tracking ang vel/mean       │       7.547        │
├─────────────────────────────────────────────────────┼────────────────────┤
│          train/episode/rew lin vel z/mean           │       -0.023       │
├─────────────────────────────────────────────────────┼────────────────────┤
│          train/episode/rew ang vel xy/mean          │       -0.028       │
├─────────────────────────────────────────────────────┼────────────────────┤
│           train/episode/rew torques/mean            │       -2.545       │
├─────────────────────────────────────────────────────┼────────────────────┤
│           train/episode/rew dof vel/mean            │       -0.197       │
├─────────────────────────────────────────────────────┼────────────────────┤
│           train/episode/rew dof acc/mean            │       -1.067       │
├─────────────────────────────────────────────────────┼────────────────────┤
│          train/episode/rew collision/mean           │       -0.007       │
├─────────────────────────────────────────────────────┼────────────────────┤
│         train/episode/rew action rate/mean          │       -1.48        │
├─────────────────────────────────────────────────────┼────────────────────┤
│train/episode/rew tracking contacts shaped force/mean│       -3.465       │
├─────────────────────────────────────────────────────┼────────────────────┤
│ train/episode/rew tracking contacts shaped vel/mean │       -2.095       │
├─────────────────────────────────────────────────────┼────────────────────┤
│             train/episode/rew jump/mean             │       -3.871       │
├─────────────────────────────────────────────────────┼────────────────────┤
│        train/episode/rew dof pos limits/mean        │       -0.007       │
├─────────────────────────────────────────────────────┼────────────────────┤
│          train/episode/rew feet slip/mean           │       -0.275       │
├─────────────────────────────────────────────────────┼────────────────────┤
│  train/episode/rew feet clearance cmd linear/mean   │       -4.45        │
├─────────────────────────────────────────────────────┼────────────────────┤
│     train/episode/rew action smoothness 1/mean      │       -0.652       │
├─────────────────────────────────────────────────────┼────────────────────┤
│     train/episode/rew action smoothness 2/mean      │       -1.13        │
├─────────────────────────────────────────────────────┼────────────────────┤
│      train/episode/rew raibert heuristic/mean       │       -2.796       │
├─────────────────────────────────────────────────────┼────────────────────┤
│     train/episode/rew orientation control/mean      │         0.         │
├─────────────────────────────────────────────────────┼────────────────────┤
│            train/episode/rew total/mean             │       8.688        │
├─────────────────────────────────────────────────────┼────────────────────┤
│       train/episode/min command duration/mean       │        0.5         │
├─────────────────────────────────────────────────────┼────────────────────┤
│       train/episode/max command duration/mean       │        0.5         │
├─────────────────────────────────────────────────────┼────────────────────┤
│        train/episode/min command bound/mean         │         0.         │
├─────────────────────────────────────────────────────┼────────────────────┤
│        train/episode/max command bound/mean         │         0.         │
├─────────────────────────────────────────────────────┼────────────────────┤
│        train/episode/min command offset/mean        │         0.         │
├─────────────────────────────────────────────────────┼────────────────────┤
│        train/episode/max command offset/mean        │         0.         │
├─────────────────────────────────────────────────────┼────────────────────┤
│        train/episode/min command phase/mean         │        0.5         │
├─────────────────────────────────────────────────────┼────────────────────┤
│        train/episode/max command phase/mean         │        0.5         │
├─────────────────────────────────────────────────────┼────────────────────┤
│         train/episode/min command freq/mean         │       2.001        │
├─────────────────────────────────────────────────────┼────────────────────┤
│         train/episode/max command freq/mean         │         4.         │
├─────────────────────────────────────────────────────┼────────────────────┤
│        train/episode/min command x vel/mean         │       -1.047       │
├─────────────────────────────────────────────────────┼────────────────────┤
│        train/episode/max command x vel/mean         │       1.047        │
├─────────────────────────────────────────────────────┼────────────────────┤
│        train/episode/min command y vel/mean         │        -0.2        │
├─────────────────────────────────────────────────────┼────────────────────┤
│        train/episode/max command y vel/mean         │        0.2         │
├─────────────────────────────────────────────────────┼────────────────────┤
│       train/episode/min command yaw vel/mean        │       -1.045       │
├─────────────────────────────────────────────────────┼────────────────────┤
│       train/episode/max command yaw vel/mean        │       1.046        │
├─────────────────────────────────────────────────────┼────────────────────┤
│     train/episode/min command swing height/mean     │        0.03        │
├─────────────────────────────────────────────────────┼────────────────────┤
│     train/episode/max command swing height/mean     │        0.35        │
├─────────────────────────────────────────────────────┼────────────────────┤
│        train/episode/command area trot/mean         │       0.274        │
├─────────────────────────────────────────────────────┼────────────────────┤
│            train/episode/min action/mean            │       -6.22        │
├─────────────────────────────────────────────────────┼────────────────────┤
│            train/episode/max action/mean            │       4.761        │
├─────────────────────────────────────────────────────┼────────────────────┤
│                  time elapsed/mean                  │      544.041       │
├─────────────────────────────────────────────────────┼────────────────────┤
│                   time iter/mean                    │       2.104        │
├─────────────────────────────────────────────────────┼────────────────────┤
│                mean value loss/mean                 │       0.001        │
├─────────────────────────────────────────────────────┼────────────────────┤
│              mean surrogate loss/mean               │       -0.012       │
├─────────────────────────────────────────────────────┼────────────────────┤
│               mean decoder loss/mean                │         0.         │
├─────────────────────────────────────────────────────┼────────────────────┤
│           mean decoder loss student/mean            │         0.         │
├─────────────────────────────────────────────────────┼────────────────────┤
│             mean decoder test loss/mean             │         0.         │
├─────────────────────────────────────────────────────┼────────────────────┤
│         mean decoder test loss student/mean         │         0.         │
├─────────────────────────────────────────────────────┼────────────────────┤
│                      timesteps                      │      25657344      │
├─────────────────────────────────────────────────────┼────────────────────┤
│                     iterations                      │        260         │
╘═════════════════════════════════════════════════════╧════════════════════╛

══════════════════════════════════════════
[33m        job         [0m
────────────────────┬─────────────────────
       status       │ running             
      runTime       │ 2025-05-29 23:05:37.452031
════════════════════╧═════════════════════
╒═════════════════════════════════════════════════════╤════════════════════╕
│       train/episode/rew tracking lin vel/mean       │       17.283       │
├─────────────────────────────────────────────────────┼────────────────────┤
│       train/episode/rew tracking ang vel/mean       │       7.662        │
├─────────────────────────────────────────────────────┼────────────────────┤
│          train/episode/rew lin vel z/mean           │       -0.023       │
├─────────────────────────────────────────────────────┼────────────────────┤
│          train/episode/rew ang vel xy/mean          │       -0.029       │
├─────────────────────────────────────────────────────┼────────────────────┤
│           train/episode/rew torques/mean            │       -2.598       │
├─────────────────────────────────────────────────────┼────────────────────┤
│           train/episode/rew dof vel/mean            │       -0.209       │
├─────────────────────────────────────────────────────┼────────────────────┤
│           train/episode/rew dof acc/mean            │       -1.096       │
├─────────────────────────────────────────────────────┼────────────────────┤
│          train/episode/rew collision/mean           │       -0.009       │
├─────────────────────────────────────────────────────┼────────────────────┤
│         train/episode/rew action rate/mean          │       -1.494       │
├─────────────────────────────────────────────────────┼────────────────────┤
│train/episode/rew tracking contacts shaped force/mean│       -3.457       │
├─────────────────────────────────────────────────────┼────────────────────┤
│ train/episode/rew tracking contacts shaped vel/mean │       -2.191       │
├─────────────────────────────────────────────────────┼────────────────────┤
│             train/episode/rew jump/mean             │       -4.04        │
├─────────────────────────────────────────────────────┼────────────────────┤
│        train/episode/rew dof pos limits/mean        │       -0.01        │
├─────────────────────────────────────────────────────┼────────────────────┤
│          train/episode/rew feet slip/mean           │       -0.275       │
├─────────────────────────────────────────────────────┼────────────────────┤
│  train/episode/rew feet clearance cmd linear/mean   │       -4.215       │
├─────────────────────────────────────────────────────┼────────────────────┤
│     train/episode/rew action smoothness 1/mean      │       -0.662       │
├─────────────────────────────────────────────────────┼────────────────────┤
│     train/episode/rew action smoothness 2/mean      │       -1.118       │
├─────────────────────────────────────────────────────┼────────────────────┤
│      train/episode/rew raibert heuristic/mean       │       -2.768       │
├─────────────────────────────────────────────────────┼────────────────────┤
│     train/episode/rew orientation control/mean      │         0.         │
├─────────────────────────────────────────────────────┼────────────────────┤
│            train/episode/rew total/mean             │       8.772        │
├─────────────────────────────────────────────────────┼────────────────────┤
│       train/episode/min command duration/mean       │        0.5         │
├─────────────────────────────────────────────────────┼────────────────────┤
│       train/episode/max command duration/mean       │        0.5         │
├─────────────────────────────────────────────────────┼────────────────────┤
│        train/episode/min command bound/mean         │         0.         │
├─────────────────────────────────────────────────────┼────────────────────┤
│        train/episode/max command bound/mean         │         0.         │
├─────────────────────────────────────────────────────┼────────────────────┤
│        train/episode/min command offset/mean        │         0.         │
├─────────────────────────────────────────────────────┼────────────────────┤
│        train/episode/max command offset/mean        │         0.         │
├─────────────────────────────────────────────────────┼────────────────────┤
│        train/episode/min command phase/mean         │        0.5         │
├─────────────────────────────────────────────────────┼────────────────────┤
│        train/episode/max command phase/mean         │        0.5         │
├─────────────────────────────────────────────────────┼────────────────────┤
│         train/episode/min command freq/mean         │       2.001        │
├─────────────────────────────────────────────────────┼────────────────────┤
│         train/episode/max command freq/mean         │         4.         │
├─────────────────────────────────────────────────────┼────────────────────┤
│        train/episode/min command x vel/mean         │       -1.048       │
├─────────────────────────────────────────────────────┼────────────────────┤
│        train/episode/max command x vel/mean         │       1.047        │
├─────────────────────────────────────────────────────┼────────────────────┤
│        train/episode/min command y vel/mean         │        -0.2        │
├─────────────────────────────────────────────────────┼────────────────────┤
│        train/episode/max command y vel/mean         │        0.2         │
├─────────────────────────────────────────────────────┼────────────────────┤
│       train/episode/min command yaw vel/mean        │       -1.045       │
├─────────────────────────────────────────────────────┼────────────────────┤
│       train/episode/max command yaw vel/mean        │       1.047        │
├─────────────────────────────────────────────────────┼────────────────────┤
│     train/episode/min command swing height/mean     │        0.03        │
├─────────────────────────────────────────────────────┼────────────────────┤
│     train/episode/max command swing height/mean     │        0.35        │
├─────────────────────────────────────────────────────┼────────────────────┤
│        train/episode/command area trot/mean         │       0.274        │
├─────────────────────────────────────────────────────┼────────────────────┤
│            train/episode/min action/mean            │       -6.316       │
├─────────────────────────────────────────────────────┼────────────────────┤
│            train/episode/max action/mean            │       4.799        │
├─────────────────────────────────────────────────────┼────────────────────┤
│                  time elapsed/mean                  │      564.728       │
├─────────────────────────────────────────────────────┼────────────────────┤
│                   time iter/mean                    │       2.073        │
├─────────────────────────────────────────────────────┼────────────────────┤
│                mean value loss/mean                 │       0.001        │
├─────────────────────────────────────────────────────┼────────────────────┤
│              mean surrogate loss/mean               │       -0.012       │
├─────────────────────────────────────────────────────┼────────────────────┤
│               mean decoder loss/mean                │         0.         │
├─────────────────────────────────────────────────────┼────────────────────┤
│           mean decoder loss student/mean            │         0.         │
├─────────────────────────────────────────────────────┼────────────────────┤
│             mean decoder test loss/mean             │         0.         │
├─────────────────────────────────────────────────────┼────────────────────┤
│         mean decoder test loss student/mean         │         0.         │
├─────────────────────────────────────────────────────┼────────────────────┤
│                      timesteps                      │      26640384      │
├─────────────────────────────────────────────────────┼────────────────────┤
│                     iterations                      │        270         │
╘═════════════════════════════════════════════════════╧════════════════════╛

══════════════════════════════════════════
[33m        job         [0m
────────────────────┬─────────────────────
       status       │ running             
      runTime       │ 2025-05-29 23:05:58.181673
════════════════════╧═════════════════════
╒═════════════════════════════════════════════════════╤════════════════════╕
│       train/episode/rew tracking lin vel/mean       │       17.415       │
├─────────────────────────────────────────────────────┼────────────────────┤
│       train/episode/rew tracking ang vel/mean       │       7.709        │
├─────────────────────────────────────────────────────┼────────────────────┤
│          train/episode/rew lin vel z/mean           │       -0.023       │
├─────────────────────────────────────────────────────┼────────────────────┤
│          train/episode/rew ang vel xy/mean          │       -0.028       │
├─────────────────────────────────────────────────────┼────────────────────┤
│           train/episode/rew torques/mean            │       -2.617       │
├─────────────────────────────────────────────────────┼────────────────────┤
│           train/episode/rew dof vel/mean            │       -0.211       │
├─────────────────────────────────────────────────────┼────────────────────┤
│           train/episode/rew dof acc/mean            │       -1.099       │
├─────────────────────────────────────────────────────┼────────────────────┤
│          train/episode/rew collision/mean           │       -0.011       │
├─────────────────────────────────────────────────────┼────────────────────┤
│         train/episode/rew action rate/mean          │       -1.483       │
├─────────────────────────────────────────────────────┼────────────────────┤
│train/episode/rew tracking contacts shaped force/mean│       -3.48        │
├─────────────────────────────────────────────────────┼────────────────────┤
│ train/episode/rew tracking contacts shaped vel/mean │       -2.184       │
├─────────────────────────────────────────────────────┼────────────────────┤
│             train/episode/rew jump/mean             │       -4.206       │
├─────────────────────────────────────────────────────┼────────────────────┤
│        train/episode/rew dof pos limits/mean        │       -0.023       │
├─────────────────────────────────────────────────────┼────────────────────┤
│          train/episode/rew feet slip/mean           │       -0.266       │
├─────────────────────────────────────────────────────┼────────────────────┤
│  train/episode/rew feet clearance cmd linear/mean   │       -3.786       │
├─────────────────────────────────────────────────────┼────────────────────┤
│     train/episode/rew action smoothness 1/mean      │       -0.66        │
├─────────────────────────────────────────────────────┼────────────────────┤
│     train/episode/rew action smoothness 2/mean      │       -1.097       │
├─────────────────────────────────────────────────────┼────────────────────┤
│      train/episode/rew raibert heuristic/mean       │       -2.559       │
├─────────────────────────────────────────────────────┼────────────────────┤
│     train/episode/rew orientation control/mean      │         0.         │
├─────────────────────────────────────────────────────┼────────────────────┤
│            train/episode/rew total/mean             │       8.983        │
├─────────────────────────────────────────────────────┼────────────────────┤
│       train/episode/min command duration/mean       │        0.5         │
├─────────────────────────────────────────────────────┼────────────────────┤
│       train/episode/max command duration/mean       │        0.5         │
├─────────────────────────────────────────────────────┼────────────────────┤
│        train/episode/min command bound/mean         │         0.         │
├─────────────────────────────────────────────────────┼────────────────────┤
│        train/episode/max command bound/mean         │         0.         │
├─────────────────────────────────────────────────────┼────────────────────┤
│        train/episode/min command offset/mean        │         0.         │
├─────────────────────────────────────────────────────┼────────────────────┤
│        train/episode/max command offset/mean        │         0.         │
├─────────────────────────────────────────────────────┼────────────────────┤
│        train/episode/min command phase/mean         │        0.5         │
├─────────────────────────────────────────────────────┼────────────────────┤
│        train/episode/max command phase/mean         │        0.5         │
├─────────────────────────────────────────────────────┼────────────────────┤
│         train/episode/min command freq/mean         │         2.         │
├─────────────────────────────────────────────────────┼────────────────────┤
│         train/episode/max command freq/mean         │         4.         │
├─────────────────────────────────────────────────────┼────────────────────┤
│        train/episode/min command x vel/mean         │       -1.048       │
├─────────────────────────────────────────────────────┼────────────────────┤
│        train/episode/max command x vel/mean         │       1.047        │
├─────────────────────────────────────────────────────┼────────────────────┤
│        train/episode/min command y vel/mean         │        -0.2        │
├─────────────────────────────────────────────────────┼────────────────────┤
│        train/episode/max command y vel/mean         │       0.199        │
├─────────────────────────────────────────────────────┼────────────────────┤
│       train/episode/min command yaw vel/mean        │       -1.046       │
├─────────────────────────────────────────────────────┼────────────────────┤
│       train/episode/max command yaw vel/mean        │       1.048        │
├─────────────────────────────────────────────────────┼────────────────────┤
│     train/episode/min command swing height/mean     │        0.03        │
├─────────────────────────────────────────────────────┼────────────────────┤
│     train/episode/max command swing height/mean     │        0.35        │
├─────────────────────────────────────────────────────┼────────────────────┤
│        train/episode/command area trot/mean         │       0.274        │
├─────────────────────────────────────────────────────┼────────────────────┤
│            train/episode/min action/mean            │       -6.538       │
├─────────────────────────────────────────────────────┼────────────────────┤
│            train/episode/max action/mean            │       4.869        │
├─────────────────────────────────────────────────────┼────────────────────┤
│                  time elapsed/mean                  │      585.667       │
├─────────────────────────────────────────────────────┼────────────────────┤
│                   time iter/mean                    │       2.098        │
├─────────────────────────────────────────────────────┼────────────────────┤
│                mean value loss/mean                 │       0.002        │
├─────────────────────────────────────────────────────┼────────────────────┤
│              mean surrogate loss/mean               │       -0.012       │
├─────────────────────────────────────────────────────┼────────────────────┤
│               mean decoder loss/mean                │         0.         │
├─────────────────────────────────────────────────────┼────────────────────┤
│           mean decoder loss student/mean            │         0.         │
├─────────────────────────────────────────────────────┼────────────────────┤
│             mean decoder test loss/mean             │         0.         │
├─────────────────────────────────────────────────────┼────────────────────┤
│         mean decoder test loss student/mean         │         0.         │
├─────────────────────────────────────────────────────┼────────────────────┤
│                      timesteps                      │      27623424      │
├─────────────────────────────────────────────────────┼────────────────────┤
│                     iterations                      │        280         │
╘═════════════════════════════════════════════════════╧════════════════════╛

══════════════════════════════════════════
[33m        job         [0m
────────────────────┬─────────────────────
       status       │ running             
      runTime       │ 2025-05-29 23:06:19.163969
════════════════════╧═════════════════════
╒═════════════════════════════════════════════════════╤════════════════════╕
│       train/episode/rew tracking lin vel/mean       │       17.432       │
├─────────────────────────────────────────────────────┼────────────────────┤
│       train/episode/rew tracking ang vel/mean       │       7.746        │
├─────────────────────────────────────────────────────┼────────────────────┤
│          train/episode/rew lin vel z/mean           │       -0.023       │
├─────────────────────────────────────────────────────┼────────────────────┤
│          train/episode/rew ang vel xy/mean          │       -0.028       │
├─────────────────────────────────────────────────────┼────────────────────┤
│           train/episode/rew torques/mean            │       -2.637       │
├─────────────────────────────────────────────────────┼────────────────────┤
│           train/episode/rew dof vel/mean            │       -0.218       │
├─────────────────────────────────────────────────────┼────────────────────┤
│           train/episode/rew dof acc/mean            │       -1.107       │
├─────────────────────────────────────────────────────┼────────────────────┤
│          train/episode/rew collision/mean           │       -0.009       │
├─────────────────────────────────────────────────────┼────────────────────┤
│         train/episode/rew action rate/mean          │       -1.484       │
├─────────────────────────────────────────────────────┼────────────────────┤
│train/episode/rew tracking contacts shaped force/mean│       -3.474       │
├─────────────────────────────────────────────────────┼────────────────────┤
│ train/episode/rew tracking contacts shaped vel/mean │       -2.199       │
├─────────────────────────────────────────────────────┼────────────────────┤
│             train/episode/rew jump/mean             │       -3.864       │
├─────────────────────────────────────────────────────┼────────────────────┤
│        train/episode/rew dof pos limits/mean        │       -0.032       │
├─────────────────────────────────────────────────────┼────────────────────┤
│          train/episode/rew feet slip/mean           │       -0.267       │
├─────────────────────────────────────────────────────┼────────────────────┤
│  train/episode/rew feet clearance cmd linear/mean   │       -3.69        │
├─────────────────────────────────────────────────────┼────────────────────┤
│     train/episode/rew action smoothness 1/mean      │       -0.665       │
├─────────────────────────────────────────────────────┼────────────────────┤
│     train/episode/rew action smoothness 2/mean      │       -1.08        │
├─────────────────────────────────────────────────────┼────────────────────┤
│      train/episode/rew raibert heuristic/mean       │       -2.559       │
├─────────────────────────────────────────────────────┼────────────────────┤
│     train/episode/rew orientation control/mean      │         0.         │
├─────────────────────────────────────────────────────┼────────────────────┤
│            train/episode/rew total/mean             │       9.156        │
├─────────────────────────────────────────────────────┼────────────────────┤
│       train/episode/min command duration/mean       │        0.5         │
├─────────────────────────────────────────────────────┼────────────────────┤
│       train/episode/max command duration/mean       │        0.5         │
├─────────────────────────────────────────────────────┼────────────────────┤
│        train/episode/min command bound/mean         │         0.         │
├─────────────────────────────────────────────────────┼────────────────────┤
│        train/episode/max command bound/mean         │         0.         │
├─────────────────────────────────────────────────────┼────────────────────┤
│        train/episode/min command offset/mean        │         0.         │
├─────────────────────────────────────────────────────┼────────────────────┤
│        train/episode/max command offset/mean        │         0.         │
├─────────────────────────────────────────────────────┼────────────────────┤
│        train/episode/min command phase/mean         │        0.5         │
├─────────────────────────────────────────────────────┼────────────────────┤
│        train/episode/max command phase/mean         │        0.5         │
├─────────────────────────────────────────────────────┼────────────────────┤
│         train/episode/min command freq/mean         │         2.         │
├─────────────────────────────────────────────────────┼────────────────────┤
│         train/episode/max command freq/mean         │         4.         │
├─────────────────────────────────────────────────────┼────────────────────┤
│        train/episode/min command x vel/mean         │       -1.047       │
├─────────────────────────────────────────────────────┼────────────────────┤
│        train/episode/max command x vel/mean         │       1.046        │
├─────────────────────────────────────────────────────┼────────────────────┤
│        train/episode/min command y vel/mean         │        -0.2        │
├─────────────────────────────────────────────────────┼────────────────────┤
│        train/episode/max command y vel/mean         │       0.199        │
├─────────────────────────────────────────────────────┼────────────────────┤
│       train/episode/min command yaw vel/mean        │       -1.046       │
├─────────────────────────────────────────────────────┼────────────────────┤
│       train/episode/max command yaw vel/mean        │       1.048        │
├─────────────────────────────────────────────────────┼────────────────────┤
│     train/episode/min command swing height/mean     │        0.03        │
├─────────────────────────────────────────────────────┼────────────────────┤
│     train/episode/max command swing height/mean     │        0.35        │
├─────────────────────────────────────────────────────┼────────────────────┤
│        train/episode/command area trot/mean         │       0.274        │
├─────────────────────────────────────────────────────┼────────────────────┤
│            train/episode/min action/mean            │       -6.588       │
├─────────────────────────────────────────────────────┼────────────────────┤
│            train/episode/max action/mean            │       4.874        │
├─────────────────────────────────────────────────────┼────────────────────┤
│                  time elapsed/mean                  │      606.468       │
├─────────────────────────────────────────────────────┼────────────────────┤
│                   time iter/mean                    │       2.064        │
├─────────────────────────────────────────────────────┼────────────────────┤
│                mean value loss/mean                 │       0.001        │
├─────────────────────────────────────────────────────┼────────────────────┤
│              mean surrogate loss/mean               │       -0.011       │
├─────────────────────────────────────────────────────┼────────────────────┤
│               mean decoder loss/mean                │         0.         │
├─────────────────────────────────────────────────────┼────────────────────┤
│           mean decoder loss student/mean            │         0.         │
├─────────────────────────────────────────────────────┼────────────────────┤
│             mean decoder test loss/mean             │         0.         │
├─────────────────────────────────────────────────────┼────────────────────┤
│         mean decoder test loss student/mean         │         0.         │
├─────────────────────────────────────────────────────┼────────────────────┤
│                      timesteps                      │      28606464      │
├─────────────────────────────────────────────────────┼────────────────────┤
│                     iterations                      │        290         │
╘═════════════════════════════════════════════════════╧════════════════════╛

══════════════════════════════════════════
[33m        job         [0m
────────────────────┬─────────────────────
       status       │ running             
      runTime       │ 2025-05-29 23:06:39.805412
════════════════════╧═════════════════════
╒═════════════════════════════════════════════════════╤════════════════════╕
│       train/episode/rew tracking lin vel/mean       │       17.404       │
├─────────────────────────────────────────────────────┼────────────────────┤
│       train/episode/rew tracking ang vel/mean       │       7.815        │
├─────────────────────────────────────────────────────┼────────────────────┤
│          train/episode/rew lin vel z/mean           │       -0.023       │
├─────────────────────────────────────────────────────┼────────────────────┤
│          train/episode/rew ang vel xy/mean          │       -0.027       │
├─────────────────────────────────────────────────────┼────────────────────┤
│           train/episode/rew torques/mean            │       -2.603       │
├─────────────────────────────────────────────────────┼────────────────────┤
│           train/episode/rew dof vel/mean            │       -0.21        │
├─────────────────────────────────────────────────────┼────────────────────┤
│           train/episode/rew dof acc/mean            │       -1.068       │
├─────────────────────────────────────────────────────┼────────────────────┤
│          train/episode/rew collision/mean           │       -0.01        │
├─────────────────────────────────────────────────────┼────────────────────┤
│         train/episode/rew action rate/mean          │       -1.427       │
├─────────────────────────────────────────────────────┼────────────────────┤
│train/episode/rew tracking contacts shaped force/mean│       -3.514       │
├─────────────────────────────────────────────────────┼────────────────────┤
│ train/episode/rew tracking contacts shaped vel/mean │       -2.116       │
├─────────────────────────────────────────────────────┼────────────────────┤
│             train/episode/rew jump/mean             │       -3.647       │
├─────────────────────────────────────────────────────┼────────────────────┤
│        train/episode/rew dof pos limits/mean        │       -0.046       │
├─────────────────────────────────────────────────────┼────────────────────┤
│          train/episode/rew feet slip/mean           │       -0.256       │
├─────────────────────────────────────────────────────┼────────────────────┤
│  train/episode/rew feet clearance cmd linear/mean   │       -3.095       │
├─────────────────────────────────────────────────────┼────────────────────┤
│     train/episode/rew action smoothness 1/mean      │       -0.64        │
├─────────────────────────────────────────────────────┼────────────────────┤
│     train/episode/rew action smoothness 2/mean      │       -1.042       │
├─────────────────────────────────────────────────────┼────────────────────┤
│      train/episode/rew raibert heuristic/mean       │       -2.443       │
├─────────────────────────────────────────────────────┼────────────────────┤
│     train/episode/rew orientation control/mean      │         0.         │
├─────────────────────────────────────────────────────┼────────────────────┤
│            train/episode/rew total/mean             │       9.621        │
├─────────────────────────────────────────────────────┼────────────────────┤
│       train/episode/min command duration/mean       │        0.5         │
├─────────────────────────────────────────────────────┼────────────────────┤
│       train/episode/max command duration/mean       │        0.5         │
├─────────────────────────────────────────────────────┼────────────────────┤
│        train/episode/min command bound/mean         │         0.         │
├─────────────────────────────────────────────────────┼────────────────────┤
│        train/episode/max command bound/mean         │         0.         │
├─────────────────────────────────────────────────────┼────────────────────┤
│        train/episode/min command offset/mean        │         0.         │
├─────────────────────────────────────────────────────┼────────────────────┤
│        train/episode/max command offset/mean        │         0.         │
├─────────────────────────────────────────────────────┼────────────────────┤
│        train/episode/min command phase/mean         │        0.5         │
├─────────────────────────────────────────────────────┼────────────────────┤
│        train/episode/max command phase/mean         │        0.5         │
├─────────────────────────────────────────────────────┼────────────────────┤
│         train/episode/min command freq/mean         │         2.         │
├─────────────────────────────────────────────────────┼────────────────────┤
│         train/episode/max command freq/mean         │       3.999        │
├─────────────────────────────────────────────────────┼────────────────────┤
│        train/episode/min command x vel/mean         │       -1.047       │
├─────────────────────────────────────────────────────┼────────────────────┤
│        train/episode/max command x vel/mean         │       1.046        │
├─────────────────────────────────────────────────────┼────────────────────┤
│        train/episode/min command y vel/mean         │        -0.2        │
├─────────────────────────────────────────────────────┼────────────────────┤
│        train/episode/max command y vel/mean         │        0.2         │
├─────────────────────────────────────────────────────┼────────────────────┤
│       train/episode/min command yaw vel/mean        │       -1.047       │
├─────────────────────────────────────────────────────┼────────────────────┤
│       train/episode/max command yaw vel/mean        │       1.047        │
├─────────────────────────────────────────────────────┼────────────────────┤
│     train/episode/min command swing height/mean     │        0.03        │
├─────────────────────────────────────────────────────┼────────────────────┤
│     train/episode/max command swing height/mean     │        0.35        │
├─────────────────────────────────────────────────────┼────────────────────┤
│        train/episode/command area trot/mean         │       0.274        │
├─────────────────────────────────────────────────────┼────────────────────┤
│            train/episode/min action/mean            │       -6.713       │
├─────────────────────────────────────────────────────┼────────────────────┤
│            train/episode/max action/mean            │       5.012        │
├─────────────────────────────────────────────────────┼────────────────────┤
│                  time elapsed/mean                  │       627.55       │
├─────────────────────────────────────────────────────┼────────────────────┤
│                   time iter/mean                    │       2.131        │
├─────────────────────────────────────────────────────┼────────────────────┤
│                mean value loss/mean                 │       0.002        │
├─────────────────────────────────────────────────────┼────────────────────┤
│              mean surrogate loss/mean               │       -0.011       │
├─────────────────────────────────────────────────────┼────────────────────┤
│               mean decoder loss/mean                │         0.         │
├─────────────────────────────────────────────────────┼────────────────────┤
│           mean decoder loss student/mean            │         0.         │
├─────────────────────────────────────────────────────┼────────────────────┤
│             mean decoder test loss/mean             │         0.         │
├─────────────────────────────────────────────────────┼────────────────────┤
│         mean decoder test loss student/mean         │         0.         │
├─────────────────────────────────────────────────────┼────────────────────┤
│                      timesteps                      │      29589504      │
├─────────────────────────────────────────────────────┼────────────────────┤
│                     iterations                      │        300         │
╘═════════════════════════════════════════════════════╧════════════════════╛

══════════════════════════════════════════
[33m        job         [0m
────────────────────┬─────────────────────
       status       │ running             
      runTime       │ 2025-05-29 23:07:01.112777
════════════════════╧═════════════════════
╒═════════════════════════════════════════════════════╤════════════════════╕
│       train/episode/rew tracking lin vel/mean       │       17.592       │
├─────────────────────────────────────────────────────┼────────────────────┤
│       train/episode/rew tracking ang vel/mean       │        7.88        │
├─────────────────────────────────────────────────────┼────────────────────┤
│          train/episode/rew lin vel z/mean           │       -0.023       │
├─────────────────────────────────────────────────────┼────────────────────┤
│          train/episode/rew ang vel xy/mean          │       -0.026       │
├─────────────────────────────────────────────────────┼────────────────────┤
│           train/episode/rew torques/mean            │       -2.661       │
├─────────────────────────────────────────────────────┼────────────────────┤
│           train/episode/rew dof vel/mean            │       -0.221       │
├─────────────────────────────────────────────────────┼────────────────────┤
│           train/episode/rew dof acc/mean            │       -1.099       │
├─────────────────────────────────────────────────────┼────────────────────┤
│          train/episode/rew collision/mean           │       -0.012       │
├─────────────────────────────────────────────────────┼────────────────────┤
│         train/episode/rew action rate/mean          │       -1.447       │
├─────────────────────────────────────────────────────┼────────────────────┤
│train/episode/rew tracking contacts shaped force/mean│       -3.529       │
├─────────────────────────────────────────────────────┼────────────────────┤
│ train/episode/rew tracking contacts shaped vel/mean │       -2.176       │
├─────────────────────────────────────────────────────┼────────────────────┤
│             train/episode/rew jump/mean             │       -3.749       │
├─────────────────────────────────────────────────────┼────────────────────┤
│        train/episode/rew dof pos limits/mean        │       -0.09        │
├─────────────────────────────────────────────────────┼────────────────────┤
│          train/episode/rew feet slip/mean           │       -0.257       │
├─────────────────────────────────────────────────────┼────────────────────┤
│  train/episode/rew feet clearance cmd linear/mean   │       -3.223       │
├─────────────────────────────────────────────────────┼────────────────────┤
│     train/episode/rew action smoothness 1/mean      │       -0.653       │
├─────────────────────────────────────────────────────┼────────────────────┤
│     train/episode/rew action smoothness 2/mean      │       -1.031       │
├─────────────────────────────────────────────────────┼────────────────────┤
│      train/episode/rew raibert heuristic/mean       │       -2.324       │
├─────────────────────────────────────────────────────┼────────────────────┤
│     train/episode/rew orientation control/mean      │         0.         │
├─────────────────────────────────────────────────────┼────────────────────┤
│            train/episode/rew total/mean             │       9.631        │
├─────────────────────────────────────────────────────┼────────────────────┤
│       train/episode/min command duration/mean       │        0.5         │
├─────────────────────────────────────────────────────┼────────────────────┤
│       train/episode/max command duration/mean       │        0.5         │
├─────────────────────────────────────────────────────┼────────────────────┤
│        train/episode/min command bound/mean         │         0.         │
├─────────────────────────────────────────────────────┼────────────────────┤
│        train/episode/max command bound/mean         │         0.         │
├─────────────────────────────────────────────────────┼────────────────────┤
│        train/episode/min command offset/mean        │         0.         │
├─────────────────────────────────────────────────────┼────────────────────┤
│        train/episode/max command offset/mean        │         0.         │
├─────────────────────────────────────────────────────┼────────────────────┤
│        train/episode/min command phase/mean         │        0.5         │
├─────────────────────────────────────────────────────┼────────────────────┤
│        train/episode/max command phase/mean         │        0.5         │
├─────────────────────────────────────────────────────┼────────────────────┤
│         train/episode/min command freq/mean         │       2.002        │
├─────────────────────────────────────────────────────┼────────────────────┤
│         train/episode/max command freq/mean         │         4.         │
├─────────────────────────────────────────────────────┼────────────────────┤
│        train/episode/min command x vel/mean         │       -1.047       │
├─────────────────────────────────────────────────────┼────────────────────┤
│        train/episode/max command x vel/mean         │       1.045        │
├─────────────────────────────────────────────────────┼────────────────────┤
│        train/episode/min command y vel/mean         │        -0.2        │
├─────────────────────────────────────────────────────┼────────────────────┤
│        train/episode/max command y vel/mean         │        0.2         │
├─────────────────────────────────────────────────────┼────────────────────┤
│       train/episode/min command yaw vel/mean        │       -1.047       │
├─────────────────────────────────────────────────────┼────────────────────┤
│       train/episode/max command yaw vel/mean        │       1.047        │
├─────────────────────────────────────────────────────┼────────────────────┤
│     train/episode/min command swing height/mean     │        0.03        │
├─────────────────────────────────────────────────────┼────────────────────┤
│     train/episode/max command swing height/mean     │        0.35        │
├─────────────────────────────────────────────────────┼────────────────────┤
│        train/episode/command area trot/mean         │       0.274        │
├─────────────────────────────────────────────────────┼────────────────────┤
│            train/episode/min action/mean            │        -6.6        │
├─────────────────────────────────────────────────────┼────────────────────┤
│            train/episode/max action/mean            │       5.063        │
├─────────────────────────────────────────────────────┼────────────────────┤
│                  time elapsed/mean                  │      648.504       │
├─────────────────────────────────────────────────────┼────────────────────┤
│                   time iter/mean                    │       2.082        │
├─────────────────────────────────────────────────────┼────────────────────┤
│                mean value loss/mean                 │       0.001        │
├─────────────────────────────────────────────────────┼────────────────────┤
│              mean surrogate loss/mean               │       -0.011       │
├─────────────────────────────────────────────────────┼────────────────────┤
│               mean decoder loss/mean                │         0.         │
├─────────────────────────────────────────────────────┼────────────────────┤
│           mean decoder loss student/mean            │         0.         │
├─────────────────────────────────────────────────────┼────────────────────┤
│             mean decoder test loss/mean             │         0.         │
├─────────────────────────────────────────────────────┼────────────────────┤
│         mean decoder test loss student/mean         │         0.         │
├─────────────────────────────────────────────────────┼────────────────────┤
│                      timesteps                      │      30572544      │
├─────────────────────────────────────────────────────┼────────────────────┤
│                     iterations                      │        310         │
╘═════════════════════════════════════════════════════╧════════════════════╛

══════════════════════════════════════════
[33m        job         [0m
────────────────────┬─────────────────────
       status       │ running             
      runTime       │ 2025-05-29 23:07:21.932923
════════════════════╧═════════════════════
╒═════════════════════════════════════════════════════╤════════════════════╕
│       train/episode/rew tracking lin vel/mean       │       17.568       │
├─────────────────────────────────────────────────────┼────────────────────┤
│       train/episode/rew tracking ang vel/mean       │       7.942        │
├─────────────────────────────────────────────────────┼────────────────────┤
│          train/episode/rew lin vel z/mean           │       -0.023       │
├─────────────────────────────────────────────────────┼────────────────────┤
│          train/episode/rew ang vel xy/mean          │       -0.026       │
├─────────────────────────────────────────────────────┼────────────────────┤
│           train/episode/rew torques/mean            │       -2.644       │
├─────────────────────────────────────────────────────┼────────────────────┤
│           train/episode/rew dof vel/mean            │       -0.22        │
├─────────────────────────────────────────────────────┼────────────────────┤
│           train/episode/rew dof acc/mean            │       -1.087       │
├─────────────────────────────────────────────────────┼────────────────────┤
│          train/episode/rew collision/mean           │       -0.014       │
├─────────────────────────────────────────────────────┼────────────────────┤
│         train/episode/rew action rate/mean          │       -1.421       │
├─────────────────────────────────────────────────────┼────────────────────┤
│train/episode/rew tracking contacts shaped force/mean│        -3.5        │
├─────────────────────────────────────────────────────┼────────────────────┤
│ train/episode/rew tracking contacts shaped vel/mean │       -2.166       │
├─────────────────────────────────────────────────────┼────────────────────┤
│             train/episode/rew jump/mean             │       -3.619       │
├─────────────────────────────────────────────────────┼────────────────────┤
│        train/episode/rew dof pos limits/mean        │       -0.069       │
├─────────────────────────────────────────────────────┼────────────────────┤
│          train/episode/rew feet slip/mean           │       -0.25        │
├─────────────────────────────────────────────────────┼────────────────────┤
│  train/episode/rew feet clearance cmd linear/mean   │       -3.094       │
├─────────────────────────────────────────────────────┼────────────────────┤
│     train/episode/rew action smoothness 1/mean      │       -0.642       │
├─────────────────────────────────────────────────────┼────────────────────┤
│     train/episode/rew action smoothness 2/mean      │       -1.008       │
├─────────────────────────────────────────────────────┼────────────────────┤
│      train/episode/rew raibert heuristic/mean       │       -2.321       │
├─────────────────────────────────────────────────────┼────────────────────┤
│     train/episode/rew orientation control/mean      │         0.         │
├─────────────────────────────────────────────────────┼────────────────────┤
│            train/episode/rew total/mean             │       9.834        │
├─────────────────────────────────────────────────────┼────────────────────┤
│       train/episode/min command duration/mean       │        0.5         │
├─────────────────────────────────────────────────────┼────────────────────┤
│       train/episode/max command duration/mean       │        0.5         │
├─────────────────────────────────────────────────────┼────────────────────┤
│        train/episode/min command bound/mean         │         0.         │
├─────────────────────────────────────────────────────┼────────────────────┤
│        train/episode/max command bound/mean         │         0.         │
├─────────────────────────────────────────────────────┼────────────────────┤
│        train/episode/min command offset/mean        │         0.         │
├─────────────────────────────────────────────────────┼────────────────────┤
│        train/episode/max command offset/mean        │         0.         │
├─────────────────────────────────────────────────────┼────────────────────┤
│        train/episode/min command phase/mean         │        0.5         │
├─────────────────────────────────────────────────────┼────────────────────┤
│        train/episode/max command phase/mean         │        0.5         │
├─────────────────────────────────────────────────────┼────────────────────┤
│         train/episode/min command freq/mean         │       2.001        │
├─────────────────────────────────────────────────────┼────────────────────┤
│         train/episode/max command freq/mean         │       3.999        │
├─────────────────────────────────────────────────────┼────────────────────┤
│        train/episode/min command x vel/mean         │       -1.047       │
├─────────────────────────────────────────────────────┼────────────────────┤
│        train/episode/max command x vel/mean         │       1.046        │
├─────────────────────────────────────────────────────┼────────────────────┤
│        train/episode/min command y vel/mean         │        -0.2        │
├─────────────────────────────────────────────────────┼────────────────────┤
│        train/episode/max command y vel/mean         │        0.2         │
├─────────────────────────────────────────────────────┼────────────────────┤
│       train/episode/min command yaw vel/mean        │       -1.047       │
├─────────────────────────────────────────────────────┼────────────────────┤
│       train/episode/max command yaw vel/mean        │       1.047        │
├─────────────────────────────────────────────────────┼────────────────────┤
│     train/episode/min command swing height/mean     │        0.03        │
├─────────────────────────────────────────────────────┼────────────────────┤
│     train/episode/max command swing height/mean     │        0.35        │
├─────────────────────────────────────────────────────┼────────────────────┤
│        train/episode/command area trot/mean         │       0.274        │
├─────────────────────────────────────────────────────┼────────────────────┤
│            train/episode/min action/mean            │       -6.499       │
├─────────────────────────────────────────────────────┼────────────────────┤
│            train/episode/max action/mean            │       5.075        │
├─────────────────────────────────────────────────────┼────────────────────┤
│                  time elapsed/mean                  │      669.474       │
├─────────────────────────────────────────────────────┼────────────────────┤
│                   time iter/mean                    │       2.121        │
├─────────────────────────────────────────────────────┼────────────────────┤
│                mean value loss/mean                 │       0.002        │
├─────────────────────────────────────────────────────┼────────────────────┤
│              mean surrogate loss/mean               │       -0.011       │
├─────────────────────────────────────────────────────┼────────────────────┤
│               mean decoder loss/mean                │         0.         │
├─────────────────────────────────────────────────────┼────────────────────┤
│           mean decoder loss student/mean            │         0.         │
├─────────────────────────────────────────────────────┼────────────────────┤
│             mean decoder test loss/mean             │         0.         │
├─────────────────────────────────────────────────────┼────────────────────┤
│         mean decoder test loss student/mean         │         0.         │
├─────────────────────────────────────────────────────┼────────────────────┤
│                      timesteps                      │      31555584      │
├─────────────────────────────────────────────────────┼────────────────────┤
│                     iterations                      │        320         │
╘═════════════════════════════════════════════════════╧════════════════════╛

══════════════════════════════════════════
[33m        job         [0m
────────────────────┬─────────────────────
       status       │ running             
      runTime       │ 2025-05-29 23:07:43.143206
════════════════════╧═════════════════════
╒═════════════════════════════════════════════════════╤════════════════════╕
│       train/episode/rew tracking lin vel/mean       │       17.575       │
├─────────────────────────────────────────────────────┼────────────────────┤
│       train/episode/rew tracking ang vel/mean       │       7.989        │
├─────────────────────────────────────────────────────┼────────────────────┤
│          train/episode/rew lin vel z/mean           │       -0.023       │
├─────────────────────────────────────────────────────┼────────────────────┤
│          train/episode/rew ang vel xy/mean          │       -0.026       │
├─────────────────────────────────────────────────────┼────────────────────┤
│           train/episode/rew torques/mean            │       -2.656       │
├─────────────────────────────────────────────────────┼────────────────────┤
│           train/episode/rew dof vel/mean            │       -0.215       │
├─────────────────────────────────────────────────────┼────────────────────┤
│           train/episode/rew dof acc/mean            │       -1.055       │
├─────────────────────────────────────────────────────┼────────────────────┤
│          train/episode/rew collision/mean           │       -0.012       │
├─────────────────────────────────────────────────────┼────────────────────┤
│         train/episode/rew action rate/mean          │       -1.392       │
├─────────────────────────────────────────────────────┼────────────────────┤
│train/episode/rew tracking contacts shaped force/mean│       -3.539       │
├─────────────────────────────────────────────────────┼────────────────────┤
│ train/episode/rew tracking contacts shaped vel/mean │       -2.095       │
├─────────────────────────────────────────────────────┼────────────────────┤
│             train/episode/rew jump/mean             │       -3.564       │
├─────────────────────────────────────────────────────┼────────────────────┤
│        train/episode/rew dof pos limits/mean        │       -0.068       │
├─────────────────────────────────────────────────────┼────────────────────┤
│          train/episode/rew feet slip/mean           │       -0.244       │
├─────────────────────────────────────────────────────┼────────────────────┤
│  train/episode/rew feet clearance cmd linear/mean   │       -2.959       │
├─────────────────────────────────────────────────────┼────────────────────┤
│     train/episode/rew action smoothness 1/mean      │       -0.628       │
├─────────────────────────────────────────────────────┼────────────────────┤
│     train/episode/rew action smoothness 2/mean      │       -0.989       │
├─────────────────────────────────────────────────────┼────────────────────┤
│      train/episode/rew raibert heuristic/mean       │       -2.31        │
├─────────────────────────────────────────────────────┼────────────────────┤
│     train/episode/rew orientation control/mean      │         0.         │
├─────────────────────────────────────────────────────┼────────────────────┤
│            train/episode/rew total/mean             │       9.977        │
├─────────────────────────────────────────────────────┼────────────────────┤
│       train/episode/min command duration/mean       │        0.5         │
├─────────────────────────────────────────────────────┼────────────────────┤
│       train/episode/max command duration/mean       │        0.5         │
├─────────────────────────────────────────────────────┼────────────────────┤
│        train/episode/min command bound/mean         │         0.         │
├─────────────────────────────────────────────────────┼────────────────────┤
│        train/episode/max command bound/mean         │         0.         │
├─────────────────────────────────────────────────────┼────────────────────┤
│        train/episode/min command offset/mean        │         0.         │
├─────────────────────────────────────────────────────┼────────────────────┤
│        train/episode/max command offset/mean        │         0.         │
├─────────────────────────────────────────────────────┼────────────────────┤
│        train/episode/min command phase/mean         │        0.5         │
├─────────────────────────────────────────────────────┼────────────────────┤
│        train/episode/max command phase/mean         │        0.5         │
├─────────────────────────────────────────────────────┼────────────────────┤
│         train/episode/min command freq/mean         │       2.001        │
├─────────────────────────────────────────────────────┼────────────────────┤
│         train/episode/max command freq/mean         │       3.999        │
├─────────────────────────────────────────────────────┼────────────────────┤
│        train/episode/min command x vel/mean         │       -1.047       │
├─────────────────────────────────────────────────────┼────────────────────┤
│        train/episode/max command x vel/mean         │       1.047        │
├─────────────────────────────────────────────────────┼────────────────────┤
│        train/episode/min command y vel/mean         │        -0.2        │
├─────────────────────────────────────────────────────┼────────────────────┤
│        train/episode/max command y vel/mean         │        0.2         │
├─────────────────────────────────────────────────────┼────────────────────┤
│       train/episode/min command yaw vel/mean        │       -1.047       │
├─────────────────────────────────────────────────────┼────────────────────┤
│       train/episode/max command yaw vel/mean        │       1.047        │
├─────────────────────────────────────────────────────┼────────────────────┤
│     train/episode/min command swing height/mean     │        0.03        │
├─────────────────────────────────────────────────────┼────────────────────┤
│     train/episode/max command swing height/mean     │        0.35        │
├─────────────────────────────────────────────────────┼────────────────────┤
│        train/episode/command area trot/mean         │       0.274        │
├─────────────────────────────────────────────────────┼────────────────────┤
│            train/episode/min action/mean            │       -6.72        │
├─────────────────────────────────────────────────────┼────────────────────┤
│            train/episode/max action/mean            │        5.16        │
├─────────────────────────────────────────────────────┼────────────────────┤
│                  time elapsed/mean                  │      690.628       │
├─────────────────────────────────────────────────────┼────────────────────┤
│                   time iter/mean                    │       2.092        │
├─────────────────────────────────────────────────────┼────────────────────┤
│                mean value loss/mean                 │       0.001        │
├─────────────────────────────────────────────────────┼────────────────────┤
│              mean surrogate loss/mean               │       -0.009       │
├─────────────────────────────────────────────────────┼────────────────────┤
│               mean decoder loss/mean                │         0.         │
├─────────────────────────────────────────────────────┼────────────────────┤
│           mean decoder loss student/mean            │         0.         │
├─────────────────────────────────────────────────────┼────────────────────┤
│             mean decoder test loss/mean             │         0.         │
├─────────────────────────────────────────────────────┼────────────────────┤
│         mean decoder test loss student/mean         │         0.         │
├─────────────────────────────────────────────────────┼────────────────────┤
│                      timesteps                      │      32538624      │
├─────────────────────────────────────────────────────┼────────────────────┤
│                     iterations                      │        330         │
╘═════════════════════════════════════════════════════╧════════════════════╛

══════════════════════════════════════════
[33m        job         [0m
────────────────────┬─────────────────────
       status       │ running             
      runTime       │ 2025-05-29 23:08:04.063852
════════════════════╧═════════════════════
╒═════════════════════════════════════════════════════╤════════════════════╕
│       train/episode/rew tracking lin vel/mean       │       17.178       │
├─────────────────────────────────────────────────────┼────────────────────┤
│       train/episode/rew tracking ang vel/mean       │       7.859        │
├─────────────────────────────────────────────────────┼────────────────────┤
│          train/episode/rew lin vel z/mean           │       -0.024       │
├─────────────────────────────────────────────────────┼────────────────────┤
│          train/episode/rew ang vel xy/mean          │       -0.026       │
├─────────────────────────────────────────────────────┼────────────────────┤
│           train/episode/rew torques/mean            │       -2.623       │
├─────────────────────────────────────────────────────┼────────────────────┤
│           train/episode/rew dof vel/mean            │       -0.217       │
├─────────────────────────────────────────────────────┼────────────────────┤
│           train/episode/rew dof acc/mean            │       -1.052       │
├─────────────────────────────────────────────────────┼────────────────────┤
│          train/episode/rew collision/mean           │       -0.015       │
├─────────────────────────────────────────────────────┼────────────────────┤
│         train/episode/rew action rate/mean          │       -1.367       │
├─────────────────────────────────────────────────────┼────────────────────┤
│train/episode/rew tracking contacts shaped force/mean│       -3.418       │
├─────────────────────────────────────────────────────┼────────────────────┤
│ train/episode/rew tracking contacts shaped vel/mean │       -2.127       │
├─────────────────────────────────────────────────────┼────────────────────┤
│             train/episode/rew jump/mean             │       -3.244       │
├─────────────────────────────────────────────────────┼────────────────────┤
│        train/episode/rew dof pos limits/mean        │       -0.092       │
├─────────────────────────────────────────────────────┼────────────────────┤
│          train/episode/rew feet slip/mean           │       -0.235       │
├─────────────────────────────────────────────────────┼────────────────────┤
│  train/episode/rew feet clearance cmd linear/mean   │       -2.938       │
├─────────────────────────────────────────────────────┼────────────────────┤
│     train/episode/rew action smoothness 1/mean      │       -0.619       │
├─────────────────────────────────────────────────────┼────────────────────┤
│     train/episode/rew action smoothness 2/mean      │       -0.959       │
├─────────────────────────────────────────────────────┼────────────────────┤
│      train/episode/rew raibert heuristic/mean       │       -2.233       │
├─────────────────────────────────────────────────────┼────────────────────┤
│     train/episode/rew orientation control/mean      │         0.         │
├─────────────────────────────────────────────────────┼────────────────────┤
│            train/episode/rew total/mean             │       9.906        │
├─────────────────────────────────────────────────────┼────────────────────┤
│       train/episode/min command duration/mean       │        0.5         │
├─────────────────────────────────────────────────────┼────────────────────┤
│       train/episode/max command duration/mean       │        0.5         │
├─────────────────────────────────────────────────────┼────────────────────┤
│        train/episode/min command bound/mean         │         0.         │
├─────────────────────────────────────────────────────┼────────────────────┤
│        train/episode/max command bound/mean         │         0.         │
├─────────────────────────────────────────────────────┼────────────────────┤
│        train/episode/min command offset/mean        │         0.         │
├─────────────────────────────────────────────────────┼────────────────────┤
│        train/episode/max command offset/mean        │         0.         │
├─────────────────────────────────────────────────────┼────────────────────┤
│        train/episode/min command phase/mean         │        0.5         │
├─────────────────────────────────────────────────────┼────────────────────┤
│        train/episode/max command phase/mean         │        0.5         │
├─────────────────────────────────────────────────────┼────────────────────┤
│         train/episode/min command freq/mean         │       2.001        │
├─────────────────────────────────────────────────────┼────────────────────┤
│         train/episode/max command freq/mean         │       3.999        │
├─────────────────────────────────────────────────────┼────────────────────┤
│        train/episode/min command x vel/mean         │       -1.047       │
├─────────────────────────────────────────────────────┼────────────────────┤
│        train/episode/max command x vel/mean         │       1.047        │
├─────────────────────────────────────────────────────┼────────────────────┤
│        train/episode/min command y vel/mean         │        -0.2        │
├─────────────────────────────────────────────────────┼────────────────────┤
│        train/episode/max command y vel/mean         │        0.2         │
├─────────────────────────────────────────────────────┼────────────────────┤
│       train/episode/min command yaw vel/mean        │       -1.047       │
├─────────────────────────────────────────────────────┼────────────────────┤
│       train/episode/max command yaw vel/mean        │       1.047        │
├─────────────────────────────────────────────────────┼────────────────────┤
│     train/episode/min command swing height/mean     │        0.03        │
├─────────────────────────────────────────────────────┼────────────────────┤
│     train/episode/max command swing height/mean     │        0.35        │
├─────────────────────────────────────────────────────┼────────────────────┤
│        train/episode/command area trot/mean         │       0.274        │
├─────────────────────────────────────────────────────┼────────────────────┤
│            train/episode/min action/mean            │       -6.63        │
├─────────────────────────────────────────────────────┼────────────────────┤
│            train/episode/max action/mean            │       5.194        │
├─────────────────────────────────────────────────────┼────────────────────┤
│                  time elapsed/mean                  │      711.727       │
├─────────────────────────────────────────────────────┼────────────────────┤
│                   time iter/mean                    │       2.134        │
├─────────────────────────────────────────────────────┼────────────────────┤
│                mean value loss/mean                 │       0.002        │
├─────────────────────────────────────────────────────┼────────────────────┤
│              mean surrogate loss/mean               │       -0.011       │
├─────────────────────────────────────────────────────┼────────────────────┤
│               mean decoder loss/mean                │         0.         │
├─────────────────────────────────────────────────────┼────────────────────┤
│           mean decoder loss student/mean            │         0.         │
├─────────────────────────────────────────────────────┼────────────────────┤
│             mean decoder test loss/mean             │         0.         │
├─────────────────────────────────────────────────────┼────────────────────┤
│         mean decoder test loss student/mean         │         0.         │
├─────────────────────────────────────────────────────┼────────────────────┤
│                      timesteps                      │      33521664      │
├─────────────────────────────────────────────────────┼────────────────────┤
│                     iterations                      │        340         │
╘═════════════════════════════════════════════════════╧════════════════════╛

══════════════════════════════════════════
[33m        job         [0m
────────────────────┬─────────────────────
       status       │ running             
      runTime       │ 2025-05-29 23:08:25.399943
════════════════════╧═════════════════════
╒═════════════════════════════════════════════════════╤════════════════════╕
│       train/episode/rew tracking lin vel/mean       │       17.596       │
├─────────────────────────────────────────────────────┼────────────────────┤
│       train/episode/rew tracking ang vel/mean       │       8.051        │
├─────────────────────────────────────────────────────┼────────────────────┤
│          train/episode/rew lin vel z/mean           │       -0.023       │
├─────────────────────────────────────────────────────┼────────────────────┤
│          train/episode/rew ang vel xy/mean          │       -0.026       │
├─────────────────────────────────────────────────────┼────────────────────┤
│           train/episode/rew torques/mean            │       -2.686       │
├─────────────────────────────────────────────────────┼────────────────────┤
│           train/episode/rew dof vel/mean            │       -0.224       │
├─────────────────────────────────────────────────────┼────────────────────┤
│           train/episode/rew dof acc/mean            │       -1.092       │
├─────────────────────────────────────────────────────┼────────────────────┤
│          train/episode/rew collision/mean           │       -0.023       │
├─────────────────────────────────────────────────────┼────────────────────┤
│         train/episode/rew action rate/mean          │       -1.409       │
├─────────────────────────────────────────────────────┼────────────────────┤
│train/episode/rew tracking contacts shaped force/mean│       -3.486       │
├─────────────────────────────────────────────────────┼────────────────────┤
│ train/episode/rew tracking contacts shaped vel/mean │       -2.165       │
├─────────────────────────────────────────────────────┼────────────────────┤
│             train/episode/rew jump/mean             │       -3.359       │
├─────────────────────────────────────────────────────┼────────────────────┤
│        train/episode/rew dof pos limits/mean        │       -0.085       │
├─────────────────────────────────────────────────────┼────────────────────┤
│          train/episode/rew feet slip/mean           │       -0.24        │
├─────────────────────────────────────────────────────┼────────────────────┤
│  train/episode/rew feet clearance cmd linear/mean   │       -3.088       │
├─────────────────────────────────────────────────────┼────────────────────┤
│     train/episode/rew action smoothness 1/mean      │       -0.641       │
├─────────────────────────────────────────────────────┼────────────────────┤
│     train/episode/rew action smoothness 2/mean      │       -0.978       │
├─────────────────────────────────────────────────────┼────────────────────┤
│      train/episode/rew raibert heuristic/mean       │       -2.122       │
├─────────────────────────────────────────────────────┼────────────────────┤
│     train/episode/rew orientation control/mean      │         0.         │
├─────────────────────────────────────────────────────┼────────────────────┤
│            train/episode/rew total/mean             │       10.107       │
├─────────────────────────────────────────────────────┼────────────────────┤
│       train/episode/min command duration/mean       │        0.5         │
├─────────────────────────────────────────────────────┼────────────────────┤
│       train/episode/max command duration/mean       │        0.5         │
├─────────────────────────────────────────────────────┼────────────────────┤
│        train/episode/min command bound/mean         │         0.         │
├─────────────────────────────────────────────────────┼────────────────────┤
│        train/episode/max command bound/mean         │         0.         │
├─────────────────────────────────────────────────────┼────────────────────┤
│        train/episode/min command offset/mean        │         0.         │
├─────────────────────────────────────────────────────┼────────────────────┤
│        train/episode/max command offset/mean        │         0.         │
├─────────────────────────────────────────────────────┼────────────────────┤
│        train/episode/min command phase/mean         │        0.5         │
├─────────────────────────────────────────────────────┼────────────────────┤
│        train/episode/max command phase/mean         │        0.5         │
├─────────────────────────────────────────────────────┼────────────────────┤
│         train/episode/min command freq/mean         │       2.001        │
├─────────────────────────────────────────────────────┼────────────────────┤
│         train/episode/max command freq/mean         │         4.         │
├─────────────────────────────────────────────────────┼────────────────────┤
│        train/episode/min command x vel/mean         │       -1.047       │
├─────────────────────────────────────────────────────┼────────────────────┤
│        train/episode/max command x vel/mean         │       1.047        │
├─────────────────────────────────────────────────────┼────────────────────┤
│        train/episode/min command y vel/mean         │        -0.2        │
├─────────────────────────────────────────────────────┼────────────────────┤
│        train/episode/max command y vel/mean         │        0.2         │
├─────────────────────────────────────────────────────┼────────────────────┤
│       train/episode/min command yaw vel/mean        │       -1.047       │
├─────────────────────────────────────────────────────┼────────────────────┤
│       train/episode/max command yaw vel/mean        │       1.047        │
├─────────────────────────────────────────────────────┼────────────────────┤
│     train/episode/min command swing height/mean     │        0.03        │
├─────────────────────────────────────────────────────┼────────────────────┤
│     train/episode/max command swing height/mean     │        0.35        │
├─────────────────────────────────────────────────────┼────────────────────┤
│        train/episode/command area trot/mean         │       0.274        │
├─────────────────────────────────────────────────────┼────────────────────┤
│            train/episode/min action/mean            │       -6.572       │
├─────────────────────────────────────────────────────┼────────────────────┤
│            train/episode/max action/mean            │       5.284        │
├─────────────────────────────────────────────────────┼────────────────────┤
│                  time elapsed/mean                  │      732.786       │
├─────────────────────────────────────────────────────┼────────────────────┤
│                   time iter/mean                    │       2.081        │
├─────────────────────────────────────────────────────┼────────────────────┤
│                mean value loss/mean                 │       0.001        │
├─────────────────────────────────────────────────────┼────────────────────┤
│              mean surrogate loss/mean               │       -0.01        │
├─────────────────────────────────────────────────────┼────────────────────┤
│               mean decoder loss/mean                │         0.         │
├─────────────────────────────────────────────────────┼────────────────────┤
│           mean decoder loss student/mean            │         0.         │
├─────────────────────────────────────────────────────┼────────────────────┤
│             mean decoder test loss/mean             │         0.         │
├─────────────────────────────────────────────────────┼────────────────────┤
│         mean decoder test loss student/mean         │         0.         │
├─────────────────────────────────────────────────────┼────────────────────┤
│                      timesteps                      │      34504704      │
├─────────────────────────────────────────────────────┼────────────────────┤
│                     iterations                      │        350         │
╘═════════════════════════════════════════════════════╧════════════════════╛

══════════════════════════════════════════
[33m        job         [0m
────────────────────┬─────────────────────
       status       │ running             
      runTime       │ 2025-05-29 23:08:46.216891
════════════════════╧═════════════════════
╒═════════════════════════════════════════════════════╤════════════════════╕
│       train/episode/rew tracking lin vel/mean       │       17.441       │
├─────────────────────────────────────────────────────┼────────────────────┤
│       train/episode/rew tracking ang vel/mean       │       8.034        │
├─────────────────────────────────────────────────────┼────────────────────┤
│          train/episode/rew lin vel z/mean           │       -0.024       │
├─────────────────────────────────────────────────────┼────────────────────┤
│          train/episode/rew ang vel xy/mean          │       -0.026       │
├─────────────────────────────────────────────────────┼────────────────────┤
│           train/episode/rew torques/mean            │       -2.647       │
├─────────────────────────────────────────────────────┼────────────────────┤
│           train/episode/rew dof vel/mean            │       -0.224       │
├─────────────────────────────────────────────────────┼────────────────────┤
│           train/episode/rew dof acc/mean            │       -1.095       │
├─────────────────────────────────────────────────────┼────────────────────┤
│          train/episode/rew collision/mean           │       -0.018       │
├─────────────────────────────────────────────────────┼────────────────────┤
│         train/episode/rew action rate/mean          │       -1.39        │
├─────────────────────────────────────────────────────┼────────────────────┤
│train/episode/rew tracking contacts shaped force/mean│       -3.392       │
├─────────────────────────────────────────────────────┼────────────────────┤
│ train/episode/rew tracking contacts shaped vel/mean │       -2.19        │
├─────────────────────────────────────────────────────┼────────────────────┤
│             train/episode/rew jump/mean             │       -3.198       │
├─────────────────────────────────────────────────────┼────────────────────┤
│        train/episode/rew dof pos limits/mean        │       -0.093       │
├─────────────────────────────────────────────────────┼────────────────────┤
│          train/episode/rew feet slip/mean           │       -0.238       │
├─────────────────────────────────────────────────────┼────────────────────┤
│  train/episode/rew feet clearance cmd linear/mean   │       -2.858       │
├─────────────────────────────────────────────────────┼────────────────────┤
│     train/episode/rew action smoothness 1/mean      │       -0.634       │
├─────────────────────────────────────────────────────┼────────────────────┤
│     train/episode/rew action smoothness 2/mean      │       -0.963       │
├─────────────────────────────────────────────────────┼────────────────────┤
│      train/episode/rew raibert heuristic/mean       │       -2.109       │
├─────────────────────────────────────────────────────┼────────────────────┤
│     train/episode/rew orientation control/mean      │         0.         │
├─────────────────────────────────────────────────────┼────────────────────┤
│            train/episode/rew total/mean             │       10.228       │
├─────────────────────────────────────────────────────┼────────────────────┤
│       train/episode/min command duration/mean       │        0.5         │
├─────────────────────────────────────────────────────┼────────────────────┤
│       train/episode/max command duration/mean       │        0.5         │
├─────────────────────────────────────────────────────┼────────────────────┤
│        train/episode/min command bound/mean         │         0.         │
├─────────────────────────────────────────────────────┼────────────────────┤
│        train/episode/max command bound/mean         │         0.         │
├─────────────────────────────────────────────────────┼────────────────────┤
│        train/episode/min command offset/mean        │         0.         │
├─────────────────────────────────────────────────────┼────────────────────┤
│        train/episode/max command offset/mean        │         0.         │
├─────────────────────────────────────────────────────┼────────────────────┤
│        train/episode/min command phase/mean         │        0.5         │
├─────────────────────────────────────────────────────┼────────────────────┤
│        train/episode/max command phase/mean         │        0.5         │
├─────────────────────────────────────────────────────┼────────────────────┤
│         train/episode/min command freq/mean         │       2.001        │
├─────────────────────────────────────────────────────┼────────────────────┤
│         train/episode/max command freq/mean         │       3.999        │
├─────────────────────────────────────────────────────┼────────────────────┤
│        train/episode/min command x vel/mean         │       -1.047       │
├─────────────────────────────────────────────────────┼────────────────────┤
│        train/episode/max command x vel/mean         │       1.047        │
├─────────────────────────────────────────────────────┼────────────────────┤
│        train/episode/min command y vel/mean         │        -0.2        │
├─────────────────────────────────────────────────────┼────────────────────┤
│        train/episode/max command y vel/mean         │        0.2         │
├─────────────────────────────────────────────────────┼────────────────────┤
│       train/episode/min command yaw vel/mean        │       -1.047       │
├─────────────────────────────────────────────────────┼────────────────────┤
│       train/episode/max command yaw vel/mean        │       1.047        │
├─────────────────────────────────────────────────────┼────────────────────┤
│     train/episode/min command swing height/mean     │        0.03        │
├─────────────────────────────────────────────────────┼────────────────────┤
│     train/episode/max command swing height/mean     │        0.35        │
├─────────────────────────────────────────────────────┼────────────────────┤
│        train/episode/command area trot/mean         │       0.274        │
├─────────────────────────────────────────────────────┼────────────────────┤
│            train/episode/min action/mean            │       -6.604       │
├─────────────────────────────────────────────────────┼────────────────────┤
│            train/episode/max action/mean            │       5.319        │
├─────────────────────────────────────────────────────┼────────────────────┤
│                  time elapsed/mean                  │      753.747       │
├─────────────────────────────────────────────────────┼────────────────────┤
│                   time iter/mean                    │        2.11        │
├─────────────────────────────────────────────────────┼────────────────────┤
│                mean value loss/mean                 │       0.002        │
├─────────────────────────────────────────────────────┼────────────────────┤
│              mean surrogate loss/mean               │       -0.011       │
├─────────────────────────────────────────────────────┼────────────────────┤
│               mean decoder loss/mean                │         0.         │
├─────────────────────────────────────────────────────┼────────────────────┤
│           mean decoder loss student/mean            │         0.         │
├─────────────────────────────────────────────────────┼────────────────────┤
│             mean decoder test loss/mean             │         0.         │
├─────────────────────────────────────────────────────┼────────────────────┤
│         mean decoder test loss student/mean         │         0.         │
├─────────────────────────────────────────────────────┼────────────────────┤
│                      timesteps                      │      35487744      │
├─────────────────────────────────────────────────────┼────────────────────┤
│                     iterations                      │        360         │
╘═════════════════════════════════════════════════════╧════════════════════╛

══════════════════════════════════════════
[33m        job         [0m
────────────────────┬─────────────────────
       status       │ running             
      runTime       │ 2025-05-29 23:09:07.318194
════════════════════╧═════════════════════
╒═════════════════════════════════════════════════════╤════════════════════╕
│       train/episode/rew tracking lin vel/mean       │       17.577       │
├─────────────────────────────────────────────────────┼────────────────────┤
│       train/episode/rew tracking ang vel/mean       │       8.084        │
├─────────────────────────────────────────────────────┼────────────────────┤
│          train/episode/rew lin vel z/mean           │       -0.024       │
├─────────────────────────────────────────────────────┼────────────────────┤
│          train/episode/rew ang vel xy/mean          │       -0.025       │
├─────────────────────────────────────────────────────┼────────────────────┤
│           train/episode/rew torques/mean            │       -2.674       │
├─────────────────────────────────────────────────────┼────────────────────┤
│           train/episode/rew dof vel/mean            │       -0.22        │
├─────────────────────────────────────────────────────┼────────────────────┤
│           train/episode/rew dof acc/mean            │       -1.066       │
├─────────────────────────────────────────────────────┼────────────────────┤
│          train/episode/rew collision/mean           │       -0.02        │
├─────────────────────────────────────────────────────┼────────────────────┤
│         train/episode/rew action rate/mean          │       -1.373       │
├─────────────────────────────────────────────────────┼────────────────────┤
│train/episode/rew tracking contacts shaped force/mean│       -3.478       │
├─────────────────────────────────────────────────────┼────────────────────┤
│ train/episode/rew tracking contacts shaped vel/mean │       -2.107       │
├─────────────────────────────────────────────────────┼────────────────────┤
│             train/episode/rew jump/mean             │       -3.185       │
├─────────────────────────────────────────────────────┼────────────────────┤
│        train/episode/rew dof pos limits/mean        │       -0.097       │
├─────────────────────────────────────────────────────┼────────────────────┤
│          train/episode/rew feet slip/mean           │       -0.229       │
├─────────────────────────────────────────────────────┼────────────────────┤
│  train/episode/rew feet clearance cmd linear/mean   │       -2.766       │
├─────────────────────────────────────────────────────┼────────────────────┤
│     train/episode/rew action smoothness 1/mean      │       -0.625       │
├─────────────────────────────────────────────────────┼────────────────────┤
│     train/episode/rew action smoothness 2/mean      │       -0.948       │
├─────────────────────────────────────────────────────┼────────────────────┤
│      train/episode/rew raibert heuristic/mean       │       -2.104       │
├─────────────────────────────────────────────────────┼────────────────────┤
│     train/episode/rew orientation control/mean      │         0.         │
├─────────────────────────────────────────────────────┼────────────────────┤
│            train/episode/rew total/mean             │       10.406       │
├─────────────────────────────────────────────────────┼────────────────────┤
│       train/episode/min command duration/mean       │        0.5         │
├─────────────────────────────────────────────────────┼────────────────────┤
│       train/episode/max command duration/mean       │        0.5         │
├─────────────────────────────────────────────────────┼────────────────────┤
│        train/episode/min command bound/mean         │         0.         │
├─────────────────────────────────────────────────────┼────────────────────┤
│        train/episode/max command bound/mean         │         0.         │
├─────────────────────────────────────────────────────┼────────────────────┤
│        train/episode/min command offset/mean        │         0.         │
├─────────────────────────────────────────────────────┼────────────────────┤
│        train/episode/max command offset/mean        │         0.         │
├─────────────────────────────────────────────────────┼────────────────────┤
│        train/episode/min command phase/mean         │        0.5         │
├─────────────────────────────────────────────────────┼────────────────────┤
│        train/episode/max command phase/mean         │        0.5         │
├─────────────────────────────────────────────────────┼────────────────────┤
│         train/episode/min command freq/mean         │       2.001        │
├─────────────────────────────────────────────────────┼────────────────────┤
│         train/episode/max command freq/mean         │         4.         │
├─────────────────────────────────────────────────────┼────────────────────┤
│        train/episode/min command x vel/mean         │       -1.048       │
├─────────────────────────────────────────────────────┼────────────────────┤
│        train/episode/max command x vel/mean         │       1.047        │
├─────────────────────────────────────────────────────┼────────────────────┤
│        train/episode/min command y vel/mean         │        -0.2        │
├─────────────────────────────────────────────────────┼────────────────────┤
│        train/episode/max command y vel/mean         │        0.2         │
├─────────────────────────────────────────────────────┼────────────────────┤
│       train/episode/min command yaw vel/mean        │       -1.047       │
├─────────────────────────────────────────────────────┼────────────────────┤
│       train/episode/max command yaw vel/mean        │       1.047        │
├─────────────────────────────────────────────────────┼────────────────────┤
│     train/episode/min command swing height/mean     │        0.03        │
├─────────────────────────────────────────────────────┼────────────────────┤
│     train/episode/max command swing height/mean     │        0.35        │
├─────────────────────────────────────────────────────┼────────────────────┤
│        train/episode/command area trot/mean         │       0.274        │
├─────────────────────────────────────────────────────┼────────────────────┤
│            train/episode/min action/mean            │       -6.644       │
├─────────────────────────────────────────────────────┼────────────────────┤
│            train/episode/max action/mean            │       5.459        │
├─────────────────────────────────────────────────────┼────────────────────┤
│                  time elapsed/mean                  │       774.86       │
├─────────────────────────────────────────────────────┼────────────────────┤
│                   time iter/mean                    │       2.114        │
├─────────────────────────────────────────────────────┼────────────────────┤
│                mean value loss/mean                 │       0.001        │
├─────────────────────────────────────────────────────┼────────────────────┤
│              mean surrogate loss/mean               │       -0.011       │
├─────────────────────────────────────────────────────┼────────────────────┤
│               mean decoder loss/mean                │         0.         │
├─────────────────────────────────────────────────────┼────────────────────┤
│           mean decoder loss student/mean            │         0.         │
├─────────────────────────────────────────────────────┼────────────────────┤
│             mean decoder test loss/mean             │         0.         │
├─────────────────────────────────────────────────────┼────────────────────┤
│         mean decoder test loss student/mean         │         0.         │
├─────────────────────────────────────────────────────┼────────────────────┤
│                      timesteps                      │      36470784      │
├─────────────────────────────────────────────────────┼────────────────────┤
│                     iterations                      │        370         │
╘═════════════════════════════════════════════════════╧════════════════════╛

══════════════════════════════════════════
[33m        job         [0m
────────────────────┬─────────────────────
       status       │ running             
      runTime       │ 2025-05-29 23:09:28.459916
════════════════════╧═════════════════════
