-0.0142604,0.867102,-1.56813,0.0243994,0.823259,-1.55215,-0.00349261,0.791144,-1.60743,-0.00246752,0.79199,-1.63653
-0.0142604,0.867102,-1.56813,0.0243994,0.823259,-1.55215,-0.00349261,0.791144,-1.60743,-0.00246752,0.79199,-1.63653
-0.0589238,1.15119,-2.00774,-0.0654578,0.81435,-1.33427,0.113324,0.611148,-1.19757,0.0616292,0.718248,-2.00879
-0.0589238,1.15119,-2.00774,-0.0654578,0.81435,-1.33427,0.113324,0.611148,-1.19757,0.0616292,0.718248,-2.00879
-0.0589238,1.15119,-2.00774,-0.0654578,0.81435,-1.33427,0.113324,0.611148,-1.19757,0.0616292,0.718248,-2.00879
-0.0589238,1.15119,-2.00774,-0.0654578,0.81435,-1.33427,0.113324,0.611148,-1.19757,0.0616292,0.718248,-2.00879
-0.0589238,1.15119,-2.00774,-0.0654578,0.81435,-1.33427,0.113324,0.611148,-1.19757,0.0616292,0.718248,-2.00879
-0.0589238,1.15119,-2.00774,-0.0654578,0.81435,-1.33427,0.113324,0.611148,-1.19757,0.0616292,0.718248,-2.00879
-0.0589238,1.15119,-2.00774,-0.0654578,0.81435,-1.33427,0.113324,0.611148,-1.19757,0.0616292,0.718248,-2.00879
-0.0589238,1.15119,-2.00774,-0.0654578,0.81435,-1.33427,0.113324,0.611148,-1.19757,0.0616292,0.718248,-2.00879
-0.0589238,1.15119,-2.00774,-0.0654578,0.81435,-1.33427,0.113324,0.611148,-1.19757,0.0616292,0.718248,-2.00879
-0.0597655,1.22585,-2.16391,-0.0997271,0.838251,-1.22497,0.176391,0.602289,-1.03001,0.200792,0.651563,-2.05085
-0.0597655,1.22585,-2.16391,-0.0997271,0.838251,-1.22497,0.176391,0.602289,-1.03001,0.200792,0.651563,-2.05085
-0.0597655,1.22585,-2.16391,-0.0997271,0.838251,-1.22497,0.176391,0.602289,-1.03001,0.200792,0.651563,-2.05085
-0.0597655,1.22585,-2.16391,-0.0997271,0.838251,-1.22497,0.176391,0.602289,-1.03001,0.200792,0.651563,-2.05085
-0.0597655,1.22585,-2.16391,-0.0997271,0.838251,-1.22497,0.176391,0.602289,-1.03001,0.200792,0.651563,-2.05085
-0.0597655,1.22585,-2.16391,-0.0997271,0.838251,-1.22497,0.176391,0.602289,-1.03001,0.200792,0.651563,-2.05085
-0.0597655,1.22585,-2.16391,-0.0997271,0.838251,-1.22497,0.176391,0.602289,-1.03001,0.200792,0.651563,-2.05085
-0.0597655,1.22585,-2.16391,-0.0997271,0.838251,-1.22497,0.176391,0.602289,-1.03001,0.200792,0.651563,-2.05085
-0.0597655,1.22585,-2.16391,-0.0997271,0.838251,-1.22497,0.176391,0.602289,-1.03001,0.200792,0.651563,-2.05085
-0.0597655,1.22585,-2.16391,-0.0997271,0.838251,-1.22497,0.176391,0.602289,-1.03001,0.200792,0.651563,-2.05085
-0.0154796,1.18504,-2.06519,-0.056639,0.814693,-1.20356,0.155036,0.581938,-1.01456,0.267347,0.638537,-1.92513
-0.0154796,1.18504,-2.06519,-0.056639,0.814693,-1.20356,0.155036,0.581938,-1.01456,0.267347,0.638537,-1.92513
-0.0154796,1.18504,-2.06519,-0.056639,0.814693,-1.20356,0.155036,0.581938,-1.01456,0.267347,0.638537,-1.92513
-0.0154796,1.18504,-2.06519,-0.056639,0.814693,-1.20356,0.155036,0.581938,-1.01456,0.267347,0.638537,-1.92513
-0.0154796,1.18504,-2.06519,-0.056639,0.814693,-1.20356,0.155036,0.581938,-1.01456,0.267347,0.638537,-1.92513
-0.0154796,1.18504,-2.06519,-0.056639,0.814693,-1.20356,0.155036,0.581938,-1.01456,0.267347,0.638537,-1.92513
-0.0154796,1.18504,-2.06519,-0.056639,0.814693,-1.20356,0.155036,0.581938,-1.01456,0.267347,0.638537,-1.92513
-0.0154796,1.18504,-2.06519,-0.056639,0.814693,-1.20356,0.155036,0.581938,-1.01456,0.267347,0.638537,-1.92513
-0.0154796,1.18504,-2.06519,-0.056639,0.814693,-1.20356,0.155036,0.581938,-1.01456,0.267347,0.638537,-1.92513
-0.0154796,1.18504,-2.06519,-0.056639,0.814693,-1.20356,0.155036,0.581938,-1.01456,0.267347,0.638537,-1.92513
-0.0154796,1.18504,-2.06519,-0.056639,0.814693,-1.20356,0.155036,0.581938,-1.01456,0.267347,0.638537,-1.92513
0.00830763,1.11181,-1.91572,0.046762,0.729569,-1.23595,0.0792891,0.508193,-1.10668,0.256818,0.628847,-1.71667
0.00830763,1.11181,-1.91572,0.046762,0.729569,-1.23595,0.0792891,0.508193,-1.10668,0.256818,0.628847,-1.71667
0.00830763,1.11181,-1.91572,0.046762,0.729569,-1.23595,0.0792891,0.508193,-1.10668,0.256818,0.628847,-1.71667
0.00830763,1.11181,-1.91572,0.046762,0.729569,-1.23595,0.0792891,0.508193,-1.10668,0.256818,0.628847,-1.71667
0.00830763,1.11181,-1.91572,0.046762,0.729569,-1.23595,0.0792891,0.508193,-1.10668,0.256818,0.628847,-1.71667
0.00830763,1.11181,-1.91572,0.046762,0.729569,-1.23595,0.0792891,0.508193,-1.10668,0.256818,0.628847,-1.71667
0.00830763,1.11181,-1.91572,0.046762,0.729569,-1.23595,0.0792891,0.508193,-1.10668,0.256818,0.628847,-1.71667
0.00830763,1.11181,-1.91572,0.046762,0.729569,-1.23595,0.0792891,0.508193,-1.10668,0.256818,0.628847,-1.71667
0.00830763,1.11181,-1.91572,0.046762,0.729569,-1.23595,0.0792891,0.508193,-1.10668,0.256818,0.628847,-1.71667
0.00830763,1.11181,-1.91572,0.046762,0.729569,-1.23595,0.0792891,0.508193,-1.10668,0.256818,0.628847,-1.71667
-0.000926284,1.01946,-1.78298,0.0997779,0.642832,-1.2486,0.0441495,0.496776,-1.19318,0.184073,0.589339,-1.57242
-0.000926284,1.01946,-1.78298,0.0997779,0.642832,-1.2486,0.0441495,0.496776,-1.19318,0.184073,0.589339,-1.57242
-0.000926284,1.01946,-1.78298,0.0997779,0.642832,-1.2486,0.0441495,0.496776,-1.19318,0.184073,0.589339,-1.57242
-0.000926284,1.01946,-1.78298,0.0997779,0.642832,-1.2486,0.0441495,0.496776,-1.19318,0.184073,0.589339,-1.57242
-0.000926284,1.01946,-1.78298,0.0997779,0.642832,-1.2486,0.0441495,0.496776,-1.19318,0.184073,0.589339,-1.57242
-0.000926284,1.01946,-1.78298,0.0997779,0.642832,-1.2486,0.0441495,0.496776,-1.19318,0.184073,0.589339,-1.57242
-0.000926284,1.01946,-1.78298,0.0997779,0.642832,-1.2486,0.0441495,0.496776,-1.19318,0.184073,0.589339,-1.57242
-0.000926284,1.01946,-1.78298,0.0997779,0.642832,-1.2486,0.0441495,0.496776,-1.19318,0.184073,0.589339,-1.57242
-0.000926284,1.01946,-1.78298,0.0997779,0.642832,-1.2486,0.0441495,0.496776,-1.19318,0.184073,0.589339,-1.57242
-0.000926284,1.01946,-1.78298,0.0997779,0.642832,-1.2486,0.0441495,0.496776,-1.19318,0.184073,0.589339,-1.57242
-0.0736973,0.969247,-1.71239,0.0768372,0.588102,-1.30536,0.0415334,0.540263,-1.21363,0.118096,0.54082,-1.50672
-0.0736973,0.969247,-1.71239,0.0768372,0.588102,-1.30536,0.0415334,0.540263,-1.21363,0.118096,0.54082,-1.50672
-0.0736973,0.969247,-1.71239,0.0768372,0.588102,-1.30536,0.0415334,0.540263,-1.21363,0.118096,0.54082,-1.50672
-0.0736973,0.969247,-1.71239,0.0768372,0.588102,-1.30536,0.0415334,0.540263,-1.21363,0.118096,0.54082,-1.50672
-0.0736973,0.969247,-1.71239,0.0768372,0.588102,-1.30536,0.0415334,0.540263,-1.21363,0.118096,0.54082,-1.50672
-0.0736973,0.969247,-1.71239,0.0768372,0.588102,-1.30536,0.0415334,0.540263,-1.21363,0.118096,0.54082,-1.50672
-0.0736973,0.969247,-1.71239,0.0768372,0.588102,-1.30536,0.0415334,0.540263,-1.21363,0.118096,0.54082,-1.50672
-0.0736973,0.969247,-1.71239,0.0768372,0.588102,-1.30536,0.0415334,0.540263,-1.21363,0.118096,0.54082,-1.50672
-0.0736973,0.969247,-1.71239,0.0768372,0.588102,-1.30536,0.0415334,0.540263,-1.21363,0.118096,0.54082,-1.50672
-0.0736973,0.969247,-1.71239,0.0768372,0.588102,-1.30536,0.0415334,0.540263,-1.21363,0.118096,0.54082,-1.50672
-0.0736973,0.969247,-1.71239,0.0768372,0.588102,-1.30536,0.0415334,0.540263,-1.21363,0.118096,0.54082,-1.50672
-0.0736973,0.969247,-1.71239,0.0768372,0.588102,-1.30536,0.0415334,0.540263,-1.21363,0.118096,0.54082,-1.50672
-0.00641053,0.732443,-1.29382,-0.0168955,0.69628,-1.57064,-0.0429128,0.627741,-1.39586,-0.0597433,0.516183,-1.48044
-0.00641053,0.732443,-1.29382,-0.0168955,0.69628,-1.57064,-0.0429128,0.627741,-1.39586,-0.0597433,0.516183,-1.48044
-0.00641053,0.732443,-1.29382,-0.0168955,0.69628,-1.57064,-0.0429128,0.627741,-1.39586,-0.0597433,0.516183,-1.48044
-0.00641053,0.732443,-1.29382,-0.0168955,0.69628,-1.57064,-0.0429128,0.627741,-1.39586,-0.0597433,0.516183,-1.48044
-0.00641053,0.732443,-1.29382,-0.0168955,0.69628,-1.57064,-0.0429128,0.627741,-1.39586,-0.0597433,0.516183,-1.48044
-0.00641053,0.732443,-1.29382,-0.0168955,0.69628,-1.57064,-0.0429128,0.627741,-1.39586,-0.0597433,0.516183,-1.48044
-0.00641053,0.732443,-1.29382,-0.0168955,0.69628,-1.57064,-0.0429128,0.627741,-1.39586,-0.0597433,0.516183,-1.48044
-0.00641053,0.732443,-1.29382,-0.0168955,0.69628,-1.57064,-0.0429128,0.627741,-1.39586,-0.0597433,0.516183,-1.48044
-0.00641053,0.732443,-1.29382,-0.0168955,0.69628,-1.57064,-0.0429128,0.627741,-1.39586,-0.0597433,0.516183,-1.48044
-0.00641053,0.732443,-1.29382,-0.0168955,0.69628,-1.57064,-0.0429128,0.627741,-1.39586,-0.0597433,0.516183,-1.48044
-0.00641053,0.732443,-1.29382,-0.0168955,0.69628,-1.57064,-0.0429128,0.627741,-1.39586,-0.0597433,0.516183,-1.48044
0.0616196,0.529428,-0.931451,0.0739277,0.897998,-1.77606,-0.114462,0.70618,-1.56943,-0.135694,0.513545,-1.15038
0.0616196,0.529428,-0.931451,0.0739277,0.897998,-1.77606,-0.114462,0.70618,-1.56943,-0.135694,0.513545,-1.15038
0.0616196,0.529428,-0.931451,0.0739277,0.897998,-1.77606,-0.114462,0.70618,-1.56943,-0.135694,0.513545,-1.15038
0.0616196,0.529428,-0.931451,0.0739277,0.897998,-1.77606,-0.114462,0.70618,-1.56943,-0.135694,0.513545,-1.15038
0.0616196,0.529428,-0.931451,0.0739277,0.897998,-1.77606,-0.114462,0.70618,-1.56943,-0.135694,0.513545,-1.15038
0.0616196,0.529428,-0.931451,0.0739277,0.897998,-1.77606,-0.114462,0.70618,-1.56943,-0.135694,0.513545,-1.15038
0.0616196,0.529428,-0.931451,0.0739277,0.897998,-1.77606,-0.114462,0.70618,-1.56943,-0.135694,0.513545,-1.15038
0.0616196,0.529428,-0.931451,0.0739277,0.897998,-1.77606,-0.114462,0.70618,-1.56943,-0.135694,0.513545,-1.15038
0.0616196,0.529428,-0.931451,0.0739277,0.897998,-1.77606,-0.114462,0.70618,-1.56943,-0.135694,0.513545,-1.15038
0.0616196,0.529428,-0.931451,0.0739277,0.897998,-1.77606,-0.114462,0.70618,-1.56943,-0.135694,0.513545,-1.15038
0.165613,0.406009,-0.843659,0.125245,0.954832,-1.84265,-0.14722,0.724174,-1.64973,-0.175863,0.515757,-0.983303
0.165613,0.406009,-0.843659,0.125245,0.954832,-1.84265,-0.14722,0.724174,-1.64973,-0.175863,0.515757,-0.983303
0.165613,0.406009,-0.843659,0.125245,0.954832,-1.84265,-0.14722,0.724174,-1.64973,-0.175863,0.515757,-0.983303
0.165613,0.406009,-0.843659,0.125245,0.954832,-1.84265,-0.14722,0.724174,-1.64973,-0.175863,0.515757,-0.983303
0.165613,0.406009,-0.843659,0.125245,0.954832,-1.84265,-0.14722,0.724174,-1.64973,-0.175863,0.515757,-0.983303
0.165613,0.406009,-0.843659,0.125245,0.954832,-1.84265,-0.14722,0.724174,-1.64973,-0.175863,0.515757,-0.983303
0.165613,0.406009,-0.843659,0.125245,0.954832,-1.84265,-0.14722,0.724174,-1.64973,-0.175863,0.515757,-0.983303
0.165613,0.406009,-0.843659,0.125245,0.954832,-1.84265,-0.14722,0.724174,-1.64973,-0.175863,0.515757,-0.983303
0.165613,0.406009,-0.843659,0.125245,0.954832,-1.84265,-0.14722,0.724174,-1.64973,-0.175863,0.515757,-0.983303
0.165613,0.406009,-0.843659,0.125245,0.954832,-1.84265,-0.14722,0.724174,-1.64973,-0.175863,0.515757,-0.983303
0.244458,0.383519,-0.854018,0.105325,0.959647,-1.79398,-0.160033,0.737336,-1.65565,-0.208299,0.512838,-0.989686
0.244458,0.383519,-0.854018,0.105325,0.959647,-1.79398,-0.160033,0.737336,-1.65565,-0.208299,0.512838,-0.989686
0.244458,0.383519,-0.854018,0.105325,0.959647,-1.79398,-0.160033,0.737336,-1.65565,-0.208299,0.512838,-0.989686
0.244458,0.383519,-0.854018,0.105325,0.959647,-1.79398,-0.160033,0.737336,-1.65565,-0.208299,0.512838,-0.989686
0.244458,0.383519,-0.854018,0.105325,0.959647,-1.79398,-0.160033,0.737336,-1.65565,-0.208299,0.512838,-0.989686
0.244458,0.383519,-0.854018,0.105325,0.959647,-1.79398,-0.160033,0.737336,-1.65565,-0.208299,0.512838,-0.989686
0.244458,0.383519,-0.854018,0.105325,0.959647,-1.79398,-0.160033,0.737336,-1.65565,-0.208299,0.512838,-0.989686
0.244458,0.383519,-0.854018,0.105325,0.959647,-1.79398,-0.160033,0.737336,-1.65565,-0.208299,0.512838,-0.989686
0.244458,0.383519,-0.854018,0.105325,0.959647,-1.79398,-0.160033,0.737336,-1.65565,-0.208299,0.512838,-0.989686
0.244458,0.383519,-0.854018,0.105325,0.959647,-1.79398,-0.160033,0.737336,-1.65565,-0.208299,0.512838,-0.989686
0.260759,0.402322,-0.9021,0.0869216,0.981325,-1.73033,-0.186758,0.738396,-1.64936,-0.214035,0.492758,-1.08196
0.260759,0.402322,-0.9021,0.0869216,0.981325,-1.73033,-0.186758,0.738396,-1.64936,-0.214035,0.492758,-1.08196
0.260759,0.402322,-0.9021,0.0869216,0.981325,-1.73033,-0.186758,0.738396,-1.64936,-0.214035,0.492758,-1.08196
0.260759,0.402322,-0.9021,0.0869216,0.981325,-1.73033,-0.186758,0.738396,-1.64936,-0.214035,0.492758,-1.08196
0.260759,0.402322,-0.9021,0.0869216,0.981325,-1.73033,-0.186758,0.738396,-1.64936,-0.214035,0.492758,-1.08196
0.260759,0.402322,-0.9021,0.0869216,0.981325,-1.73033,-0.186758,0.738396,-1.64936,-0.214035,0.492758,-1.08196
0.260759,0.402322,-0.9021,0.0869216,0.981325,-1.73033,-0.186758,0.738396,-1.64936,-0.214035,0.492758,-1.08196
0.260759,0.402322,-0.9021,0.0869216,0.981325,-1.73033,-0.186758,0.738396,-1.64936,-0.214035,0.492758,-1.08196
0.260759,0.402322,-0.9021,0.0869216,0.981325,-1.73033,-0.186758,0.738396,-1.64936,-0.214035,0.492758,-1.08196
0.260759,0.402322,-0.9021,0.0869216,0.981325,-1.73033,-0.186758,0.738396,-1.64936,-0.214035,0.492758,-1.08196
0.246419,0.416022,-0.952044,0.0783131,0.988964,-1.69955,-0.184511,0.728802,-1.62082,-0.197839,0.497604,-1.18156
0.246419,0.416022,-0.952044,0.0783131,0.988964,-1.69955,-0.184511,0.728802,-1.62082,-0.197839,0.497604,-1.18156
0.246419,0.416022,-0.952044,0.0783131,0.988964,-1.69955,-0.184511,0.728802,-1.62082,-0.197839,0.497604,-1.18156
0.246419,0.416022,-0.952044,0.0783131,0.988964,-1.69955,-0.184511,0.728802,-1.62082,-0.197839,0.497604,-1.18156
0.246419,0.416022,-0.952044,0.0783131,0.988964,-1.69955,-0.184511,0.728802,-1.62082,-0.197839,0.497604,-1.18156
0.246419,0.416022,-0.952044,0.0783131,0.988964,-1.69955,-0.184511,0.728802,-1.62082,-0.197839,0.497604,-1.18156
0.246419,0.416022,-0.952044,0.0783131,0.988964,-1.69955,-0.184511,0.728802,-1.62082,-0.197839,0.497604,-1.18156
0.246419,0.416022,-0.952044,0.0783131,0.988964,-1.69955,-0.184511,0.728802,-1.62082,-0.197839,0.497604,-1.18156
0.246419,0.416022,-0.952044,0.0783131,0.988964,-1.69955,-0.184511,0.728802,-1.62082,-0.197839,0.497604,-1.18156
0.246419,0.416022,-0.952044,0.0783131,0.988964,-1.69955,-0.184511,0.728802,-1.62082,-0.197839,0.497604,-1.18156
0.246419,0.416022,-0.952044,0.0783131,0.988964,-1.69955,-0.184511,0.728802,-1.62082,-0.197839,0.497604,-1.18156
0.231867,0.429466,-0.964484,0.0789763,0.971966,-1.66714,-0.177782,0.708586,-1.56541,-0.169662,0.542409,-1.18411
0.231867,0.429466,-0.964484,0.0789763,0.971966,-1.66714,-0.177782,0.708586,-1.56541,-0.169662,0.542409,-1.18411
0.231867,0.429466,-0.964484,0.0789763,0.971966,-1.66714,-0.177782,0.708586,-1.56541,-0.169662,0.542409,-1.18411
0.231867,0.429466,-0.964484,0.0789763,0.971966,-1.66714,-0.177782,0.708586,-1.56541,-0.169662,0.542409,-1.18411
0.231867,0.429466,-0.964484,0.0789763,0.971966,-1.66714,-0.177782,0.708586,-1.56541,-0.169662,0.542409,-1.18411
0.231867,0.429466,-0.964484,0.0789763,0.971966,-1.66714,-0.177782,0.708586,-1.56541,-0.169662,0.542409,-1.18411
0.231867,0.429466,-0.964484,0.0789763,0.971966,-1.66714,-0.177782,0.708586,-1.56541,-0.169662,0.542409,-1.18411
0.231867,0.429466,-0.964484,0.0789763,0.971966,-1.66714,-0.177782,0.708586,-1.56541,-0.169662,0.542409,-1.18411
0.197192,0.43194,-0.962458,0.0870232,0.931355,-1.63491,-0.165759,0.636161,-1.49782,-0.115719,0.617117,-1.1269
0.197192,0.43194,-0.962458,0.0870232,0.931355,-1.63491,-0.165759,0.636161,-1.49782,-0.115719,0.617117,-1.1269
0.197192,0.43194,-0.962458,0.0870232,0.931355,-1.63491,-0.165759,0.636161,-1.49782,-0.115719,0.617117,-1.1269
0.197192,0.43194,-0.962458,0.0870232,0.931355,-1.63491,-0.165759,0.636161,-1.49782,-0.115719,0.617117,-1.1269
0.197192,0.43194,-0.962458,0.0870232,0.931355,-1.63491,-0.165759,0.636161,-1.49782,-0.115719,0.617117,-1.1269
0.197192,0.43194,-0.962458,0.0870232,0.931355,-1.63491,-0.165759,0.636161,-1.49782,-0.115719,0.617117,-1.1269
0.197192,0.43194,-0.962458,0.0870232,0.931355,-1.63491,-0.165759,0.636161,-1.49782,-0.115719,0.617117,-1.1269
0.197192,0.43194,-0.962458,0.0870232,0.931355,-1.63491,-0.165759,0.636161,-1.49782,-0.115719,0.617117,-1.1269
0.157447,0.46905,-1.02257,0.112405,0.950212,-1.52126,-0.0730305,0.601496,-1.40789,-0.0215688,0.652506,-1.13886
0.157447,0.46905,-1.02257,0.112405,0.950212,-1.52126,-0.0730305,0.601496,-1.40789,-0.0215688,0.652506,-1.13886
0.157447,0.46905,-1.02257,0.112405,0.950212,-1.52126,-0.0730305,0.601496,-1.40789,-0.0215688,0.652506,-1.13886
0.157447,0.46905,-1.02257,0.112405,0.950212,-1.52126,-0.0730305,0.601496,-1.40789,-0.0215688,0.652506,-1.13886
0.157447,0.46905,-1.02257,0.112405,0.950212,-1.52126,-0.0730305,0.601496,-1.40789,-0.0215688,0.652506,-1.13886
0.157447,0.46905,-1.02257,0.112405,0.950212,-1.52126,-0.0730305,0.601496,-1.40789,-0.0215688,0.652506,-1.13886
0.157447,0.46905,-1.02257,0.112405,0.950212,-1.52126,-0.0730305,0.601496,-1.40789,-0.0215688,0.652506,-1.13886
0.157447,0.46905,-1.02257,0.112405,0.950212,-1.52126,-0.0730305,0.601496,-1.40789,-0.0215688,0.652506,-1.13886
0.157447,0.46905,-1.02257,0.112405,0.950212,-1.52126,-0.0730305,0.601496,-1.40789,-0.0215688,0.652506,-1.13886
0.157447,0.46905,-1.02257,0.112405,0.950212,-1.52126,-0.0730305,0.601496,-1.40789,-0.0215688,0.652506,-1.13886
0.017509,0.690549,-1.51733,-0.0362988,0.757123,-1.04602,0.18101,0.564844,-0.929582,0.188923,0.663619,-1.59438
0.017509,0.690549,-1.51733,-0.0362988,0.757123,-1.04602,0.18101,0.564844,-0.929582,0.188923,0.663619,-1.59438
0.017509,0.690549,-1.51733,-0.0362988,0.757123,-1.04602,0.18101,0.564844,-0.929582,0.188923,0.663619,-1.59438
0.017509,0.690549,-1.51733,-0.0362988,0.757123,-1.04602,0.18101,0.564844,-0.929582,0.188923,0.663619,-1.59438
0.017509,0.690549,-1.51733,-0.0362988,0.757123,-1.04602,0.18101,0.564844,-0.929582,0.188923,0.663619,-1.59438
0.017509,0.690549,-1.51733,-0.0362988,0.757123,-1.04602,0.18101,0.564844,-0.929582,0.188923,0.663619,-1.59438
0.017509,0.690549,-1.51733,-0.0362988,0.757123,-1.04602,0.18101,0.564844,-0.929582,0.188923,0.663619,-1.59438
0.017509,0.690549,-1.51733,-0.0362988,0.757123,-1.04602,0.18101,0.564844,-0.929582,0.188923,0.663619,-1.59438
0.017509,0.690549,-1.51733,-0.0362988,0.757123,-1.04602,0.18101,0.564844,-0.929582,0.188923,0.663619,-1.59438
0.017509,0.690549,-1.51733,-0.0362988,0.757123,-1.04602,0.18101,0.564844,-0.929582,0.188923,0.663619,-1.59438
0.017509,0.690549,-1.51733,-0.0362988,0.757123,-1.04602,0.18101,0.564844,-0.929582,0.188923,0.663619,-1.59438
-0.0335503,0.873233,-1.70726,-0.0786313,0.612975,-0.85673,0.273259,0.633809,-0.777016,0.24998,0.710819,-1.7147
-0.0335503,0.873233,-1.70726,-0.0786313,0.612975,-0.85673,0.273259,0.633809,-0.777016,0.24998,0.710819,-1.7147
-0.0335503,0.873233,-1.70726,-0.0786313,0.612975,-0.85673,0.273259,0.633809,-0.777016,0.24998,0.710819,-1.7147
-0.0335503,0.873233,-1.70726,-0.0786313,0.612975,-0.85673,0.273259,0.633809,-0.777016,0.24998,0.710819,-1.7147
-0.0335503,0.873233,-1.70726,-0.0786313,0.612975,-0.85673,0.273259,0.633809,-0.777016,0.24998,0.710819,-1.7147
-0.0335503,0.873233,-1.70726,-0.0786313,0.612975,-0.85673,0.273259,0.633809,-0.777016,0.24998,0.710819,-1.7147
-0.0335503,0.873233,-1.70726,-0.0786313,0.612975,-0.85673,0.273259,0.633809,-0.777016,0.24998,0.710819,-1.7147
-0.0335503,0.873233,-1.70726,-0.0786313,0.612975,-0.85673,0.273259,0.633809,-0.777016,0.24998,0.710819,-1.7147
-0.0335503,0.873233,-1.70726,-0.0786313,0.612975,-0.85673,0.273259,0.633809,-0.777016,0.24998,0.710819,-1.7147
-0.0335503,0.873233,-1.70726,-0.0786313,0.612975,-0.85673,0.273259,0.633809,-0.777016,0.24998,0.710819,-1.7147
-0.0584597,0.92908,-1.73365,-0.083823,0.556901,-0.875789,0.28827,0.674598,-0.840603,0.287147,0.681966,-1.71698
-0.0584597,0.92908,-1.73365,-0.083823,0.556901,-0.875789,0.28827,0.674598,-0.840603,0.287147,0.681966,-1.71698
-0.0584597,0.92908,-1.73365,-0.083823,0.556901,-0.875789,0.28827,0.674598,-0.840603,0.287147,0.681966,-1.71698
-0.0584597,0.92908,-1.73365,-0.083823,0.556901,-0.875789,0.28827,0.674598,-0.840603,0.287147,0.681966,-1.71698
-0.0584597,0.92908,-1.73365,-0.083823,0.556901,-0.875789,0.28827,0.674598,-0.840603,0.287147,0.681966,-1.71698
-0.0584597,0.92908,-1.73365,-0.083823,0.556901,-0.875789,0.28827,0.674598,-0.840603,0.287147,0.681966,-1.71698
-0.0584597,0.92908,-1.73365,-0.083823,0.556901,-0.875789,0.28827,0.674598,-0.840603,0.287147,0.681966,-1.71698
-0.0584597,0.92908,-1.73365,-0.083823,0.556901,-0.875789,0.28827,0.674598,-0.840603,0.287147,0.681966,-1.71698
-0.0584597,0.92908,-1.73365,-0.083823,0.556901,-0.875789,0.28827,0.674598,-0.840603,0.287147,0.681966,-1.71698
-0.0584597,0.92908,-1.73365,-0.083823,0.556901,-0.875789,0.28827,0.674598,-0.840603,0.287147,0.681966,-1.71698
-0.0584597,0.92908,-1.73365,-0.083823,0.556901,-0.875789,0.28827,0.674598,-0.840603,0.287147,0.681966,-1.71698
-0.0634453,0.942578,-1.71222,-0.0627225,0.577581,-1.00336,0.280884,0.674993,-0.92505,0.30518,0.662533,-1.66169
-0.0634453,0.942578,-1.71222,-0.0627225,0.577581,-1.00336,0.280884,0.674993,-0.92505,0.30518,0.662533,-1.66169
-0.0634453,0.942578,-1.71222,-0.0627225,0.577581,-1.00336,0.280884,0.674993,-0.92505,0.30518,0.662533,-1.66169
-0.0634453,0.942578,-1.71222,-0.0627225,0.577581,-1.00336,0.280884,0.674993,-0.92505,0.30518,0.662533,-1.66169
-0.0634453,0.942578,-1.71222,-0.0627225,0.577581,-1.00336,0.280884,0.674993,-0.92505,0.30518,0.662533,-1.66169
-0.0634453,0.942578,-1.71222,-0.0627225,0.577581,-1.00336,0.280884,0.674993,-0.92505,0.30518,0.662533,-1.66169
-0.0634453,0.942578,-1.71222,-0.0627225,0.577581,-1.00336,0.280884,0.674993,-0.92505,0.30518,0.662533,-1.66169
-0.0634453,0.942578,-1.71222,-0.0627225,0.577581,-1.00336,0.280884,0.674993,-0.92505,0.30518,0.662533,-1.66169
-0.0634453,0.942578,-1.71222,-0.0627225,0.577581,-1.00336,0.280884,0.674993,-0.92505,0.30518,0.662533,-1.66169
-0.0568805,0.946525,-1.68572,-0.0191687,0.601102,-1.14008,0.260406,0.670386,-1.02056,0.286958,0.648759,-1.6098
-0.0568805,0.946525,-1.68572,-0.0191687,0.601102,-1.14008,0.260406,0.670386,-1.02056,0.286958,0.648759,-1.6098
-0.0568805,0.946525,-1.68572,-0.0191687,0.601102,-1.14008,0.260406,0.670386,-1.02056,0.286958,0.648759,-1.6098
-0.0568805,0.946525,-1.68572,-0.0191687,0.601102,-1.14008,0.260406,0.670386,-1.02056,0.286958,0.648759,-1.6098
-0.0568805,0.946525,-1.68572,-0.0191687,0.601102,-1.14008,0.260406,0.670386,-1.02056,0.286958,0.648759,-1.6098
-0.0568805,0.946525,-1.68572,-0.0191687,0.601102,-1.14008,0.260406,0.670386,-1.02056,0.286958,0.648759,-1.6098
-0.0568805,0.946525,-1.68572,-0.0191687,0.601102,-1.14008,0.260406,0.670386,-1.02056,0.286958,0.648759,-1.6098
-0.0568805,0.946525,-1.68572,-0.0191687,0.601102,-1.14008,0.260406,0.670386,-1.02056,0.286958,0.648759,-1.6098
-0.0568805,0.946525,-1.68572,-0.0191687,0.601102,-1.14008,0.260406,0.670386,-1.02056,0.286958,0.648759,-1.6098
-0.0568805,0.946525,-1.68572,-0.0191687,0.601102,-1.14008,0.260406,0.670386,-1.02056,0.286958,0.648759,-1.6098
-0.0568805,0.946525,-1.68572,-0.0191687,0.601102,-1.14008,0.260406,0.670386,-1.02056,0.286958,0.648759,-1.6098
-0.063525,0.963384,-1.6881,0.0220085,0.585598,-1.21369,0.221769,0.65413,-1.06986,0.269252,0.639962,-1.59105
-0.063525,0.963384,-1.6881,0.0220085,0.585598,-1.21369,0.221769,0.65413,-1.06986,0.269252,0.639962,-1.59105
-0.063525,0.963384,-1.6881,0.0220085,0.585598,-1.21369,0.221769,0.65413,-1.06986,0.269252,0.639962,-1.59105
-0.063525,0.963384,-1.6881,0.0220085,0.585598,-1.21369,0.221769,0.65413,-1.06986,0.269252,0.639962,-1.59105
-0.063525,0.963384,-1.6881,0.0220085,0.585598,-1.21369,0.221769,0.65413,-1.06986,0.269252,0.639962,-1.59105
-0.063525,0.963384,-1.6881,0.0220085,0.585598,-1.21369,0.221769,0.65413,-1.06986,0.269252,0.639962,-1.59105
-0.063525,0.963384,-1.6881,0.0220085,0.585598,-1.21369,0.221769,0.65413,-1.06986,0.269252,0.639962,-1.59105
-0.063525,0.963384,-1.6881,0.0220085,0.585598,-1.21369,0.221769,0.65413,-1.06986,0.269252,0.639962,-1.59105
-0.063525,0.963384,-1.6881,0.0220085,0.585598,-1.21369,0.221769,0.65413,-1.06986,0.269252,0.639962,-1.59105
-0.063525,0.963384,-1.6881,0.0220085,0.585598,-1.21369,0.221769,0.65413,-1.06986,0.269252,0.639962,-1.59105
-0.063525,0.963384,-1.6881,0.0220085,0.585598,-1.21369,0.221769,0.65413,-1.06986,0.269252,0.639962,-1.59105
-0.063525,0.963384,-1.6881,0.0220085,0.585598,-1.21369,0.221769,0.65413,-1.06986,0.269252,0.639962,-1.59105
-0.0667063,0.976474,-1.69788,0.0742491,0.564718,-1.19731,0.150636,0.641208,-1.08186,0.247844,0.614008,-1.59629
-0.0667063,0.976474,-1.69788,0.0742491,0.564718,-1.19731,0.150636,0.641208,-1.08186,0.247844,0.614008,-1.59629
-0.0667063,0.976474,-1.69788,0.0742491,0.564718,-1.19731,0.150636,0.641208,-1.08186,0.247844,0.614008,-1.59629
-0.0667063,0.976474,-1.69788,0.0742491,0.564718,-1.19731,0.150636,0.641208,-1.08186,0.247844,0.614008,-1.59629
-0.0667063,0.976474,-1.69788,0.0742491,0.564718,-1.19731,0.150636,0.641208,-1.08186,0.247844,0.614008,-1.59629
-0.0667063,0.976474,-1.69788,0.0742491,0.564718,-1.19731,0.150636,0.641208,-1.08186,0.247844,0.614008,-1.59629
-0.0667063,0.976474,-1.69788,0.0742491,0.564718,-1.19731,0.150636,0.641208,-1.08186,0.247844,0.614008,-1.59629
-0.0667063,0.976474,-1.69788,0.0742491,0.564718,-1.19731,0.150636,0.641208,-1.08186,0.247844,0.614008,-1.59629
-0.0667063,0.976474,-1.69788,0.0742491,0.564718,-1.19731,0.150636,0.641208,-1.08186,0.247844,0.614008,-1.59629
-0.0667063,0.976474,-1.69788,0.0742491,0.564718,-1.19731,0.150636,0.641208,-1.08186,0.247844,0.614008,-1.59629
-0.0788087,0.936654,-1.65535,0.112924,0.583431,-1.22276,0.0716277,0.634836,-1.13141,0.164451,0.613602,-1.53822
-0.0788087,0.936654,-1.65535,0.112924,0.583431,-1.22276,0.0716277,0.634836,-1.13141,0.164451,0.613602,-1.53822
-0.0788087,0.936654,-1.65535,0.112924,0.583431,-1.22276,0.0716277,0.634836,-1.13141,0.164451,0.613602,-1.53822
-0.0788087,0.936654,-1.65535,0.112924,0.583431,-1.22276,0.0716277,0.634836,-1.13141,0.164451,0.613602,-1.53822
-0.0788087,0.936654,-1.65535,0.112924,0.583431,-1.22276,0.0716277,0.634836,-1.13141,0.164451,0.613602,-1.53822
-0.0788087,0.936654,-1.65535,0.112924,0.583431,-1.22276,0.0716277,0.634836,-1.13141,0.164451,0.613602,-1.53822
-0.0788087,0.936654,-1.65535,0.112924,0.583431,-1.22276,0.0716277,0.634836,-1.13141,0.164451,0.613602,-1.53822
-0.0788087,0.936654,-1.65535,0.112924,0.583431,-1.22276,0.0716277,0.634836,-1.13141,0.164451,0.613602,-1.53822
-0.0788087,0.936654,-1.65535,0.112924,0.583431,-1.22276,0.0716277,0.634836,-1.13141,0.164451,0.613602,-1.53822
-0.0788087,0.936654,-1.65535,0.112924,0.583431,-1.22276,0.0716277,0.634836,-1.13141,0.164451,0.613602,-1.53822
0.0492494,0.687301,-1.21406,0.0936007,0.755337,-1.5753,-0.0248938,0.654796,-1.41212,-0.0508913,0.612169,-1.38497
0.0492494,0.687301,-1.21406,0.0936007,0.755337,-1.5753,-0.0248938,0.654796,-1.41212,-0.0508913,0.612169,-1.38497
0.0492494,0.687301,-1.21406,0.0936007,0.755337,-1.5753,-0.0248938,0.654796,-1.41212,-0.0508913,0.612169,-1.38497
0.0492494,0.687301,-1.21406,0.0936007,0.755337,-1.5753,-0.0248938,0.654796,-1.41212,-0.0508913,0.612169,-1.38497
0.0492494,0.687301,-1.21406,0.0936007,0.755337,-1.5753,-0.0248938,0.654796,-1.41212,-0.0508913,0.612169,-1.38497
0.0492494,0.687301,-1.21406,0.0936007,0.755337,-1.5753,-0.0248938,0.654796,-1.41212,-0.0508913,0.612169,-1.38497
0.0492494,0.687301,-1.21406,0.0936007,0.755337,-1.5753,-0.0248938,0.654796,-1.41212,-0.0508913,0.612169,-1.38497
0.0492494,0.687301,-1.21406,0.0936007,0.755337,-1.5753,-0.0248938,0.654796,-1.41212,-0.0508913,0.612169,-1.38497
0.0492494,0.687301,-1.21406,0.0936007,0.755337,-1.5753,-0.0248938,0.654796,-1.41212,-0.0508913,0.612169,-1.38497
0.0492494,0.687301,-1.21406,0.0936007,0.755337,-1.5753,-0.0248938,0.654796,-1.41212,-0.0508913,0.612169,-1.38497
0.109538,0.535065,-0.939166,0.146391,0.886037,-1.77531,-0.0731925,0.699946,-1.5574,-0.112091,0.55523,-1.08622
0.109538,0.535065,-0.939166,0.146391,0.886037,-1.77531,-0.0731925,0.699946,-1.5574,-0.112091,0.55523,-1.08622
0.109538,0.535065,-0.939166,0.146391,0.886037,-1.77531,-0.0731925,0.699946,-1.5574,-0.112091,0.55523,-1.08622
0.109538,0.535065,-0.939166,0.146391,0.886037,-1.77531,-0.0731925,0.699946,-1.5574,-0.112091,0.55523,-1.08622
0.109538,0.535065,-0.939166,0.146391,0.886037,-1.77531,-0.0731925,0.699946,-1.5574,-0.112091,0.55523,-1.08622
0.109538,0.535065,-0.939166,0.146391,0.886037,-1.77531,-0.0731925,0.699946,-1.5574,-0.112091,0.55523,-1.08622
0.109538,0.535065,-0.939166,0.146391,0.886037,-1.77531,-0.0731925,0.699946,-1.5574,-0.112091,0.55523,-1.08622
0.109538,0.535065,-0.939166,0.146391,0.886037,-1.77531,-0.0731925,0.699946,-1.5574,-0.112091,0.55523,-1.08622
0.109538,0.535065,-0.939166,0.146391,0.886037,-1.77531,-0.0731925,0.699946,-1.5574,-0.112091,0.55523,-1.08622
0.109538,0.535065,-0.939166,0.146391,0.886037,-1.77531,-0.0731925,0.699946,-1.5574,-0.112091,0.55523,-1.08622
0.210385,0.443219,-0.862678,0.160619,0.931536,-1.81098,-0.122028,0.725699,-1.6294,-0.162369,0.557879,-0.983647
0.210385,0.443219,-0.862678,0.160619,0.931536,-1.81098,-0.122028,0.725699,-1.6294,-0.162369,0.557879,-0.983647
0.210385,0.443219,-0.862678,0.160619,0.931536,-1.81098,-0.122028,0.725699,-1.6294,-0.162369,0.557879,-0.983647
0.210385,0.443219,-0.862678,0.160619,0.931536,-1.81098,-0.122028,0.725699,-1.6294,-0.162369,0.557879,-0.983647
0.210385,0.443219,-0.862678,0.160619,0.931536,-1.81098,-0.122028,0.725699,-1.6294,-0.162369,0.557879,-0.983647
0.210385,0.443219,-0.862678,0.160619,0.931536,-1.81098,-0.122028,0.725699,-1.6294,-0.162369,0.557879,-0.983647
0.210385,0.443219,-0.862678,0.160619,0.931536,-1.81098,-0.122028,0.725699,-1.6294,-0.162369,0.557879,-0.983647
0.210385,0.443219,-0.862678,0.160619,0.931536,-1.81098,-0.122028,0.725699,-1.6294,-0.162369,0.557879,-0.983647
0.210385,0.443219,-0.862678,0.160619,0.931536,-1.81098,-0.122028,0.725699,-1.6294,-0.162369,0.557879,-0.983647
0.210385,0.443219,-0.862678,0.160619,0.931536,-1.81098,-0.122028,0.725699,-1.6294,-0.162369,0.557879,-0.983647
0.273411,0.429751,-0.864521,0.135825,0.965092,-1.76427,-0.15363,0.740033,-1.65712,-0.191913,0.535594,-1.01293
0.273411,0.429751,-0.864521,0.135825,0.965092,-1.76427,-0.15363,0.740033,-1.65712,-0.191913,0.535594,-1.01293
0.273411,0.429751,-0.864521,0.135825,0.965092,-1.76427,-0.15363,0.740033,-1.65712,-0.191913,0.535594,-1.01293
0.273411,0.429751,-0.864521,0.135825,0.965092,-1.76427,-0.15363,0.740033,-1.65712,-0.191913,0.535594,-1.01293
0.273411,0.429751,-0.864521,0.135825,0.965092,-1.76427,-0.15363,0.740033,-1.65712,-0.191913,0.535594,-1.01293
0.273411,0.429751,-0.864521,0.135825,0.965092,-1.76427,-0.15363,0.740033,-1.65712,-0.191913,0.535594,-1.01293
0.273411,0.429751,-0.864521,0.135825,0.965092,-1.76427,-0.15363,0.740033,-1.65712,-0.191913,0.535594,-1.01293
0.273411,0.429751,-0.864521,0.135825,0.965092,-1.76427,-0.15363,0.740033,-1.65712,-0.191913,0.535594,-1.01293
0.273411,0.429751,-0.864521,0.135825,0.965092,-1.76427,-0.15363,0.740033,-1.65712,-0.191913,0.535594,-1.01293
0.273411,0.429751,-0.864521,0.135825,0.965092,-1.76427,-0.15363,0.740033,-1.65712,-0.191913,0.535594,-1.01293
0.273411,0.429751,-0.864521,0.135825,0.965092,-1.76427,-0.15363,0.740033,-1.65712,-0.191913,0.535594,-1.01293
0.275803,0.448878,-0.911423,0.112531,0.992416,-1.71195,-0.179134,0.737287,-1.65128,-0.198099,0.506076,-1.11237
0.275803,0.448878,-0.911423,0.112531,0.992416,-1.71195,-0.179134,0.737287,-1.65128,-0.198099,0.506076,-1.11237
0.275803,0.448878,-0.911423,0.112531,0.992416,-1.71195,-0.179134,0.737287,-1.65128,-0.198099,0.506076,-1.11237
0.275803,0.448878,-0.911423,0.112531,0.992416,-1.71195,-0.179134,0.737287,-1.65128,-0.198099,0.506076,-1.11237
0.275803,0.448878,-0.911423,0.112531,0.992416,-1.71195,-0.179134,0.737287,-1.65128,-0.198099,0.506076,-1.11237
0.275803,0.448878,-0.911423,0.112531,0.992416,-1.71195,-0.179134,0.737287,-1.65128,-0.198099,0.506076,-1.11237
0.275803,0.448878,-0.911423,0.112531,0.992416,-1.71195,-0.179134,0.737287,-1.65128,-0.198099,0.506076,-1.11237
0.275803,0.448878,-0.911423,0.112531,0.992416,-1.71195,-0.179134,0.737287,-1.65128,-0.198099,0.506076,-1.11237
0.275803,0.448878,-0.911423,0.112531,0.992416,-1.71195,-0.179134,0.737287,-1.65128,-0.198099,0.506076,-1.11237
0.257382,0.459903,-0.967699,0.0931894,0.990678,-1.68254,-0.178934,0.728863,-1.61122,-0.183453,0.517592,-1.19576
0.257382,0.459903,-0.967699,0.0931894,0.990678,-1.68254,-0.178934,0.728863,-1.61122,-0.183453,0.517592,-1.19576
0.257382,0.459903,-0.967699,0.0931894,0.990678,-1.68254,-0.178934,0.728863,-1.61122,-0.183453,0.517592,-1.19576
0.257382,0.459903,-0.967699,0.0931894,0.990678,-1.68254,-0.178934,0.728863,-1.61122,-0.183453,0.517592,-1.19576
0.257382,0.459903,-0.967699,0.0931894,0.990678,-1.68254,-0.178934,0.728863,-1.61122,-0.183453,0.517592,-1.19576
0.257382,0.459903,-0.967699,0.0931894,0.990678,-1.68254,-0.178934,0.728863,-1.61122,-0.183453,0.517592,-1.19576
0.257382,0.459903,-0.967699,0.0931894,0.990678,-1.68254,-0.178934,0.728863,-1.61122,-0.183453,0.517592,-1.19576
0.257382,0.459903,-0.967699,0.0931894,0.990678,-1.68254,-0.178934,0.728863,-1.61122,-0.183453,0.517592,-1.19576
0.257382,0.459903,-0.967699,0.0931894,0.990678,-1.68254,-0.178934,0.728863,-1.61122,-0.183453,0.517592,-1.19576
0.257382,0.459903,-0.967699,0.0931894,0.990678,-1.68254,-0.178934,0.728863,-1.61122,-0.183453,0.517592,-1.19576
0.230962,0.459327,-0.983913,0.0808081,0.954478,-1.65279,-0.176816,0.694948,-1.54741,-0.15073,0.570612,-1.19006
0.230962,0.459327,-0.983913,0.0808081,0.954478,-1.65279,-0.176816,0.694948,-1.54741,-0.15073,0.570612,-1.19006
0.230962,0.459327,-0.983913,0.0808081,0.954478,-1.65279,-0.176816,0.694948,-1.54741,-0.15073,0.570612,-1.19006
0.230962,0.459327,-0.983913,0.0808081,0.954478,-1.65279,-0.176816,0.694948,-1.54741,-0.15073,0.570612,-1.19006
0.230962,0.459327,-0.983913,0.0808081,0.954478,-1.65279,-0.176816,0.694948,-1.54741,-0.15073,0.570612,-1.19006
0.230962,0.459327,-0.983913,0.0808081,0.954478,-1.65279,-0.176816,0.694948,-1.54741,-0.15073,0.570612,-1.19006
0.230962,0.459327,-0.983913,0.0808081,0.954478,-1.65279,-0.176816,0.694948,-1.54741,-0.15073,0.570612,-1.19006
0.230962,0.459327,-0.983913,0.0808081,0.954478,-1.65279,-0.176816,0.694948,-1.54741,-0.15073,0.570612,-1.19006
0.230962,0.459327,-0.983913,0.0808081,0.954478,-1.65279,-0.176816,0.694948,-1.54741,-0.15073,0.570612,-1.19006
0.230962,0.459327,-0.983913,0.0808081,0.954478,-1.65279,-0.176816,0.694948,-1.54741,-0.15073,0.570612,-1.19006
0.185348,0.464414,-0.999226,0.0911203,0.92397,-1.61479,-0.148665,0.615733,-1.47399,-0.0844779,0.6354,-1.1374
0.185348,0.464414,-0.999226,0.0911203,0.92397,-1.61479,-0.148665,0.615733,-1.47399,-0.0844779,0.6354,-1.1374
0.185348,0.464414,-0.999226,0.0911203,0.92397,-1.61479,-0.148665,0.615733,-1.47399,-0.0844779,0.6354,-1.1374
0.185348,0.464414,-0.999226,0.0911203,0.92397,-1.61479,-0.148665,0.615733,-1.47399,-0.0844779,0.6354,-1.1374
0.185348,0.464414,-0.999226,0.0911203,0.92397,-1.61479,-0.148665,0.615733,-1.47399,-0.0844779,0.6354,-1.1374
0.185348,0.464414,-0.999226,0.0911203,0.92397,-1.61479,-0.148665,0.615733,-1.47399,-0.0844779,0.6354,-1.1374
0.185348,0.464414,-0.999226,0.0911203,0.92397,-1.61479,-0.148665,0.615733,-1.47399,-0.0844779,0.6354,-1.1374
0.185348,0.464414,-0.999226,0.0911203,0.92397,-1.61479,-0.148665,0.615733,-1.47399,-0.0844779,0.6354,-1.1374
0.185348,0.464414,-0.999226,0.0911203,0.92397,-1.61479,-0.148665,0.615733,-1.47399,-0.0844779,0.6354,-1.1374
0.185348,0.464414,-0.999226,0.0911203,0.92397,-1.61479,-0.148665,0.615733,-1.47399,-0.0844779,0.6354,-1.1374
0.185348,0.464414,-0.999226,0.0911203,0.92397,-1.61479,-0.148665,0.615733,-1.47399,-0.0844779,0.6354,-1.1374
0.102359,0.562009,-1.20353,0.0813032,0.923062,-1.39746,0.0100844,0.596302,-1.32156,0.055938,0.644398,-1.30442
0.102359,0.562009,-1.20353,0.0813032,0.923062,-1.39746,0.0100844,0.596302,-1.32156,0.055938,0.644398,-1.30442
0.102359,0.562009,-1.20353,0.0813032,0.923062,-1.39746,0.0100844,0.596302,-1.32156,0.055938,0.644398,-1.30442
0.102359,0.562009,-1.20353,0.0813032,0.923062,-1.39746,0.0100844,0.596302,-1.32156,0.055938,0.644398,-1.30442
0.102359,0.562009,-1.20353,0.0813032,0.923062,-1.39746,0.0100844,0.596302,-1.32156,0.055938,0.644398,-1.30442
0.102359,0.562009,-1.20353,0.0813032,0.923062,-1.39746,0.0100844,0.596302,-1.32156,0.055938,0.644398,-1.30442
0.102359,0.562009,-1.20353,0.0813032,0.923062,-1.39746,0.0100844,0.596302,-1.32156,0.055938,0.644398,-1.30442
0.102359,0.562009,-1.20353,0.0813032,0.923062,-1.39746,0.0100844,0.596302,-1.32156,0.055938,0.644398,-1.30442
0.102359,0.562009,-1.20353,0.0813032,0.923062,-1.39746,0.0100844,0.596302,-1.32156,0.055938,0.644398,-1.30442
-0.00318474,0.775434,-1.60754,-0.0716781,0.700005,-0.992671,0.217553,0.57188,-0.846031,0.213746,0.689726,-1.64743
-0.00318474,0.775434,-1.60754,-0.0716781,0.700005,-0.992671,0.217553,0.57188,-0.846031,0.213746,0.689726,-1.64743
-0.00318474,0.775434,-1.60754,-0.0716781,0.700005,-0.992671,0.217553,0.57188,-0.846031,0.213746,0.689726,-1.64743
-0.00318474,0.775434,-1.60754,-0.0716781,0.700005,-0.992671,0.217553,0.57188,-0.846031,0.213746,0.689726,-1.64743
-0.00318474,0.775434,-1.60754,-0.0716781,0.700005,-0.992671,0.217553,0.57188,-0.846031,0.213746,0.689726,-1.64743
-0.00318474,0.775434,-1.60754,-0.0716781,0.700005,-0.992671,0.217553,0.57188,-0.846031,0.213746,0.689726,-1.64743
-0.00318474,0.775434,-1.60754,-0.0716781,0.700005,-0.992671,0.217553,0.57188,-0.846031,0.213746,0.689726,-1.64743
-0.00318474,0.775434,-1.60754,-0.0716781,0.700005,-0.992671,0.217553,0.57188,-0.846031,0.213746,0.689726,-1.64743
-0.00318474,0.775434,-1.60754,-0.0716781,0.700005,-0.992671,0.217553,0.57188,-0.846031,0.213746,0.689726,-1.64743
-0.00318474,0.775434,-1.60754,-0.0716781,0.700005,-0.992671,0.217553,0.57188,-0.846031,0.213746,0.689726,-1.64743
-0.00318474,0.775434,-1.60754,-0.0716781,0.700005,-0.992671,0.217553,0.57188,-0.846031,0.213746,0.689726,-1.64743
-0.0491448,0.897397,-1.73357,-0.0837207,0.581473,-0.861712,0.271891,0.638544,-0.783719,0.259454,0.705096,-1.71982
-0.0491448,0.897397,-1.73357,-0.0837207,0.581473,-0.861712,0.271891,0.638544,-0.783719,0.259454,0.705096,-1.71982
-0.0491448,0.897397,-1.73357,-0.0837207,0.581473,-0.861712,0.271891,0.638544,-0.783719,0.259454,0.705096,-1.71982
-0.0491448,0.897397,-1.73357,-0.0837207,0.581473,-0.861712,0.271891,0.638544,-0.783719,0.259454,0.705096,-1.71982
-0.0491448,0.897397,-1.73357,-0.0837207,0.581473,-0.861712,0.271891,0.638544,-0.783719,0.259454,0.705096,-1.71982
-0.0491448,0.897397,-1.73357,-0.0837207,0.581473,-0.861712,0.271891,0.638544,-0.783719,0.259454,0.705096,-1.71982
-0.0491448,0.897397,-1.73357,-0.0837207,0.581473,-0.861712,0.271891,0.638544,-0.783719,0.259454,0.705096,-1.71982
-0.0491448,0.897397,-1.73357,-0.0837207,0.581473,-0.861712,0.271891,0.638544,-0.783719,0.259454,0.705096,-1.71982
-0.0491448,0.897397,-1.73357,-0.0837207,0.581473,-0.861712,0.271891,0.638544,-0.783719,0.259454,0.705096,-1.71982
-0.0491448,0.897397,-1.73357,-0.0837207,0.581473,-0.861712,0.271891,0.638544,-0.783719,0.259454,0.705096,-1.71982
-0.0658587,0.935806,-1.7403,-0.0812017,0.552209,-0.918445,0.287056,0.673006,-0.864457,0.295648,0.667787,-1.70217
-0.0658587,0.935806,-1.7403,-0.0812017,0.552209,-0.918445,0.287056,0.673006,-0.864457,0.295648,0.667787,-1.70217
-0.0658587,0.935806,-1.7403,-0.0812017,0.552209,-0.918445,0.287056,0.673006,-0.864457,0.295648,0.667787,-1.70217
-0.0658587,0.935806,-1.7403,-0.0812017,0.552209,-0.918445,0.287056,0.673006,-0.864457,0.295648,0.667787,-1.70217
-0.0658587,0.935806,-1.7403,-0.0812017,0.552209,-0.918445,0.287056,0.673006,-0.864457,0.295648,0.667787,-1.70217
-0.0658587,0.935806,-1.7403,-0.0812017,0.552209,-0.918445,0.287056,0.673006,-0.864457,0.295648,0.667787,-1.70217
-0.0658587,0.935806,-1.7403,-0.0812017,0.552209,-0.918445,0.287056,0.673006,-0.864457,0.295648,0.667787,-1.70217
-0.0658587,0.935806,-1.7403,-0.0812017,0.552209,-0.918445,0.287056,0.673006,-0.864457,0.295648,0.667787,-1.70217
-0.0658587,0.935806,-1.7403,-0.0812017,0.552209,-0.918445,0.287056,0.673006,-0.864457,0.295648,0.667787,-1.70217
-0.0658587,0.935806,-1.7403,-0.0812017,0.552209,-0.918445,0.287056,0.673006,-0.864457,0.295648,0.667787,-1.70217
-0.0658587,0.935806,-1.7403,-0.0812017,0.552209,-0.918445,0.287056,0.673006,-0.864457,0.295648,0.667787,-1.70217
-0.0621124,0.941876,-1.70914,-0.0496055,0.580775,-1.0511,0.269352,0.673845,-0.95849,0.299363,0.653746,-1.64029
-0.0621124,0.941876,-1.70914,-0.0496055,0.580775,-1.0511,0.269352,0.673845,-0.95849,0.299363,0.653746,-1.64029
-0.0621124,0.941876,-1.70914,-0.0496055,0.580775,-1.0511,0.269352,0.673845,-0.95849,0.299363,0.653746,-1.64029
-0.0621124,0.941876,-1.70914,-0.0496055,0.580775,-1.0511,0.269352,0.673845,-0.95849,0.299363,0.653746,-1.64029
-0.0621124,0.941876,-1.70914,-0.0496055,0.580775,-1.0511,0.269352,0.673845,-0.95849,0.299363,0.653746,-1.64029
-0.0621124,0.941876,-1.70914,-0.0496055,0.580775,-1.0511,0.269352,0.673845,-0.95849,0.299363,0.653746,-1.64029
-0.0621124,0.941876,-1.70914,-0.0496055,0.580775,-1.0511,0.269352,0.673845,-0.95849,0.299363,0.653746,-1.64029
-0.0621124,0.941876,-1.70914,-0.0496055,0.580775,-1.0511,0.269352,0.673845,-0.95849,0.299363,0.653746,-1.64029
-0.0621124,0.941876,-1.70914,-0.0496055,0.580775,-1.0511,0.269352,0.673845,-0.95849,0.299363,0.653746,-1.64029
-0.0621124,0.941876,-1.70914,-0.0496055,0.580775,-1.0511,0.269352,0.673845,-0.95849,0.299363,0.653746,-1.64029
-0.0587557,0.950331,-1.68674,-0.00320869,0.599355,-1.17672,0.247373,0.660374,-1.04605,0.275512,0.640063,-1.59494
-0.0587557,0.950331,-1.68674,-0.00320869,0.599355,-1.17672,0.247373,0.660374,-1.04605,0.275512,0.640063,-1.59494
-0.0587557,0.950331,-1.68674,-0.00320869,0.599355,-1.17672,0.247373,0.660374,-1.04605,0.275512,0.640063,-1.59494
-0.0587557,0.950331,-1.68674,-0.00320869,0.599355,-1.17672,0.247373,0.660374,-1.04605,0.275512,0.640063,-1.59494
-0.0587557,0.950331,-1.68674,-0.00320869,0.599355,-1.17672,0.247373,0.660374,-1.04605,0.275512,0.640063,-1.59494
-0.0587557,0.950331,-1.68674,-0.00320869,0.599355,-1.17672,0.247373,0.660374,-1.04605,0.275512,0.640063,-1.59494
-0.0587557,0.950331,-1.68674,-0.00320869,0.599355,-1.17672,0.247373,0.660374,-1.04605,0.275512,0.640063,-1.59494
-0.0675924,0.969381,-1.70051,0.0418526,0.575744,-1.21224,0.199818,0.642175,-1.07479,0.259241,0.629209,-1.58883
-0.0675924,0.969381,-1.70051,0.0418526,0.575744,-1.21224,0.199818,0.642175,-1.07479,0.259241,0.629209,-1.58883
-0.0675924,0.969381,-1.70051,0.0418526,0.575744,-1.21224,0.199818,0.642175,-1.07479,0.259241,0.629209,-1.58883
-0.0675924,0.969381,-1.70051,0.0418526,0.575744,-1.21224,0.199818,0.642175,-1.07479,0.259241,0.629209,-1.58883
-0.0675924,0.969381,-1.70051,0.0418526,0.575744,-1.21224,0.199818,0.642175,-1.07479,0.259241,0.629209,-1.58883
-0.0675924,0.969381,-1.70051,0.0418526,0.575744,-1.21224,0.199818,0.642175,-1.07479,0.259241,0.629209,-1.58883
-0.0675924,0.969381,-1.70051,0.0418526,0.575744,-1.21224,0.199818,0.642175,-1.07479,0.259241,0.629209,-1.58883
-0.0675924,0.969381,-1.70051,0.0418526,0.575744,-1.21224,0.199818,0.642175,-1.07479,0.259241,0.629209,-1.58883
-0.0675924,0.969381,-1.70051,0.0418526,0.575744,-1.21224,0.199818,0.642175,-1.07479,0.259241,0.629209,-1.58883
-0.0675924,0.969381,-1.70051,0.0418526,0.575744,-1.21224,0.199818,0.642175,-1.07479,0.259241,0.629209,-1.58883
-0.0675924,0.969381,-1.70051,0.0418526,0.575744,-1.21224,0.199818,0.642175,-1.07479,0.259241,0.629209,-1.58883
-0.0675924,0.969381,-1.70051,0.0418526,0.575744,-1.21224,0.199818,0.642175,-1.07479,0.259241,0.629209,-1.58883
-0.0692482,0.971841,-1.69699,0.0970292,0.564196,-1.1894,0.124175,0.63745,-1.09078,0.231087,0.593917,-1.5875
-0.0692482,0.971841,-1.69699,0.0970292,0.564196,-1.1894,0.124175,0.63745,-1.09078,0.231087,0.593917,-1.5875
-0.0692482,0.971841,-1.69699,0.0970292,0.564196,-1.1894,0.124175,0.63745,-1.09078,0.231087,0.593917,-1.5875
-0.0692482,0.971841,-1.69699,0.0970292,0.564196,-1.1894,0.124175,0.63745,-1.09078,0.231087,0.593917,-1.5875
-0.0692482,0.971841,-1.69699,0.0970292,0.564196,-1.1894,0.124175,0.63745,-1.09078,0.231087,0.593917,-1.5875
-0.0692482,0.971841,-1.69699,0.0970292,0.564196,-1.1894,0.124175,0.63745,-1.09078,0.231087,0.593917,-1.5875
-0.0692482,0.971841,-1.69699,0.0970292,0.564196,-1.1894,0.124175,0.63745,-1.09078,0.231087,0.593917,-1.5875
-0.0692482,0.971841,-1.69699,0.0970292,0.564196,-1.1894,0.124175,0.63745,-1.09078,0.231087,0.593917,-1.5875
-0.0692482,0.971841,-1.69699,0.0970292,0.564196,-1.1894,0.124175,0.63745,-1.09078,0.231087,0.593917,-1.5875
-0.0692482,0.971841,-1.69699,0.0970292,0.564196,-1.1894,0.124175,0.63745,-1.09078,0.231087,0.593917,-1.5875
-0.0692482,0.887078,-1.58685,0.0906136,0.644681,-1.3139,0.0401696,0.634282,-1.19145,0.0875578,0.634552,-1.49655
-0.0741004,0.887078,-1.58685,0.0906136,0.644681,-1.3139,0.0401696,0.634282,-1.19145,0.0875578,0.634552,-1.49655
-0.0741004,0.887078,-1.58685,0.0906136,0.644681,-1.3139,0.0401696,0.634282,-1.19145,0.0875578,0.634552,-1.49655
-0.0741004,0.887078,-1.58685,0.0906136,0.644681,-1.3139,0.0401696,0.634282,-1.19145,0.0875578,0.634552,-1.49655
-0.0741004,0.887078,-1.58685,0.0906136,0.644681,-1.3139,0.0401696,0.634282,-1.19145,0.0875578,0.634552,-1.49655
-0.0741004,0.887078,-1.58685,0.0906136,0.644681,-1.3139,0.0401696,0.634282,-1.19145,0.0875578,0.634552,-1.49655
-0.0741004,0.887078,-1.58685,0.0906136,0.644681,-1.3139,0.0401696,0.634282,-1.19145,0.0875578,0.634552,-1.49655
-0.0741004,0.887078,-1.58685,0.0906136,0.644681,-1.3139,0.0401696,0.634282,-1.19145,0.0875578,0.634552,-1.49655
-0.0741004,0.887078,-1.58685,0.0906136,0.644681,-1.3139,0.0401696,0.634282,-1.19145,0.0875578,0.634552,-1.49655
-0.0741004,0.887078,-1.58685,0.0906136,0.644681,-1.3139,0.0401696,0.634282,-1.19145,0.0875578,0.634552,-1.49655
0.0712917,0.596388,-1.04994,0.114854,0.802312,-1.6837,-0.0562901,0.666405,-1.48883,-0.0866049,0.595767,-1.23271
0.0712917,0.596388,-1.04994,0.114854,0.802312,-1.6837,-0.0562901,0.666405,-1.48883,-0.0866049,0.595767,-1.23271
0.0712917,0.596388,-1.04994,0.114854,0.802312,-1.6837,-0.0562901,0.666405,-1.48883,-0.0866049,0.595767,-1.23271
0.0712917,0.596388,-1.04994,0.114854,0.802312,-1.6837,-0.0562901,0.666405,-1.48883,-0.0866049,0.595767,-1.23271
0.0712917,0.596388,-1.04994,0.114854,0.802312,-1.6837,-0.0562901,0.666405,-1.48883,-0.0866049,0.595767,-1.23271
0.0712917,0.596388,-1.04994,0.114854,0.802312,-1.6837,-0.0562901,0.666405,-1.48883,-0.0866049,0.595767,-1.23271
0.0712917,0.596388,-1.04994,0.114854,0.802312,-1.6837,-0.0562901,0.666405,-1.48883,-0.0866049,0.595767,-1.23271
0.0712917,0.596388,-1.04994,0.114854,0.802312,-1.6837,-0.0562901,0.666405,-1.48883,-0.0866049,0.595767,-1.23271
0.0712917,0.596388,-1.04994,0.114854,0.802312,-1.6837,-0.0562901,0.666405,-1.48883,-0.0866049,0.595767,-1.23271
0.0712917,0.596388,-1.04994,0.114854,0.802312,-1.6837,-0.0562901,0.666405,-1.48883,-0.0866049,0.595767,-1.23271
0.0712917,0.596388,-1.04994,0.114854,0.802312,-1.6837,-0.0562901,0.666405,-1.48883,-0.0866049,0.595767,-1.23271
0.150003,0.481573,-0.868229,0.157249,0.90559,-1.80397,-0.0947302,0.702067,-1.59393,-0.135012,0.556976,-1.01471
0.150003,0.481573,-0.868229,0.157249,0.90559,-1.80397,-0.0947302,0.702067,-1.59393,-0.135012,0.556976,-1.01471
0.150003,0.481573,-0.868229,0.157249,0.90559,-1.80397,-0.0947302,0.702067,-1.59393,-0.135012,0.556976,-1.01471
0.150003,0.481573,-0.868229,0.157249,0.90559,-1.80397,-0.0947302,0.702067,-1.59393,-0.135012,0.556976,-1.01471
0.150003,0.481573,-0.868229,0.157249,0.90559,-1.80397,-0.0947302,0.702067,-1.59393,-0.135012,0.556976,-1.01471
0.150003,0.481573,-0.868229,0.157249,0.90559,-1.80397,-0.0947302,0.702067,-1.59393,-0.135012,0.556976,-1.01471
0.150003,0.481573,-0.868229,0.157249,0.90559,-1.80397,-0.0947302,0.702067,-1.59393,-0.135012,0.556976,-1.01471
0.150003,0.481573,-0.868229,0.157249,0.90559,-1.80397,-0.0947302,0.702067,-1.59393,-0.135012,0.556976,-1.01471
0.150003,0.481573,-0.868229,0.157249,0.90559,-1.80397,-0.0947302,0.702067,-1.59393,-0.135012,0.556976,-1.01471
0.243163,0.424581,-0.840597,0.15247,0.943388,-1.80296,-0.130531,0.727643,-1.64373,-0.180062,0.556799,-0.972967
0.243163,0.424581,-0.840597,0.15247,0.943388,-1.80296,-0.130531,0.727643,-1.64373,-0.180062,0.556799,-0.972967
0.243163,0.424581,-0.840597,0.15247,0.943388,-1.80296,-0.130531,0.727643,-1.64373,-0.180062,0.556799,-0.972967
0.243163,0.424581,-0.840597,0.15247,0.943388,-1.80296,-0.130531,0.727643,-1.64373,-0.180062,0.556799,-0.972967
0.243163,0.424581,-0.840597,0.15247,0.943388,-1.80296,-0.130531,0.727643,-1.64373,-0.180062,0.556799,-0.972967
0.243163,0.424581,-0.840597,0.15247,0.943388,-1.80296,-0.130531,0.727643,-1.64373,-0.180062,0.556799,-0.972967
0.243163,0.424581,-0.840597,0.15247,0.943388,-1.80296,-0.130531,0.727643,-1.64373,-0.180062,0.556799,-0.972967
0.243163,0.424581,-0.840597,0.15247,0.943388,-1.80296,-0.130531,0.727643,-1.64373,-0.180062,0.556799,-0.972967
0.281382,0.42855,-0.87272,0.128471,0.975563,-1.7418,-0.163631,0.738192,-1.65718,-0.198421,0.524935,-1.04184
0.281382,0.42855,-0.87272,0.128471,0.975563,-1.7418,-0.163631,0.738192,-1.65718,-0.198421,0.524935,-1.04184
0.281382,0.42855,-0.87272,0.128471,0.975563,-1.7418,-0.163631,0.738192,-1.65718,-0.198421,0.524935,-1.04184
0.281382,0.42855,-0.87272,0.128471,0.975563,-1.7418,-0.163631,0.738192,-1.65718,-0.198421,0.524935,-1.04184
0.281382,0.42855,-0.87272,0.128471,0.975563,-1.7418,-0.163631,0.738192,-1.65718,-0.198421,0.524935,-1.04184
0.281382,0.42855,-0.87272,0.128471,0.975563,-1.7418,-0.163631,0.738192,-1.65718,-0.198421,0.524935,-1.04184
0.281382,0.42855,-0.87272,0.128471,0.975563,-1.7418,-0.163631,0.738192,-1.65718,-0.198421,0.524935,-1.04184
0.281382,0.42855,-0.87272,0.128471,0.975563,-1.7418,-0.163631,0.738192,-1.65718,-0.198421,0.524935,-1.04184
0.281382,0.42855,-0.87272,0.128471,0.975563,-1.7418,-0.163631,0.738192,-1.65718,-0.198421,0.524935,-1.04184
0.281382,0.42855,-0.87272,0.128471,0.975563,-1.7418,-0.163631,0.738192,-1.65718,-0.198421,0.524935,-1.04184
0.266456,0.453102,-0.931274,0.108183,0.996956,-1.70251,-0.17727,0.730179,-1.64171,-0.196426,0.502679,-1.14871
0.266456,0.453102,-0.931274,0.108183,0.996956,-1.70251,-0.17727,0.730179,-1.64171,-0.196426,0.502679,-1.14871
0.266456,0.453102,-0.931274,0.108183,0.996956,-1.70251,-0.17727,0.730179,-1.64171,-0.196426,0.502679,-1.14871
0.266456,0.453102,-0.931274,0.108183,0.996956,-1.70251,-0.17727,0.730179,-1.64171,-0.196426,0.502679,-1.14871
0.266456,0.453102,-0.931274,0.108183,0.996956,-1.70251,-0.17727,0.730179,-1.64171,-0.196426,0.502679,-1.14871
0.266456,0.453102,-0.931274,0.108183,0.996956,-1.70251,-0.17727,0.730179,-1.64171,-0.196426,0.502679,-1.14871
0.266456,0.453102,-0.931274,0.108183,0.996956,-1.70251,-0.17727,0.730179,-1.64171,-0.196426,0.502679,-1.14871
0.266456,0.453102,-0.931274,0.108183,0.996956,-1.70251,-0.17727,0.730179,-1.64171,-0.196426,0.502679,-1.14871
0.266456,0.453102,-0.931274,0.108183,0.996956,-1.70251,-0.17727,0.730179,-1.64171,-0.196426,0.502679,-1.14871
0.266456,0.453102,-0.931274,0.108183,0.996956,-1.70251,-0.17727,0.730179,-1.64171,-0.196426,0.502679,-1.14871
0.249202,0.463191,-0.97962,0.0931152,0.984638,-1.6741,-0.175271,0.722504,-1.5908,-0.175337,0.533025,-1.20156
0.249202,0.463191,-0.97962,0.0931152,0.984638,-1.6741,-0.175271,0.722504,-1.5908,-0.175337,0.533025,-1.20156
0.249202,0.463191,-0.97962,0.0931152,0.984638,-1.6741,-0.175271,0.722504,-1.5908,-0.175337,0.533025,-1.20156
0.249202,0.463191,-0.97962,0.0931152,0.984638,-1.6741,-0.175271,0.722504,-1.5908,-0.175337,0.533025,-1.20156
0.249202,0.463191,-0.97962,0.0931152,0.984638,-1.6741,-0.175271,0.722504,-1.5908,-0.175337,0.533025,-1.20156
0.249202,0.463191,-0.97962,0.0931152,0.984638,-1.6741,-0.175271,0.722504,-1.5908,-0.175337,0.533025,-1.20156
0.249202,0.463191,-0.97962,0.0931152,0.984638,-1.6741,-0.175271,0.722504,-1.5908,-0.175337,0.533025,-1.20156
0.249202,0.463191,-0.97962,0.0931152,0.984638,-1.6741,-0.175271,0.722504,-1.5908,-0.175337,0.533025,-1.20156
0.249202,0.463191,-0.97962,0.0931152,0.984638,-1.6741,-0.175271,0.722504,-1.5908,-0.175337,0.533025,-1.20156
0.249202,0.463191,-0.97962,0.0931152,0.984638,-1.6741,-0.175271,0.722504,-1.5908,-0.175337,0.533025,-1.20156
0.249202,0.463191,-0.97962,0.0931152,0.984638,-1.6741,-0.175271,0.722504,-1.5908,-0.175337,0.533025,-1.20156
0.249202,0.463191,-0.97962,0.0931152,0.984638,-1.6741,-0.175271,0.722504,-1.5908,-0.175337,0.533025,-1.20156
0.249202,0.463191,-0.97962,0.0931152,0.984638,-1.6741,-0.175271,0.722504,-1.5908,-0.175337,0.533025,-1.20156
0.215406,0.459574,-0.985614,0.0817642,0.936958,-1.64762,-0.173535,0.667014,-1.52559,-0.131138,0.597911,-1.17375
0.215406,0.459574,-0.985614,0.0817642,0.936958,-1.64762,-0.173535,0.667014,-1.52559,-0.131138,0.597911,-1.17375
0.215406,0.459574,-0.985614,0.0817642,0.936958,-1.64762,-0.173535,0.667014,-1.52559,-0.131138,0.597911,-1.17375
0.215406,0.459574,-0.985614,0.0817642,0.936958,-1.64762,-0.173535,0.667014,-1.52559,-0.131138,0.597911,-1.17375
0.215406,0.459574,-0.985614,0.0817642,0.936958,-1.64762,-0.173535,0.667014,-1.52559,-0.131138,0.597911,-1.17375
0.215406,0.459574,-0.985614,0.0817642,0.936958,-1.64762,-0.173535,0.667014,-1.52559,-0.131138,0.597911,-1.17375
0.215406,0.459574,-0.985614,0.0817642,0.936958,-1.64762,-0.173535,0.667014,-1.52559,-0.131138,0.597911,-1.17375
0.215406,0.459574,-0.985614,0.0817642,0.936958,-1.64762,-0.173535,0.667014,-1.52559,-0.131138,0.597911,-1.17375
0.215406,0.459574,-0.985614,0.0817642,0.936958,-1.64762,-0.173535,0.667014,-1.52559,-0.131138,0.597911,-1.17375
0.215406,0.459574,-0.985614,0.0817642,0.936958,-1.64762,-0.173535,0.667014,-1.52559,-0.0537661,0.646741,-1.13283
0.173057,0.473067,-1.01641,0.101636,0.933461,-1.58318,-0.11632,0.606272,-1.445,-0.0537661,0.646741,-1.13283
0.173057,0.473067,-1.01641,0.101636,0.933461,-1.58318,-0.11632,0.606272,-1.445,-0.0537661,0.646741,-1.13283
0.173057,0.473067,-1.01641,0.101636,0.933461,-1.58318,-0.11632,0.606272,-1.445,-0.0537661,0.646741,-1.13283
0.173057,0.473067,-1.01641,0.101636,0.933461,-1.58318,-0.11632,0.606272,-1.445,-0.0537661,0.646741,-1.13283
0.173057,0.473067,-1.01641,0.101636,0.933461,-1.58318,-0.11632,0.606272,-1.445,-0.0537661,0.646741,-1.13283
0.173057,0.473067,-1.01641,0.101636,0.933461,-1.58318,-0.11632,0.606272,-1.445,-0.0537661,0.646741,-1.13283
0.173057,0.473067,-1.01641,0.101636,0.933461,-1.58318,-0.11632,0.606272,-1.445,-0.0537661,0.646741,-1.13283
0.173057,0.473067,-1.01641,0.101636,0.933461,-1.58318,-0.11632,0.606272,-1.445,-0.0537661,0.646741,-1.13283
0.173057,0.473067,-1.01641,0.101636,0.933461,-1.58318,-0.11632,0.606272,-1.445,-0.0537661,0.646741,-1.13283
0.173057,0.473067,-1.01641,0.101636,0.933461,-1.58318,-0.11632,0.606272,-1.445,-0.0537661,0.646741,-1.13283
0.0420476,0.629915,-1.38344,0.0181145,0.848302,-1.22752,0.108408,0.574699,-1.15355,0.136202,0.651082,-1.49739
0.0420476,0.629915,-1.38344,0.0181145,0.848302,-1.22752,0.108408,0.574699,-1.15355,0.136202,0.651082,-1.49739
0.0420476,0.629915,-1.38344,0.0181145,0.848302,-1.22752,0.108408,0.574699,-1.15355,0.136202,0.651082,-1.49739
0.0420476,0.629915,-1.38344,0.0181145,0.848302,-1.22752,0.108408,0.574699,-1.15355,0.136202,0.651082,-1.49739
0.0420476,0.629915,-1.38344,0.0181145,0.848302,-1.22752,0.108408,0.574699,-1.15355,0.136202,0.651082,-1.49739
0.0420476,0.629915,-1.38344,0.0181145,0.848302,-1.22752,0.108408,0.574699,-1.15355,0.136202,0.651082,-1.49739
0.0420476,0.629915,-1.38344,0.0181145,0.848302,-1.22752,0.108408,0.574699,-1.15355,0.136202,0.651082,-1.49739
0.0420476,0.629915,-1.38344,0.0181145,0.848302,-1.22752,0.108408,0.574699,-1.15355,0.136202,0.651082,-1.49739
0.0420476,0.629915,-1.38344,0.0181145,0.848302,-1.22752,0.108408,0.574699,-1.15355,0.136202,0.651082,-1.49739
0.0420476,0.629915,-1.38344,0.0181145,0.848302,-1.22752,0.108408,0.574699,-1.15355,0.136202,0.651082,-1.49739
-0.0164006,0.847274,-1.65981,-0.0702746,0.65402,-0.938193,0.251406,0.613757,-0.838771,0.23072,0.718597,-1.69797
-0.0164006,0.847274,-1.65981,-0.0702746,0.65402,-0.938193,0.251406,0.613757,-0.838771,0.23072,0.718597,-1.69797
-0.0164006,0.847274,-1.65981,-0.0702746,0.65402,-0.938193,0.251406,0.613757,-0.838771,0.23072,0.718597,-1.69797
-0.0164006,0.847274,-1.65981,-0.0702746,0.65402,-0.938193,0.251406,0.613757,-0.838771,0.23072,0.718597,-1.69797
-0.0164006,0.847274,-1.65981,-0.0702746,0.65402,-0.938193,0.251406,0.613757,-0.838771,0.23072,0.718597,-1.69797
-0.0164006,0.847274,-1.65981,-0.0702746,0.65402,-0.938193,0.251406,0.613757,-0.838771,0.23072,0.718597,-1.69797
-0.0164006,0.847274,-1.65981,-0.0702746,0.65402,-0.938193,0.251406,0.613757,-0.838771,0.23072,0.718597,-1.69797
-0.0164006,0.847274,-1.65981,-0.0702746,0.65402,-0.938193,0.251406,0.613757,-0.838771,0.23072,0.718597,-1.69797
-0.0164006,0.847274,-1.65981,-0.0702746,0.65402,-0.938193,0.251406,0.613757,-0.838771,0.23072,0.718597,-1.69797
-0.0164006,0.847274,-1.65981,-0.0702746,0.65402,-0.938193,0.251406,0.613757,-0.838771,0.23072,0.718597,-1.69797
-0.0512658,0.922157,-1.73448,-0.0770928,0.563249,-0.884775,0.275339,0.650897,-0.837861,0.270621,0.699364,-1.72417
-0.0512658,0.922157,-1.73448,-0.0770928,0.563249,-0.884775,0.275339,0.650897,-0.837861,0.270621,0.699364,-1.72417
-0.0512658,0.922157,-1.73448,-0.0770928,0.563249,-0.884775,0.275339,0.650897,-0.837861,0.270621,0.699364,-1.72417
-0.0512658,0.922157,-1.73448,-0.0770928,0.563249,-0.884775,0.275339,0.650897,-0.837861,0.270621,0.699364,-1.72417
-0.0512658,0.922157,-1.73448,-0.0770928,0.563249,-0.884775,0.275339,0.650897,-0.837861,0.270621,0.699364,-1.72417
-0.0512658,0.922157,-1.73448,-0.0770928,0.563249,-0.884775,0.275339,0.650897,-0.837861,0.270621,0.699364,-1.72417
-0.0512658,0.922157,-1.73448,-0.0770928,0.563249,-0.884775,0.275339,0.650897,-0.837861,0.270621,0.699364,-1.72417
-0.0512658,0.922157,-1.73448,-0.0770928,0.563249,-0.884775,0.275339,0.650897,-0.837861,0.270621,0.699364,-1.72417
-0.0512658,0.922157,-1.73448,-0.0770928,0.563249,-0.884775,0.275339,0.650897,-0.837861,0.270621,0.699364,-1.72417
-0.0512658,0.922157,-1.73448,-0.0770928,0.563249,-0.884775,0.275339,0.650897,-0.837861,0.270621,0.699364,-1.72417
-0.0638367,0.943141,-1.73128,-0.0664403,0.564534,-0.972825,0.280178,0.662478,-0.907101,0.303103,0.667192,-1.68706
-0.0638367,0.943141,-1.73128,-0.0664403,0.564534,-0.972825,0.280178,0.662478,-0.907101,0.303103,0.667192,-1.68706
-0.0638367,0.943141,-1.73128,-0.0664403,0.564534,-0.972825,0.280178,0.662478,-0.907101,0.303103,0.667192,-1.68706
-0.0638367,0.943141,-1.73128,-0.0664403,0.564534,-0.972825,0.280178,0.662478,-0.907101,0.303103,0.667192,-1.68706
-0.0638367,0.943141,-1.73128,-0.0664403,0.564534,-0.972825,0.280178,0.662478,-0.907101,0.303103,0.667192,-1.68706
-0.0638367,0.943141,-1.73128,-0.0664403,0.564534,-0.972825,0.280178,0.662478,-0.907101,0.303103,0.667192,-1.68706
-0.0638367,0.943141,-1.73128,-0.0664403,0.564534,-0.972825,0.280178,0.662478,-0.907101,0.303103,0.667192,-1.68706
-0.0638367,0.943141,-1.73128,-0.0664403,0.564534,-0.972825,0.280178,0.662478,-0.907101,0.303103,0.667192,-1.68706
-0.0638367,0.943141,-1.73128,-0.0664403,0.564534,-0.972825,0.280178,0.662478,-0.907101,0.303103,0.667192,-1.68706
-0.0638367,0.943141,-1.73128,-0.0664403,0.564534,-0.972825,0.280178,0.662478,-0.907101,0.303103,0.667192,-1.68706
-0.0638367,0.943141,-1.73128,-0.0664403,0.564534,-0.972825,0.280178,0.662478,-0.907101,0.303103,0.667192,-1.68706
-0.0565246,0.94485,-1.70017,-0.0274772,0.593286,-1.10255,0.255591,0.664099,-1.00204,0.29542,0.653036,-1.6266
-0.0565246,0.94485,-1.70017,-0.0274772,0.593286,-1.10255,0.255591,0.664099,-1.00204,0.29542,0.653036,-1.6266
-0.0565246,0.94485,-1.70017,-0.0274772,0.593286,-1.10255,0.255591,0.664099,-1.00204,0.29542,0.653036,-1.6266
-0.0565246,0.94485,-1.70017,-0.0274772,0.593286,-1.10255,0.255591,0.664099,-1.00204,0.29542,0.653036,-1.6266
-0.0565246,0.94485,-1.70017,-0.0274772,0.593286,-1.10255,0.255591,0.664099,-1.00204,0.29542,0.653036,-1.6266
-0.0565246,0.94485,-1.70017,-0.0274772,0.593286,-1.10255,0.255591,0.664099,-1.00204,0.29542,0.653036,-1.6266
-0.0565246,0.94485,-1.70017,-0.0274772,0.593286,-1.10255,0.255591,0.664099,-1.00204,0.29542,0.653036,-1.6266
-0.0565246,0.94485,-1.70017,-0.0274772,0.593286,-1.10255,0.255591,0.664099,-1.00204,0.29542,0.653036,-1.6266
-0.0565246,0.94485,-1.70017,-0.0274772,0.593286,-1.10255,0.255591,0.664099,-1.00204,0.29542,0.653036,-1.6266
-0.0589306,0.957765,-1.68766,0.0146008,0.594786,-1.19986,0.229721,0.651849,-1.06472,0.273518,0.642717,-1.59236
-0.0589306,0.957765,-1.68766,0.0146008,0.594786,-1.19986,0.229721,0.651849,-1.06472,0.273518,0.642717,-1.59236
-0.0589306,0.957765,-1.68766,0.0146008,0.594786,-1.19986,0.229721,0.651849,-1.06472,0.273518,0.642717,-1.59236
-0.0589306,0.957765,-1.68766,0.0146008,0.594786,-1.19986,0.229721,0.651849,-1.06472,0.273518,0.642717,-1.59236
-0.0589306,0.957765,-1.68766,0.0146008,0.594786,-1.19986,0.229721,0.651849,-1.06472,0.273518,0.642717,-1.59236
-0.0589306,0.957765,-1.68766,0.0146008,0.594786,-1.19986,0.229721,0.651849,-1.06472,0.273518,0.642717,-1.59236
-0.0589306,0.957765,-1.68766,0.0146008,0.594786,-1.19986,0.229721,0.651849,-1.06472,0.273518,0.642717,-1.59236
-0.0589306,0.957765,-1.68766,0.0146008,0.594786,-1.19986,0.229721,0.651849,-1.06472,0.273518,0.642717,-1.59236
-0.0589306,0.957765,-1.68766,0.0146008,0.594786,-1.19986,0.229721,0.651849,-1.06472,0.273518,0.642717,-1.59236
-0.0589306,0.957765,-1.68766,0.0146008,0.594786,-1.19986,0.229721,0.651849,-1.06472,0.273518,0.642717,-1.59236
-0.0660503,0.974386,-1.70319,0.0612167,0.570385,-1.20565,0.172877,0.635069,-1.08063,0.254278,0.622784,-1.59387
-0.0660503,0.974386,-1.70319,0.0612167,0.570385,-1.20565,0.172877,0.635069,-1.08063,0.254278,0.622784,-1.59387
-0.0660503,0.974386,-1.70319,0.0612167,0.570385,-1.20565,0.172877,0.635069,-1.08063,0.254278,0.622784,-1.59387
-0.0660503,0.974386,-1.70319,0.0612167,0.570385,-1.20565,0.172877,0.635069,-1.08063,0.254278,0.622784,-1.59387
-0.0660503,0.974386,-1.70319,0.0612167,0.570385,-1.20565,0.172877,0.635069,-1.08063,0.254278,0.622784,-1.59387
-0.0660503,0.974386,-1.70319,0.0612167,0.570385,-1.20565,0.172877,0.635069,-1.08063,0.254278,0.622784,-1.59387
-0.0660503,0.974386,-1.70319,0.0612167,0.570385,-1.20565,0.172877,0.635069,-1.08063,0.254278,0.622784,-1.59387
-0.0660503,0.974386,-1.70319,0.0612167,0.570385,-1.20565,0.172877,0.635069,-1.08063,0.254278,0.622784,-1.59387
-0.0660503,0.974386,-1.70319,0.0612167,0.570385,-1.20565,0.172877,0.635069,-1.08063,0.254278,0.622784,-1.59387
-0.0660503,0.974386,-1.70319,0.0612167,0.570385,-1.20565,0.172877,0.635069,-1.08063,0.254278,0.622784,-1.59387
-0.0703345,0.95985,-1.68552,0.111347,0.570065,-1.19493,0.0991054,0.637539,-1.10713,0.207931,0.593302,-1.57355
-0.0703345,0.95985,-1.68552,0.111347,0.570065,-1.19493,0.0991054,0.637539,-1.10713,0.207931,0.593302,-1.57355
-0.0703345,0.95985,-1.68552,0.111347,0.570065,-1.19493,0.0991054,0.637539,-1.10713,0.207931,0.593302,-1.57355
-0.0703345,0.95985,-1.68552,0.111347,0.570065,-1.19493,0.0991054,0.637539,-1.10713,0.207931,0.593302,-1.57355
-0.0703345,0.95985,-1.68552,0.111347,0.570065,-1.19493,0.0991054,0.637539,-1.10713,0.207931,0.593302,-1.57355
-0.0703345,0.95985,-1.68552,0.111347,0.570065,-1.19493,0.0991054,0.637539,-1.10713,0.207931,0.593302,-1.57355
-0.0703345,0.95985,-1.68552,0.111347,0.570065,-1.19493,0.0991054,0.637539,-1.10713,0.207931,0.593302,-1.57355
-0.0703345,0.95985,-1.68552,0.111347,0.570065,-1.19493,0.0991054,0.637539,-1.10713,0.207931,0.593302,-1.57355
-0.0703345,0.95985,-1.68552,0.111347,0.570065,-1.19493,0.0991054,0.637539,-1.10713,0.207931,0.593302,-1.57355
-0.0703345,0.95985,-1.68552,0.111347,0.570065,-1.19493,0.0991054,0.637539,-1.10713,0.207931,0.593302,-1.57355
-0.0703345,0.95985,-1.68552,0.111347,0.570065,-1.19493,0.0991054,0.637539,-1.10713,0.207931,0.593302,-1.57355
-0.0279076,0.797856,-1.43703,0.067407,0.718654,-1.4516,0.0133253,0.655776,-1.30885,-0.00108078,0.635392,-1.49152
-0.0279076,0.797856,-1.43703,0.067407,0.718654,-1.4516,0.0133253,0.655776,-1.30885,-0.00108078,0.635392,-1.49152
-0.0279076,0.797856,-1.43703,0.067407,0.718654,-1.4516,0.0133253,0.655776,-1.30885,-0.00108078,0.635392,-1.49152
-0.0279076,0.797856,-1.43703,0.067407,0.718654,-1.4516,0.0133253,0.655776,-1.30885,-0.00108078,0.635392,-1.49152
-0.0279076,0.797856,-1.43703,0.067407,0.718654,-1.4516,0.0133253,0.655776,-1.30885,-0.00108078,0.635392,-1.49152
-0.0279076,0.797856,-1.43703,0.067407,0.718654,-1.4516,0.0133253,0.655776,-1.30885,-0.00108078,0.635392,-1.49152
-0.0279076,0.797856,-1.43703,0.067407,0.718654,-1.4516,0.0133253,0.655776,-1.30885,-0.00108078,0.635392,-1.49152
-0.0279076,0.797856,-1.43703,0.067407,0.718654,-1.4516,0.0133253,0.655776,-1.30885,-0.00108078,0.635392,-1.49152
-0.0279076,0.797856,-1.43703,0.067407,0.718654,-1.4516,0.0133253,0.655776,-1.30885,-0.00108078,0.635392,-1.49152
0.0698335,0.580277,-1.02545,0.116118,0.853341,-1.7396,-0.0636935,0.694435,-1.52524,-0.098086,0.567484,-1.16079
0.0698335,0.580277,-1.02545,0.116118,0.853341,-1.7396,-0.0636935,0.694435,-1.52524,-0.098086,0.567484,-1.16079
0.0698335,0.580277,-1.02545,0.116118,0.853341,-1.7396,-0.0636935,0.694435,-1.52524,-0.098086,0.567484,-1.16079
0.0698335,0.580277,-1.02545,0.116118,0.853341,-1.7396,-0.0636935,0.694435,-1.52524,-0.098086,0.567484,-1.16079
0.0698335,0.580277,-1.02545,0.116118,0.853341,-1.7396,-0.0636935,0.694435,-1.52524,-0.098086,0.567484,-1.16079
0.0698335,0.580277,-1.02545,0.116118,0.853341,-1.7396,-0.0636935,0.694435,-1.52524,-0.098086,0.567484,-1.16079
0.0698335,0.580277,-1.02545,0.116118,0.853341,-1.7396,-0.0636935,0.694435,-1.52524,-0.098086,0.567484,-1.16079
0.0698335,0.580277,-1.02545,0.116118,0.853341,-1.7396,-0.0636935,0.694435,-1.52524,-0.098086,0.567484,-1.16079
0.0698335,0.580277,-1.02545,0.116118,0.853341,-1.7396,-0.0636935,0.694435,-1.52524,-0.098086,0.567484,-1.16079
0.171023,0.468733,-0.884808,0.150402,0.918586,-1.81308,-0.11837,0.721118,-1.61323,-0.14629,0.551577,-0.998121
0.171023,0.468733,-0.884808,0.150402,0.918586,-1.81308,-0.11837,0.721118,-1.61323,-0.14629,0.551577,-0.998121
0.171023,0.468733,-0.884808,0.150402,0.918586,-1.81308,-0.11837,0.721118,-1.61323,-0.14629,0.551577,-0.998121
0.171023,0.468733,-0.884808,0.150402,0.918586,-1.81308,-0.11837,0.721118,-1.61323,-0.14629,0.551577,-0.998121
0.171023,0.468733,-0.884808,0.150402,0.918586,-1.81308,-0.11837,0.721118,-1.61323,-0.14629,0.551577,-0.998121
0.171023,0.468733,-0.884808,0.150402,0.918586,-1.81308,-0.11837,0.721118,-1.61323,-0.14629,0.551577,-0.998121
0.171023,0.468733,-0.884808,0.150402,0.918586,-1.81308,-0.11837,0.721118,-1.61323,-0.14629,0.551577,-0.998121
0.171023,0.468733,-0.884808,0.150402,0.918586,-1.81308,-0.11837,0.721118,-1.61323,-0.14629,0.551577,-0.998121
0.171023,0.468733,-0.884808,0.150402,0.918586,-1.81308,-0.11837,0.721118,-1.61323,-0.14629,0.551577,-0.998121
0.171023,0.468733,-0.884808,0.150402,0.918586,-1.81308,-0.11837,0.721118,-1.61323,-0.14629,0.551577,-0.998121
0.171023,0.468733,-0.884808,0.150402,0.918586,-1.81308,-0.11837,0.721118,-1.61323,-0.14629,0.551577,-0.998121
0.171023,0.468733,-0.884808,0.150402,0.918586,-1.81308,-0.11837,0.721118,-1.61323,-0.14629,0.551577,-0.998121
0.2565,0.429152,-0.858687,0.133556,0.953859,-1.78705,-0.147949,0.739454,-1.65372,-0.185422,0.541941,-0.98846
0.2565,0.429152,-0.858687,0.133556,0.953859,-1.78705,-0.147949,0.739454,-1.65372,-0.185422,0.541941,-0.98846
0.2565,0.429152,-0.858687,0.133556,0.953859,-1.78705,-0.147949,0.739454,-1.65372,-0.185422,0.541941,-0.98846
0.2565,0.429152,-0.858687,0.133556,0.953859,-1.78705,-0.147949,0.739454,-1.65372,-0.185422,0.541941,-0.98846
0.2565,0.429152,-0.858687,0.133556,0.953859,-1.78705,-0.147949,0.739454,-1.65372,-0.185422,0.541941,-0.98846
0.2565,0.429152,-0.858687,0.133556,0.953859,-1.78705,-0.147949,0.739454,-1.65372,-0.185422,0.541941,-0.98846
0.2565,0.429152,-0.858687,0.133556,0.953859,-1.78705,-0.147949,0.739454,-1.65372,-0.185422,0.541941,-0.98846
0.2565,0.429152,-0.858687,0.133556,0.953859,-1.78705,-0.147949,0.739454,-1.65372,-0.185422,0.541941,-0.98846
0.2565,0.429152,-0.858687,0.133556,0.953859,-1.78705,-0.147949,0.739454,-1.65372,-0.185422,0.541941,-0.98846
0.2565,0.429152,-0.858687,0.133556,0.953859,-1.78705,-0.147949,0.739454,-1.65372,-0.185422,0.541941,-0.98846
0.279942,0.435386,-0.891414,0.112259,0.984599,-1.72451,-0.178465,0.741776,-1.65782,-0.200079,0.514271,-1.07167
0.279942,0.435386,-0.891414,0.112259,0.984599,-1.72451,-0.178465,0.741776,-1.65782,-0.200079,0.514271,-1.07167
0.279942,0.435386,-0.891414,0.112259,0.984599,-1.72451,-0.178465,0.741776,-1.65782,-0.200079,0.514271,-1.07167
0.279942,0.435386,-0.891414,0.112259,0.984599,-1.72451,-0.178465,0.741776,-1.65782,-0.200079,0.514271,-1.07167
0.279942,0.435386,-0.891414,0.112259,0.984599,-1.72451,-0.178465,0.741776,-1.65782,-0.200079,0.514271,-1.07167
0.279942,0.435386,-0.891414,0.112259,0.984599,-1.72451,-0.178465,0.741776,-1.65782,-0.200079,0.514271,-1.07167
0.279942,0.435386,-0.891414,0.112259,0.984599,-1.72451,-0.178465,0.741776,-1.65782,-0.200079,0.514271,-1.07167
0.279942,0.435386,-0.891414,0.112259,0.984599,-1.72451,-0.178465,0.741776,-1.65782,-0.200079,0.514271,-1.07167
0.279942,0.435386,-0.891414,0.112259,0.984599,-1.72451,-0.178465,0.741776,-1.65782,-0.200079,0.514271,-1.07167
0.279942,0.435386,-0.891414,0.112259,0.984599,-1.72451,-0.178465,0.741776,-1.65782,-0.200079,0.514271,-1.07167
0.279942,0.435386,-0.891414,0.112259,0.984599,-1.72451,-0.178465,0.741776,-1.65782,-0.200079,0.514271,-1.07167
0.260079,0.450285,-0.948514,0.0943259,0.995761,-1.69005,-0.180569,0.729592,-1.62932,-0.193485,0.506973,-1.17375
0.260079,0.450285,-0.948514,0.0943259,0.995761,-1.69005,-0.180569,0.729592,-1.62932,-0.193485,0.506973,-1.17375
0.260079,0.450285,-0.948514,0.0943259,0.995761,-1.69005,-0.180569,0.729592,-1.62932,-0.193485,0.506973,-1.17375
0.260079,0.450285,-0.948514,0.0943259,0.995761,-1.69005,-0.180569,0.729592,-1.62932,-0.193485,0.506973,-1.17375
0.260079,0.450285,-0.948514,0.0943259,0.995761,-1.69005,-0.180569,0.729592,-1.62932,-0.193485,0.506973,-1.17375
0.260079,0.450285,-0.948514,0.0943259,0.995761,-1.69005,-0.180569,0.729592,-1.62932,-0.193485,0.506973,-1.17375
0.260079,0.450285,-0.948514,0.0943259,0.995761,-1.69005,-0.180569,0.729592,-1.62932,-0.193485,0.506973,-1.17375
0.260079,0.450285,-0.948514,0.0943259,0.995761,-1.69005,-0.180569,0.729592,-1.62932,-0.193485,0.506973,-1.17375
0.260079,0.450285,-0.948514,0.0943259,0.995761,-1.69005,-0.180569,0.729592,-1.62932,-0.193485,0.506973,-1.17375
0.239657,0.45528,-0.980071,0.0832653,0.969666,-1.65906,-0.176814,0.711861,-1.56754,-0.167768,0.546313,-1.19857
0.239657,0.45528,-0.980071,0.0832653,0.969666,-1.65906,-0.176814,0.711861,-1.56754,-0.167768,0.546313,-1.19857
0.239657,0.45528,-0.980071,0.0832653,0.969666,-1.65906,-0.176814,0.711861,-1.56754,-0.167768,0.546313,-1.19857
0.239657,0.45528,-0.980071,0.0832653,0.969666,-1.65906,-0.176814,0.711861,-1.56754,-0.167768,0.546313,-1.19857
0.239657,0.45528,-0.980071,0.0832653,0.969666,-1.65906,-0.176814,0.711861,-1.56754,-0.167768,0.546313,-1.19857
0.239657,0.45528,-0.980071,0.0832653,0.969666,-1.65906,-0.176814,0.711861,-1.56754,-0.167768,0.546313,-1.19857
0.239657,0.45528,-0.980071,0.0832653,0.969666,-1.65906,-0.176814,0.711861,-1.56754,-0.167768,0.546313,-1.19857
0.198228,0.455251,-0.985462,0.08273,0.922768,-1.63128,-0.166578,0.637931,-1.49911,-0.110437,0.615594,-1.15315
0.198228,0.455251,-0.985462,0.08273,0.922768,-1.63128,-0.166578,0.637931,-1.49911,-0.110437,0.615594,-1.15315
0.198228,0.455251,-0.985462,0.08273,0.922768,-1.63128,-0.166578,0.637931,-1.49911,-0.110437,0.615594,-1.15315
0.198228,0.455251,-0.985462,0.08273,0.922768,-1.63128,-0.166578,0.637931,-1.49911,-0.110437,0.615594,-1.15315
0.198228,0.455251,-0.985462,0.08273,0.922768,-1.63128,-0.166578,0.637931,-1.49911,-0.110437,0.615594,-1.15315
0.198228,0.455251,-0.985462,0.08273,0.922768,-1.63128,-0.166578,0.637931,-1.49911,-0.110437,0.615594,-1.15315
0.198228,0.455251,-0.985462,0.08273,0.922768,-1.63128,-0.166578,0.637931,-1.49911,-0.110437,0.615594,-1.15315
0.198228,0.455251,-0.985462,0.08273,0.922768,-1.63128,-0.166578,0.637931,-1.49911,-0.110437,0.615594,-1.15315
0.198228,0.455251,-0.985462,0.08273,0.922768,-1.63128,-0.166578,0.637931,-1.49911,-0.110437,0.615594,-1.15315
0.198228,0.455251,-0.985462,0.08273,0.922768,-1.63128,-0.166578,0.637931,-1.49911,-0.110437,0.615594,-1.15315
0.154042,0.49313,-1.04935,0.106235,0.943855,-1.51799,-0.068139,0.60357,-1.40733,-0.0149069,0.64657,-1.16018
0.154042,0.49313,-1.04935,0.106235,0.943855,-1.51799,-0.068139,0.60357,-1.40733,-0.0149069,0.64657,-1.16018
0.154042,0.49313,-1.04935,0.106235,0.943855,-1.51799,-0.068139,0.60357,-1.40733,-0.0149069,0.64657,-1.16018
0.154042,0.49313,-1.04935,0.106235,0.943855,-1.51799,-0.068139,0.60357,-1.40733,-0.0149069,0.64657,-1.16018
0.154042,0.49313,-1.04935,0.106235,0.943855,-1.51799,-0.068139,0.60357,-1.40733,-0.0149069,0.64657,-1.16018
0.154042,0.49313,-1.04935,0.106235,0.943855,-1.51799,-0.068139,0.60357,-1.40733,-0.0149069,0.64657,-1.16018
0.154042,0.49313,-1.04935,0.106235,0.943855,-1.51799,-0.068139,0.60357,-1.40733,-0.0149069,0.64657,-1.16018
0.154042,0.49313,-1.04935,0.106235,0.943855,-1.51799,-0.068139,0.60357,-1.40733,-0.0149069,0.64657,-1.16018
0.154042,0.49313,-1.04935,0.106235,0.943855,-1.51799,-0.068139,0.60357,-1.40733,-0.0149069,0.64657,-1.16018
0.154042,0.49313,-1.04935,0.106235,0.943855,-1.51799,-0.068139,0.60357,-1.40733,-0.0149069,0.64657,-1.16018
0.0166181,0.695876,-1.51893,-0.0361601,0.761714,-1.05558,0.177789,0.560575,-0.932239,0.188927,0.663867,-1.59497
0.0166181,0.695876,-1.51893,-0.0361601,0.761714,-1.05558,0.177789,0.560575,-0.932239,0.188927,0.663867,-1.59497
0.0166181,0.695876,-1.51893,-0.0361601,0.761714,-1.05558,0.177789,0.560575,-0.932239,0.188927,0.663867,-1.59497
0.0166181,0.695876,-1.51893,-0.0361601,0.761714,-1.05558,0.177789,0.560575,-0.932239,0.188927,0.663867,-1.59497
0.0166181,0.695876,-1.51893,-0.0361601,0.761714,-1.05558,0.177789,0.560575,-0.932239,0.188927,0.663867,-1.59497
0.0166181,0.695876,-1.51893,-0.0361601,0.761714,-1.05558,0.177789,0.560575,-0.932239,0.188927,0.663867,-1.59497
0.0166181,0.695876,-1.51893,-0.0361601,0.761714,-1.05558,0.177789,0.560575,-0.932239,0.188927,0.663867,-1.59497
0.0166181,0.695876,-1.51893,-0.0361601,0.761714,-1.05558,0.177789,0.560575,-0.932239,0.188927,0.663867,-1.59497
0.0166181,0.695876,-1.51893,-0.0361601,0.761714,-1.05558,0.177789,0.560575,-0.932239,0.188927,0.663867,-1.59497
0.0166181,0.695876,-1.51893,-0.0361601,0.761714,-1.05558,0.177789,0.560575,-0.932239,0.188927,0.663867,-1.59497
0.0166181,0.695876,-1.51893,-0.0361601,0.761714,-1.05558,0.177789,0.560575,-0.932239,0.188927,0.663867,-1.59497
0.0166181,0.695876,-1.51893,-0.0361601,0.761714,-1.05558,0.177789,0.560575,-0.932239,0.188927,0.663867,-1.59497
0.0166181,0.695876,-1.51893,-0.0361601,0.761714,-1.05558,0.177789,0.560575,-0.932239,0.188927,0.663867,-1.59497
0.0166181,0.695876,-1.51893,-0.0361601,0.761714,-1.05558,0.177789,0.560575,-0.932239,0.188927,0.663867,-1.59497
-0.0335156,0.873623,-1.70486,-0.0796399,0.615487,-0.866799,0.273246,0.632575,-0.7767,0.250634,0.712353,-1.71275
-0.0335156,0.873623,-1.70486,-0.0796399,0.615487,-0.866799,0.273246,0.632575,-0.7767,0.250634,0.712353,-1.71275
-0.0335156,0.873623,-1.70486,-0.0796399,0.615487,-0.866799,0.273246,0.632575,-0.7767,0.250634,0.712353,-1.71275
-0.0335156,0.873623,-1.70486,-0.0796399,0.615487,-0.866799,0.273246,0.632575,-0.7767,0.250634,0.712353,-1.71275
-0.0335156,0.873623,-1.70486,-0.0796399,0.615487,-0.866799,0.273246,0.632575,-0.7767,0.250634,0.712353,-1.71275
-0.0335156,0.873623,-1.70486,-0.0796399,0.615487,-0.866799,0.273246,0.632575,-0.7767,0.250634,0.712353,-1.71275
-0.0335156,0.873623,-1.70486,-0.0796399,0.615487,-0.866799,0.273246,0.632575,-0.7767,0.250634,0.712353,-1.71275
-0.0335156,0.873623,-1.70486,-0.0796399,0.615487,-0.866799,0.273246,0.632575,-0.7767,0.250634,0.712353,-1.71275
-0.0335156,0.873623,-1.70486,-0.0796399,0.615487,-0.866799,0.273246,0.632575,-0.7767,0.250634,0.712353,-1.71275
-0.0335156,0.873623,-1.70486,-0.0796399,0.615487,-0.866799,0.273246,0.632575,-0.7767,0.250634,0.712353,-1.71275
-0.0579095,0.928613,-1.73349,-0.0856376,0.556249,-0.883268,0.289617,0.674688,-0.841306,0.287595,0.681086,-1.71571
-0.0579095,0.928613,-1.73349,-0.0856376,0.556249,-0.883268,0.289617,0.674688,-0.841306,0.287595,0.681086,-1.71571
-0.0579095,0.928613,-1.73349,-0.0856376,0.556249,-0.883268,0.289617,0.674688,-0.841306,0.287595,0.681086,-1.71571
-0.0579095,0.928613,-1.73349,-0.0856376,0.556249,-0.883268,0.289617,0.674688,-0.841306,0.287595,0.681086,-1.71571
-0.0579095,0.928613,-1.73349,-0.0856376,0.556249,-0.883268,0.289617,0.674688,-0.841306,0.287595,0.681086,-1.71571
-0.0579095,0.928613,-1.73349,-0.0856376,0.556249,-0.883268,0.289617,0.674688,-0.841306,0.287595,0.681086,-1.71571
-0.0579095,0.928613,-1.73349,-0.0856376,0.556249,-0.883268,0.289617,0.674688,-0.841306,0.287595,0.681086,-1.71571
-0.0579095,0.928613,-1.73349,-0.0856376,0.556249,-0.883268,0.289617,0.674688,-0.841306,0.287595,0.681086,-1.71571
-0.0579095,0.928613,-1.73349,-0.0856376,0.556249,-0.883268,0.289617,0.674688,-0.841306,0.287595,0.681086,-1.71571
-0.0579095,0.928613,-1.73349,-0.0856376,0.556249,-0.883268,0.289617,0.674688,-0.841306,0.287595,0.681086,-1.71571
-0.0623434,0.941835,-1.71272,-0.064707,0.577028,-1.00823,0.281654,0.675052,-0.925968,0.30572,0.661487,-1.6628
-0.0623434,0.941835,-1.71272,-0.064707,0.577028,-1.00823,0.281654,0.675052,-0.925968,0.30572,0.661487,-1.6628
-0.0623434,0.941835,-1.71272,-0.064707,0.577028,-1.00823,0.281654,0.675052,-0.925968,0.30572,0.661487,-1.6628
-0.0623434,0.941835,-1.71272,-0.064707,0.577028,-1.00823,0.281654,0.675052,-0.925968,0.30572,0.661487,-1.6628
-0.0623434,0.941835,-1.71272,-0.064707,0.577028,-1.00823,0.281654,0.675052,-0.925968,0.30572,0.661487,-1.6628
-0.0623434,0.941835,-1.71272,-0.064707,0.577028,-1.00823,0.281654,0.675052,-0.925968,0.30572,0.661487,-1.6628
-0.0623434,0.941835,-1.71272,-0.064707,0.577028,-1.00823,0.281654,0.675052,-0.925968,0.30572,0.661487,-1.6628
-0.0623434,0.941835,-1.71272,-0.064707,0.577028,-1.00823,0.281654,0.675052,-0.925968,0.30572,0.661487,-1.6628
-0.0623434,0.941835,-1.71272,-0.064707,0.577028,-1.00823,0.281654,0.675052,-0.925968,0.30572,0.661487,-1.6628
-0.0555099,0.94749,-1.68598,-0.0202369,0.60151,-1.14076,0.259631,0.671071,-1.02011,0.286954,0.649481,-1.61112
-0.0555099,0.94749,-1.68598,-0.0202369,0.60151,-1.14076,0.259631,0.671071,-1.02011,0.286954,0.649481,-1.61112
-0.0555099,0.94749,-1.68598,-0.0202369,0.60151,-1.14076,0.259631,0.671071,-1.02011,0.286954,0.649481,-1.61112
-0.0555099,0.94749,-1.68598,-0.0202369,0.60151,-1.14076,0.259631,0.671071,-1.02011,0.286954,0.649481,-1.61112
-0.0555099,0.94749,-1.68598,-0.0202369,0.60151,-1.14076,0.259631,0.671071,-1.02011,0.286954,0.649481,-1.61112
-0.0555099,0.94749,-1.68598,-0.0202369,0.60151,-1.14076,0.259631,0.671071,-1.02011,0.286954,0.649481,-1.61112
-0.0555099,0.94749,-1.68598,-0.0202369,0.60151,-1.14076,0.259631,0.671071,-1.02011,0.286954,0.649481,-1.61112
-0.0555099,0.94749,-1.68598,-0.0202369,0.60151,-1.14076,0.259631,0.671071,-1.02011,0.286954,0.649481,-1.61112
-0.0555099,0.94749,-1.68598,-0.0202369,0.60151,-1.14076,0.259631,0.671071,-1.02011,0.286954,0.649481,-1.61112
-0.0555099,0.94749,-1.68598,-0.0202369,0.60151,-1.14076,0.259631,0.671071,-1.02011,0.286954,0.649481,-1.61112
-0.0555099,0.96537,-1.68878,0.0236261,0.585535,-1.20821,0.220969,0.657656,-1.06672,0.269857,0.64143,-1.59236
-0.0623186,0.96537,-1.68878,0.0236261,0.585535,-1.20821,0.220969,0.657656,-1.06672,0.269857,0.64143,-1.59236
-0.0623186,0.96537,-1.68878,0.0236261,0.585535,-1.20821,0.220969,0.657656,-1.06672,0.269857,0.64143,-1.59236
-0.0623186,0.96537,-1.68878,0.0236261,0.585535,-1.20821,0.220969,0.657656,-1.06672,0.269857,0.64143,-1.59236
-0.0623186,0.96537,-1.68878,0.0236261,0.585535,-1.20821,0.220969,0.657656,-1.06672,0.269857,0.64143,-1.59236
-0.0623186,0.96537,-1.68878,0.0236261,0.585535,-1.20821,0.220969,0.657656,-1.06672,0.269857,0.64143,-1.59236
-0.0623186,0.96537,-1.68878,0.0236261,0.585535,-1.20821,0.220969,0.657656,-1.06672,0.269857,0.64143,-1.59236
-0.0623186,0.96537,-1.68878,0.0236261,0.585535,-1.20821,0.220969,0.657656,-1.06672,0.269857,0.64143,-1.59236
-0.0623186,0.96537,-1.68878,0.0236261,0.585535,-1.20821,0.220969,0.657656,-1.06672,0.269857,0.64143,-1.59236
-0.0623186,0.96537,-1.68878,0.0236261,0.585535,-1.20821,0.220969,0.657656,-1.06672,0.269857,0.64143,-1.59236
-0.0623186,0.96537,-1.69639,0.0769688,0.566397,-1.19517,0.149203,0.642414,-1.08137,0.247523,0.616475,-1.59593
-0.0662638,0.976556,-1.69639,0.0769688,0.566397,-1.19517,0.149203,0.642414,-1.08137,0.247523,0.616475,-1.59593
-0.0662638,0.976556,-1.69639,0.0769688,0.566397,-1.19517,0.149203,0.642414,-1.08137,0.247523,0.616475,-1.59593
-0.0662638,0.976556,-1.69639,0.0769688,0.566397,-1.19517,0.149203,0.642414,-1.08137,0.247523,0.616475,-1.59593
-0.0662638,0.976556,-1.69639,0.0769688,0.566397,-1.19517,0.149203,0.642414,-1.08137,0.247523,0.616475,-1.59593
-0.0662638,0.976556,-1.69639,0.0769688,0.566397,-1.19517,0.149203,0.642414,-1.08137,0.247523,0.616475,-1.59593
-0.0662638,0.976556,-1.69639,0.0769688,0.566397,-1.19517,0.149203,0.642414,-1.08137,0.247523,0.616475,-1.59593
-0.0662638,0.976556,-1.69639,0.0769688,0.566397,-1.19517,0.149203,0.642414,-1.08137,0.247523,0.616475,-1.59593
-0.0662638,0.976556,-1.69639,0.0769688,0.566397,-1.19517,0.149203,0.642414,-1.08137,0.247523,0.616475,-1.59593
-0.0662638,0.976556,-1.69639,0.0769688,0.566397,-1.19517,0.149203,0.642414,-1.08137,0.247523,0.616475,-1.59593
-0.07963,0.936866,-1.65282,0.113741,0.585186,-1.2226,0.0708564,0.634457,-1.13297,0.163403,0.615436,-1.53772
-0.07963,0.936866,-1.65282,0.113741,0.585186,-1.2226,0.0708564,0.634457,-1.13297,0.163403,0.615436,-1.53772
-0.07963,0.936866,-1.65282,0.113741,0.585186,-1.2226,0.0708564,0.634457,-1.13297,0.163403,0.615436,-1.53772
-0.07963,0.936866,-1.65282,0.113741,0.585186,-1.2226,0.0708564,0.634457,-1.13297,0.163403,0.615436,-1.53772
-0.07963,0.936866,-1.65282,0.113741,0.585186,-1.2226,0.0708564,0.634457,-1.13297,0.163403,0.615436,-1.53772
-0.07963,0.936866,-1.65282,0.113741,0.585186,-1.2226,0.0708564,0.634457,-1.13297,0.163403,0.615436,-1.53772
-0.07963,0.936866,-1.65282,0.113741,0.585186,-1.2226,0.0708564,0.634457,-1.13297,0.163403,0.615436,-1.53772
-0.07963,0.936866,-1.65282,0.113741,0.585186,-1.2226,0.0708564,0.634457,-1.13297,0.163403,0.615436,-1.53772
0.0476596,0.686711,-1.21284,0.0922738,0.75508,-1.57272,-0.0251716,0.655584,-1.41273,-0.0515449,0.612128,-1.38557
0.0476596,0.686711,-1.21284,0.0922738,0.75508,-1.57272,-0.0251716,0.655584,-1.41273,-0.0515449,0.612128,-1.38557
0.0476596,0.686711,-1.21284,0.0922738,0.75508,-1.57272,-0.0251716,0.655584,-1.41273,-0.0515449,0.612128,-1.38557
0.0476596,0.686711,-1.21284,0.0922738,0.75508,-1.57272,-0.0251716,0.655584,-1.41273,-0.0515449,0.612128,-1.38557
0.0476596,0.686711,-1.21284,0.0922738,0.75508,-1.57272,-0.0251716,0.655584,-1.41273,-0.0515449,0.612128,-1.38557
0.0476596,0.686711,-1.21284,0.0922738,0.75508,-1.57272,-0.0251716,0.655584,-1.41273,-0.0515449,0.612128,-1.38557
0.0476596,0.686711,-1.21284,0.0922738,0.75508,-1.57272,-0.0251716,0.655584,-1.41273,-0.0515449,0.612128,-1.38557
0.0476596,0.686711,-1.21284,0.0922738,0.75508,-1.57272,-0.0251716,0.655584,-1.41273,-0.0515449,0.612128,-1.38557
0.0476596,0.686711,-1.21284,0.0922738,0.75508,-1.57272,-0.0251716,0.655584,-1.41273,-0.0515449,0.612128,-1.38557
0.0476596,0.686711,-1.21284,0.0922738,0.75508,-1.57272,-0.0251716,0.655584,-1.41273,-0.0515449,0.612128,-1.38557
0.109305,0.535269,-0.937037,0.144563,0.885415,-1.77236,-0.0744842,0.701458,-1.55898,-0.112165,0.554947,-1.08681
0.109305,0.535269,-0.937037,0.144563,0.885415,-1.77236,-0.0744842,0.701458,-1.55898,-0.112165,0.554947,-1.08681
0.109305,0.535269,-0.937037,0.144563,0.885415,-1.77236,-0.0744842,0.701458,-1.55898,-0.112165,0.554947,-1.08681
0.109305,0.535269,-0.937037,0.144563,0.885415,-1.77236,-0.0744842,0.701458,-1.55898,-0.112165,0.554947,-1.08681
0.109305,0.535269,-0.937037,0.144563,0.885415,-1.77236,-0.0744842,0.701458,-1.55898,-0.112165,0.554947,-1.08681
0.109305,0.535269,-0.937037,0.144563,0.885415,-1.77236,-0.0744842,0.701458,-1.55898,-0.112165,0.554947,-1.08681
0.109305,0.535269,-0.937037,0.144563,0.885415,-1.77236,-0.0744842,0.701458,-1.55898,-0.112165,0.554947,-1.08681
0.109305,0.535269,-0.937037,0.144563,0.885415,-1.77236,-0.0744842,0.701458,-1.55898,-0.112165,0.554947,-1.08681
0.109305,0.535269,-0.937037,0.144563,0.885415,-1.77236,-0.0744842,0.701458,-1.55898,-0.112165,0.554947,-1.08681
0.109305,0.535269,-0.937037,0.144563,0.885415,-1.77236,-0.0744842,0.701458,-1.55898,-0.112165,0.554947,-1.08681
0.109305,0.535269,-0.937037,0.144563,0.885415,-1.77236,-0.0744842,0.701458,-1.55898,-0.112165,0.554947,-1.08681
0.109305,0.535269,-0.937037,0.144563,0.885415,-1.77236,-0.0744842,0.701458,-1.55898,-0.112165,0.554947,-1.08681
0.109305,0.535269,-0.937037,0.144563,0.885415,-1.77236,-0.0744842,0.701458,-1.55898,-0.112165,0.554947,-1.08681
0.109305,0.535269,-0.937037,0.144563,0.885415,-1.77236,-0.0744842,0.701458,-1.55898,-0.112165,0.554947,-1.08681
0.211043,0.444164,-0.859621,0.158705,0.931289,-1.8083,-0.12435,0.727586,-1.63266,-0.16161,0.558323,-0.983398
0.211043,0.444164,-0.859621,0.158705,0.931289,-1.8083,-0.12435,0.727586,-1.63266,-0.16161,0.558323,-0.983398
0.211043,0.444164,-0.859621,0.158705,0.931289,-1.8083,-0.12435,0.727586,-1.63266,-0.16161,0.558323,-0.983398
0.211043,0.444164,-0.859621,0.158705,0.931289,-1.8083,-0.12435,0.727586,-1.63266,-0.16161,0.558323,-0.983398
0.211043,0.444164,-0.859621,0.158705,0.931289,-1.8083,-0.12435,0.727586,-1.63266,-0.16161,0.558323,-0.983398
0.211043,0.444164,-0.859621,0.158705,0.931289,-1.8083,-0.12435,0.727586,-1.63266,-0.16161,0.558323,-0.983398
0.211043,0.444164,-0.859621,0.158705,0.931289,-1.8083,-0.12435,0.727586,-1.63266,-0.16161,0.558323,-0.983398
0.211043,0.444164,-0.859621,0.158705,0.931289,-1.8083,-0.12435,0.727586,-1.63266,-0.16161,0.558323,-0.983398
0.211043,0.444164,-0.859621,0.158705,0.931289,-1.8083,-0.12435,0.727586,-1.63266,-0.16161,0.558323,-0.983398
0.27417,0.432232,-0.861926,0.133344,0.965057,-1.76164,-0.156048,0.743031,-1.66038,-0.190665,0.536788,-1.01292
0.27417,0.432232,-0.861926,0.133344,0.965057,-1.76164,-0.156048,0.743031,-1.66038,-0.190665,0.536788,-1.01292
0.27417,0.432232,-0.861926,0.133344,0.965057,-1.76164,-0.156048,0.743031,-1.66038,-0.190665,0.536788,-1.01292
0.27417,0.432232,-0.861926,0.133344,0.965057,-1.76164,-0.156048,0.743031,-1.66038,-0.190665,0.536788,-1.01292
0.27417,0.432232,-0.861926,0.133344,0.965057,-1.76164,-0.156048,0.743031,-1.66038,-0.190665,0.536788,-1.01292
0.27417,0.432232,-0.861926,0.133344,0.965057,-1.76164,-0.156048,0.743031,-1.66038,-0.190665,0.536788,-1.01292
0.27417,0.432232,-0.861926,0.133344,0.965057,-1.76164,-0.156048,0.743031,-1.66038,-0.190665,0.536788,-1.01292
0.27417,0.432232,-0.861926,0.133344,0.965057,-1.76164,-0.156048,0.743031,-1.66038,-0.190665,0.536788,-1.01292
0.27417,0.432232,-0.861926,0.133344,0.965057,-1.76164,-0.156048,0.743031,-1.66038,-0.190665,0.536788,-1.01292
0.277699,0.452283,-0.909501,0.109711,0.992873,-1.70946,-0.181485,0.74161,-1.65463,-0.19763,0.508229,-1.11011
0.277699,0.452283,-0.909501,0.109711,0.992873,-1.70946,-0.181485,0.74161,-1.65463,-0.19763,0.508229,-1.11011
0.277699,0.452283,-0.909501,0.109711,0.992873,-1.70946,-0.181485,0.74161,-1.65463,-0.19763,0.508229,-1.11011
0.277699,0.452283,-0.909501,0.109711,0.992873,-1.70946,-0.181485,0.74161,-1.65463,-0.19763,0.508229,-1.11011
0.277699,0.452283,-0.909501,0.109711,0.992873,-1.70946,-0.181485,0.74161,-1.65463,-0.19763,0.508229,-1.11011
0.277699,0.452283,-0.909501,0.109711,0.992873,-1.70946,-0.181485,0.74161,-1.65463,-0.19763,0.508229,-1.11011
0.277699,0.452283,-0.909501,0.109711,0.992873,-1.70946,-0.181485,0.74161,-1.65463,-0.19763,0.508229,-1.11011
0.277699,0.452283,-0.909501,0.109711,0.992873,-1.70946,-0.181485,0.74161,-1.65463,-0.19763,0.508229,-1.11011
0.277699,0.452283,-0.909501,0.109711,0.992873,-1.70946,-0.181485,0.74161,-1.65463,-0.19763,0.508229,-1.11011
0.277699,0.452283,-0.909501,0.109711,0.992873,-1.70946,-0.181485,0.74161,-1.65463,-0.19763,0.508229,-1.11011
0.259321,0.46379,-0.970006,0.0890274,0.990424,-1.67866,-0.181279,0.734032,-1.61303,-0.183075,0.518327,-1.19785
0.259321,0.46379,-0.970006,0.0890274,0.990424,-1.67866,-0.181279,0.734032,-1.61303,-0.183075,0.518327,-1.19785
0.259321,0.46379,-0.970006,0.0890274,0.990424,-1.67866,-0.181279,0.734032,-1.61303,-0.183075,0.518327,-1.19785
0.259321,0.46379,-0.970006,0.0890274,0.990424,-1.67866,-0.181279,0.734032,-1.61303,-0.183075,0.518327,-1.19785
0.259321,0.46379,-0.970006,0.0890274,0.990424,-1.67866,-0.181279,0.734032,-1.61303,-0.183075,0.518327,-1.19785
0.259321,0.46379,-0.970006,0.0890274,0.990424,-1.67866,-0.181279,0.734032,-1.61303,-0.183075,0.518327,-1.19785
0.259321,0.46379,-0.970006,0.0890274,0.990424,-1.67866,-0.181279,0.734032,-1.61303,-0.183075,0.518327,-1.19785
0.259321,0.46379,-0.970006,0.0890274,0.990424,-1.67866,-0.181279,0.734032,-1.61303,-0.183075,0.518327,-1.19785
0.259321,0.46379,-0.970006,0.0890274,0.990424,-1.67866,-0.181279,0.734032,-1.61303,-0.183075,0.518327,-1.19785
0.231863,0.463228,-0.985463,0.0758496,0.953471,-1.64951,-0.179128,0.698319,-1.54919,-0.149886,0.569174,-1.19524
0.231863,0.463228,-0.985463,0.0758496,0.953471,-1.64951,-0.179128,0.698319,-1.54919,-0.149886,0.569174,-1.19524
0.231863,0.463228,-0.985463,0.0758496,0.953471,-1.64951,-0.179128,0.698319,-1.54919,-0.149886,0.569174,-1.19524
0.231863,0.463228,-0.985463,0.0758496,0.953471,-1.64951,-0.179128,0.698319,-1.54919,-0.149886,0.569174,-1.19524
0.231863,0.463228,-0.985463,0.0758496,0.953471,-1.64951,-0.179128,0.698319,-1.54919,-0.149886,0.569174,-1.19524
0.231863,0.463228,-0.985463,0.0758496,0.953471,-1.64951,-0.179128,0.698319,-1.54919,-0.149886,0.569174,-1.19524
0.231863,0.463228,-0.985463,0.0758496,0.953471,-1.64951,-0.179128,0.698319,-1.54919,-0.149886,0.569174,-1.19524
0.231863,0.463228,-0.985463,0.0758496,0.953471,-1.64951,-0.179128,0.698319,-1.54919,-0.149886,0.569174,-1.19524
0.231863,0.463228,-0.985463,0.0758496,0.953471,-1.64951,-0.179128,0.698319,-1.54919,-0.149886,0.569174,-1.19524
0.231863,0.463228,-0.985463,0.0758496,0.953471,-1.64951,-0.179128,0.698319,-1.54919,-0.149886,0.569174,-1.19524
0.231863,0.463228,-0.985463,0.0758496,0.953471,-1.64951,-0.179128,0.698319,-1.54919,-0.149886,0.569174,-1.19524
0.186212,0.466684,-0.996795,0.0871494,0.923453,-1.61356,-0.1509,0.618622,-1.4766,-0.0846301,0.634177,-1.13953
0.186212,0.466684,-0.996795,0.0871494,0.923453,-1.61356,-0.1509,0.618622,-1.4766,-0.0846301,0.634177,-1.13953
0.186212,0.466684,-0.996795,0.0871494,0.923453,-1.61356,-0.1509,0.618622,-1.4766,-0.0846301,0.634177,-1.13953
0.186212,0.466684,-0.996795,0.0871494,0.923453,-1.61356,-0.1509,0.618622,-1.4766,-0.0846301,0.634177,-1.13953
0.186212,0.466684,-0.996795,0.0871494,0.923453,-1.61356,-0.1509,0.618622,-1.4766,-0.0846301,0.634177,-1.13953
0.186212,0.466684,-0.996795,0.0871494,0.923453,-1.61356,-0.1509,0.618622,-1.4766,-0.0846301,0.634177,-1.13953
0.186212,0.466684,-0.996795,0.0871494,0.923453,-1.61356,-0.1509,0.618622,-1.4766,-0.0846301,0.634177,-1.13953
0.186212,0.466684,-0.996795,0.0871494,0.923453,-1.61356,-0.1509,0.618622,-1.4766,-0.0846301,0.634177,-1.13953
0.186212,0.466684,-0.996795,0.0871494,0.923453,-1.61356,-0.1509,0.618622,-1.4766,-0.0846301,0.634177,-1.13953
0.186212,0.466684,-0.996795,0.0871494,0.923453,-1.61356,-0.1509,0.618622,-1.4766,-0.0846301,0.634177,-1.13953
0.186212,0.466684,-0.996795,0.0871494,0.923453,-1.61356,-0.1509,0.618622,-1.4766,-0.0846301,0.634177,-1.13953
0.103977,0.559075,-1.19525,0.0802505,0.921529,-1.39993,0.00681798,0.598528,-1.32318,0.0543558,0.643532,-1.30168
0.103977,0.559075,-1.19525,0.0802505,0.921529,-1.39993,0.00681798,0.598528,-1.32318,0.0543558,0.643532,-1.30168
0.103977,0.559075,-1.19525,0.0802505,0.921529,-1.39993,0.00681798,0.598528,-1.32318,0.0543558,0.643532,-1.30168
0.103977,0.559075,-1.19525,0.0802505,0.921529,-1.39993,0.00681798,0.598528,-1.32318,0.0543558,0.643532,-1.30168
0.103977,0.559075,-1.19525,0.0802505,0.921529,-1.39993,0.00681798,0.598528,-1.32318,0.0543558,0.643532,-1.30168
0.103977,0.559075,-1.19525,0.0802505,0.921529,-1.39993,0.00681798,0.598528,-1.32318,0.0543558,0.643532,-1.30168
0.103977,0.559075,-1.19525,0.0802505,0.921529,-1.39993,0.00681798,0.598528,-1.32318,0.0543558,0.643532,-1.30168
0.103977,0.559075,-1.19525,0.0802505,0.921529,-1.39993,0.00681798,0.598528,-1.32318,0.0543558,0.643532,-1.30168
0.103977,0.559075,-1.19525,0.0802505,0.921529,-1.39993,0.00681798,0.598528,-1.32318,0.0543558,0.643532,-1.30168
0.103977,0.559075,-1.19525,0.0802505,0.921529,-1.39993,0.00681798,0.598528,-1.32318,0.0543558,0.643532,-1.30168
-0.00335206,0.773117,-1.60582,-0.0722566,0.700435,-0.993844,0.21685,0.570772,-0.845649,0.213211,0.688708,-1.64642
-0.00335206,0.773117,-1.60582,-0.0722566,0.700435,-0.993844,0.21685,0.570772,-0.845649,0.213211,0.688708,-1.64642
-0.00335206,0.773117,-1.60582,-0.0722566,0.700435,-0.993844,0.21685,0.570772,-0.845649,0.213211,0.688708,-1.64642
-0.00335206,0.773117,-1.60582,-0.0722566,0.700435,-0.993844,0.21685,0.570772,-0.845649,0.213211,0.688708,-1.64642
-0.00335206,0.773117,-1.60582,-0.0722566,0.700435,-0.993844,0.21685,0.570772,-0.845649,0.213211,0.688708,-1.64642
-0.00335206,0.773117,-1.60582,-0.0722566,0.700435,-0.993844,0.21685,0.570772,-0.845649,0.213211,0.688708,-1.64642
-0.00335206,0.773117,-1.60582,-0.0722566,0.700435,-0.993844,0.21685,0.570772,-0.845649,0.213211,0.688708,-1.64642
-0.00335206,0.773117,-1.60582,-0.0722566,0.700435,-0.993844,0.21685,0.570772,-0.845649,0.213211,0.688708,-1.64642
-0.00335206,0.773117,-1.60582,-0.0722566,0.700435,-0.993844,0.21685,0.570772,-0.845649,0.213211,0.688708,-1.64642
-0.00335206,0.773117,-1.60582,-0.0722566,0.700435,-0.993844,0.21685,0.570772,-0.845649,0.213211,0.688708,-1.64642
-0.0499812,0.896647,-1.73387,-0.083408,0.582819,-0.861561,0.271707,0.636747,-0.784602,0.259081,0.705442,-1.71929
-0.0499812,0.896647,-1.73387,-0.083408,0.582819,-0.861561,0.271707,0.636747,-0.784602,0.259081,0.705442,-1.71929
-0.0499812,0.896647,-1.73387,-0.083408,0.582819,-0.861561,0.271707,0.636747,-0.784602,0.259081,0.705442,-1.71929
-0.0499812,0.896647,-1.73387,-0.083408,0.582819,-0.861561,0.271707,0.636747,-0.784602,0.259081,0.705442,-1.71929
-0.0499812,0.896647,-1.73387,-0.083408,0.582819,-0.861561,0.271707,0.636747,-0.784602,0.259081,0.705442,-1.71929
-0.0499812,0.896647,-1.73387,-0.083408,0.582819,-0.861561,0.271707,0.636747,-0.784602,0.259081,0.705442,-1.71929
-0.0499812,0.896647,-1.73387,-0.083408,0.582819,-0.861561,0.271707,0.636747,-0.784602,0.259081,0.705442,-1.71929
-0.0499812,0.896647,-1.73387,-0.083408,0.582819,-0.861561,0.271707,0.636747,-0.784602,0.259081,0.705442,-1.71929
-0.0499812,0.896647,-1.73387,-0.083408,0.582819,-0.861561,0.271707,0.636747,-0.784602,0.259081,0.705442,-1.71929
-0.0499812,0.896647,-1.73387,-0.083408,0.582819,-0.861561,0.271707,0.636747,-0.784602,0.259081,0.705442,-1.71929
-0.0499812,0.896647,-1.73387,-0.083408,0.582819,-0.861561,0.271707,0.636747,-0.784602,0.259081,0.705442,-1.71929
-0.066652,0.935667,-1.74066,-0.081538,0.553405,-0.916712,0.287139,0.671264,-0.865172,0.29557,0.668517,-1.70243
-0.066652,0.935667,-1.74066,-0.081538,0.553405,-0.916712,0.287139,0.671264,-0.865172,0.29557,0.668517,-1.70243
-0.066652,0.935667,-1.74066,-0.081538,0.553405,-0.916712,0.287139,0.671264,-0.865172,0.29557,0.668517,-1.70243
-0.066652,0.935667,-1.74066,-0.081538,0.553405,-0.916712,0.287139,0.671264,-0.865172,0.29557,0.668517,-1.70243
-0.066652,0.935667,-1.74066,-0.081538,0.553405,-0.916712,0.287139,0.671264,-0.865172,0.29557,0.668517,-1.70243
-0.066652,0.935667,-1.74066,-0.081538,0.553405,-0.916712,0.287139,0.671264,-0.865172,0.29557,0.668517,-1.70243
-0.066652,0.935667,-1.74066,-0.081538,0.553405,-0.916712,0.287139,0.671264,-0.865172,0.29557,0.668517,-1.70243
-0.066652,0.935667,-1.74066,-0.081538,0.553405,-0.916712,0.287139,0.671264,-0.865172,0.29557,0.668517,-1.70243
-0.066652,0.935667,-1.74066,-0.081538,0.553405,-0.916712,0.287139,0.671264,-0.865172,0.29557,0.668517,-1.70243
-0.0620601,0.941905,-1.70866,-0.0501361,0.580941,-1.04899,0.268601,0.671605,-0.96006,0.299822,0.654221,-1.64083
-0.0620601,0.941905,-1.70866,-0.0501361,0.580941,-1.04899,0.268601,0.671605,-0.96006,0.299822,0.654221,-1.64083
-0.0620601,0.941905,-1.70866,-0.0501361,0.580941,-1.04899,0.268601,0.671605,-0.96006,0.299822,0.654221,-1.64083
-0.0620601,0.941905,-1.70866,-0.0501361,0.580941,-1.04899,0.268601,0.671605,-0.96006,0.299822,0.654221,-1.64083
-0.0620601,0.941905,-1.70866,-0.0501361,0.580941,-1.04899,0.268601,0.671605,-0.96006,0.299822,0.654221,-1.64083
-0.0620601,0.941905,-1.70866,-0.0501361,0.580941,-1.04899,0.268601,0.671605,-0.96006,0.299822,0.654221,-1.64083
-0.0620601,0.941905,-1.70866,-0.0501361,0.580941,-1.04899,0.268601,0.671605,-0.96006,0.299822,0.654221,-1.64083
-0.0620601,0.941905,-1.70866,-0.0501361,0.580941,-1.04899,0.268601,0.671605,-0.96006,0.299822,0.654221,-1.64083
-0.0581823,0.951073,-1.68671,-0.00391441,0.599341,-1.17394,0.247088,0.660513,-1.04669,0.2763,0.640367,-1.59659
-0.0581823,0.951073,-1.68671,-0.00391441,0.599341,-1.17394,0.247088,0.660513,-1.04669,0.2763,0.640367,-1.59659
-0.0581823,0.951073,-1.68671,-0.00391441,0.599341,-1.17394,0.247088,0.660513,-1.04669,0.2763,0.640367,-1.59659
-0.0581823,0.951073,-1.68671,-0.00391441,0.599341,-1.17394,0.247088,0.660513,-1.04669,0.2763,0.640367,-1.59659
-0.0581823,0.951073,-1.68671,-0.00391441,0.599341,-1.17394,0.247088,0.660513,-1.04669,0.2763,0.640367,-1.59659
-0.0581823,0.951073,-1.68671,-0.00391441,0.599341,-1.17394,0.247088,0.660513,-1.04669,0.2763,0.640367,-1.59659
-0.0581823,0.951073,-1.68671,-0.00391441,0.599341,-1.17394,0.247088,0.660513,-1.04669,0.2763,0.640367,-1.59659
-0.0581823,0.951073,-1.68671,-0.00391441,0.599341,-1.17394,0.247088,0.660513,-1.04669,0.2763,0.640367,-1.59659
-0.0581823,0.951073,-1.68671,-0.00391441,0.599341,-1.17394,0.247088,0.660513,-1.04669,0.2763,0.640367,-1.59659
-0.0581823,0.951073,-1.68671,-0.00391441,0.599341,-1.17394,0.247088,0.660513,-1.04669,0.2763,0.640367,-1.59659
-0.0664303,0.969754,-1.69901,0.0401908,0.576025,-1.2112,0.200036,0.64412,-1.07461,0.26063,0.63078,-1.59061
-0.0664303,0.969754,-1.69901,0.0401908,0.576025,-1.2112,0.200036,0.64412,-1.07461,0.26063,0.63078,-1.59061
-0.0664303,0.969754,-1.69901,0.0401908,0.576025,-1.2112,0.200036,0.64412,-1.07461,0.26063,0.63078,-1.59061
-0.0664303,0.969754,-1.69901,0.0401908,0.576025,-1.2112,0.200036,0.64412,-1.07461,0.26063,0.63078,-1.59061
-0.0664303,0.969754,-1.69901,0.0401908,0.576025,-1.2112,0.200036,0.64412,-1.07461,0.26063,0.63078,-1.59061
-0.0664303,0.969754,-1.69901,0.0401908,0.576025,-1.2112,0.200036,0.64412,-1.07461,0.26063,0.63078,-1.59061
-0.0664303,0.969754,-1.69901,0.0401908,0.576025,-1.2112,0.200036,0.64412,-1.07461,0.26063,0.63078,-1.59061
-0.0664303,0.969754,-1.69901,0.0401908,0.576025,-1.2112,0.200036,0.64412,-1.07461,0.26063,0.63078,-1.59061
-0.0664303,0.969754,-1.69901,0.0401908,0.576025,-1.2112,0.200036,0.64412,-1.07461,0.26063,0.63078,-1.59061
-0.0664303,0.969754,-1.69901,0.0401908,0.576025,-1.2112,0.200036,0.64412,-1.07461,0.26063,0.63078,-1.59061
-0.0673284,0.971547,-1.69402,0.0950376,0.565365,-1.19059,0.124402,0.639295,-1.09076,0.233205,0.596894,-1.58849
-0.0673284,0.971547,-1.69402,0.0950376,0.565365,-1.19059,0.124402,0.639295,-1.09076,0.233205,0.596894,-1.58849
-0.0673284,0.971547,-1.69402,0.0950376,0.565365,-1.19059,0.124402,0.639295,-1.09076,0.233205,0.596894,-1.58849
-0.0673284,0.971547,-1.69402,0.0950376,0.565365,-1.19059,0.124402,0.639295,-1.09076,0.233205,0.596894,-1.58849
-0.0673284,0.971547,-1.69402,0.0950376,0.565365,-1.19059,0.124402,0.639295,-1.09076,0.233205,0.596894,-1.58849
-0.0673284,0.971547,-1.69402,0.0950376,0.565365,-1.19059,0.124402,0.639295,-1.09076,0.233205,0.596894,-1.58849
-0.0673284,0.971547,-1.69402,0.0950376,0.565365,-1.19059,0.124402,0.639295,-1.09076,0.233205,0.596894,-1.58849
-0.0673284,0.971547,-1.69402,0.0950376,0.565365,-1.19059,0.124402,0.639295,-1.09076,0.233205,0.596894,-1.58849
-0.0673284,0.971547,-1.69402,0.0950376,0.565365,-1.19059,0.124402,0.639295,-1.09076,0.233205,0.596894,-1.58849
-0.0673284,0.971547,-1.69402,0.0950376,0.565365,-1.19059,0.124402,0.639295,-1.09076,0.233205,0.596894,-1.58849
-0.0673284,0.971547,-1.69402,0.0950376,0.565365,-1.19059,0.124402,0.639295,-1.09076,0.233205,0.596894,-1.58849
-0.0719444,0.887677,-1.58925,0.0906702,0.645252,-1.31159,0.040705,0.635158,-1.19182,0.0916913,0.637701,-1.49527
-0.0719444,0.887677,-1.58925,0.0906702,0.645252,-1.31159,0.040705,0.635158,-1.19182,0.0916913,0.637701,-1.49527
-0.0719444,0.887677,-1.58925,0.0906702,0.645252,-1.31159,0.040705,0.635158,-1.19182,0.0916913,0.637701,-1.49527
-0.0719444,0.887677,-1.58925,0.0906702,0.645252,-1.31159,0.040705,0.635158,-1.19182,0.0916913,0.637701,-1.49527
-0.0719444,0.887677,-1.58925,0.0906702,0.645252,-1.31159,0.040705,0.635158,-1.19182,0.0916913,0.637701,-1.49527
-0.0719444,0.887677,-1.58925,0.0906702,0.645252,-1.31159,0.040705,0.635158,-1.19182,0.0916913,0.637701,-1.49527
-0.0719444,0.887677,-1.58925,0.0906702,0.645252,-1.31159,0.040705,0.635158,-1.19182,0.0916913,0.637701,-1.49527
-0.0719444,0.887677,-1.58925,0.0906702,0.645252,-1.31159,0.040705,0.635158,-1.19182,0.0916913,0.637701,-1.49527
-0.0719444,0.887677,-1.58925,0.0906702,0.645252,-1.31159,0.040705,0.635158,-1.19182,0.0916913,0.637701,-1.49527
-0.0719444,0.887677,-1.58925,0.0906702,0.645252,-1.31159,0.040705,0.635158,-1.19182,0.0916913,0.637701,-1.49527
0.0729398,0.600263,-1.05463,0.115723,0.802794,-1.68172,-0.0554192,0.666568,-1.48809,-0.0843649,0.597137,-1.23065
0.0729398,0.600263,-1.05463,0.115723,0.802794,-1.68172,-0.0554192,0.666568,-1.48809,-0.0843649,0.597137,-1.23065
0.0729398,0.600263,-1.05463,0.115723,0.802794,-1.68172,-0.0554192,0.666568,-1.48809,-0.0843649,0.597137,-1.23065
0.0729398,0.600263,-1.05463,0.115723,0.802794,-1.68172,-0.0554192,0.666568,-1.48809,-0.0843649,0.597137,-1.23065
0.0729398,0.600263,-1.05463,0.115723,0.802794,-1.68172,-0.0554192,0.666568,-1.48809,-0.0843649,0.597137,-1.23065
0.0729398,0.600263,-1.05463,0.115723,0.802794,-1.68172,-0.0554192,0.666568,-1.48809,-0.0843649,0.597137,-1.23065
0.0729398,0.600263,-1.05463,0.115723,0.802794,-1.68172,-0.0554192,0.666568,-1.48809,-0.0843649,0.597137,-1.23065
0.0729398,0.600263,-1.05463,0.115723,0.802794,-1.68172,-0.0554192,0.666568,-1.48809,-0.0843649,0.597137,-1.23065
0.0729398,0.600263,-1.05463,0.115723,0.802794,-1.68172,-0.0554192,0.666568,-1.48809,-0.0843649,0.597137,-1.23065
0.0729398,0.600263,-1.05463,0.115723,0.802794,-1.68172,-0.0554192,0.666568,-1.48809,-0.0843649,0.597137,-1.23065
0.152103,0.484533,-0.869002,0.157901,0.904891,-1.80261,-0.0942208,0.702542,-1.5938,-0.13468,0.559355,-1.01148
0.152103,0.484533,-0.869002,0.157901,0.904891,-1.80261,-0.0942208,0.702542,-1.5938,-0.13468,0.559355,-1.01148
0.152103,0.484533,-0.869002,0.157901,0.904891,-1.80261,-0.0942208,0.702542,-1.5938,-0.13468,0.559355,-1.01148
0.152103,0.484533,-0.869002,0.157901,0.904891,-1.80261,-0.0942208,0.702542,-1.5938,-0.13468,0.559355,-1.01148
0.152103,0.484533,-0.869002,0.157901,0.904891,-1.80261,-0.0942208,0.702542,-1.5938,-0.13468,0.559355,-1.01148
0.152103,0.484533,-0.869002,0.157901,0.904891,-1.80261,-0.0942208,0.702542,-1.5938,-0.13468,0.559355,-1.01148
0.152103,0.484533,-0.869002,0.157901,0.904891,-1.80261,-0.0942208,0.702542,-1.5938,-0.13468,0.559355,-1.01148
0.152103,0.484533,-0.869002,0.157901,0.904891,-1.80261,-0.0942208,0.702542,-1.5938,-0.13468,0.559355,-1.01148
0.152103,0.484533,-0.869002,0.157901,0.904891,-1.80261,-0.0942208,0.702542,-1.5938,-0.13468,0.559355,-1.01148
0.152103,0.484533,-0.869002,0.157901,0.904891,-1.80261,-0.0942208,0.702542,-1.5938,-0.13468,0.559355,-1.01148
0.244693,0.427676,-0.840043,0.15336,0.942707,-1.80231,-0.129974,0.727663,-1.64364,-0.179776,0.559325,-0.970447
0.244693,0.427676,-0.840043,0.15336,0.942707,-1.80231,-0.129974,0.727663,-1.64364,-0.179776,0.559325,-0.970447
0.244693,0.427676,-0.840043,0.15336,0.942707,-1.80231,-0.129974,0.727663,-1.64364,-0.179776,0.559325,-0.970447
0.244693,0.427676,-0.840043,0.15336,0.942707,-1.80231,-0.129974,0.727663,-1.64364,-0.179776,0.559325,-0.970447
0.244693,0.427676,-0.840043,0.15336,0.942707,-1.80231,-0.129974,0.727663,-1.64364,-0.179776,0.559325,-0.970447
0.244693,0.427676,-0.840043,0.15336,0.942707,-1.80231,-0.129974,0.727663,-1.64364,-0.179776,0.559325,-0.970447
0.244693,0.427676,-0.840043,0.15336,0.942707,-1.80231,-0.129974,0.727663,-1.64364,-0.179776,0.559325,-0.970447
0.244693,0.427676,-0.840043,0.15336,0.942707,-1.80231,-0.129974,0.727663,-1.64364,-0.179776,0.559325,-0.970447
0.244693,0.427676,-0.840043,0.15336,0.942707,-1.80231,-0.129974,0.727663,-1.64364,-0.179776,0.559325,-0.970447
0.244693,0.427676,-0.840043,0.15336,0.942707,-1.80231,-0.129974,0.727663,-1.64364,-0.179776,0.559325,-0.970447
0.282754,0.431994,-0.871329,0.129243,0.975021,-1.74112,-0.163687,0.738789,-1.65787,-0.197678,0.527666,-1.04073
0.282754,0.431994,-0.871329,0.129243,0.975021,-1.74112,-0.163687,0.738789,-1.65787,-0.197678,0.527666,-1.04073
0.282754,0.431994,-0.871329,0.129243,0.975021,-1.74112,-0.163687,0.738789,-1.65787,-0.197678,0.527666,-1.04073
0.282754,0.431994,-0.871329,0.129243,0.975021,-1.74112,-0.163687,0.738789,-1.65787,-0.197678,0.527666,-1.04073
0.282754,0.431994,-0.871329,0.129243,0.975021,-1.74112,-0.163687,0.738789,-1.65787,-0.197678,0.527666,-1.04073
0.282754,0.431994,-0.871329,0.129243,0.975021,-1.74112,-0.163687,0.738789,-1.65787,-0.197678,0.527666,-1.04073
0.282754,0.431994,-0.871329,0.129243,0.975021,-1.74112,-0.163687,0.738789,-1.65787,-0.197678,0.527666,-1.04073
0.282754,0.431994,-0.871329,0.129243,0.975021,-1.74112,-0.163687,0.738789,-1.65787,-0.197678,0.527666,-1.04073
0.282754,0.431994,-0.871329,0.129243,0.975021,-1.74112,-0.163687,0.738789,-1.65787,-0.197678,0.527666,-1.04073
0.282754,0.431994,-0.871329,0.129243,0.975021,-1.74112,-0.163687,0.738789,-1.65787,-0.197678,0.527666,-1.04073
0.282754,0.431994,-0.871329,0.129243,0.975021,-1.74112,-0.163687,0.738789,-1.65787,-0.197678,0.527666,-1.04073
0.282754,0.431994,-0.871329,0.129243,0.975021,-1.74112,-0.163687,0.738789,-1.65787,-0.197678,0.527666,-1.04073
0.266819,0.455139,-0.929983,0.107099,0.995994,-1.70134,-0.178139,0.73193,-1.64215,-0.195123,0.502737,-1.15222
0.266819,0.455139,-0.929983,0.107099,0.995994,-1.70134,-0.178139,0.73193,-1.64215,-0.195123,0.502737,-1.15222
0.266819,0.455139,-0.929983,0.107099,0.995994,-1.70134,-0.178139,0.73193,-1.64215,-0.195123,0.502737,-1.15222
0.266819,0.455139,-0.929983,0.107099,0.995994,-1.70134,-0.178139,0.73193,-1.64215,-0.195123,0.502737,-1.15222
0.266819,0.455139,-0.929983,0.107099,0.995994,-1.70134,-0.178139,0.73193,-1.64215,-0.195123,0.502737,-1.15222
0.266819,0.455139,-0.929983,0.107099,0.995994,-1.70134,-0.178139,0.73193,-1.64215,-0.195123,0.502737,-1.15222
0.266819,0.455139,-0.929983,0.107099,0.995994,-1.70134,-0.178139,0.73193,-1.64215,-0.195123,0.502737,-1.15222
0.266819,0.455139,-0.929983,0.107099,0.995994,-1.70134,-0.178139,0.73193,-1.64215,-0.195123,0.502737,-1.15222
0.249775,0.463757,-0.978585,0.0903068,0.983598,-1.67134,-0.176548,0.725254,-1.59051,-0.174561,0.530527,-1.20604
0.249775,0.463757,-0.978585,0.0903068,0.983598,-1.67134,-0.176548,0.725254,-1.59051,-0.174561,0.530527,-1.20604
0.249775,0.463757,-0.978585,0.0903068,0.983598,-1.67134,-0.176548,0.725254,-1.59051,-0.174561,0.530527,-1.20604
0.249775,0.463757,-0.978585,0.0903068,0.983598,-1.67134,-0.176548,0.725254,-1.59051,-0.174561,0.530527,-1.20604
0.249775,0.463757,-0.978585,0.0903068,0.983598,-1.67134,-0.176548,0.725254,-1.59051,-0.174561,0.530527,-1.20604
0.249775,0.463757,-0.978585,0.0903068,0.983598,-1.67134,-0.176548,0.725254,-1.59051,-0.174561,0.530527,-1.20604
0.249775,0.463757,-0.978585,0.0903068,0.983598,-1.67134,-0.176548,0.725254,-1.59051,-0.174561,0.530527,-1.20604
0.249775,0.463757,-0.978585,0.0903068,0.983598,-1.67134,-0.176548,0.725254,-1.59051,-0.174561,0.530527,-1.20604
0.249775,0.463757,-0.978585,0.0903068,0.983598,-1.67134,-0.176548,0.725254,-1.59051,-0.174561,0.530527,-1.20604
0.249775,0.463757,-0.978585,0.0903068,0.983598,-1.67134,-0.176548,0.725254,-1.59051,-0.174561,0.530527,-1.20604
0.249775,0.463757,-0.978585,0.0903068,0.983598,-1.67134,-0.176548,0.725254,-1.59051,-0.174561,0.530527,-1.20604
0.216844,0.459282,-0.984882,0.0777373,0.937314,-1.64385,-0.175323,0.670908,-1.52525,-0.130753,0.595415,-1.17781
0.216844,0.459282,-0.984882,0.0777373,0.937314,-1.64385,-0.175323,0.670908,-1.52525,-0.130753,0.595415,-1.17781
0.216844,0.459282,-0.984882,0.0777373,0.937314,-1.64385,-0.175323,0.670908,-1.52525,-0.130753,0.595415,-1.17781
0.216844,0.459282,-0.984882,0.0777373,0.937314,-1.64385,-0.175323,0.670908,-1.52525,-0.130753,0.595415,-1.17781
0.216844,0.459282,-0.984882,0.0777373,0.937314,-1.64385,-0.175323,0.670908,-1.52525,-0.130753,0.595415,-1.17781
0.216844,0.459282,-0.984882,0.0777373,0.937314,-1.64385,-0.175323,0.670908,-1.52525,-0.130753,0.595415,-1.17781
0.216844,0.459282,-0.984882,0.0777373,0.937314,-1.64385,-0.175323,0.670908,-1.52525,-0.130753,0.595415,-1.17781
0.216844,0.459282,-0.984882,0.0777373,0.937314,-1.64385,-0.175323,0.670908,-1.52525,-0.130753,0.595415,-1.17781
0.216844,0.459282,-0.984882,0.0777373,0.937314,-1.64385,-0.175323,0.670908,-1.52525,-0.130753,0.595415,-1.17781
0.216844,0.459282,-0.984882,0.0777373,0.937314,-1.64385,-0.175323,0.670908,-1.52525,-0.130753,0.595415,-1.17781
0.216844,0.459282,-0.984882,0.0777373,0.937314,-1.64385,-0.175323,0.670908,-1.52525,-0.130753,0.595415,-1.17781
0.216844,0.459282,-0.984882,0.0777373,0.937314,-1.64385,-0.175323,0.670908,-1.52525,-0.130753,0.595415,-1.17781
0.175211,0.47293,-1.01123,0.0990141,0.937294,-1.58074,-0.119341,0.610127,-1.44664,-0.0558589,0.647058,-1.13005
0.175211,0.47293,-1.01123,0.0990141,0.937294,-1.58074,-0.119341,0.610127,-1.44664,-0.0558589,0.647058,-1.13005
0.175211,0.47293,-1.01123,0.0990141,0.937294,-1.58074,-0.119341,0.610127,-1.44664,-0.0558589,0.647058,-1.13005
0.175211,0.47293,-1.01123,0.0990141,0.937294,-1.58074,-0.119341,0.610127,-1.44664,-0.0558589,0.647058,-1.13005
0.175211,0.47293,-1.01123,0.0990141,0.937294,-1.58074,-0.119341,0.610127,-1.44664,-0.0558589,0.647058,-1.13005
0.175211,0.47293,-1.01123,0.0990141,0.937294,-1.58074,-0.119341,0.610127,-1.44664,-0.0558589,0.647058,-1.13005
0.175211,0.47293,-1.01123,0.0990141,0.937294,-1.58074,-0.119341,0.610127,-1.44664,-0.0558589,0.647058,-1.13005
0.175211,0.47293,-1.01123,0.0990141,0.937294,-1.58074,-0.119341,0.610127,-1.44664,-0.0558589,0.647058,-1.13005
0.175211,0.47293,-1.01123,0.0990141,0.937294,-1.58074,-0.119341,0.610127,-1.44664,-0.0558589,0.647058,-1.13005
0.175211,0.47293,-1.01123,0.0990141,0.937294,-1.58074,-0.119341,0.610127,-1.44664,-0.0558589,0.647058,-1.13005
0.0421708,0.629849,-1.38002,0.015237,0.855923,-1.22839,0.107295,0.580111,-1.1468,0.13352,0.653319,-1.49257
0.0421708,0.629849,-1.38002,0.015237,0.855923,-1.22839,0.107295,0.580111,-1.1468,0.13352,0.653319,-1.49257
0.0421708,0.629849,-1.38002,0.015237,0.855923,-1.22839,0.107295,0.580111,-1.1468,0.13352,0.653319,-1.49257
0.0421708,0.629849,-1.38002,0.015237,0.855923,-1.22839,0.107295,0.580111,-1.1468,0.13352,0.653319,-1.49257
0.0421708,0.629849,-1.38002,0.015237,0.855923,-1.22839,0.107295,0.580111,-1.1468,0.13352,0.653319,-1.49257
0.0421708,0.629849,-1.38002,0.015237,0.855923,-1.22839,0.107295,0.580111,-1.1468,0.13352,0.653319,-1.49257
0.0421708,0.629849,-1.38002,0.015237,0.855923,-1.22839,0.107295,0.580111,-1.1468,0.13352,0.653319,-1.49257
0.0421708,0.629849,-1.38002,0.015237,0.855923,-1.22839,0.107295,0.580111,-1.1468,0.13352,0.653319,-1.49257
0.0421708,0.629849,-1.38002,0.015237,0.855923,-1.22839,0.107295,0.580111,-1.1468,0.13352,0.653319,-1.49257
0.0421708,0.629849,-1.38002,0.015237,0.855923,-1.22839,0.107295,0.580111,-1.1468,0.13352,0.653319,-1.49257
0.0421708,0.629849,-1.38002,0.015237,0.855923,-1.22839,0.107295,0.580111,-0.828634,0.22949,0.720587,-1.69635
-0.0174142,0.847392,-1.65846,-0.0735209,0.660813,-0.938706,0.252317,0.61773,-0.828634,0.22949,0.720587,-1.69635
-0.0174142,0.847392,-1.65846,-0.0735209,0.660813,-0.938706,0.252317,0.61773,-0.828634,0.22949,0.720587,-1.69635
-0.0174142,0.847392,-1.65846,-0.0735209,0.660813,-0.938706,0.252317,0.61773,-0.828634,0.22949,0.720587,-1.69635
-0.0174142,0.847392,-1.65846,-0.0735209,0.660813,-0.938706,0.252317,0.61773,-0.828634,0.22949,0.720587,-1.69635
-0.0174142,0.847392,-1.65846,-0.0735209,0.660813,-0.938706,0.252317,0.61773,-0.828634,0.22949,0.720587,-1.69635
-0.0174142,0.847392,-1.65846,-0.0735209,0.660813,-0.938706,0.252317,0.61773,-0.828634,0.22949,0.720587,-1.69635
-0.0174142,0.847392,-1.65846,-0.0735209,0.660813,-0.938706,0.252317,0.61773,-0.828634,0.22949,0.720587,-1.69635
-0.0527062,0.922081,-1.73388,-0.0800998,0.570788,-0.885764,0.276811,0.655197,-0.829799,0.269659,0.70108,-1.7246
-0.0527062,0.922081,-1.73388,-0.0800998,0.570788,-0.885764,0.276811,0.655197,-0.829799,0.269659,0.70108,-1.7246
-0.0527062,0.922081,-1.73388,-0.0800998,0.570788,-0.885764,0.276811,0.655197,-0.829799,0.269659,0.70108,-1.7246
-0.0527062,0.922081,-1.73388,-0.0800998,0.570788,-0.885764,0.276811,0.655197,-0.829799,0.269659,0.70108,-1.7246
-0.0527062,0.922081,-1.73388,-0.0800998,0.570788,-0.885764,0.276811,0.655197,-0.829799,0.269659,0.70108,-1.7246
-0.0527062,0.922081,-1.73388,-0.0800998,0.570788,-0.885764,0.276811,0.655197,-0.829799,0.269659,0.70108,-1.7246
-0.0527062,0.922081,-1.73388,-0.0800998,0.570788,-0.885764,0.276811,0.655197,-0.829799,0.269659,0.70108,-1.7246
-0.0527062,0.922081,-1.73388,-0.0800998,0.570788,-0.885764,0.276811,0.655197,-0.829799,0.269659,0.70108,-1.7246
-0.0527062,0.922081,-1.73388,-0.0800998,0.570788,-0.885764,0.276811,0.655197,-0.829799,0.269659,0.70108,-1.7246
-0.0527062,0.922081,-1.73388,-0.0800998,0.570788,-0.885764,0.276811,0.655197,-0.829799,0.269659,0.70108,-1.7246
-0.0650419,0.942828,-1.73074,-0.0695589,0.57134,-0.97432,0.281661,0.666681,-0.901026,0.302265,0.669631,-1.68798
-0.0650419,0.942828,-1.73074,-0.0695589,0.57134,-0.97432,0.281661,0.666681,-0.901026,0.302265,0.669631,-1.68798
-0.0650419,0.942828,-1.73074,-0.0695589,0.57134,-0.97432,0.281661,0.666681,-0.901026,0.302265,0.669631,-1.68798
-0.0650419,0.942828,-1.73074,-0.0695589,0.57134,-0.97432,0.281661,0.666681,-0.901026,0.302265,0.669631,-1.68798
-0.0650419,0.942828,-1.73074,-0.0695589,0.57134,-0.97432,0.281661,0.666681,-0.901026,0.302265,0.669631,-1.68798
-0.0650419,0.942828,-1.73074,-0.0695589,0.57134,-0.97432,0.281661,0.666681,-0.901026,0.302265,0.669631,-1.68798
-0.0650419,0.942828,-1.73074,-0.0695589,0.57134,-0.97432,0.281661,0.666681,-0.901026,0.302265,0.669631,-1.68798
-0.0650419,0.942828,-1.73074,-0.0695589,0.57134,-0.97432,0.281661,0.666681,-0.901026,0.302265,0.669631,-1.68798
-0.0650419,0.942828,-1.73074,-0.0695589,0.57134,-0.97432,0.281661,0.666681,-0.901026,0.302265,0.669631,-1.68798
-0.0650419,0.942828,-1.73074,-0.0695589,0.57134,-0.97432,0.281661,0.666681,-0.901026,0.302265,0.669631,-1.68798
-0.056337,0.944859,-1.69783,-0.0307332,0.596793,-1.10457,0.256747,0.667547,-0.998433,0.295161,0.655765,-1.62732
-0.056337,0.944859,-1.69783,-0.0307332,0.596793,-1.10457,0.256747,0.667547,-0.998433,0.295161,0.655765,-1.62732
-0.056337,0.944859,-1.69783,-0.0307332,0.596793,-1.10457,0.256747,0.667547,-0.998433,0.295161,0.655765,-1.62732
-0.056337,0.944859,-1.69783,-0.0307332,0.596793,-1.10457,0.256747,0.667547,-0.998433,0.295161,0.655765,-1.62732
-0.056337,0.944859,-1.69783,-0.0307332,0.596793,-1.10457,0.256747,0.667547,-0.998433,0.295161,0.655765,-1.62732
-0.056337,0.944859,-1.69783,-0.0307332,0.596793,-1.10457,0.256747,0.667547,-0.998433,0.295161,0.655765,-1.62732
-0.056337,0.944859,-1.69783,-0.0307332,0.596793,-1.10457,0.256747,0.667547,-0.998433,0.295161,0.655765,-1.62732
-0.056337,0.944859,-1.69783,-0.0307332,0.596793,-1.10457,0.256747,0.667547,-0.998433,0.295161,0.655765,-1.62732
-0.056337,0.944859,-1.69783,-0.0307332,0.596793,-1.10457,0.256747,0.667547,-0.998433,0.295161,0.655765,-1.62732
-0.056337,0.944859,-1.69783,-0.0307332,0.596793,-1.10457,0.256747,0.667547,-0.998433,0.295161,0.655765,-1.62732
-0.0576418,0.958493,-1.68521,0.0124779,0.59627,-1.19842,0.230632,0.656276,-1.06306,0.274155,0.644814,-1.59353
-0.0576418,0.958493,-1.68521,0.0124779,0.59627,-1.19842,0.230632,0.656276,-1.06306,0.274155,0.644814,-1.59353
-0.0576418,0.958493,-1.68521,0.0124779,0.59627,-1.19842,0.230632,0.656276,-1.06306,0.274155,0.644814,-1.59353
-0.0576418,0.958493,-1.68521,0.0124779,0.59627,-1.19842,0.230632,0.656276,-1.06306,0.274155,0.644814,-1.59353
-0.0576418,0.958493,-1.68521,0.0124779,0.59627,-1.19842,0.230632,0.656276,-1.06306,0.274155,0.644814,-1.59353
-0.0576418,0.958493,-1.68521,0.0124779,0.59627,-1.19842,0.230632,0.656276,-1.06306,0.274155,0.644814,-1.59353
-0.0576418,0.958493,-1.68521,0.0124779,0.59627,-1.19842,0.230632,0.656276,-1.06306,0.274155,0.644814,-1.59353
-0.0576418,0.958493,-1.68521,0.0124779,0.59627,-1.19842,0.230632,0.656276,-1.06306,0.274155,0.644814,-1.59353
-0.0576418,0.958493,-1.68521,0.0124779,0.59627,-1.19842,0.230632,0.656276,-1.06306,0.274155,0.644814,-1.59353
-0.0576418,0.958493,-1.68521,0.0124779,0.59627,-1.19842,0.230632,0.656276,-1.06306,0.274155,0.644814,-1.59353
-0.0643694,0.975133,-1.70047,0.0602896,0.570341,-1.20232,0.173923,0.640004,-1.07871,0.255227,0.627017,-1.59571
-0.0643694,0.975133,-1.70047,0.0602896,0.570341,-1.20232,0.173923,0.640004,-1.07871,0.255227,0.627017,-1.59571
-0.0643694,0.975133,-1.70047,0.0602896,0.570341,-1.20232,0.173923,0.640004,-1.07871,0.255227,0.627017,-1.59571
-0.0643694,0.975133,-1.70047,0.0602896,0.570341,-1.20232,0.173923,0.640004,-1.07871,0.255227,0.627017,-1.59571
-0.0643694,0.975133,-1.70047,0.0602896,0.570341,-1.20232,0.173923,0.640004,-1.07871,0.255227,0.627017,-1.59571
-0.0643694,0.975133,-1.70047,0.0602896,0.570341,-1.20232,0.173923,0.640004,-1.07871,0.255227,0.627017,-1.59571
-0.0643694,0.975133,-1.70047,0.0602896,0.570341,-1.20232,0.173923,0.640004,-1.07871,0.255227,0.627017,-1.59571
-0.0643694,0.975133,-1.70047,0.0602896,0.570341,-1.20232,0.173923,0.640004,-1.07871,0.255227,0.627017,-1.59571
-0.0643694,0.975133,-1.70047,0.0602896,0.570341,-1.20232,0.173923,0.640004,-1.07871,0.255227,0.627017,-1.59571
-0.0643694,0.975133,-1.70047,0.0602896,0.570341,-1.20232,0.173923,0.640004,-1.07871,0.255227,0.627017,-1.59571
-0.0686566,0.959953,-1.68071,0.111522,0.570926,-1.19258,0.0986795,0.640112,-1.10651,0.20857,0.598674,-1.57487
-0.0686566,0.959953,-1.68071,0.111522,0.570926,-1.19258,0.0986795,0.640112,-1.10651,0.20857,0.598674,-1.57487
-0.0686566,0.959953,-1.68071,0.111522,0.570926,-1.19258,0.0986795,0.640112,-1.10651,0.20857,0.598674,-1.57487
-0.0686566,0.959953,-1.68071,0.111522,0.570926,-1.19258,0.0986795,0.640112,-1.10651,0.20857,0.598674,-1.57487
-0.0686566,0.959953,-1.68071,0.111522,0.570926,-1.19258,0.0986795,0.640112,-1.10651,0.20857,0.598674,-1.57487
-0.0686566,0.959953,-1.68071,0.111522,0.570926,-1.19258,0.0986795,0.640112,-1.10651,0.20857,0.598674,-1.57487
-0.0686566,0.959953,-1.68071,0.111522,0.570926,-1.19258,0.0986795,0.640112,-1.10651,0.20857,0.598674,-1.57487
-0.0686566,0.959953,-1.68071,0.111522,0.570926,-1.19258,0.0986795,0.640112,-1.10651,0.20857,0.598674,-1.57487
-0.0686566,0.959953,-1.68071,0.111522,0.570926,-1.19258,0.0986795,0.640112,-1.10651,0.20857,0.598674,-1.57487
-0.0686566,0.959953,-1.68071,0.111522,0.570926,-1.19258,0.0986795,0.640112,-1.10651,0.20857,0.598674,-1.57487
-0.0686566,0.959953,-1.68071,0.111522,0.570926,-1.19258,0.0986795,0.640112,-1.10651,0.20857,0.598674,-1.57487
-0.0686566,0.959953,-1.68071,0.111522,0.570926,-1.19258,0.0986795,0.640112,-1.10651,0.20857,0.598674,-1.57487
-0.0686566,0.959953,-1.68071,0.111522,0.570926,-1.19258,0.0986795,0.640112,-1.10651,0.20857,0.598674,-1.57487
-0.0281074,0.801235,-1.43871,0.066964,0.719028,-1.44487,0.013914,0.659027,-1.30703,0.000418386,0.640767,-1.49159
-0.0281074,0.801235,-1.43871,0.066964,0.719028,-1.44487,0.013914,0.659027,-1.30703,0.000418386,0.640767,-1.49159
-0.0281074,0.801235,-1.43871,0.066964,0.719028,-1.44487,0.013914,0.659027,-1.30703,0.000418386,0.640767,-1.49159
-0.0281074,0.801235,-1.43871,0.066964,0.719028,-1.44487,0.013914,0.659027,-1.30703,0.000418386,0.640767,-1.49159
-0.0281074,0.801235,-1.43871,0.066964,0.719028,-1.44487,0.013914,0.659027,-1.30703,0.000418386,0.640767,-1.49159
-0.0281074,0.801235,-1.43871,0.066964,0.719028,-1.44487,0.013914,0.659027,-1.30703,0.000418386,0.640767,-1.49159
-0.0281074,0.801235,-1.43871,0.066964,0.719028,-1.44487,0.013914,0.659027,-1.30703,0.000418386,0.640767,-1.49159
-0.0281074,0.801235,-1.43871,0.066964,0.719028,-1.44487,0.013914,0.659027,-1.30703,0.000418386,0.640767,-1.49159
-0.0281074,0.801235,-1.43871,0.066964,0.719028,-1.44487,0.013914,0.659027,-1.30703,0.000418386,0.640767,-1.49159
0.072448,0.585707,-1.02708,0.115299,0.851735,-1.73342,-0.0643054,0.69754,-1.52571,-0.0979768,0.57152,-1.15613
0.072448,0.585707,-1.02708,0.115299,0.851735,-1.73342,-0.0643054,0.69754,-1.52571,-0.0979768,0.57152,-1.15613
0.072448,0.585707,-1.02708,0.115299,0.851735,-1.73342,-0.0643054,0.69754,-1.52571,-0.0979768,0.57152,-1.15613
0.072448,0.585707,-1.02708,0.115299,0.851735,-1.73342,-0.0643054,0.69754,-1.52571,-0.0979768,0.57152,-1.15613
0.072448,0.585707,-1.02708,0.115299,0.851735,-1.73342,-0.0643054,0.69754,-1.52571,-0.0979768,0.57152,-1.15613
0.072448,0.585707,-1.02708,0.115299,0.851735,-1.73342,-0.0643054,0.69754,-1.52571,-0.0979768,0.57152,-1.15613
0.072448,0.585707,-1.02708,0.115299,0.851735,-1.73342,-0.0643054,0.69754,-1.52571,-0.0979768,0.57152,-1.15613
0.072448,0.585707,-1.02708,0.115299,0.851735,-1.73342,-0.0643054,0.69754,-1.52571,-0.0979768,0.57152,-1.15613
0.174351,0.475332,-0.884971,0.149028,0.916886,-1.80806,-0.119366,0.723424,-1.61633,-0.145875,0.555288,-0.992767
0.174351,0.475332,-0.884971,0.149028,0.916886,-1.80806,-0.119366,0.723424,-1.61633,-0.145875,0.555288,-0.992767
0.174351,0.475332,-0.884971,0.149028,0.916886,-1.80806,-0.119366,0.723424,-1.61633,-0.145875,0.555288,-0.992767
0.174351,0.475332,-0.884971,0.149028,0.916886,-1.80806,-0.119366,0.723424,-1.61633,-0.145875,0.555288,-0.992767
0.174351,0.475332,-0.884971,0.149028,0.916886,-1.80806,-0.119366,0.723424,-1.61633,-0.145875,0.555288,-0.992767
0.174351,0.475332,-0.884971,0.149028,0.916886,-1.80806,-0.119366,0.723424,-1.61633,-0.145875,0.555288,-0.992767
0.174351,0.475332,-0.884971,0.149028,0.916886,-1.80806,-0.119366,0.723424,-1.61633,-0.145875,0.555288,-0.992767
0.174351,0.475332,-0.884971,0.149028,0.916886,-1.80806,-0.119366,0.723424,-1.61633,-0.145875,0.555288,-0.992767
0.174351,0.475332,-0.884971,0.149028,0.916886,-1.80806,-0.119366,0.723424,-1.61633,-0.145875,0.555288,-0.992767
0.174351,0.475332,-0.884971,0.149028,0.916886,-1.80806,-0.119366,0.723424,-1.61633,-0.145875,0.555288,-0.992767
0.174351,0.475332,-0.884971,0.149028,0.916886,-1.80806,-0.119366,0.723424,-1.61633,-0.145875,0.555288,-0.992767
0.259614,0.435844,-0.856857,0.132252,0.952919,-1.78236,-0.149171,0.742039,-1.65699,-0.185209,0.547063,-0.983358
0.259614,0.435844,-0.856857,0.132252,0.952919,-1.78236,-0.149171,0.742039,-1.65699,-0.185209,0.547063,-0.983358
0.259614,0.435844,-0.856857,0.132252,0.952919,-1.78236,-0.149171,0.742039,-1.65699,-0.185209,0.547063,-0.983358
0.259614,0.435844,-0.856857,0.132252,0.952919,-1.78236,-0.149171,0.742039,-1.65699,-0.185209,0.547063,-0.983358
0.259614,0.435844,-0.856857,0.132252,0.952919,-1.78236,-0.149171,0.742039,-1.65699,-0.185209,0.547063,-0.983358
0.259614,0.435844,-0.856857,0.132252,0.952919,-1.78236,-0.149171,0.742039,-1.65699,-0.185209,0.547063,-0.983358
0.259614,0.435844,-0.856857,0.132252,0.952919,-1.78236,-0.149171,0.742039,-1.65699,-0.185209,0.547063,-0.983358
0.259614,0.435844,-0.856857,0.132252,0.952919,-1.78236,-0.149171,0.742039,-1.65699,-0.185209,0.547063,-0.983358
0.281903,0.441257,-0.889155,0.111161,0.983977,-1.72082,-0.179037,0.745076,-1.66048,-0.199891,0.518484,-1.0681
0.281903,0.441257,-0.889155,0.111161,0.983977,-1.72082,-0.179037,0.745076,-1.66048,-0.199891,0.518484,-1.0681
0.281903,0.441257,-0.889155,0.111161,0.983977,-1.72082,-0.179037,0.745076,-1.66048,-0.199891,0.518484,-1.0681
0.281903,0.441257,-0.889155,0.111161,0.983977,-1.72082,-0.179037,0.745076,-1.66048,-0.199891,0.518484,-1.0681
0.281903,0.441257,-0.889155,0.111161,0.983977,-1.72082,-0.179037,0.745076,-1.66048,-0.199891,0.518484,-1.0681
0.281903,0.441257,-0.889155,0.111161,0.983977,-1.72082,-0.179037,0.745076,-1.66048,-0.199891,0.518484,-1.0681
0.281903,0.441257,-0.889155,0.111161,0.983977,-1.72082,-0.179037,0.745076,-1.66048,-0.199891,0.518484,-1.0681
0.281903,0.441257,-0.889155,0.111161,0.983977,-1.72082,-0.179037,0.745076,-1.66048,-0.199891,0.518484,-1.0681
0.281903,0.441257,-0.889155,0.111161,0.983977,-1.72082,-0.179037,0.745076,-1.66048,-0.199891,0.518484,-1.0681
0.281903,0.441257,-0.889155,0.111161,0.983977,-1.72082,-0.179037,0.745076,-1.66048,-0.199891,0.518484,-1.0681
0.281903,0.441257,-0.889155,0.111161,0.983977,-1.72082,-0.179037,0.745076,-1.66048,-0.199891,0.518484,-1.0681
0.261325,0.455412,-0.946804,0.0938181,0.996525,-1.68726,-0.180935,0.732584,-1.63209,-0.193512,0.510124,-1.17228
0.261325,0.455412,-0.946804,0.0938181,0.996525,-1.68726,-0.180935,0.732584,-1.63209,-0.193512,0.510124,-1.17228
0.261325,0.455412,-0.946804,0.0938181,0.996525,-1.68726,-0.180935,0.732584,-1.63209,-0.193512,0.510124,-1.17228
0.261325,0.455412,-0.946804,0.0938181,0.996525,-1.68726,-0.180935,0.732584,-1.63209,-0.193512,0.510124,-1.17228
0.261325,0.455412,-0.946804,0.0938181,0.996525,-1.68726,-0.180935,0.732584,-1.63209,-0.193512,0.510124,-1.17228
0.261325,0.455412,-0.946804,0.0938181,0.996525,-1.68726,-0.180935,0.732584,-1.63209,-0.193512,0.510124,-1.17228
0.261325,0.455412,-0.946804,0.0938181,0.996525,-1.68726,-0.180935,0.732584,-1.63209,-0.193512,0.510124,-1.17228
0.261325,0.455412,-0.946804,0.0938181,0.996525,-1.68726,-0.180935,0.732584,-1.63209,-0.193512,0.510124,-1.17228
0.261325,0.455412,-0.946804,0.0938181,0.996525,-1.68726,-0.180935,0.732584,-1.63209,-0.193512,0.510124,-1.17228
0.261325,0.455412,-0.946804,0.0938181,0.996525,-1.68726,-0.180935,0.732584,-1.63209,-0.193512,0.510124,-1.17228
0.24208,0.460106,-0.977877,0.0837565,0.971877,-1.65714,-0.177723,0.715623,-1.57253,-0.168712,0.551314,-1.19595
0.24208,0.460106,-0.977877,0.0837565,0.971877,-1.65714,-0.177723,0.715623,-1.57253,-0.168712,0.551314,-1.19595
0.24208,0.460106,-0.977877,0.0837565,0.971877,-1.65714,-0.177723,0.715623,-1.57253,-0.168712,0.551314,-1.19595
0.24208,0.460106,-0.977877,0.0837565,0.971877,-1.65714,-0.177723,0.715623,-1.57253,-0.168712,0.551314,-1.19595
0.24208,0.460106,-0.977877,0.0837565,0.971877,-1.65714,-0.177723,0.715623,-1.57253,-0.168712,0.551314,-1.19595
0.24208,0.460106,-0.977877,0.0837565,0.971877,-1.65714,-0.177723,0.715623,-1.57253,-0.168712,0.551314,-1.19595
0.24208,0.460106,-0.977877,0.0837565,0.971877,-1.65714,-0.177723,0.715623,-1.57253,-0.168712,0.551314,-1.19595
0.24208,0.460106,-0.977877,0.0837565,0.971877,-1.65714,-0.177723,0.715623,-1.57253,-0.168712,0.551314,-1.19595
0.24208,0.460106,-0.977877,0.0837565,0.971877,-1.65714,-0.177723,0.715623,-1.57253,-0.168712,0.551314,-1.19595
0.24208,0.460106,-0.977877,0.0837565,0.971877,-1.65714,-0.177723,0.715623,-1.57253,-0.168712,0.551314,-1.19595
0.200412,0.459998,-0.984874,0.0826911,0.923035,-1.62939,-0.167305,0.642617,-1.503,-0.111854,0.620182,-1.15239
0.200412,0.459998,-0.984874,0.0826911,0.923035,-1.62939,-0.167305,0.642617,-1.503,-0.111854,0.620182,-1.15239
0.200412,0.459998,-0.984874,0.0826911,0.923035,-1.62939,-0.167305,0.642617,-1.503,-0.111854,0.620182,-1.15239
0.200412,0.459998,-0.984874,0.0826911,0.923035,-1.62939,-0.167305,0.642617,-1.503,-0.111854,0.620182,-1.15239
0.200412,0.459998,-0.984874,0.0826911,0.923035,-1.62939,-0.167305,0.642617,-1.503,-0.111854,0.620182,-1.15239
0.200412,0.459998,-0.984874,0.0826911,0.923035,-1.62939,-0.167305,0.642617,-1.503,-0.111854,0.620182,-1.15239
0.200412,0.459998,-0.984874,0.0826911,0.923035,-1.62939,-0.167305,0.642617,-1.503,-0.111854,0.620182,-1.15239
0.200412,0.459998,-0.984874,0.0826911,0.923035,-1.62939,-0.167305,0.642617,-1.503,-0.111854,0.620182,-1.15239
0.200412,0.459998,-0.984874,0.0826911,0.923035,-1.62939,-0.167305,0.642617,-1.503,-0.111854,0.620182,-1.15239
0.200412,0.459998,-0.984874,0.0826911,0.923035,-1.62939,-0.167305,0.642617,-1.503,-0.111854,0.620182,-1.15239
0.154704,0.498595,-1.05161,0.105537,0.945509,-1.51578,-0.0676541,0.606859,-1.41001,-0.0165677,0.649094,-1.15967
0.154704,0.498595,-1.05161,0.105537,0.945509,-1.51578,-0.0676541,0.606859,-1.41001,-0.0165677,0.649094,-1.15967
0.154704,0.498595,-1.05161,0.105537,0.945509,-1.51578,-0.0676541,0.606859,-1.41001,-0.0165677,0.649094,-1.15967
0.154704,0.498595,-1.05161,0.105537,0.945509,-1.51578,-0.0676541,0.606859,-1.41001,-0.0165677,0.649094,-1.15967
0.154704,0.498595,-1.05161,0.105537,0.945509,-1.51578,-0.0676541,0.606859,-1.41001,-0.0165677,0.649094,-1.15967
0.154704,0.498595,-1.05161,0.105537,0.945509,-1.51578,-0.0676541,0.606859,-1.41001,-0.0165677,0.649094,-1.15967
0.154704,0.498595,-1.05161,0.105537,0.945509,-1.51578,-0.0676541,0.606859,-1.41001,-0.0165677,0.649094,-1.15967
0.154704,0.498595,-1.05161,0.105537,0.945509,-1.51578,-0.0676541,0.606859,-1.41001,-0.0165677,0.649094,-1.15967
0.154704,0.498595,-1.05161,0.105537,0.945509,-1.51578,-0.0676541,0.606859,-1.41001,-0.0165677,0.649094,-1.15967
0.154704,0.498595,-1.05161,0.105537,0.945509,-1.51578,-0.0676541,0.606859,-1.41001,-0.0165677,0.649094,-1.15967
0.0165559,0.698588,-1.51895,-0.0382994,0.764205,-1.05581,0.178003,0.562692,-0.928879,0.187574,0.666007,-1.59531
0.0165559,0.698588,-1.51895,-0.0382994,0.764205,-1.05581,0.178003,0.562692,-0.928879,0.187574,0.666007,-1.59531
0.0165559,0.698588,-1.51895,-0.0382994,0.764205,-1.05581,0.178003,0.562692,-0.928879,0.187574,0.666007,-1.59531
0.0165559,0.698588,-1.51895,-0.0382994,0.764205,-1.05581,0.178003,0.562692,-0.928879,0.187574,0.666007,-1.59531
0.0165559,0.698588,-1.51895,-0.0382994,0.764205,-1.05581,0.178003,0.562692,-0.928879,0.187574,0.666007,-1.59531
0.0165559,0.698588,-1.51895,-0.0382994,0.764205,-1.05581,0.178003,0.562692,-0.928879,0.187574,0.666007,-1.59531
0.0165559,0.698588,-1.51895,-0.0382994,0.764205,-1.05581,0.178003,0.562692,-0.928879,0.187574,0.666007,-1.59531
0.0165559,0.698588,-1.51895,-0.0382994,0.764205,-1.05581,0.178003,0.562692,-0.928879,0.187574,0.666007,-1.59531
0.0165559,0.698588,-1.51895,-0.0382994,0.764205,-1.05581,0.178003,0.562692,-0.928879,0.187574,0.666007,-1.59531
0.0165559,0.698588,-1.51895,-0.0382994,0.764205,-1.05581,0.178003,0.562692,-0.928879,0.187574,0.666007,-1.59531
-0.0336731,0.874455,-1.70468,-0.0809926,0.617766,-0.866273,0.273192,0.634315,-0.773298,0.250604,0.713924,-1.71507
-0.0336731,0.874455,-1.70468,-0.0809926,0.617766,-0.866273,0.273192,0.634315,-0.773298,0.250604,0.713924,-1.71507
-0.0336731,0.874455,-1.70468,-0.0809926,0.617766,-0.866273,0.273192,0.634315,-0.773298,0.250604,0.713924,-1.71507
-0.0336731,0.874455,-1.70468,-0.0809926,0.617766,-0.866273,0.273192,0.634315,-0.773298,0.250604,0.713924,-1.71507
-0.0336731,0.874455,-1.70468,-0.0809926,0.617766,-0.866273,0.273192,0.634315,-0.773298,0.250604,0.713924,-1.71507
-0.0336731,0.874455,-1.70468,-0.0809926,0.617766,-0.866273,0.273192,0.634315,-0.773298,0.250604,0.713924,-1.71507
-0.0336731,0.874455,-1.70468,-0.0809926,0.617766,-0.866273,0.273192,0.634315,-0.773298,0.250604,0.713924,-1.71507
-0.0336731,0.874455,-1.70468,-0.0809926,0.617766,-0.866273,0.273192,0.634315,-0.773298,0.250604,0.713924,-1.71507
-0.0336731,0.874455,-1.70468,-0.0809926,0.617766,-0.866273,0.273192,0.634315,-0.773298,0.250604,0.713924,-1.71507
-0.0336731,0.874455,-1.70468,-0.0809926,0.617766,-0.866273,0.273192,0.634315,-0.773298,0.250604,0.713924,-1.71507
-0.0579814,0.928796,-1.7334,-0.0873403,0.558695,-0.882659,0.290457,0.677855,-0.837556,0.287981,0.682917,-1.71827
-0.0579814,0.928796,-1.7334,-0.0873403,0.558695,-0.882659,0.290457,0.677855,-0.837556,0.287981,0.682917,-1.71827
-0.0579814,0.928796,-1.7334,-0.0873403,0.558695,-0.882659,0.290457,0.677855,-0.837556,0.287981,0.682917,-1.71827
-0.0579814,0.928796,-1.7334,-0.0873403,0.558695,-0.882659,0.290457,0.677855,-0.837556,0.287981,0.682917,-1.71827
-0.0579814,0.928796,-1.7334,-0.0873403,0.558695,-0.882659,0.290457,0.677855,-0.837556,0.287981,0.682917,-1.71827
-0.0579814,0.928796,-1.7334,-0.0873403,0.558695,-0.882659,0.290457,0.677855,-0.837556,0.287981,0.682917,-1.71827
-0.0579814,0.928796,-1.7334,-0.0873403,0.558695,-0.882659,0.290457,0.677855,-0.837556,0.287981,0.682917,-1.71827
-0.0579814,0.928796,-1.7334,-0.0873403,0.558695,-0.882659,0.290457,0.677855,-0.837556,0.287981,0.682917,-1.71827
-0.0579814,0.928796,-1.7334,-0.0873403,0.558695,-0.882659,0.290457,0.677855,-0.837556,0.287981,0.682917,-1.71827
-0.0579814,0.928796,-1.7334,-0.0873403,0.558695,-0.882659,0.290457,0.677855,-0.837556,0.287981,0.682917,-1.71827
-0.0579814,0.928796,-1.7334,-0.0873403,0.558695,-0.882659,0.290457,0.677855,-0.837556,0.287981,0.682917,-1.71827
-0.0622253,0.942062,-1.71378,-0.0665947,0.578506,-1.00671,0.283312,0.679207,-0.921469,0.305762,0.663106,-1.66468
-0.0622253,0.942062,-1.71378,-0.0665947,0.578506,-1.00671,0.283312,0.679207,-0.921469,0.305762,0.663106,-1.66468
-0.0622253,0.942062,-1.71378,-0.0665947,0.578506,-1.00671,0.283312,0.679207,-0.921469,0.305762,0.663106,-1.66468
-0.0622253,0.942062,-1.71378,-0.0665947,0.578506,-1.00671,0.283312,0.679207,-0.921469,0.305762,0.663106,-1.66468
-0.0622253,0.942062,-1.71378,-0.0665947,0.578506,-1.00671,0.283312,0.679207,-0.921469,0.305762,0.663106,-1.66468
-0.0622253,0.942062,-1.71378,-0.0665947,0.578506,-1.00671,0.283312,0.679207,-0.921469,0.305762,0.663106,-1.66468
-0.0622253,0.942062,-1.71378,-0.0665947,0.578506,-1.00671,0.283312,0.679207,-0.921469,0.305762,0.663106,-1.66468
-0.0622253,0.942062,-1.71378,-0.0665947,0.578506,-1.00671,0.283312,0.679207,-0.921469,0.305762,0.663106,-1.66468
-0.0556451,0.947321,-1.68671,-0.0205725,0.602916,-1.14111,0.260275,0.672975,-1.01842,0.286754,0.649319,-1.61135
-0.0556451,0.947321,-1.68671,-0.0205725,0.602916,-1.14111,0.260275,0.672975,-1.01842,0.286754,0.649319,-1.61135
-0.0556451,0.947321,-1.68671,-0.0205725,0.602916,-1.14111,0.260275,0.672975,-1.01842,0.286754,0.649319,-1.61135
-0.0556451,0.947321,-1.68671,-0.0205725,0.602916,-1.14111,0.260275,0.672975,-1.01842,0.286754,0.649319,-1.61135
-0.0556451,0.947321,-1.68671,-0.0205725,0.602916,-1.14111,0.260275,0.672975,-1.01842,0.286754,0.649319,-1.61135
-0.0556451,0.947321,-1.68671,-0.0205725,0.602916,-1.14111,0.260275,0.672975,-1.01842,0.286754,0.649319,-1.61135
-0.0556451,0.947321,-1.68671,-0.0205725,0.602916,-1.14111,0.260275,0.672975,-1.01842,0.286754,0.649319,-1.61135
-0.0556451,0.947321,-1.68671,-0.0205725,0.602916,-1.14111,0.260275,0.672975,-1.01842,0.286754,0.649319,-1.61135
-0.0556451,0.947321,-1.68671,-0.0205725,0.602916,-1.14111,0.260275,0.672975,-1.01842,0.286754,0.649319,-1.61135
-0.0556451,0.947321,-1.68671,-0.0205725,0.602916,-1.14111,0.260275,0.672975,-1.01842,0.286754,0.649319,-1.61135
-0.0556451,0.947321,-1.68671,-0.0205725,0.602916,-1.14111,0.260275,0.672975,-1.01842,0.286754,0.649319,-1.61135
-0.0556451,0.947321,-1.68671,-0.0205725,0.602916,-1.14111,0.260275,0.672975,-1.01842,0.286754,0.649319,-1.61135
-0.0556451,0.947321,-1.68671,-0.0205725,0.602916,-1.14111,0.260275,0.672975,-1.01842,0.286754,0.649319,-1.61135
-0.0556451,0.947321,-1.68671,-0.0205725,0.602916,-1.14111,0.260275,0.672975,-1.01842,0.286754,0.649319,-1.61135
-0.0556451,0.947321,-1.68671,-0.0205725,0.602916,-1.14111,0.260275,0.672975,-1.01842,0.286754,0.649319,-1.61135
-0.0626407,0.964815,-1.68847,0.0240193,0.586777,-1.21077,0.220412,0.655936,-1.06808,0.269107,0.640437,-1.59075
-0.0626407,0.964815,-1.68847,0.0240193,0.586777,-1.21077,0.220412,0.655936,-1.06808,0.269107,0.640437,-1.59075
-0.0626407,0.964815,-1.68847,0.0240193,0.586777,-1.21077,0.220412,0.655936,-1.06808,0.269107,0.640437,-1.59075
-0.0626407,0.964815,-1.68847,0.0240193,0.586777,-1.21077,0.220412,0.655936,-1.06808,0.269107,0.640437,-1.59075
-0.0626407,0.964815,-1.68847,0.0240193,0.586777,-1.21077,0.220412,0.655936,-1.06808,0.269107,0.640437,-1.59075
-0.0626407,0.964815,-1.68847,0.0240193,0.586777,-1.21077,0.220412,0.655936,-1.06808,0.269107,0.640437,-1.59075
-0.0626407,0.964815,-1.68847,0.0240193,0.586777,-1.21077,0.220412,0.655936,-1.06808,0.269107,0.640437,-1.59075
-0.0626407,0.964815,-1.68847,0.0240193,0.586777,-1.21077,0.220412,0.655936,-1.06808,0.269107,0.640437,-1.59075
-0.0626407,0.964815,-1.68847,0.0240193,0.586777,-1.21077,0.220412,0.655936,-1.06808,0.269107,0.640437,-1.59075
-0.0626407,0.964815,-1.68847,0.0240193,0.586777,-1.21077,0.220412,0.655936,-1.06808,0.269107,0.640437,-1.59075
-0.0626407,0.964815,-1.68847,0.0240193,0.586777,-1.21077,0.220412,0.655936,-1.06808,0.269107,0.640437,-1.59075
-0.0674752,0.97686,-1.69741,0.0777039,0.566146,-1.19638,0.149154,0.640517,-1.08124,0.246372,0.614925,-1.59461
-0.0674752,0.97686,-1.69741,0.0777039,0.566146,-1.19638,0.149154,0.640517,-1.08124,0.246372,0.614925,-1.59461
-0.0674752,0.97686,-1.69741,0.0777039,0.566146,-1.19638,0.149154,0.640517,-1.08124,0.246372,0.614925,-1.59461
-0.0674752,0.97686,-1.69741,0.0777039,0.566146,-1.19638,0.149154,0.640517,-1.08124,0.246372,0.614925,-1.59461
-0.0674752,0.97686,-1.69741,0.0777039,0.566146,-1.19638,0.149154,0.640517,-1.08124,0.246372,0.614925,-1.59461
-0.0674752,0.97686,-1.69741,0.0777039,0.566146,-1.19638,0.149154,0.640517,-1.08124,0.246372,0.614925,-1.59461
-0.0828438,0.937146,-1.65416,0.114129,0.584101,-1.22381,0.0712257,0.632443,-1.13247,0.160777,0.613847,-1.53668
-0.0828438,0.937146,-1.65416,0.114129,0.584101,-1.22381,0.0712257,0.632443,-1.13247,0.160777,0.613847,-1.53668
-0.0828438,0.937146,-1.65416,0.114129,0.584101,-1.22381,0.0712257,0.632443,-1.13247,0.160777,0.613847,-1.53668
-0.0828438,0.937146,-1.65416,0.114129,0.584101,-1.22381,0.0712257,0.632443,-1.13247,0.160777,0.613847,-1.53668
-0.0828438,0.937146,-1.65416,0.114129,0.584101,-1.22381,0.0712257,0.632443,-1.13247,0.160777,0.613847,-1.53668
-0.0828438,0.937146,-1.65416,0.114129,0.584101,-1.22381,0.0712257,0.632443,-1.13247,0.160777,0.613847,-1.53668
-0.0828438,0.937146,-1.65416,0.114129,0.584101,-1.22381,0.0712257,0.632443,-1.13247,0.160777,0.613847,-1.53668
-0.0828438,0.937146,-1.65416,0.114129,0.584101,-1.22381,0.0712257,0.632443,-1.13247,0.160777,0.613847,-1.53668
-0.0828438,0.937146,-1.65416,0.114129,0.584101,-1.22381,0.0712257,0.632443,-1.13247,0.160777,0.613847,-1.53668
-0.0828438,0.937146,-1.65416,0.114129,0.584101,-1.22381,0.0712257,0.632443,-1.13247,0.160777,0.613847,-1.53668
0.0443246,0.683048,-1.21374,0.0910132,0.754601,-1.57536,-0.0261637,0.654142,-1.41521,-0.0536197,0.609399,-1.38992
0.0443246,0.683048,-1.21374,0.0910132,0.754601,-1.57536,-0.0261637,0.654142,-1.41521,-0.0536197,0.609399,-1.38992
0.0443246,0.683048,-1.21374,0.0910132,0.754601,-1.57536,-0.0261637,0.654142,-1.41521,-0.0536197,0.609399,-1.38992
0.0443246,0.683048,-1.21374,0.0910132,0.754601,-1.57536,-0.0261637,0.654142,-1.41521,-0.0536197,0.609399,-1.38992
0.0443246,0.683048,-1.21374,0.0910132,0.754601,-1.57536,-0.0261637,0.654142,-1.41521,-0.0536197,0.609399,-1.38992
0.0443246,0.683048,-1.21374,0.0910132,0.754601,-1.57536,-0.0261637,0.654142,-1.41521,-0.0536197,0.609399,-1.38992
0.0443246,0.683048,-1.21374,0.0910132,0.754601,-1.57536,-0.0261637,0.654142,-1.41521,-0.0536197,0.609399,-1.38992
0.0443246,0.683048,-1.21374,0.0910132,0.754601,-1.57536,-0.0261637,0.654142,-1.41521,-0.0536197,0.609399,-1.38992
0.0443246,0.683048,-1.21374,0.0910132,0.754601,-1.57536,-0.0261637,0.654142,-1.41521,-0.0536197,0.609399,-1.38992
0.106456,0.531217,-0.939161,0.14184,0.88583,-1.77352,-0.0757077,0.702091,-1.56052,-0.112896,0.55166,-1.09371
0.106456,0.531217,-0.939161,0.14184,0.88583,-1.77352,-0.0757077,0.702091,-1.56052,-0.112896,0.55166,-1.09371
0.106456,0.531217,-0.939161,0.14184,0.88583,-1.77352,-0.0757077,0.702091,-1.56052,-0.112896,0.55166,-1.09371
0.106456,0.531217,-0.939161,0.14184,0.88583,-1.77352,-0.0757077,0.702091,-1.56052,-0.112896,0.55166,-1.09371
0.106456,0.531217,-0.939161,0.14184,0.88583,-1.77352,-0.0757077,0.702091,-1.56052,-0.112896,0.55166,-1.09371
0.106456,0.531217,-0.939161,0.14184,0.88583,-1.77352,-0.0757077,0.702091,-1.56052,-0.112896,0.55166,-1.09371
0.106456,0.531217,-0.939161,0.14184,0.88583,-1.77352,-0.0757077,0.702091,-1.56052,-0.112896,0.55166,-1.09371
0.106456,0.531217,-0.939161,0.14184,0.88583,-1.77352,-0.0757077,0.702091,-1.56052,-0.112896,0.55166,-1.09371
0.106456,0.531217,-0.939161,0.14184,0.88583,-1.77352,-0.0757077,0.702091,-1.56052,-0.112896,0.55166,-1.09371
0.106456,0.531217,-0.939161,0.14184,0.88583,-1.77352,-0.0757077,0.702091,-1.56052,-0.112896,0.55166,-1.09371
0.208607,0.440868,-0.861984,0.155919,0.932194,-1.80919,-0.125939,0.729212,-1.63442,-0.161213,0.553706,-0.990076
0.208607,0.440868,-0.861984,0.155919,0.932194,-1.80919,-0.125939,0.729212,-1.63442,-0.161213,0.553706,-0.990076
0.208607,0.440868,-0.861984,0.155919,0.932194,-1.80919,-0.125939,0.729212,-1.63442,-0.161213,0.553706,-0.990076
0.208607,0.440868,-0.861984,0.155919,0.932194,-1.80919,-0.125939,0.729212,-1.63442,-0.161213,0.553706,-0.990076
0.208607,0.440868,-0.861984,0.155919,0.932194,-1.80919,-0.125939,0.729212,-1.63442,-0.161213,0.553706,-0.990076
0.208607,0.440868,-0.861984,0.155919,0.932194,-1.80919,-0.125939,0.729212,-1.63442,-0.161213,0.553706,-0.990076
0.208607,0.440868,-0.861984,0.155919,0.932194,-1.80919,-0.125939,0.729212,-1.63442,-0.161213,0.553706,-0.990076
0.208607,0.440868,-0.861984,0.155919,0.932194,-1.80919,-0.125939,0.729212,-1.63442,-0.161213,0.553706,-0.990076
0.208607,0.440868,-0.861984,0.155919,0.932194,-1.80919,-0.125939,0.729212,-1.63442,-0.161213,0.553706,-0.990076
0.208607,0.440868,-0.861984,0.155919,0.932194,-1.80919,-0.125939,0.729212,-1.63442,-0.161213,0.553706,-0.990076
0.272919,0.429244,-0.862986,0.130926,0.96559,-1.76148,-0.158698,0.745463,-1.66271,-0.19025,0.532788,-1.0166
0.272919,0.429244,-0.862986,0.130926,0.96559,-1.76148,-0.158698,0.745463,-1.66271,-0.19025,0.532788,-1.0166
0.272919,0.429244,-0.862986,0.130926,0.96559,-1.76148,-0.158698,0.745463,-1.66271,-0.19025,0.532788,-1.0166
0.272919,0.429244,-0.862986,0.130926,0.96559,-1.76148,-0.158698,0.745463,-1.66271,-0.19025,0.532788,-1.0166
0.272919,0.429244,-0.862986,0.130926,0.96559,-1.76148,-0.158698,0.745463,-1.66271,-0.19025,0.532788,-1.0166
0.272919,0.429244,-0.862986,0.130926,0.96559,-1.76148,-0.158698,0.745463,-1.66271,-0.19025,0.532788,-1.0166
0.272919,0.429244,-0.862986,0.130926,0.96559,-1.76148,-0.158698,0.745463,-1.66271,-0.19025,0.532788,-1.0166
0.272919,0.429244,-0.862986,0.130926,0.96559,-1.76148,-0.158698,0.745463,-1.66271,-0.19025,0.532788,-1.0166
0.272919,0.429244,-0.862986,0.130926,0.96559,-1.76148,-0.158698,0.745463,-1.66271,-0.19025,0.532788,-1.0166
0.272919,0.429244,-0.862986,0.130926,0.96559,-1.76148,-0.158698,0.745463,-1.66271,-0.19025,0.532788,-1.0166
0.276469,0.449925,-0.912279,0.106748,0.992714,-1.70765,-0.184292,0.744346,-1.65564,-0.19723,0.503692,-1.11468
0.276469,0.449925,-0.912279,0.106748,0.992714,-1.70765,-0.184292,0.744346,-1.65564,-0.19723,0.503692,-1.11468
0.276469,0.449925,-0.912279,0.106748,0.992714,-1.70765,-0.184292,0.744346,-1.65564,-0.19723,0.503692,-1.11468
0.276469,0.449925,-0.912279,0.106748,0.992714,-1.70765,-0.184292,0.744346,-1.65564,-0.19723,0.503692,-1.11468
0.276469,0.449925,-0.912279,0.106748,0.992714,-1.70765,-0.184292,0.744346,-1.65564,-0.19723,0.503692,-1.11468
0.276469,0.449925,-0.912279,0.106748,0.992714,-1.70765,-0.184292,0.744346,-1.65564,-0.19723,0.503692,-1.11468
0.276469,0.449925,-0.912279,0.106748,0.992714,-1.70765,-0.184292,0.744346,-1.65564,-0.19723,0.503692,-1.11468
0.276469,0.449925,-0.912279,0.106748,0.992714,-1.70765,-0.184292,0.744346,-1.65564,-0.19723,0.503692,-1.11468
0.276469,0.449925,-0.912279,0.106748,0.992714,-1.70765,-0.184292,0.744346,-1.65564,-0.19723,0.503692,-1.11468
0.276469,0.449925,-0.912279,0.106748,0.992714,-1.70765,-0.184292,0.744346,-1.65564,-0.19723,0.503692,-1.11468
0.259478,0.462378,-0.970194,0.0865658,0.990619,-1.67692,-0.183556,0.735841,-1.61391,-0.183439,0.516062,-1.19818
0.259478,0.462378,-0.970194,0.0865658,0.990619,-1.67692,-0.183556,0.735841,-1.61391,-0.183439,0.516062,-1.19818
0.259478,0.462378,-0.970194,0.0865658,0.990619,-1.67692,-0.183556,0.735841,-1.61391,-0.183439,0.516062,-1.19818
0.259478,0.462378,-0.970194,0.0865658,0.990619,-1.67692,-0.183556,0.735841,-1.61391,-0.183439,0.516062,-1.19818
0.259478,0.462378,-0.970194,0.0865658,0.990619,-1.67692,-0.183556,0.735841,-1.61391,-0.183439,0.516062,-1.19818
0.259478,0.462378,-0.970194,0.0865658,0.990619,-1.67692,-0.183556,0.735841,-1.61391,-0.183439,0.516062,-1.19818
0.259478,0.462378,-0.970194,0.0865658,0.990619,-1.67692,-0.183556,0.735841,-1.61391,-0.183439,0.516062,-1.19818
0.259478,0.462378,-0.970194,0.0865658,0.990619,-1.67692,-0.183556,0.735841,-1.61391,-0.183439,0.516062,-1.19818
0.259478,0.462378,-0.970194,0.0865658,0.990619,-1.67692,-0.183556,0.735841,-1.61391,-0.183439,0.516062,-1.19818
0.259478,0.462378,-0.970194,0.0865658,0.990619,-1.67692,-0.183556,0.735841,-1.61391,-0.183439,0.516062,-1.19818
0.232945,0.462505,-0.98585,0.0736441,0.953131,-1.64714,-0.18026,0.700402,-1.54906,-0.150652,0.567847,-1.1937
0.232945,0.462505,-0.98585,0.0736441,0.953131,-1.64714,-0.18026,0.700402,-1.54906,-0.150652,0.567847,-1.1937
0.232945,0.462505,-0.98585,0.0736441,0.953131,-1.64714,-0.18026,0.700402,-1.54906,-0.150652,0.567847,-1.1937
0.232945,0.462505,-0.98585,0.0736441,0.953131,-1.64714,-0.18026,0.700402,-1.54906,-0.150652,0.567847,-1.1937
0.232945,0.462505,-0.98585,0.0736441,0.953131,-1.64714,-0.18026,0.700402,-1.54906,-0.150652,0.567847,-1.1937
0.232945,0.462505,-0.98585,0.0736441,0.953131,-1.64714,-0.18026,0.700402,-1.54906,-0.150652,0.567847,-1.1937
0.232945,0.462505,-0.98585,0.0736441,0.953131,-1.64714,-0.18026,0.700402,-1.54906,-0.150652,0.567847,-1.1937
0.232945,0.462505,-0.98585,0.0736441,0.953131,-1.64714,-0.18026,0.700402,-1.54906,-0.150652,0.567847,-1.1937
0.232945,0.462505,-0.98585,0.0736441,0.953131,-1.64714,-0.18026,0.700402,-1.54906,-0.150652,0.567847,-1.1937
0.232945,0.462505,-0.98585,0.0736441,0.953131,-1.64714,-0.18026,0.700402,-1.54906,-0.150652,0.567847,-1.1937
0.186752,0.465934,-0.99644,0.0853029,0.921529,-1.61168,-0.151734,0.619695,-1.476,-0.0849653,0.63279,-1.13964
0.186752,0.465934,-0.99644,0.0853029,0.921529,-1.61168,-0.151734,0.619695,-1.476,-0.0849653,0.63279,-1.13964
0.186752,0.465934,-0.99644,0.0853029,0.921529,-1.61168,-0.151734,0.619695,-1.476,-0.0849653,0.63279,-1.13964
0.186752,0.465934,-0.99644,0.0853029,0.921529,-1.61168,-0.151734,0.619695,-1.476,-0.0849653,0.63279,-1.13964
0.186752,0.465934,-0.99644,0.0853029,0.921529,-1.61168,-0.151734,0.619695,-1.476,-0.0849653,0.63279,-1.13964
0.186752,0.465934,-0.99644,0.0853029,0.921529,-1.61168,-0.151734,0.619695,-1.476,-0.0849653,0.63279,-1.13964
0.186752,0.465934,-0.99644,0.0853029,0.921529,-1.61168,-0.151734,0.619695,-1.476,-0.0849653,0.63279,-1.13964
0.186752,0.465934,-0.99644,0.0853029,0.921529,-1.61168,-0.151734,0.619695,-1.476,-0.0849653,0.63279,-1.13964
0.186752,0.465934,-0.99644,0.0853029,0.921529,-1.61168,-0.151734,0.619695,-1.476,-0.0849653,0.63279,-1.13964
0.186752,0.465934,-0.99644,0.0853029,0.921529,-1.61168,-0.151734,0.619695,-1.476,-0.0849653,0.63279,-1.13964
0.103627,0.560373,-1.19573,0.0798903,0.923612,-1.39885,0.00747577,0.599551,-1.32496,0.0526218,0.643615,-1.29941
0.103627,0.560373,-1.19573,0.0798903,0.923612,-1.39885,0.00747577,0.599551,-1.32496,0.0526218,0.643615,-1.29941
0.103627,0.560373,-1.19573,0.0798903,0.923612,-1.39885,0.00747577,0.599551,-1.32496,0.0526218,0.643615,-1.29941
0.103627,0.560373,-1.19573,0.0798903,0.923612,-1.39885,0.00747577,0.599551,-1.32496,0.0526218,0.643615,-1.29941
0.103627,0.560373,-1.19573,0.0798903,0.923612,-1.39885,0.00747577,0.599551,-1.32496,0.0526218,0.643615,-1.29941
0.103627,0.560373,-1.19573,0.0798903,0.923612,-1.39885,0.00747577,0.599551,-1.32496,0.0526218,0.643615,-1.29941
0.103627,0.560373,-1.19573,0.0798903,0.923612,-1.39885,0.00747577,0.599551,-1.32496,0.0526218,0.643615,-1.29941
0.103627,0.560373,-1.19573,0.0798903,0.923612,-1.39885,0.00747577,0.599551,-1.32496,0.0526218,0.643615,-1.29941
0.103627,0.560373,-1.19573,0.0798903,0.923612,-1.39885,0.00747577,0.599551,-1.32496,0.0526218,0.643615,-1.29941
0.103627,0.560373,-1.19573,0.0798903,0.923612,-1.39885,0.00747577,0.599551,-1.32496,0.0526218,0.643615,-1.29941
-0.00479097,0.773325,-1.60517,-0.0733859,0.702894,-0.991469,0.217212,0.571947,-0.840395,0.212812,0.690648,-1.64579
-0.00479097,0.773325,-1.60517,-0.0733859,0.702894,-0.991469,0.217212,0.571947,-0.840395,0.212812,0.690648,-1.64579
-0.00479097,0.773325,-1.60517,-0.0733859,0.702894,-0.991469,0.217212,0.571947,-0.840395,0.212812,0.690648,-1.64579
-0.00479097,0.773325,-1.60517,-0.0733859,0.702894,-0.991469,0.217212,0.571947,-0.840395,0.212812,0.690648,-1.64579
-0.00479097,0.773325,-1.60517,-0.0733859,0.702894,-0.991469,0.217212,0.571947,-0.840395,0.212812,0.690648,-1.64579
-0.00479097,0.773325,-1.60517,-0.0733859,0.702894,-0.991469,0.217212,0.571947,-0.840395,0.212812,0.690648,-1.64579
-0.00479097,0.773325,-1.60517,-0.0733859,0.702894,-0.991469,0.217212,0.571947,-0.840395,0.212812,0.690648,-1.64579
-0.00479097,0.773325,-1.60517,-0.0733859,0.702894,-0.991469,0.217212,0.571947,-0.840395,0.212812,0.690648,-1.64579
-0.00479097,0.773325,-1.60517,-0.0733859,0.702894,-0.991469,0.217212,0.571947,-0.840395,0.212812,0.690648,-1.64579
-0.00479097,0.773325,-1.60517,-0.0733859,0.702894,-0.991469,0.217212,0.571947,-0.840395,0.212812,0.690648,-1.64579
-0.0504912,0.896722,-1.73288,-0.0857872,0.585568,-0.859224,0.272359,0.64005,-0.777744,0.259274,0.707662,-1.71992
-0.0504912,0.896722,-1.73288,-0.0857872,0.585568,-0.859224,0.272359,0.64005,-0.777744,0.259274,0.707662,-1.71992
-0.0504912,0.896722,-1.73288,-0.0857872,0.585568,-0.859224,0.272359,0.64005,-0.777744,0.259274,0.707662,-1.71992
-0.0504912,0.896722,-1.73288,-0.0857872,0.585568,-0.859224,0.272359,0.64005,-0.777744,0.259274,0.707662,-1.71992
-0.0504912,0.896722,-1.73288,-0.0857872,0.585568,-0.859224,0.272359,0.64005,-0.777744,0.259274,0.707662,-1.71992
-0.0504912,0.896722,-1.73288,-0.0857872,0.585568,-0.859224,0.272359,0.64005,-0.777744,0.259274,0.707662,-1.71992
-0.0504912,0.896722,-1.73288,-0.0857872,0.585568,-0.859224,0.272359,0.64005,-0.777744,0.259274,0.707662,-1.71992
-0.0504912,0.896722,-1.73288,-0.0857872,0.585568,-0.859224,0.272359,0.64005,-0.777744,0.259274,0.707662,-1.71992
-0.0504912,0.896722,-1.73288,-0.0857872,0.585568,-0.859224,0.272359,0.64005,-0.777744,0.259274,0.707662,-1.71992
-0.0504912,0.896722,-1.73288,-0.0857872,0.585568,-0.859224,0.272359,0.64005,-0.777744,0.259274,0.707662,-1.71992
-0.0504912,0.896722,-1.73288,-0.0857872,0.585568,-0.859224,0.272359,0.64005,-0.777744,0.259274,0.707662,-1.71992
-0.0504912,0.896722,-1.73288,-0.0857872,0.585568,-0.859224,0.272359,0.64005,-0.777744,0.259274,0.707662,-1.71992
-0.0664743,0.936236,-1.7394,-0.0842953,0.557473,-0.914808,0.288345,0.677971,-0.857458,0.295198,0.670634,-1.70445
-0.0664743,0.936236,-1.7394,-0.0842953,0.557473,-0.914808,0.288345,0.677971,-0.857458,0.295198,0.670634,-1.70445
-0.0664743,0.936236,-1.7394,-0.0842953,0.557473,-0.914808,0.288345,0.677971,-0.857458,0.295198,0.670634,-1.70445
-0.0664743,0.936236,-1.7394,-0.0842953,0.557473,-0.914808,0.288345,0.677971,-0.857458,0.295198,0.670634,-1.70445
-0.0664743,0.936236,-1.7394,-0.0842953,0.557473,-0.914808,0.288345,0.677971,-0.857458,0.295198,0.670634,-1.70445
-0.0664743,0.936236,-1.7394,-0.0842953,0.557473,-0.914808,0.288345,0.677971,-0.857458,0.295198,0.670634,-1.70445
-0.0664743,0.936236,-1.7394,-0.0842953,0.557473,-0.914808,0.288345,0.677971,-0.857458,0.295198,0.670634,-1.70445
-0.0664743,0.936236,-1.7394,-0.0842953,0.557473,-0.914808,0.288345,0.677971,-0.857458,0.295198,0.670634,-1.70445
-0.0664743,0.936236,-1.7394,-0.0842953,0.557473,-0.914808,0.288345,0.677971,-0.857458,0.295198,0.670634,-1.70445
-0.0664743,0.936236,-1.7394,-0.0842953,0.557473,-0.914808,0.288345,0.677971,-0.857458,0.295198,0.670634,-1.70445
-0.0664743,0.936236,-1.7394,-0.0842953,0.557473,-0.914808,0.288345,0.677971,-0.857458,0.295198,0.670634,-1.70445
-0.0616792,0.942598,-1.70741,-0.0522984,0.584487,-1.0472,0.270317,0.678881,-0.95304,0.299275,0.656443,-1.64266
-0.0616792,0.942598,-1.70741,-0.0522984,0.584487,-1.0472,0.270317,0.678881,-0.95304,0.299275,0.656443,-1.64266
-0.0616792,0.942598,-1.70741,-0.0522984,0.584487,-1.0472,0.270317,0.678881,-0.95304,0.299275,0.656443,-1.64266
-0.0616792,0.942598,-1.70741,-0.0522984,0.584487,-1.0472,0.270317,0.678881,-0.95304,0.299275,0.656443,-1.64266
-0.0616792,0.942598,-1.70741,-0.0522984,0.584487,-1.0472,0.270317,0.678881,-0.95304,0.299275,0.656443,-1.64266
-0.0616792,0.942598,-1.70741,-0.0522984,0.584487,-1.0472,0.270317,0.678881,-0.95304,0.299275,0.656443,-1.64266
-0.0616792,0.942598,-1.70741,-0.0522984,0.584487,-1.0472,0.270317,0.678881,-0.95304,0.299275,0.656443,-1.64266
-0.0616792,0.942598,-1.70741,-0.0522984,0.584487,-1.0472,0.270317,0.678881,-0.95304,0.299275,0.656443,-1.64266
-0.0616792,0.942598,-1.70741,-0.0522984,0.584487,-1.0472,0.270317,0.678881,-0.95304,0.299275,0.656443,-1.64266
-0.0616792,0.942598,-1.70741,-0.0522984,0.584487,-1.0472,0.270317,0.678881,-0.95304,0.299275,0.656443,-1.64266
-0.0578509,0.951373,-1.68483,-0.00497326,0.602332,-1.17216,0.248599,0.666494,-1.04234,0.276227,0.642276,-1.59769
-0.0578509,0.951373,-1.68483,-0.00497326,0.602332,-1.17216,0.248599,0.666494,-1.04234,0.276227,0.642276,-1.59769
-0.0578509,0.951373,-1.68483,-0.00497326,0.602332,-1.17216,0.248599,0.666494,-1.04234,0.276227,0.642276,-1.59769
-0.0578509,0.951373,-1.68483,-0.00497326,0.602332,-1.17216,0.248599,0.666494,-1.04234,0.276227,0.642276,-1.59769
-0.0578509,0.951373,-1.68483,-0.00497326,0.602332,-1.17216,0.248599,0.666494,-1.04234,0.276227,0.642276,-1.59769
-0.0578509,0.951373,-1.68483,-0.00497326,0.602332,-1.17216,0.248599,0.666494,-1.04234,0.276227,0.642276,-1.59769
-0.0578509,0.951373,-1.68483,-0.00497326,0.602332,-1.17216,0.248599,0.666494,-1.04234,0.276227,0.642276,-1.59769
-0.0578509,0.951373,-1.68483,-0.00497326,0.602332,-1.17216,0.248599,0.666494,-1.04234,0.276227,0.642276,-1.59769
-0.0578509,0.951373,-1.68483,-0.00497326,0.602332,-1.17216,0.248599,0.666494,-1.04234,0.276227,0.642276,-1.59769
-0.0659222,0.970584,-1.69729,0.0412702,0.578104,-1.20788,0.20063,0.648209,-1.07239,0.260575,0.632508,-1.59048
-0.0659222,0.970584,-1.69729,0.0412702,0.578104,-1.20788,0.20063,0.648209,-1.07239,0.260575,0.632508,-1.59048
-0.0659222,0.970584,-1.69729,0.0412702,0.578104,-1.20788,0.20063,0.648209,-1.07239,0.260575,0.632508,-1.59048
-0.0659222,0.970584,-1.69729,0.0412702,0.578104,-1.20788,0.20063,0.648209,-1.07239,0.260575,0.632508,-1.59048
-0.0659222,0.970584,-1.69729,0.0412702,0.578104,-1.20788,0.20063,0.648209,-1.07239,0.260575,0.632508,-1.59048
-0.0659222,0.970584,-1.69729,0.0412702,0.578104,-1.20788,0.20063,0.648209,-1.07239,0.260575,0.632508,-1.59048
-0.0659222,0.970584,-1.69729,0.0412702,0.578104,-1.20788,0.20063,0.648209,-1.07239,0.260575,0.632508,-1.59048
-0.0659222,0.970584,-1.69729,0.0412702,0.578104,-1.20788,0.20063,0.648209,-1.07239,0.260575,0.632508,-1.59048
-0.0659222,0.970584,-1.69729,0.0412702,0.578104,-1.20788,0.20063,0.648209,-1.07239,0.260575,0.632508,-1.59048
-0.0659222,0.970584,-1.69729,0.0412702,0.578104,-1.20788,0.20063,0.648209,-1.07239,0.260575,0.632508,-1.59048
-0.067616,0.972961,-1.69263,0.0958181,0.566083,-1.18723,0.126263,0.643087,-1.08597,0.232868,0.601421,-1.58907
-0.067616,0.972961,-1.69263,0.0958181,0.566083,-1.18723,0.126263,0.643087,-1.08597,0.232868,0.601421,-1.58907
-0.067616,0.972961,-1.69263,0.0958181,0.566083,-1.18723,0.126263,0.643087,-1.08597,0.232868,0.601421,-1.58907
-0.067616,0.972961,-1.69263,0.0958181,0.566083,-1.18723,0.126263,0.643087,-1.08597,0.232868,0.601421,-1.58907
-0.067616,0.972961,-1.69263,0.0958181,0.566083,-1.18723,0.126263,0.643087,-1.08597,0.232868,0.601421,-1.58907
-0.067616,0.972961,-1.69263,0.0958181,0.566083,-1.18723,0.126263,0.643087,-1.08597,0.232868,0.601421,-1.58907
-0.067616,0.972961,-1.69263,0.0958181,0.566083,-1.18723,0.126263,0.643087,-1.08597,0.232868,0.601421,-1.58907
-0.067616,0.972961,-1.69263,0.0958181,0.566083,-1.18723,0.126263,0.643087,-1.08597,0.232868,0.601421,-1.58907
-0.067616,0.972961,-1.69263,0.0958181,0.566083,-1.18723,0.126263,0.643087,-1.08597,0.232868,0.601421,-1.58907
-0.067616,0.972961,-1.69263,0.0958181,0.566083,-1.18723,0.126263,0.643087,-1.08597,0.232868,0.601421,-1.58907
-0.074116,0.888835,-1.58441,0.089852,0.645927,-1.31236,0.0416968,0.638118,-1.18759,0.0893248,0.643022,-1.49677
-0.074116,0.888835,-1.58441,0.089852,0.645927,-1.31236,0.0416968,0.638118,-1.18759,0.0893248,0.643022,-1.49677
-0.074116,0.888835,-1.58441,0.089852,0.645927,-1.31236,0.0416968,0.638118,-1.18759,0.0893248,0.643022,-1.49677
-0.074116,0.888835,-1.58441,0.089852,0.645927,-1.31236,0.0416968,0.638118,-1.18759,0.0893248,0.643022,-1.49677
-0.074116,0.888835,-1.58441,0.089852,0.645927,-1.31236,0.0416968,0.638118,-1.18759,0.0893248,0.643022,-1.49677
-0.074116,0.888835,-1.58441,0.089852,0.645927,-1.31236,0.0416968,0.638118,-1.18759,0.0893248,0.643022,-1.49677
-0.074116,0.888835,-1.58441,0.089852,0.645927,-1.31236,0.0416968,0.638118,-1.18759,0.0893248,0.643022,-1.49677
-0.074116,0.888835,-1.58441,0.089852,0.645927,-1.31236,0.0416968,0.638118,-1.18759,0.0893248,0.643022,-1.49677
-0.074116,0.888835,-1.58441,0.089852,0.645927,-1.31236,0.0416968,0.638118,-1.18759,0.0893248,0.643022,-1.49677
-0.074116,0.888835,-1.58441,0.089852,0.645927,-1.31236,0.0416968,0.638118,-1.18759,0.0893248,0.643022,-1.49677
-0.074116,0.888835,-1.58441,0.089852,0.645927,-1.31236,0.0416968,0.638118,-1.18759,0.0893248,0.643022,-1.49677
-0.074116,0.888835,-1.58441,0.089852,0.645927,-1.31236,0.0416968,0.638118,-1.18759,0.0893248,0.643022,-1.49677
0.0715352,0.6022,-1.05675,0.113688,0.801744,-1.67796,-0.0553165,0.670051,-1.48784,-0.0851087,0.600278,-1.23153
0.0715352,0.6022,-1.05675,0.113688,0.801744,-1.67796,-0.0553165,0.670051,-1.48784,-0.0851087,0.600278,-1.23153
0.0715352,0.6022,-1.05675,0.113688,0.801744,-1.67796,-0.0553165,0.670051,-1.48784,-0.0851087,0.600278,-1.23153
0.0715352,0.6022,-1.05675,0.113688,0.801744,-1.67796,-0.0553165,0.670051,-1.48784,-0.0851087,0.600278,-1.23153
0.0715352,0.6022,-1.05675,0.113688,0.801744,-1.67796,-0.0553165,0.670051,-1.48784,-0.0851087,0.600278,-1.23153
0.0715352,0.6022,-1.05675,0.113688,0.801744,-1.67796,-0.0553165,0.670051,-1.48784,-0.0851087,0.600278,-1.23153
0.0715352,0.6022,-1.05675,0.113688,0.801744,-1.67796,-0.0553165,0.670051,-1.48784,-0.0851087,0.600278,-1.23153
0.0715352,0.6022,-1.05675,0.113688,0.801744,-1.67796,-0.0553165,0.670051,-1.48784,-0.0851087,0.600278,-1.23153
0.0715352,0.6022,-1.05675,0.113688,0.801744,-1.67796,-0.0553165,0.670051,-1.48784,-0.0851087,0.600278,-1.23153
0.0715352,0.6022,-1.05675,0.113688,0.801744,-1.67796,-0.0553165,0.670051,-1.48784,-0.0851087,0.600278,-1.23153
0.0715352,0.6022,-1.05675,0.113688,0.801744,-1.67796,-0.0553165,0.670051,-1.48784,-0.0851087,0.600278,-1.23153
0.152279,0.488113,-0.871021,0.154639,0.90296,-1.79766,-0.0959595,0.705391,-1.59628,-0.13347,0.560167,-1.01386
0.152279,0.488113,-0.871021,0.154639,0.90296,-1.79766,-0.0959595,0.705391,-1.59628,-0.13347,0.560167,-1.01386
0.152279,0.488113,-0.871021,0.154639,0.90296,-1.79766,-0.0959595,0.705391,-1.59628,-0.13347,0.560167,-1.01386
0.152279,0.488113,-0.871021,0.154639,0.90296,-1.79766,-0.0959595,0.705391,-1.59628,-0.13347,0.560167,-1.01386
0.152279,0.488113,-0.871021,0.154639,0.90296,-1.79766,-0.0959595,0.705391,-1.59628,-0.13347,0.560167,-1.01386
0.152279,0.488113,-0.871021,0.154639,0.90296,-1.79766,-0.0959595,0.705391,-1.59628,-0.13347,0.560167,-1.01386
0.152279,0.488113,-0.871021,0.154639,0.90296,-1.79766,-0.0959595,0.705391,-1.59628,-0.13347,0.560167,-1.01386
0.152279,0.488113,-0.871021,0.154639,0.90296,-1.79766,-0.0959595,0.705391,-1.59628,-0.13347,0.560167,-1.01386
0.152279,0.488113,-0.871021,0.154639,0.90296,-1.79766,-0.0959595,0.705391,-1.59628,-0.13347,0.560167,-1.01386
0.245873,0.431193,-0.841902,0.149162,0.941439,-1.79687,-0.132642,0.732154,-1.64808,-0.178426,0.558994,-0.972269
0.245873,0.431193,-0.841902,0.149162,0.941439,-1.79687,-0.132642,0.732154,-1.64808,-0.178426,0.558994,-0.972269
0.245873,0.431193,-0.841902,0.149162,0.941439,-1.79687,-0.132642,0.732154,-1.64808,-0.178426,0.558994,-0.972269
0.245873,0.431193,-0.841902,0.149162,0.941439,-1.79687,-0.132642,0.732154,-1.64808,-0.178426,0.558994,-0.972269
0.245873,0.431193,-0.841902,0.149162,0.941439,-1.79687,-0.132642,0.732154,-1.64808,-0.178426,0.558994,-0.972269
0.245873,0.431193,-0.841902,0.149162,0.941439,-1.79687,-0.132642,0.732154,-1.64808,-0.178426,0.558994,-0.972269
0.245873,0.431193,-0.841902,0.149162,0.941439,-1.79687,-0.132642,0.732154,-1.64808,-0.178426,0.558994,-0.972269
0.245873,0.431193,-0.841902,0.149162,0.941439,-1.79687,-0.132642,0.732154,-1.64808,-0.178426,0.558994,-0.972269
0.245873,0.431193,-0.841902,0.149162,0.941439,-1.79687,-0.132642,0.732154,-1.64808,-0.178426,0.558994,-0.972269
0.245873,0.431193,-0.841902,0.149162,0.941439,-1.79687,-0.132642,0.732154,-1.64808,-0.178426,0.558994,-0.972269
0.284605,0.434645,-0.872253,0.125106,0.975248,-1.73597,-0.167461,0.744958,-1.66335,-0.196724,0.527331,-1.04135
0.284605,0.434645,-0.872253,0.125106,0.975248,-1.73597,-0.167461,0.744958,-1.66335,-0.196724,0.527331,-1.04135
0.284605,0.434645,-0.872253,0.125106,0.975248,-1.73597,-0.167461,0.744958,-1.66335,-0.196724,0.527331,-1.04135
0.284605,0.434645,-0.872253,0.125106,0.975248,-1.73597,-0.167461,0.744958,-1.66335,-0.196724,0.527331,-1.04135
0.284605,0.434645,-0.872253,0.125106,0.975248,-1.73597,-0.167461,0.744958,-1.66335,-0.196724,0.527331,-1.04135
0.284605,0.434645,-0.872253,0.125106,0.975248,-1.73597,-0.167461,0.744958,-1.66335,-0.196724,0.527331,-1.04135
0.284605,0.434645,-0.872253,0.125106,0.975248,-1.73597,-0.167461,0.744958,-1.66335,-0.196724,0.527331,-1.04135
0.284605,0.434645,-0.872253,0.125106,0.975248,-1.73597,-0.167461,0.744958,-1.66335,-0.196724,0.527331,-1.04135
0.284605,0.434645,-0.872253,0.125106,0.975248,-1.73597,-0.167461,0.744958,-1.66335,-0.196724,0.527331,-1.04135
0.284605,0.434645,-0.872253,0.125106,0.975248,-1.73597,-0.167461,0.744958,-1.66335,-0.196724,0.527331,-1.04135
0.269183,0.457798,-0.929509,0.103614,0.997582,-1.69651,-0.182221,0.73904,-1.64821,-0.195003,0.503276,-1.15071
0.269183,0.457798,-0.929509,0.103614,0.997582,-1.69651,-0.182221,0.73904,-1.64821,-0.195003,0.503276,-1.15071
0.269183,0.457798,-0.929509,0.103614,0.997582,-1.69651,-0.182221,0.73904,-1.64821,-0.195003,0.503276,-1.15071
0.269183,0.457798,-0.929509,0.103614,0.997582,-1.69651,-0.182221,0.73904,-1.64821,-0.195003,0.503276,-1.15071
0.269183,0.457798,-0.929509,0.103614,0.997582,-1.69651,-0.182221,0.73904,-1.64821,-0.195003,0.503276,-1.15071
0.269183,0.457798,-0.929509,0.103614,0.997582,-1.69651,-0.182221,0.73904,-1.64821,-0.195003,0.503276,-1.15071
0.269183,0.457798,-0.929509,0.103614,0.997582,-1.69651,-0.182221,0.73904,-1.64821,-0.195003,0.503276,-1.15071
0.269183,0.457798,-0.929509,0.103614,0.997582,-1.69651,-0.182221,0.73904,-1.64821,-0.195003,0.503276,-1.15071
0.269183,0.457798,-0.929509,0.103614,0.997582,-1.69651,-0.182221,0.73904,-1.64821,-0.195003,0.503276,-1.15071
0.269183,0.457798,-0.929509,0.103614,0.997582,-1.69651,-0.182221,0.73904,-1.64821,-0.195003,0.503276,-1.15071
0.25261,0.467244,-0.979363,0.0867977,0.984597,-1.66638,-0.180031,0.732329,-1.59572,-0.174849,0.532127,-1.20638
0.25261,0.467244,-0.979363,0.0867977,0.984597,-1.66638,-0.180031,0.732329,-1.59572,-0.174849,0.532127,-1.20638
0.25261,0.467244,-0.979363,0.0867977,0.984597,-1.66638,-0.180031,0.732329,-1.59572,-0.174849,0.532127,-1.20638
0.25261,0.467244,-0.979363,0.0867977,0.984597,-1.66638,-0.180031,0.732329,-1.59572,-0.174849,0.532127,-1.20638
0.25261,0.467244,-0.979363,0.0867977,0.984597,-1.66638,-0.180031,0.732329,-1.59572,-0.174849,0.532127,-1.20638
0.25261,0.467244,-0.979363,0.0867977,0.984597,-1.66638,-0.180031,0.732329,-1.59572,-0.174849,0.532127,-1.20638
0.25261,0.467244,-0.979363,0.0867977,0.984597,-1.66638,-0.180031,0.732329,-1.59572,-0.174849,0.532127,-1.20638
0.25261,0.467244,-0.979363,0.0867977,0.984597,-1.66638,-0.180031,0.732329,-1.59572,-0.174849,0.532127,-1.20638
0.25261,0.467244,-0.979363,0.0867977,0.984597,-1.66638,-0.180031,0.732329,-1.59572,-0.174849,0.532127,-1.20638
0.25261,0.467244,-0.979363,0.0867977,0.984597,-1.66638,-0.180031,0.732329,-1.59572,-0.174849,0.532127,-1.20638
0.25261,0.467244,-0.979363,0.0867977,0.984597,-1.66638,-0.180031,0.732329,-1.59572,-0.174849,0.532127,-1.20638
0.218606,0.46456,-0.985273,0.0743508,0.936488,-1.63941,-0.17757,0.67663,-1.52934,-0.131025,0.596877,-1.1796
0.218606,0.46456,-0.985273,0.0743508,0.936488,-1.63941,-0.17757,0.67663,-1.52934,-0.131025,0.596877,-1.1796
0.218606,0.46456,-0.985273,0.0743508,0.936488,-1.63941,-0.17757,0.67663,-1.52934,-0.131025,0.596877,-1.1796
0.218606,0.46456,-0.985273,0.0743508,0.936488,-1.63941,-0.17757,0.67663,-1.52934,-0.131025,0.596877,-1.1796
0.218606,0.46456,-0.985273,0.0743508,0.936488,-1.63941,-0.17757,0.67663,-1.52934,-0.131025,0.596877,-1.1796
0.218606,0.46456,-0.985273,0.0743508,0.936488,-1.63941,-0.17757,0.67663,-1.52934,-0.131025,0.596877,-1.1796
0.218606,0.46456,-0.985273,0.0743508,0.936488,-1.63941,-0.17757,0.67663,-1.52934,-0.131025,0.596877,-1.1796
0.218606,0.46456,-0.985273,0.0743508,0.936488,-1.63941,-0.17757,0.67663,-1.52934,-0.131025,0.596877,-1.1796
0.218606,0.46456,-0.985273,0.0743508,0.936488,-1.63941,-0.17757,0.67663,-1.52934,-0.131025,0.596877,-1.1796
0.218606,0.46456,-0.985273,0.0743508,0.936488,-1.63941,-0.17757,0.67663,-1.52934,-0.131025,0.596877,-1.1796
0.218606,0.46456,-0.985273,0.0743508,0.936488,-1.63941,-0.17757,0.67663,-1.52934,-0.131025,0.647454,-1.13126
0.175439,0.479713,-1.0138,0.0976968,0.936163,-1.57751,-0.118618,0.614134,-1.45044,-0.0567531,0.647454,-1.13126
0.175439,0.479713,-1.0138,0.0976968,0.936163,-1.57751,-0.118618,0.614134,-1.45044,-0.0567531,0.647454,-1.13126
0.175439,0.479713,-1.0138,0.0976968,0.936163,-1.57751,-0.118618,0.614134,-1.45044,-0.0567531,0.647454,-1.13126
0.175439,0.479713,-1.0138,0.0976968,0.936163,-1.57751,-0.118618,0.614134,-1.45044,-0.0567531,0.647454,-1.13126
0.175439,0.479713,-1.0138,0.0976968,0.936163,-1.57751,-0.118618,0.614134,-1.45044,-0.0567531,0.647454,-1.13126
0.175439,0.479713,-1.0138,0.0976968,0.936163,-1.57751,-0.118618,0.614134,-1.45044,-0.0567531,0.647454,-1.13126
0.175439,0.479713,-1.0138,0.0976968,0.936163,-1.57751,-0.118618,0.614134,-1.45044,-0.0567531,0.647454,-1.13126
0.175439,0.479713,-1.0138,0.0976968,0.936163,-1.57751,-0.118618,0.614134,-1.45044,-0.0567531,0.647454,-1.13126
0.175439,0.479713,-1.0138,0.0976968,0.936163,-1.57751,-0.118618,0.614134,-1.45044,-0.0567531,0.647454,-1.13126
0.0410873,0.633535,-1.3826,0.0146131,0.854231,-1.22597,0.109263,0.581209,-1.14793,0.133036,0.655464,-1.49347
0.0410873,0.633535,-1.3826,0.0146131,0.854231,-1.22597,0.109263,0.581209,-1.14793,0.133036,0.655464,-1.49347
0.0410873,0.633535,-1.3826,0.0146131,0.854231,-1.22597,0.109263,0.581209,-1.14793,0.133036,0.655464,-1.49347
0.0410873,0.633535,-1.3826,0.0146131,0.854231,-1.22597,0.109263,0.581209,-1.14793,0.133036,0.655464,-1.49347
0.0410873,0.633535,-1.3826,0.0146131,0.854231,-1.22597,0.109263,0.581209,-1.14793,0.133036,0.655464,-1.49347
0.0410873,0.633535,-1.3826,0.0146131,0.854231,-1.22597,0.109263,0.581209,-1.14793,0.133036,0.655464,-1.49347
0.0410873,0.633535,-1.3826,0.0146131,0.854231,-1.22597,0.109263,0.581209,-1.14793,0.133036,0.655464,-1.49347
0.0410873,0.633535,-1.3826,0.0146131,0.854231,-1.22597,0.109263,0.581209,-1.14793,0.133036,0.655464,-1.49347
-0.0172668,0.848092,-1.65635,-0.0747528,0.661143,-0.936017,0.252325,0.61857,-0.827678,0.229588,0.724836,-1.69887
-0.0172668,0.848092,-1.65635,-0.0747528,0.661143,-0.936017,0.252325,0.61857,-0.827678,0.229588,0.724836,-1.69887
-0.0172668,0.848092,-1.65635,-0.0747528,0.661143,-0.936017,0.252325,0.61857,-0.827678,0.229588,0.724836,-1.69887
-0.0172668,0.848092,-1.65635,-0.0747528,0.661143,-0.936017,0.252325,0.61857,-0.827678,0.229588,0.724836,-1.69887
-0.0172668,0.848092,-1.65635,-0.0747528,0.661143,-0.936017,0.252325,0.61857,-0.827678,0.229588,0.724836,-1.69887
-0.0172668,0.848092,-1.65635,-0.0747528,0.661143,-0.936017,0.252325,0.61857,-0.827678,0.229588,0.724836,-1.69887
-0.0172668,0.848092,-1.65635,-0.0747528,0.661143,-0.936017,0.252325,0.61857,-0.827678,0.229588,0.724836,-1.69887
-0.0172668,0.848092,-1.65635,-0.0747528,0.661143,-0.936017,0.252325,0.61857,-0.827678,0.229588,0.724836,-1.69887
-0.0172668,0.848092,-1.65635,-0.0747528,0.661143,-0.936017,0.252325,0.61857,-0.827678,0.229588,0.724836,-1.69887
-0.0172668,0.848092,-1.65635,-0.0747528,0.661143,-0.936017,0.252325,0.61857,-0.827678,0.229588,0.724836,-1.69887
-0.0508135,0.92211,-1.72983,-0.083425,0.571951,-0.882657,0.276556,0.657921,-0.828151,0.270727,0.706048,-1.72877
-0.0508135,0.92211,-1.72983,-0.083425,0.571951,-0.882657,0.276556,0.657921,-0.828151,0.270727,0.706048,-1.72877
-0.0508135,0.92211,-1.72983,-0.083425,0.571951,-0.882657,0.276556,0.657921,-0.828151,0.270727,0.706048,-1.72877
-0.0508135,0.92211,-1.72983,-0.083425,0.571951,-0.882657,0.276556,0.657921,-0.828151,0.270727,0.706048,-1.72877
-0.0508135,0.92211,-1.72983,-0.083425,0.571951,-0.882657,0.276556,0.657921,-0.828151,0.270727,0.706048,-1.72877
-0.0508135,0.92211,-1.72983,-0.083425,0.571951,-0.882657,0.276556,0.657921,-0.828151,0.270727,0.706048,-1.72877
-0.0508135,0.92211,-1.72983,-0.083425,0.571951,-0.882657,0.276556,0.657921,-0.828151,0.270727,0.706048,-1.72877
-0.0508135,0.92211,-1.72983,-0.083425,0.571951,-0.882657,0.276556,0.657921,-0.828151,0.270727,0.706048,-1.72877
-0.0508135,0.92211,-1.72983,-0.083425,0.571951,-0.882657,0.276556,0.657921,-0.828151,0.270727,0.706048,-1.72877
-0.0508135,0.92211,-1.72983,-0.083425,0.571951,-0.882657,0.276556,0.657921,-0.828151,0.270727,0.706048,-1.72877
-0.0508135,0.92211,-1.72983,-0.083425,0.571951,-0.882657,0.276556,0.657921,-0.828151,0.270727,0.706048,-1.72877
-0.0508135,0.92211,-1.72983,-0.083425,0.571951,-0.882657,0.276556,0.657921,-0.828151,0.270727,0.706048,-1.72877
-0.0616042,0.942397,-1.72448,-0.0740367,0.572171,-0.972887,0.281703,0.669916,-0.900165,0.304023,0.675547,-1.69248
-0.0616042,0.942397,-1.72448,-0.0740367,0.572171,-0.972887,0.281703,0.669916,-0.900165,0.304023,0.675547,-1.69248
-0.0616042,0.942397,-1.72448,-0.0740367,0.572171,-0.972887,0.281703,0.669916,-0.900165,0.304023,0.675547,-1.69248
-0.0616042,0.942397,-1.72448,-0.0740367,0.572171,-0.972887,0.281703,0.669916,-0.900165,0.304023,0.675547,-1.69248
-0.0616042,0.942397,-1.72448,-0.0740367,0.572171,-0.972887,0.281703,0.669916,-0.900165,0.304023,0.675547,-1.69248
-0.0616042,0.942397,-1.72448,-0.0740367,0.572171,-0.972887,0.281703,0.669916,-0.900165,0.304023,0.675547,-1.69248
-0.0616042,0.942397,-1.72448,-0.0740367,0.572171,-0.972887,0.281703,0.669916,-0.900165,0.304023,0.675547,-1.69248
-0.0616042,0.942397,-1.72448,-0.0740367,0.572171,-0.972887,0.281703,0.669916,-0.900165,0.304023,0.675547,-1.69248
-0.0616042,0.942397,-1.72448,-0.0740367,0.572171,-0.972887,0.281703,0.669916,-0.900165,0.304023,0.675547,-1.69248
-0.0616042,0.942397,-1.72448,-0.0740367,0.572171,-0.972887,0.281703,0.669916,-0.900165,0.304023,0.675547,-1.69248
-0.0616042,0.942397,-1.72448,-0.0740367,0.572171,-0.972887,0.281703,0.669916,-0.900165,0.304023,0.675547,-1.69248
-0.0527249,0.943635,-1.69076,-0.0354708,0.598074,-1.10507,0.256547,0.670115,-0.999809,0.297959,0.662574,-1.63222
-0.0527249,0.943635,-1.69076,-0.0354708,0.598074,-1.10507,0.256547,0.670115,-0.999809,0.297959,0.662574,-1.63222
-0.0527249,0.943635,-1.69076,-0.0354708,0.598074,-1.10507,0.256547,0.670115,-0.999809,0.297959,0.662574,-1.63222
-0.0527249,0.943635,-1.69076,-0.0354708,0.598074,-1.10507,0.256547,0.670115,-0.999809,0.297959,0.662574,-1.63222
-0.0527249,0.943635,-1.69076,-0.0354708,0.598074,-1.10507,0.256547,0.670115,-0.999809,0.297959,0.662574,-1.63222
-0.0527249,0.943635,-1.69076,-0.0354708,0.598074,-1.10507,0.256547,0.670115,-0.999809,0.297959,0.662574,-1.63222
-0.0527249,0.943635,-1.69076,-0.0354708,0.598074,-1.10507,0.256547,0.670115,-0.999809,0.297959,0.662574,-1.63222
-0.0527249,0.943635,-1.69076,-0.0354708,0.598074,-1.10507,0.256547,0.670115,-0.999809,0.297959,0.662574,-1.63222
-0.0527249,0.943635,-1.69076,-0.0354708,0.598074,-1.10507,0.256547,0.670115,-0.999809,0.297959,0.662574,-1.63222
-0.0541258,0.957396,-1.6778,0.00860349,0.59721,-1.19922,0.228917,0.656296,-1.06789,0.277752,0.651764,-1.59799
-0.0541258,0.957396,-1.6778,0.00860349,0.59721,-1.19922,0.228917,0.656296,-1.06789,0.277752,0.651764,-1.59799
-0.0541258,0.957396,-1.6778,0.00860349,0.59721,-1.19922,0.228917,0.656296,-1.06789,0.277752,0.651764,-1.59799
-0.0541258,0.957396,-1.6778,0.00860349,0.59721,-1.19922,0.228917,0.656296,-1.06789,0.277752,0.651764,-1.59799
-0.0541258,0.957396,-1.6778,0.00860349,0.59721,-1.19922,0.228917,0.656296,-1.06789,0.277752,0.651764,-1.59799
-0.0541258,0.957396,-1.6778,0.00860349,0.59721,-1.19922,0.228917,0.656296,-1.06789,0.277752,0.651764,-1.59799
-0.0541258,0.957396,-1.6778,0.00860349,0.59721,-1.19922,0.228917,0.656296,-1.06789,0.277752,0.651764,-1.59799
-0.0541258,0.957396,-1.6778,0.00860349,0.59721,-1.19922,0.228917,0.656296,-1.06789,0.277752,0.651764,-1.59799
-0.0541258,0.957396,-1.6778,0.00860349,0.59721,-1.19922,0.228917,0.656296,-1.06789,0.277752,0.651764,-1.59799
-0.0541258,0.957396,-1.6778,0.00860349,0.59721,-1.19922,0.228917,0.656296,-1.06789,0.277752,0.651764,-1.59799
-0.0541258,0.957396,-1.6778,0.00860349,0.59721,-1.19922,0.228917,0.656296,-1.06789,0.277752,0.651764,-1.59799
-0.0615137,0.974812,-1.69397,0.0583929,0.570968,-1.20124,0.171001,0.63761,-1.08418,0.258452,0.633038,-1.59987
-0.0615137,0.974812,-1.69397,0.0583929,0.570968,-1.20124,0.171001,0.63761,-1.08418,0.258452,0.633038,-1.59987
-0.0615137,0.974812,-1.69397,0.0583929,0.570968,-1.20124,0.171001,0.63761,-1.08418,0.258452,0.633038,-1.59987
-0.0615137,0.974812,-1.69397,0.0583929,0.570968,-1.20124,0.171001,0.63761,-1.08418,0.258452,0.633038,-1.59987
-0.0615137,0.974812,-1.69397,0.0583929,0.570968,-1.20124,0.171001,0.63761,-1.08418,0.258452,0.633038,-1.59987
-0.0615137,0.974812,-1.69397,0.0583929,0.570968,-1.20124,0.171001,0.63761,-1.08418,0.258452,0.633038,-1.59987
-0.0615137,0.974812,-1.69397,0.0583929,0.570968,-1.20124,0.171001,0.63761,-1.08418,0.258452,0.633038,-1.59987
-0.0615137,0.974812,-1.69397,0.0583929,0.570968,-1.20124,0.171001,0.63761,-1.08418,0.258452,0.633038,-1.59987
-0.0615137,0.974812,-1.69397,0.0583929,0.570968,-1.20124,0.171001,0.63761,-1.08418,0.258452,0.633038,-1.59987
-0.0615137,0.974812,-1.69397,0.0583929,0.570968,-1.20124,0.171001,0.63761,-1.1083,0.212054,0.603251,-1.57972
-0.065421,0.960874,-1.67698,0.111399,0.570877,-1.18735,0.0963274,0.638906,-1.1083,0.212054,0.603251,-1.57972
-0.065421,0.960874,-1.67698,0.111399,0.570877,-1.18735,0.0963274,0.638906,-1.1083,0.212054,0.603251,-1.57972
-0.065421,0.960874,-1.67698,0.111399,0.570877,-1.18735,0.0963274,0.638906,-1.1083,0.212054,0.603251,-1.57972
-0.065421,0.960874,-1.67698,0.111399,0.570877,-1.18735,0.0963274,0.638906,-1.1083,0.212054,0.603251,-1.57972
-0.065421,0.960874,-1.67698,0.111399,0.570877,-1.18735,0.0963274,0.638906,-1.1083,0.212054,0.603251,-1.57972
-0.065421,0.960874,-1.67698,0.111399,0.570877,-1.18735,0.0963274,0.638906,-1.1083,0.212054,0.603251,-1.57972
-0.065421,0.960874,-1.67698,0.111399,0.570877,-1.18735,0.0963274,0.638906,-1.1083,0.212054,0.603251,-1.57972
-0.065421,0.960874,-1.67698,0.111399,0.570877,-1.18735,0.0963274,0.638906,-1.1083,0.212054,0.603251,-1.57972
-0.0258031,0.802471,-1.44007,0.0690593,0.718173,-1.44001,0.0140814,0.660055,-1.30642,0.00217927,0.642829,-1.49325
-0.0258031,0.802471,-1.44007,0.0690593,0.718173,-1.44001,0.0140814,0.660055,-1.30642,0.00217927,0.642829,-1.49325
-0.0258031,0.802471,-1.44007,0.0690593,0.718173,-1.44001,0.0140814,0.660055,-1.30642,0.00217927,0.642829,-1.49325
-0.0258031,0.802471,-1.44007,0.0690593,0.718173,-1.44001,0.0140814,0.660055,-1.30642,0.00217927,0.642829,-1.49325
-0.0258031,0.802471,-1.44007,0.0690593,0.718173,-1.44001,0.0140814,0.660055,-1.30642,0.00217927,0.642829,-1.49325
-0.0258031,0.802471,-1.44007,0.0690593,0.718173,-1.44001,0.0140814,0.660055,-1.30642,0.00217927,0.642829,-1.49325
-0.0258031,0.802471,-1.44007,0.0690593,0.718173,-1.44001,0.0140814,0.660055,-1.30642,0.00217927,0.642829,-1.49325
-0.0258031,0.802471,-1.44007,0.0690593,0.718173,-1.44001,0.0140814,0.660055,-1.30642,0.00217927,0.642829,-1.49325
-0.0258031,0.802471,-1.44007,0.0690593,0.718173,-1.44001,0.0140814,0.660055,-1.30642,0.00217927,0.642829,-1.49325
0.0729663,0.586286,-1.02742,0.117601,0.850936,-1.73187,-0.0634692,0.698812,-1.52488,-0.0980752,0.571644,-1.1547
0.0729663,0.586286,-1.02742,0.117601,0.850936,-1.73187,-0.0634692,0.698812,-1.52488,-0.0980752,0.571644,-1.1547
0.0729663,0.586286,-1.02742,0.117601,0.850936,-1.73187,-0.0634692,0.698812,-1.52488,-0.0980752,0.571644,-1.1547
0.0729663,0.586286,-1.02742,0.117601,0.850936,-1.73187,-0.0634692,0.698812,-1.52488,-0.0980752,0.571644,-1.1547
0.0729663,0.586286,-1.02742,0.117601,0.850936,-1.73187,-0.0634692,0.698812,-1.52488,-0.0980752,0.571644,-1.1547
0.0729663,0.586286,-1.02742,0.117601,0.850936,-1.73187,-0.0634692,0.698812,-1.52488,-0.0980752,0.571644,-1.1547
0.0729663,0.586286,-1.02742,0.117601,0.850936,-1.73187,-0.0634692,0.698812,-1.52488,-0.0980752,0.571644,-1.1547
0.0729663,0.586286,-1.02742,0.117601,0.850936,-1.73187,-0.0634692,0.698812,-1.52488,-0.0980752,0.571644,-1.1547
0.0729663,0.586286,-1.02742,0.117601,0.850936,-1.73187,-0.0634692,0.698812,-1.52488,-0.0980752,0.571644,-1.1547
0.0729663,0.586286,-1.02742,0.117601,0.850936,-1.73187,-0.0634692,0.698812,-1.52488,-0.0980752,0.571644,-1.1547
0.174504,0.475726,-0.883897,0.150161,0.91637,-1.80837,-0.118851,0.724122,-1.61676,-0.144978,0.555926,-0.992755
0.174504,0.475726,-0.883897,0.150161,0.91637,-1.80837,-0.118851,0.724122,-1.61676,-0.144978,0.555926,-0.992755
0.174504,0.475726,-0.883897,0.150161,0.91637,-1.80837,-0.118851,0.724122,-1.61676,-0.144978,0.555926,-0.992755
0.174504,0.475726,-0.883897,0.150161,0.91637,-1.80837,-0.118851,0.724122,-1.61676,-0.144978,0.555926,-0.992755
0.174504,0.475726,-0.883897,0.150161,0.91637,-1.80837,-0.118851,0.724122,-1.61676,-0.144978,0.555926,-0.992755
0.174504,0.475726,-0.883897,0.150161,0.91637,-1.80837,-0.118851,0.724122,-1.61676,-0.144978,0.555926,-0.992755
0.174504,0.475726,-0.883897,0.150161,0.91637,-1.80837,-0.118851,0.724122,-1.61676,-0.144978,0.555926,-0.992755
0.174504,0.475726,-0.883897,0.150161,0.91637,-1.80837,-0.118851,0.724122,-1.61676,-0.144978,0.555926,-0.992755
0.174504,0.475726,-0.883897,0.150161,0.91637,-1.80837,-0.118851,0.724122,-1.61676,-0.144978,0.555926,-0.992755
0.174504,0.475726,-0.883897,0.150161,0.91637,-1.80837,-0.118851,0.724122,-1.61676,-0.144978,0.555926,-0.992755
0.259897,0.435872,-0.856076,0.131863,0.952862,-1.78302,-0.149394,0.743198,-1.65871,-0.183503,0.547101,-0.986028
0.259897,0.435872,-0.856076,0.131863,0.952862,-1.78302,-0.149394,0.743198,-1.65871,-0.183503,0.547101,-0.986028
0.259897,0.435872,-0.856076,0.131863,0.952862,-1.78302,-0.149394,0.743198,-1.65871,-0.183503,0.547101,-0.986028
0.259897,0.435872,-0.856076,0.131863,0.952862,-1.78302,-0.149394,0.743198,-1.65871,-0.183503,0.547101,-0.986028
0.259897,0.435872,-0.856076,0.131863,0.952862,-1.78302,-0.149394,0.743198,-1.65871,-0.183503,0.547101,-0.986028
0.259897,0.435872,-0.856076,0.131863,0.952862,-1.78302,-0.149394,0.743198,-1.65871,-0.183503,0.547101,-0.986028
0.259897,0.435872,-0.856076,0.131863,0.952862,-1.78302,-0.149394,0.743198,-1.65871,-0.183503,0.547101,-0.986028
0.259897,0.435872,-0.856076,0.131863,0.952862,-1.78302,-0.149394,0.743198,-1.65871,-0.183503,0.547101,-0.986028
0.259897,0.435872,-0.856076,0.131863,0.952862,-1.78302,-0.149394,0.743198,-1.65871,-0.183503,0.547101,-0.986028
0.259897,0.435872,-0.856076,0.131863,0.952862,-1.78302,-0.149394,0.743198,-1.65871,-0.183503,0.547101,-0.986028
0.282981,0.44093,-0.890173,0.109397,0.984456,-1.72052,-0.181295,0.747468,-1.66381,-0.197679,0.516321,-1.07389
0.282981,0.44093,-0.890173,0.109397,0.984456,-1.72052,-0.181295,0.747468,-1.66381,-0.197679,0.516321,-1.07389
0.282981,0.44093,-0.890173,0.109397,0.984456,-1.72052,-0.181295,0.747468,-1.66381,-0.197679,0.516321,-1.07389
0.282981,0.44093,-0.890173,0.109397,0.984456,-1.72052,-0.181295,0.747468,-1.66381,-0.197679,0.516321,-1.07389
0.282981,0.44093,-0.890173,0.109397,0.984456,-1.72052,-0.181295,0.747468,-1.66381,-0.197679,0.516321,-1.07389
0.282981,0.44093,-0.890173,0.109397,0.984456,-1.72052,-0.181295,0.747468,-1.66381,-0.197679,0.516321,-1.07389
0.282981,0.44093,-0.890173,0.109397,0.984456,-1.72052,-0.181295,0.747468,-1.66381,-0.197679,0.516321,-1.07389
0.282981,0.44093,-0.890173,0.109397,0.984456,-1.72052,-0.181295,0.747468,-1.66381,-0.197679,0.516321,-1.07389
0.282981,0.44093,-0.890173,0.109397,0.984456,-1.72052,-0.181295,0.747468,-1.66381,-0.197679,0.516321,-1.07389
0.282981,0.44093,-0.890173,0.109397,0.984456,-1.72052,-0.181295,0.747468,-1.66381,-0.197679,0.516321,-1.07389
0.282981,0.44093,-0.890173,0.109397,0.984456,-1.72052,-0.181295,0.747468,-1.66381,-0.197679,0.516321,-1.07389
0.263067,0.455357,-0.947002,0.0901544,0.99716,-1.68601,-0.185378,0.736321,-1.63634,-0.191406,0.506583,-1.17784
0.263067,0.455357,-0.947002,0.0901544,0.99716,-1.68601,-0.185378,0.736321,-1.63634,-0.191406,0.506583,-1.17784
0.263067,0.455357,-0.947002,0.0901544,0.99716,-1.68601,-0.185378,0.736321,-1.63634,-0.191406,0.506583,-1.17784
0.263067,0.455357,-0.947002,0.0901544,0.99716,-1.68601,-0.185378,0.736321,-1.63634,-0.191406,0.506583,-1.17784
0.263067,0.455357,-0.947002,0.0901544,0.99716,-1.68601,-0.185378,0.736321,-1.63634,-0.191406,0.506583,-1.17784
0.263067,0.455357,-0.947002,0.0901544,0.99716,-1.68601,-0.185378,0.736321,-1.63634,-0.191406,0.506583,-1.17784
0.263067,0.455357,-0.947002,0.0901544,0.99716,-1.68601,-0.185378,0.736321,-1.63634,-0.191406,0.506583,-1.17784
0.263067,0.455357,-0.947002,0.0901544,0.99716,-1.68601,-0.185378,0.736321,-1.63634,-0.191406,0.506583,-1.17784
0.263067,0.455357,-0.947002,0.0901544,0.99716,-1.68601,-0.185378,0.736321,-1.63634,-0.191406,0.506583,-1.17784
0.263067,0.455357,-0.947002,0.0901544,0.99716,-1.68601,-0.185378,0.736321,-1.63634,-0.191406,0.506583,-1.17784
0.263067,0.455357,-0.947002,0.0901544,0.99716,-1.68601,-0.185378,0.736321,-1.63634,-0.191406,0.506583,-1.17784
0.263067,0.455357,-0.947002,0.0901544,0.99716,-1.68601,-0.185378,0.736321,-1.63634,-0.191406,0.506583,-1.17784
0.243437,0.459974,-0.977262,0.0769915,0.970888,-1.65557,-0.182412,0.719779,-1.57463,-0.166832,0.545622,-1.20368
0.243437,0.459974,-0.977262,0.0769915,0.970888,-1.65557,-0.182412,0.719779,-1.57463,-0.166832,0.545622,-1.20368
0.243437,0.459974,-0.977262,0.0769915,0.970888,-1.65557,-0.182412,0.719779,-1.57463,-0.166832,0.545622,-1.20368
0.243437,0.459974,-0.977262,0.0769915,0.970888,-1.65557,-0.182412,0.719779,-1.57463,-0.166832,0.545622,-1.20368
0.243437,0.459974,-0.977262,0.0769915,0.970888,-1.65557,-0.182412,0.719779,-1.57463,-0.166832,0.545622,-1.20368
0.243437,0.459974,-0.977262,0.0769915,0.970888,-1.65557,-0.182412,0.719779,-1.57463,-0.166832,0.545622,-1.20368
0.243437,0.459974,-0.977262,0.0769915,0.970888,-1.65557,-0.182412,0.719779,-1.57463,-0.166832,0.545622,-1.20368
0.243437,0.459974,-0.977262,0.0769915,0.970888,-1.65557,-0.182412,0.719779,-1.57463,-0.166832,0.545622,-1.20368
0.243437,0.459974,-0.977262,0.0769915,0.970888,-1.65557,-0.182412,0.719779,-1.57463,-0.166832,0.545622,-1.20368
0.243437,0.459974,-0.977262,0.0769915,0.970888,-1.65557,-0.182412,0.719779,-1.57463,-0.166832,0.545622,-1.20368
0.243437,0.459974,-0.977262,0.0769915,0.970888,-1.65557,-0.182412,0.719779,-1.57463,-0.166832,0.545622,-1.20368
0.201407,0.460524,-0.983159,0.0738205,0.920377,-1.62888,-0.172274,0.645999,-1.50336,-0.11028,0.614847,-1.16016
0.201407,0.460524,-0.983159,0.0738205,0.920377,-1.62888,-0.172274,0.645999,-1.50336,-0.11028,0.614847,-1.16016
0.201407,0.460524,-0.983159,0.0738205,0.920377,-1.62888,-0.172274,0.645999,-1.50336,-0.11028,0.614847,-1.16016
0.201407,0.460524,-0.983159,0.0738205,0.920377,-1.62888,-0.172274,0.645999,-1.50336,-0.11028,0.614847,-1.16016
0.201407,0.460524,-0.983159,0.0738205,0.920377,-1.62888,-0.172274,0.645999,-1.50336,-0.11028,0.614847,-1.16016
0.201407,0.460524,-0.983159,0.0738205,0.920377,-1.62888,-0.172274,0.645999,-1.50336,-0.11028,0.614847,-1.16016
0.201407,0.460524,-0.983159,0.0738205,0.920377,-1.62888,-0.172274,0.645999,-1.50336,-0.11028,0.614847,-1.16016
0.201407,0.460524,-0.983159,0.0738205,0.920377,-1.62888,-0.172274,0.645999,-1.50336,-0.11028,0.614847,-1.16016
0.201407,0.460524,-0.983159,0.0738205,0.920377,-1.62888,-0.172274,0.645999,-1.50336,-0.11028,0.614847,-1.16016
0.155566,0.497364,-1.04642,0.0975143,0.94409,-1.5185,-0.0736722,0.6097,-1.40983,-0.0182043,0.645105,-1.16033
0.155566,0.497364,-1.04642,0.0975143,0.94409,-1.5185,-0.0736722,0.6097,-1.40983,-0.0182043,0.645105,-1.16033
0.155566,0.497364,-1.04642,0.0975143,0.94409,-1.5185,-0.0736722,0.6097,-1.40983,-0.0182043,0.645105,-1.16033
0.155566,0.497364,-1.04642,0.0975143,0.94409,-1.5185,-0.0736722,0.6097,-1.40983,-0.0182043,0.645105,-1.16033
0.155566,0.497364,-1.04642,0.0975143,0.94409,-1.5185,-0.0736722,0.6097,-1.40983,-0.0182043,0.645105,-1.16033
0.155566,0.497364,-1.04642,0.0975143,0.94409,-1.5185,-0.0736722,0.6097,-1.40983,-0.0182043,0.645105,-1.16033
0.155566,0.497364,-1.04642,0.0975143,0.94409,-1.5185,-0.0736722,0.6097,-1.40983,-0.0182043,0.645105,-1.16033
0.155566,0.497364,-1.04642,0.0975143,0.94409,-1.5185,-0.0736722,0.6097,-1.40983,-0.0182043,0.645105,-1.16033
0.155566,0.497364,-1.04642,0.0975143,0.94409,-1.5185,-0.0736722,0.6097,-1.40983,-0.0182043,0.645105,-1.16033
0.155566,0.497364,-1.04642,0.0975143,0.94409,-1.5185,-0.0736722,0.6097,-1.40983,-0.0182043,0.645105,-1.16033
0.155566,0.497364,-1.04642,0.0975143,0.94409,-1.5185,-0.0736722,0.6097,-1.40983,-0.0182043,0.645105,-1.16033
0.155566,0.497364,-1.51712,-0.0418388,0.767922,-1.06299,0.175423,0.561088,-0.9253,0.184237,0.66372,-1.59177
0.0140721,0.697195,-1.51712,-0.0418388,0.767922,-1.06299,0.175423,0.561088,-0.9253,0.184237,0.66372,-1.59177
0.0140721,0.697195,-1.51712,-0.0418388,0.767922,-1.06299,0.175423,0.561088,-0.9253,0.184237,0.66372,-1.59177
0.0140721,0.697195,-1.51712,-0.0418388,0.767922,-1.06299,0.175423,0.561088,-0.9253,0.184237,0.66372,-1.59177
0.0140721,0.697195,-1.51712,-0.0418388,0.767922,-1.06299,0.175423,0.561088,-0.9253,0.184237,0.66372,-1.59177
0.0140721,0.697195,-1.51712,-0.0418388,0.767922,-1.06299,0.175423,0.561088,-0.9253,0.184237,0.66372,-1.59177
0.0140721,0.697195,-1.51712,-0.0418388,0.767922,-1.06299,0.175423,0.561088,-0.9253,0.184237,0.66372,-1.59177
0.0140721,0.697195,-1.51712,-0.0418388,0.767922,-1.06299,0.175423,0.561088,-0.9253,0.184237,0.66372,-1.59177
-0.0372486,0.874017,-1.70843,-0.0827747,0.621981,-0.869283,0.273094,0.631825,-0.76891,0.24861,0.712919,-1.71171
-0.0372486,0.874017,-1.70843,-0.0827747,0.621981,-0.869283,0.273094,0.631825,-0.76891,0.24861,0.712919,-1.71171
-0.0372486,0.874017,-1.70843,-0.0827747,0.621981,-0.869283,0.273094,0.631825,-0.76891,0.24861,0.712919,-1.71171
-0.0372486,0.874017,-1.70843,-0.0827747,0.621981,-0.869283,0.273094,0.631825,-0.76891,0.24861,0.712919,-1.71171
-0.0372486,0.874017,-1.70843,-0.0827747,0.621981,-0.869283,0.273094,0.631825,-0.76891,0.24861,0.712919,-1.71171
-0.0372486,0.874017,-1.70843,-0.0827747,0.621981,-0.869283,0.273094,0.631825,-0.76891,0.24861,0.712919,-1.71171
-0.0372486,0.874017,-1.70843,-0.0827747,0.621981,-0.869283,0.273094,0.631825,-0.76891,0.24861,0.712919,-1.71171
-0.0372486,0.874017,-1.70843,-0.0827747,0.621981,-0.869283,0.273094,0.631825,-0.76891,0.24861,0.712919,-1.71171
-0.0372486,0.874017,-1.70843,-0.0827747,0.621981,-0.869283,0.273094,0.631825,-0.76891,0.24861,0.712919,-1.71171
-0.0372486,0.874017,-1.70843,-0.0827747,0.621981,-0.869283,0.273094,0.631825,-0.76891,0.24861,0.712919,-1.71171
-0.0372486,0.874017,-1.70843,-0.0827747,0.621981,-0.869283,0.273094,0.631825,-0.76891,0.24861,0.712919,-1.71171
-0.0372486,0.874017,-1.70843,-0.0827747,0.621981,-0.869283,0.273094,0.631825,-0.76891,0.24861,0.712919,-1.71171
-0.0623173,0.928337,-1.73884,-0.088524,0.561052,-0.884342,0.290819,0.675546,-0.834538,0.285718,0.681114,-1.71555
-0.0623173,0.928337,-1.73884,-0.088524,0.561052,-0.884342,0.290819,0.675546,-0.834538,0.285718,0.681114,-1.71555
-0.0623173,0.928337,-1.73884,-0.088524,0.561052,-0.884342,0.290819,0.675546,-0.834538,0.285718,0.681114,-1.71555
-0.0623173,0.928337,-1.73884,-0.088524,0.561052,-0.884342,0.290819,0.675546,-0.834538,0.285718,0.681114,-1.71555
-0.0623173,0.928337,-1.73884,-0.088524,0.561052,-0.884342,0.290819,0.675546,-0.834538,0.285718,0.681114,-1.71555
-0.0623173,0.928337,-1.73884,-0.088524,0.561052,-0.884342,0.290819,0.675546,-0.834538,0.285718,0.681114,-1.71555
-0.0623173,0.928337,-1.73884,-0.088524,0.561052,-0.884342,0.290819,0.675546,-0.834538,0.285718,0.681114,-1.71555
-0.0623173,0.928337,-1.73884,-0.088524,0.561052,-0.884342,0.290819,0.675546,-0.834538,0.285718,0.681114,-1.71555
-0.0623173,0.928337,-1.73884,-0.088524,0.561052,-0.884342,0.290819,0.675546,-0.834538,0.285718,0.681114,-1.71555
-0.0623173,0.928337,-1.73884,-0.088524,0.561052,-0.884342,0.290819,0.675546,-0.834538,0.285718,0.681114,-1.71555
-0.0651043,0.942029,-1.71787,-0.068166,0.57872,-1.00642,0.283598,0.677519,-0.919107,0.303541,0.660571,-1.66281
-0.0651043,0.942029,-1.71787,-0.068166,0.57872,-1.00642,0.283598,0.677519,-0.919107,0.303541,0.660571,-1.66281
-0.0651043,0.942029,-1.71787,-0.068166,0.57872,-1.00642,0.283598,0.677519,-0.919107,0.303541,0.660571,-1.66281
-0.0651043,0.942029,-1.71787,-0.068166,0.57872,-1.00642,0.283598,0.677519,-0.919107,0.303541,0.660571,-1.66281
-0.0651043,0.942029,-1.71787,-0.068166,0.57872,-1.00642,0.283598,0.677519,-0.919107,0.303541,0.660571,-1.66281
-0.0651043,0.942029,-1.71787,-0.068166,0.57872,-1.00642,0.283598,0.677519,-0.919107,0.303541,0.660571,-1.66281
-0.0651043,0.942029,-1.71787,-0.068166,0.57872,-1.00642,0.283598,0.677519,-0.919107,0.303541,0.660571,-1.66281
-0.0562894,0.946774,-1.68865,-0.0216031,0.601337,-1.14115,0.258953,0.670904,-1.0196,0.285149,0.646694,-1.60943
-0.0562894,0.946774,-1.68865,-0.0216031,0.601337,-1.14115,0.258953,0.670904,-1.0196,0.285149,0.646694,-1.60943
-0.0562894,0.946774,-1.68865,-0.0216031,0.601337,-1.14115,0.258953,0.670904,-1.0196,0.285149,0.646694,-1.60943
-0.0562894,0.946774,-1.68865,-0.0216031,0.601337,-1.14115,0.258953,0.670904,-1.0196,0.285149,0.646694,-1.60943
-0.0562894,0.946774,-1.68865,-0.0216031,0.601337,-1.14115,0.258953,0.670904,-1.0196,0.285149,0.646694,-1.60943
-0.0562894,0.946774,-1.68865,-0.0216031,0.601337,-1.14115,0.258953,0.670904,-1.0196,0.285149,0.646694,-1.60943
-0.0562894,0.946774,-1.68865,-0.0216031,0.601337,-1.14115,0.258953,0.670904,-1.0196,0.285149,0.646694,-1.60943
-0.0562894,0.946774,-1.68865,-0.0216031,0.601337,-1.14115,0.258953,0.670904,-1.0196,0.285149,0.646694,-1.60943
-0.0562894,0.946774,-1.68865,-0.0216031,0.601337,-1.14115,0.258953,0.670904,-1.0196,0.285149,0.646694,-1.60943
-0.0620801,0.96402,-1.68898,0.0224971,0.584496,-1.21077,0.219474,0.655163,-1.06945,0.268356,0.640327,-1.58998
-0.0620801,0.96402,-1.68898,0.0224971,0.584496,-1.21077,0.219474,0.655163,-1.06945,0.268356,0.640327,-1.58998
-0.0620801,0.96402,-1.68898,0.0224971,0.584496,-1.21077,0.219474,0.655163,-1.06945,0.268356,0.640327,-1.58998
-0.0620801,0.96402,-1.68898,0.0224971,0.584496,-1.21077,0.219474,0.655163,-1.06945,0.268356,0.640327,-1.58998
-0.0620801,0.96402,-1.68898,0.0224971,0.584496,-1.21077,0.219474,0.655163,-1.06945,0.268356,0.640327,-1.58998
-0.0620801,0.96402,-1.68898,0.0224971,0.584496,-1.21077,0.219474,0.655163,-1.06945,0.268356,0.640327,-1.58998
-0.0620801,0.96402,-1.68898,0.0224971,0.584496,-1.21077,0.219474,0.655163,-1.06945,0.268356,0.640327,-1.58998
-0.0620801,0.96402,-1.68898,0.0224971,0.584496,-1.21077,0.219474,0.655163,-1.06945,0.268356,0.640327,-1.58998
-0.0620801,0.96402,-1.68898,0.0224971,0.584496,-1.21077,0.219474,0.655163,-1.06945,0.268356,0.640327,-1.58998
-0.0620801,0.96402,-1.68898,0.0224971,0.584496,-1.21077,0.219474,0.655163,-1.06945,0.268356,0.640327,-1.58998
-0.0620801,0.96402,-1.68898,0.0224971,0.584496,-1.21077,0.219474,0.655163,-1.06945,0.268356,0.640327,-1.58998
-0.0620801,0.96402,-1.68898,0.0224971,0.584496,-1.21077,0.219474,0.655163,-1.06945,0.268356,0.640327,-1.58998
-0.0620801,0.96402,-1.68898,0.0224971,0.584496,-1.21077,0.219474,0.655163,-1.06945,0.268356,0.640327,-1.58998
-0.0620801,0.96402,-1.68898,0.0224971,0.584496,-1.21077,0.219474,0.655163,-1.06945,0.268356,0.640327,-1.58998
-0.0657503,0.975683,-1.69599,0.0759594,0.56366,-1.1963,0.14781,0.639943,-1.08357,0.246722,0.617427,-1.59383
-0.0657503,0.975683,-1.69599,0.0759594,0.56366,-1.1963,0.14781,0.639943,-1.08357,0.246722,0.617427,-1.59383
-0.0657503,0.975683,-1.69599,0.0759594,0.56366,-1.1963,0.14781,0.639943,-1.08357,0.246722,0.617427,-1.59383
-0.0657503,0.975683,-1.69599,0.0759594,0.56366,-1.1963,0.14781,0.639943,-1.08357,0.246722,0.617427,-1.59383
-0.0657503,0.975683,-1.69599,0.0759594,0.56366,-1.1963,0.14781,0.639943,-1.08357,0.246722,0.617427,-1.59383
-0.0657503,0.975683,-1.69599,0.0759594,0.56366,-1.1963,0.14781,0.639943,-1.08357,0.246722,0.617427,-1.59383
-0.0657503,0.975683,-1.69599,0.0759594,0.56366,-1.1963,0.14781,0.639943,-1.08357,0.246722,0.617427,-1.59383
-0.0657503,0.975683,-1.69599,0.0759594,0.56366,-1.1963,0.14781,0.639943,-1.08357,0.246722,0.617427,-1.59383
-0.0657503,0.975683,-1.69599,0.0759594,0.56366,-1.1963,0.14781,0.639943,-1.08357,0.246722,0.617427,-1.59383
-0.0657503,0.975683,-1.69599,0.0759594,0.56366,-1.1963,0.14781,0.639943,-1.08357,0.246722,0.617427,-1.59383
-0.0657503,0.975683,-1.69599,0.0759594,0.56366,-1.1963,0.14781,0.639943,-1.08357,0.246722,0.617427,-1.59383
-0.0784661,0.937182,-1.65227,0.113419,0.582056,-1.22,0.0697068,0.633985,-1.1345,0.164962,0.617235,-1.53709
-0.0784661,0.937182,-1.65227,0.113419,0.582056,-1.22,0.0697068,0.633985,-1.1345,0.164962,0.617235,-1.53709
-0.0784661,0.937182,-1.65227,0.113419,0.582056,-1.22,0.0697068,0.633985,-1.1345,0.164962,0.617235,-1.53709
-0.0784661,0.937182,-1.65227,0.113419,0.582056,-1.22,0.0697068,0.633985,-1.1345,0.164962,0.617235,-1.53709
-0.0784661,0.937182,-1.65227,0.113419,0.582056,-1.22,0.0697068,0.633985,-1.1345,0.164962,0.617235,-1.53709
0.0494112,0.688227,-1.2125,0.0927084,0.754391,-1.57122,-0.0246868,0.656754,-1.41109,-0.0517344,0.616914,-1.38164
0.0494112,0.688227,-1.2125,0.0927084,0.754391,-1.57122,-0.0246868,0.656754,-1.41109,-0.0517344,0.616914,-1.38164
0.0494112,0.688227,-1.2125,0.0927084,0.754391,-1.57122,-0.0246868,0.656754,-1.41109,-0.0517344,0.616914,-1.38164
0.0494112,0.688227,-1.2125,0.0927084,0.754391,-1.57122,-0.0246868,0.656754,-1.41109,-0.0517344,0.616914,-1.38164
0.0494112,0.688227,-1.2125,0.0927084,0.754391,-1.57122,-0.0246868,0.656754,-1.41109,-0.0517344,0.616914,-1.38164
0.0494112,0.688227,-1.2125,0.0927084,0.754391,-1.57122,-0.0246868,0.656754,-1.41109,-0.0517344,0.616914,-1.38164
0.0494112,0.688227,-1.2125,0.0927084,0.754391,-1.57122,-0.0246868,0.656754,-1.41109,-0.0517344,0.616914,-1.38164
0.0494112,0.688227,-1.2125,0.0927084,0.754391,-1.57122,-0.0246868,0.656754,-1.41109,-0.0517344,0.616914,-1.38164
0.0494112,0.688227,-1.2125,0.0927084,0.754391,-1.57122,-0.0246868,0.656754,-1.41109,-0.0517344,0.616914,-1.38164
0.0494112,0.688227,-1.2125,0.0927084,0.754391,-1.57122,-0.0246868,0.656754,-1.41109,-0.0517344,0.616914,-1.38164
0.111894,0.537359,-0.935532,0.14655,0.884581,-1.77114,-0.0735621,0.702428,-1.55805,-0.112925,0.559216,-1.07903
0.111894,0.537359,-0.935532,0.14655,0.884581,-1.77114,-0.0735621,0.702428,-1.55805,-0.112925,0.559216,-1.07903
0.111894,0.537359,-0.935532,0.14655,0.884581,-1.77114,-0.0735621,0.702428,-1.55805,-0.112925,0.559216,-1.07903
0.111894,0.537359,-0.935532,0.14655,0.884581,-1.77114,-0.0735621,0.702428,-1.55805,-0.112925,0.559216,-1.07903
0.111894,0.537359,-0.935532,0.14655,0.884581,-1.77114,-0.0735621,0.702428,-1.55805,-0.112925,0.559216,-1.07903
0.111894,0.537359,-0.935532,0.14655,0.884581,-1.77114,-0.0735621,0.702428,-1.55805,-0.112925,0.559216,-1.07903
0.111894,0.537359,-0.935532,0.14655,0.884581,-1.77114,-0.0735621,0.702428,-1.55805,-0.112925,0.559216,-1.07903
0.111894,0.537359,-0.935532,0.14655,0.884581,-1.77114,-0.0735621,0.702428,-1.55805,-0.112925,0.559216,-1.07903
0.111894,0.537359,-0.935532,0.14655,0.884581,-1.77114,-0.0735621,0.702428,-1.55805,-0.112925,0.559216,-1.07903
0.111894,0.537359,-0.935532,0.14655,0.884581,-1.77114,-0.0735621,0.702428,-1.55805,-0.112925,0.559216,-1.07903
0.213583,0.446063,-0.857549,0.16115,0.929907,-1.80691,-0.122666,0.727064,-1.63162,-0.163023,0.562919,-0.974741
0.213583,0.446063,-0.857549,0.16115,0.929907,-1.80691,-0.122666,0.727064,-1.63162,-0.163023,0.562919,-0.974741
0.213583,0.446063,-0.857549,0.16115,0.929907,-1.80691,-0.122666,0.727064,-1.63162,-0.163023,0.562919,-0.974741
0.213583,0.446063,-0.857549,0.16115,0.929907,-1.80691,-0.122666,0.727064,-1.63162,-0.163023,0.562919,-0.974741
0.213583,0.446063,-0.857549,0.16115,0.929907,-1.80691,-0.122666,0.727064,-1.63162,-0.163023,0.562919,-0.974741
0.213583,0.446063,-0.857549,0.16115,0.929907,-1.80691,-0.122666,0.727064,-1.63162,-0.163023,0.562919,-0.974741
0.213583,0.446063,-0.857549,0.16115,0.929907,-1.80691,-0.122666,0.727064,-1.63162,-0.163023,0.562919,-0.974741
0.213583,0.446063,-0.857549,0.16115,0.929907,-1.80691,-0.122666,0.727064,-1.63162,-0.163023,0.562919,-0.974741
0.213583,0.446063,-0.857549,0.16115,0.929907,-1.80691,-0.122666,0.727064,-1.63162,-0.163023,0.562919,-0.974741
0.213583,0.446063,-0.857549,0.16115,0.929907,-1.80691,-0.122666,0.727064,-1.63162,-0.163023,0.562919,-0.974741
0.276646,0.433849,-0.860969,0.135968,0.963182,-1.76046,-0.153737,0.742737,-1.65863,-0.192685,0.541482,-1.0055
0.276646,0.433849,-0.860969,0.135968,0.963182,-1.76046,-0.153737,0.742737,-1.65863,-0.192685,0.541482,-1.0055
0.276646,0.433849,-0.860969,0.135968,0.963182,-1.76046,-0.153737,0.742737,-1.65863,-0.192685,0.541482,-1.0055
0.276646,0.433849,-0.860969,0.135968,0.963182,-1.76046,-0.153737,0.742737,-1.65863,-0.192685,0.541482,-1.0055
0.276646,0.433849,-0.860969,0.135968,0.963182,-1.76046,-0.153737,0.742737,-1.65863,-0.192685,0.541482,-1.0055
0.276646,0.433849,-0.860969,0.135968,0.963182,-1.76046,-0.153737,0.742737,-1.65863,-0.192685,0.541482,-1.0055
0.276646,0.433849,-0.860969,0.135968,0.963182,-1.76046,-0.153737,0.742737,-1.65863,-0.192685,0.541482,-1.0055
0.276646,0.433849,-0.860969,0.135968,0.963182,-1.76046,-0.153737,0.742737,-1.65863,-0.192685,0.541482,-1.0055
0.276646,0.433849,-0.860969,0.135968,0.963182,-1.76046,-0.153737,0.742737,-1.65863,-0.192685,0.541482,-1.0055
0.276646,0.433849,-0.860969,0.135968,0.963182,-1.76046,-0.153737,0.742737,-1.65863,-0.192685,0.541482,-1.0055
0.276646,0.433849,-0.860969,0.135968,0.963182,-1.76046,-0.153737,0.742737,-1.65863,-0.192685,0.541482,-1.0055
0.276646,0.433849,-0.860969,0.135968,0.963182,-1.76046,-0.153737,0.742737,-1.65863,-0.192685,0.541482,-1.0055
0.276646,0.433849,-0.860969,0.135968,0.963182,-1.76046,-0.153737,0.742737,-1.65863,-0.192685,0.541482,-1.0055
0.276646,0.433849,-0.860969,0.135968,0.963182,-1.76046,-0.153737,0.742737,-1.65863,-0.192685,0.541482,-1.0055
0.278543,0.451655,-0.910679,0.112375,0.991151,-1.70792,-0.17908,0.741482,-1.6524,-0.198972,0.510393,-1.1073
0.278543,0.451655,-0.910679,0.112375,0.991151,-1.70792,-0.17908,0.741482,-1.6524,-0.198972,0.510393,-1.1073
0.278543,0.451655,-0.910679,0.112375,0.991151,-1.70792,-0.17908,0.741482,-1.6524,-0.198972,0.510393,-1.1073
0.278543,0.451655,-0.910679,0.112375,0.991151,-1.70792,-0.17908,0.741482,-1.6524,-0.198972,0.510393,-1.1073
0.278543,0.451655,-0.910679,0.112375,0.991151,-1.70792,-0.17908,0.741482,-1.6524,-0.198972,0.510393,-1.1073
0.278543,0.451655,-0.910679,0.112375,0.991151,-1.70792,-0.17908,0.741482,-1.6524,-0.198972,0.510393,-1.1073
0.278543,0.451655,-0.910679,0.112375,0.991151,-1.70792,-0.17908,0.741482,-1.6524,-0.198972,0.510393,-1.1073
0.278543,0.451655,-0.910679,0.112375,0.991151,-1.70792,-0.17908,0.741482,-1.6524,-0.198972,0.510393,-1.1073
0.278543,0.451655,-0.910679,0.112375,0.991151,-1.70792,-0.17908,0.741482,-1.6524,-0.198972,0.510393,-1.1073
0.278543,0.451655,-0.910679,0.112375,0.991151,-1.70792,-0.17908,0.741482,-1.6524,-0.198972,0.510393,-1.1073
0.25938,0.461798,-0.969297,0.0924972,0.99053,-1.67773,-0.179214,0.733406,-1.6129,-0.183914,0.52036,-1.19593
0.25938,0.461798,-0.969297,0.0924972,0.99053,-1.67773,-0.179214,0.733406,-1.6129,-0.183914,0.52036,-1.19593
0.25938,0.461798,-0.969297,0.0924972,0.99053,-1.67773,-0.179214,0.733406,-1.6129,-0.183914,0.52036,-1.19593
0.25938,0.461798,-0.969297,0.0924972,0.99053,-1.67773,-0.179214,0.733406,-1.6129,-0.183914,0.52036,-1.19593
0.25938,0.461798,-0.969297,0.0924972,0.99053,-1.67773,-0.179214,0.733406,-1.6129,-0.183914,0.52036,-1.19593
0.25938,0.461798,-0.969297,0.0924972,0.99053,-1.67773,-0.179214,0.733406,-1.6129,-0.183914,0.52036,-1.19593
0.25938,0.461798,-0.969297,0.0924972,0.99053,-1.67773,-0.179214,0.733406,-1.6129,-0.183914,0.52036,-1.19593
0.25938,0.461798,-0.969297,0.0924972,0.99053,-1.67773,-0.179214,0.733406,-1.6129,-0.183914,0.52036,-1.19593
0.25938,0.461798,-0.969297,0.0924972,0.99053,-1.67773,-0.179214,0.733406,-1.6129,-0.183914,0.52036,-1.19593
0.25938,0.461798,-0.969297,0.0924972,0.99053,-1.67773,-0.179214,0.733406,-1.6129,-0.183914,0.52036,-1.19593
0.25938,0.461798,-0.969297,0.0924972,0.99053,-1.67773,-0.179214,0.733406,-1.6129,-0.183914,0.52036,-1.19593
0.231664,0.460888,-0.983127,0.0803002,0.954845,-1.64894,-0.177227,0.698612,-1.55037,-0.1506,0.572573,-1.19182
0.231664,0.460888,-0.983127,0.0803002,0.954845,-1.64894,-0.177227,0.698612,-1.55037,-0.1506,0.572573,-1.19182
0.231664,0.460888,-0.983127,0.0803002,0.954845,-1.64894,-0.177227,0.698612,-1.55037,-0.1506,0.572573,-1.19182
0.231664,0.460888,-0.983127,0.0803002,0.954845,-1.64894,-0.177227,0.698612,-1.55037,-0.1506,0.572573,-1.19182
0.231664,0.460888,-0.983127,0.0803002,0.954845,-1.64894,-0.177227,0.698612,-1.55037,-0.1506,0.572573,-1.19182
0.231664,0.460888,-0.983127,0.0803002,0.954845,-1.64894,-0.177227,0.698612,-1.55037,-0.1506,0.572573,-1.19182
0.231664,0.460888,-0.983127,0.0803002,0.954845,-1.64894,-0.177227,0.698612,-1.55037,-0.1506,0.572573,-1.19182
0.231664,0.460888,-0.983127,0.0803002,0.954845,-1.64894,-0.177227,0.698612,-1.55037,-0.1506,0.572573,-1.19182
0.231664,0.460888,-0.983127,0.0803002,0.954845,-1.64894,-0.177227,0.698612,-1.55037,-0.1506,0.572573,-1.19182
0.231664,0.460888,-0.983127,0.0803002,0.954845,-1.64894,-0.177227,0.698612,-1.55037,-0.1506,0.572573,-1.19182
0.186199,0.466535,-0.997197,0.0914372,0.925064,-1.6105,-0.148719,0.619973,-1.47698,-0.0851105,0.637102,-1.13739
0.186199,0.466535,-0.997197,0.0914372,0.925064,-1.6105,-0.148719,0.619973,-1.47698,-0.0851105,0.637102,-1.13739
0.186199,0.466535,-0.997197,0.0914372,0.925064,-1.6105,-0.148719,0.619973,-1.47698,-0.0851105,0.637102,-1.13739
0.186199,0.466535,-0.997197,0.0914372,0.925064,-1.6105,-0.148719,0.619973,-1.47698,-0.0851105,0.637102,-1.13739
0.186199,0.466535,-0.997197,0.0914372,0.925064,-1.6105,-0.148719,0.619973,-1.47698,-0.0851105,0.637102,-1.13739
0.186199,0.466535,-0.997197,0.0914372,0.925064,-1.6105,-0.148719,0.619973,-1.47698,-0.0851105,0.637102,-1.13739
0.186199,0.466535,-0.997197,0.0914372,0.925064,-1.6105,-0.148719,0.619973,-1.47698,-0.0851105,0.637102,-1.13739
0.186199,0.466535,-0.997197,0.0914372,0.925064,-1.6105,-0.148719,0.619973,-1.47698,-0.0851105,0.637102,-1.13739
0.186199,0.466535,-0.997197,0.0914372,0.925064,-1.6105,-0.148719,0.619973,-1.47698,-0.0851105,0.637102,-1.13739
0.102926,0.563289,-1.20191,0.0819514,0.924652,-1.39485,0.0104294,0.60063,-1.32195,0.0551635,0.647617,-1.30412
0.102926,0.563289,-1.20191,0.0819514,0.924652,-1.39485,0.0104294,0.60063,-1.32195,0.0551635,0.647617,-1.30412
0.102926,0.563289,-1.20191,0.0819514,0.924652,-1.39485,0.0104294,0.60063,-1.32195,0.0551635,0.647617,-1.30412
0.102926,0.563289,-1.20191,0.0819514,0.924652,-1.39485,0.0104294,0.60063,-1.32195,0.0551635,0.647617,-1.30412
0.102926,0.563289,-1.20191,0.0819514,0.924652,-1.39485,0.0104294,0.60063,-1.32195,0.0551635,0.647617,-1.30412
0.102926,0.563289,-1.20191,0.0819514,0.924652,-1.39485,0.0104294,0.60063,-1.32195,0.0551635,0.647617,-1.30412
0.102926,0.563289,-1.20191,0.0819514,0.924652,-1.39485,0.0104294,0.60063,-1.32195,0.0551635,0.647617,-1.30412
0.102926,0.563289,-1.20191,0.0819514,0.924652,-1.39485,0.0104294,0.60063,-1.32195,0.0551635,0.647617,-1.30412
0.102926,0.563289,-1.20191,0.0819514,0.924652,-1.39485,0.0104294,0.60063,-1.32195,0.0551635,0.647617,-1.30412
-0.00255271,0.776474,-1.60422,-0.0729064,0.704832,-0.991117,0.218692,0.577675,-0.840098,0.213582,0.694319,-1.64877
-0.00255271,0.776474,-1.60422,-0.0729064,0.704832,-0.991117,0.218692,0.577675,-0.840098,0.213582,0.694319,-1.64877
-0.00255271,0.776474,-1.60422,-0.0729064,0.704832,-0.991117,0.218692,0.577675,-0.840098,0.213582,0.694319,-1.64877
-0.00255271,0.776474,-1.60422,-0.0729064,0.704832,-0.991117,0.218692,0.577675,-0.840098,0.213582,0.694319,-1.64877
-0.00255271,0.776474,-1.60422,-0.0729064,0.704832,-0.991117,0.218692,0.577675,-0.840098,0.213582,0.694319,-1.64877
-0.00255271,0.776474,-1.60422,-0.0729064,0.704832,-0.991117,0.218692,0.577675,-0.840098,0.213582,0.694319,-1.64877
-0.00255271,0.776474,-1.60422,-0.0729064,0.704832,-0.991117,0.218692,0.577675,-0.840098,0.213582,0.694319,-1.64877
-0.00255271,0.776474,-1.60422,-0.0729064,0.704832,-0.991117,0.218692,0.577675,-0.840098,0.213582,0.694319,-1.64877
-0.00255271,0.776474,-1.60422,-0.0729064,0.704832,-0.991117,0.218692,0.577675,-0.840098,0.213582,0.694319,-1.64877
-0.00255271,0.776474,-1.60422,-0.0729064,0.704832,-0.991117,0.218692,0.577675,-0.840098,0.213582,0.694319,-1.64877
-0.00255271,0.776474,-1.60422,-0.0729064,0.704832,-0.991117,0.218692,0.577675,-0.840098,0.213582,0.694319,-1.64877
-0.00255271,0.776474,-1.60422,-0.0729064,0.704832,-0.991117,0.218692,0.577675,-0.840098,0.213582,0.694319,-1.64877
-0.00255271,0.776474,-1.60422,-0.0729064,0.704832,-0.991117,0.218692,0.577675,-0.840098,0.213582,0.694319,-1.64877
-0.0469596,0.897628,-1.72829,-0.0867175,0.586972,-0.860626,0.272841,0.644025,-0.778976,0.260518,0.708981,-1.72321
-0.0469596,0.897628,-1.72829,-0.0867175,0.586972,-0.860626,0.272841,0.644025,-0.778976,0.260518,0.708981,-1.72321
-0.0469596,0.897628,-1.72829,-0.0867175,0.586972,-0.860626,0.272841,0.644025,-0.778976,0.260518,0.708981,-1.72321
-0.0469596,0.897628,-1.72829,-0.0867175,0.586972,-0.860626,0.272841,0.644025,-0.778976,0.260518,0.708981,-1.72321
-0.0469596,0.897628,-1.72829,-0.0867175,0.586972,-0.860626,0.272841,0.644025,-0.778976,0.260518,0.708981,-1.72321
-0.0469596,0.897628,-1.72829,-0.0867175,0.586972,-0.860626,0.272841,0.644025,-0.778976,0.260518,0.708981,-1.72321
-0.0469596,0.897628,-1.72829,-0.0867175,0.586972,-0.860626,0.272841,0.644025,-0.778976,0.260518,0.708981,-1.72321
-0.0469596,0.897628,-1.72829,-0.0867175,0.586972,-0.860626,0.272841,0.644025,-0.778976,0.260518,0.708981,-1.72321
-0.0469596,0.897628,-1.72829,-0.0867175,0.586972,-0.860626,0.272841,0.644025,-0.778976,0.260518,0.708981,-1.72321
-0.0469596,0.897628,-1.72829,-0.0867175,0.586972,-0.860626,0.272841,0.644025,-0.778976,0.260518,0.708981,-1.72321
-0.0629771,0.935707,-1.73357,-0.0851491,0.558763,-0.917791,0.287765,0.678603,-0.860074,0.297475,0.67336,-1.7071
-0.0629771,0.935707,-1.73357,-0.0851491,0.558763,-0.917791,0.287765,0.678603,-0.860074,0.297475,0.67336,-1.7071
-0.0629771,0.935707,-1.73357,-0.0851491,0.558763,-0.917791,0.287765,0.678603,-0.860074,0.297475,0.67336,-1.7071
-0.0629771,0.935707,-1.73357,-0.0851491,0.558763,-0.917791,0.287765,0.678603,-0.860074,0.297475,0.67336,-1.7071
-0.0629771,0.935707,-1.73357,-0.0851491,0.558763,-0.917791,0.287765,0.678603,-0.860074,0.297475,0.67336,-1.7071
-0.0629771,0.935707,-1.73357,-0.0851491,0.558763,-0.917791,0.287765,0.678603,-0.860074,0.297475,0.67336,-1.7071
-0.0629771,0.935707,-1.73357,-0.0851491,0.558763,-0.917791,0.287765,0.678603,-0.860074,0.297475,0.67336,-1.7071
-0.0629771,0.935707,-1.73357,-0.0851491,0.558763,-0.917791,0.287765,0.678603,-0.860074,0.297475,0.67336,-1.7071
-0.0629771,0.935707,-1.73357,-0.0851491,0.558763,-0.917791,0.287765,0.678603,-0.860074,0.297475,0.67336,-1.7071
-0.0629771,0.935707,-1.73357,-0.0851491,0.558763,-0.917791,0.287765,0.678603,-0.860074,0.297475,0.67336,-1.7071
-0.0589242,0.941849,-1.7025,-0.0539214,0.586025,-1.05175,0.269908,0.678903,-0.955888,0.301716,0.660523,-1.64555
-0.0589242,0.941849,-1.7025,-0.0539214,0.586025,-1.05175,0.269908,0.678903,-0.955888,0.301716,0.660523,-1.64555
-0.0589242,0.941849,-1.7025,-0.0539214,0.586025,-1.05175,0.269908,0.678903,-0.955888,0.301716,0.660523,-1.64555
-0.0589242,0.941849,-1.7025,-0.0539214,0.586025,-1.05175,0.269908,0.678903,-0.955888,0.301716,0.660523,-1.64555
-0.0589242,0.941849,-1.7025,-0.0539214,0.586025,-1.05175,0.269908,0.678903,-0.955888,0.301716,0.660523,-1.64555
-0.0589242,0.941849,-1.7025,-0.0539214,0.586025,-1.05175,0.269908,0.678903,-0.955888,0.301716,0.660523,-1.64555
-0.0589242,0.941849,-1.7025,-0.0539214,0.586025,-1.05175,0.269908,0.678903,-0.955888,0.301716,0.660523,-1.64555
-0.055797,0.951573,-1.68104,-0.00712479,0.60272,-1.17424,0.248892,0.667331,-1.04285,0.278635,0.64785,-1.60104
-0.055797,0.951573,-1.68104,-0.00712479,0.60272,-1.17424,0.248892,0.667331,-1.04285,0.278635,0.64785,-1.60104
-0.055797,0.951573,-1.68104,-0.00712479,0.60272,-1.17424,0.248892,0.667331,-1.04285,0.278635,0.64785,-1.60104
-0.055797,0.951573,-1.68104,-0.00712479,0.60272,-1.17424,0.248892,0.667331,-1.04285,0.278635,0.64785,-1.60104
-0.055797,0.951573,-1.68104,-0.00712479,0.60272,-1.17424,0.248892,0.667331,-1.04285,0.278635,0.64785,-1.60104
-0.055797,0.951573,-1.68104,-0.00712479,0.60272,-1.17424,0.248892,0.667331,-1.04285,0.278635,0.64785,-1.60104
-0.055797,0.951573,-1.68104,-0.00712479,0.60272,-1.17424,0.248892,0.667331,-1.04285,0.278635,0.64785,-1.60104
-0.055797,0.951573,-1.68104,-0.00712479,0.60272,-1.17424,0.248892,0.667331,-1.04285,0.278635,0.64785,-1.60104
-0.055797,0.951573,-1.68104,-0.00712479,0.60272,-1.17424,0.248892,0.667331,-1.04285,0.278635,0.64785,-1.60104
-0.0644535,0.970204,-1.69319,0.0392402,0.578331,-1.21007,0.200536,0.647924,-1.07301,0.262314,0.637774,-1.59339
-0.0644535,0.970204,-1.69319,0.0392402,0.578331,-1.21007,0.200536,0.647924,-1.07301,0.262314,0.637774,-1.59339
-0.0644535,0.970204,-1.69319,0.0392402,0.578331,-1.21007,0.200536,0.647924,-1.07301,0.262314,0.637774,-1.59339
-0.0644535,0.970204,-1.69319,0.0392402,0.578331,-1.21007,0.200536,0.647924,-1.07301,0.262314,0.637774,-1.59339
-0.0644535,0.970204,-1.69319,0.0392402,0.578331,-1.21007,0.200536,0.647924,-1.07301,0.262314,0.637774,-1.59339
-0.0644535,0.970204,-1.69319,0.0392402,0.578331,-1.21007,0.200536,0.647924,-1.07301,0.262314,0.637774,-1.59339
-0.0644535,0.970204,-1.69319,0.0392402,0.578331,-1.21007,0.200536,0.647924,-1.07301,0.262314,0.637774,-1.59339
-0.0644535,0.970204,-1.69319,0.0392402,0.578331,-1.21007,0.200536,0.647924,-1.07301,0.262314,0.637774,-1.59339
-0.0644535,0.970204,-1.69319,0.0392402,0.578331,-1.21007,0.200536,0.647924,-1.07301,0.262314,0.637774,-1.59339
-0.0659264,0.972622,-1.69006,0.0955217,0.566181,-1.18673,0.124429,0.641832,-1.08865,0.234327,0.603255,-1.59196
-0.0659264,0.972622,-1.69006,0.0955217,0.566181,-1.18673,0.124429,0.641832,-1.08865,0.234327,0.603255,-1.59196
-0.0659264,0.972622,-1.69006,0.0955217,0.566181,-1.18673,0.124429,0.641832,-1.08865,0.234327,0.603255,-1.59196
-0.0659264,0.972622,-1.69006,0.0955217,0.566181,-1.18673,0.124429,0.641832,-1.08865,0.234327,0.603255,-1.59196
-0.0659264,0.972622,-1.69006,0.0955217,0.566181,-1.18673,0.124429,0.641832,-1.08865,0.234327,0.603255,-1.59196
-0.0659264,0.972622,-1.69006,0.0955217,0.566181,-1.18673,0.124429,0.641832,-1.08865,0.234327,0.603255,-1.59196
-0.0659264,0.972622,-1.69006,0.0955217,0.566181,-1.18673,0.124429,0.641832,-1.08865,0.234327,0.603255,-1.59196
-0.0659264,0.972622,-1.69006,0.0955217,0.566181,-1.18673,0.124429,0.641832,-1.08865,0.234327,0.603255,-1.59196
-0.0659264,0.972622,-1.69006,0.0955217,0.566181,-1.18673,0.124429,0.641832,-1.08865,0.234327,0.603255,-1.59196
-0.0659264,0.972622,-1.69006,0.0955217,0.566181,-1.18673,0.124429,0.641832,-1.08865,0.234327,0.603255,-1.59196
-0.0718024,0.888336,-1.58742,0.0914523,0.645038,-1.30726,0.0400532,0.636257,-1.19079,0.0917922,0.640925,-1.49879
-0.0718024,0.888336,-1.58742,0.0914523,0.645038,-1.30726,0.0400532,0.636257,-1.19079,0.0917922,0.640925,-1.49879
-0.0718024,0.888336,-1.58742,0.0914523,0.645038,-1.30726,0.0400532,0.636257,-1.19079,0.0917922,0.640925,-1.49879
-0.0718024,0.888336,-1.58742,0.0914523,0.645038,-1.30726,0.0400532,0.636257,-1.19079,0.0917922,0.640925,-1.49879
-0.0718024,0.888336,-1.58742,0.0914523,0.645038,-1.30726,0.0400532,0.636257,-1.19079,0.0917922,0.640925,-1.49879
-0.0718024,0.888336,-1.58742,0.0914523,0.645038,-1.30726,0.0400532,0.636257,-1.19079,0.0917922,0.640925,-1.49879
-0.0718024,0.888336,-1.58742,0.0914523,0.645038,-1.30726,0.0400532,0.636257,-1.19079,0.0917922,0.640925,-1.49879
-0.0718024,0.888336,-1.58742,0.0914523,0.645038,-1.30726,0.0400532,0.636257,-1.19079,0.0917922,0.640925,-1.49879
-0.0718024,0.888336,-1.58742,0.0914523,0.645038,-1.30726,0.0400532,0.636257,-1.19079,0.0917922,0.640925,-1.49879
-0.0718024,0.888336,-1.58742,0.0914523,0.645038,-1.30726,0.0400532,0.636257,-1.19079,0.0917922,0.640925,-1.49879
-0.0718024,0.888336,-1.58742,0.0914523,0.645038,-1.30726,0.0400532,0.636257,-1.19079,0.0917922,0.640925,-1.49879
0.0734214,0.603921,-1.06131,0.114886,0.801966,-1.67729,-0.0550565,0.668967,-1.4888,-0.084616,0.598378,-1.23371
0.0734214,0.603921,-1.06131,0.114886,0.801966,-1.67729,-0.0550565,0.668967,-1.4888,-0.084616,0.598378,-1.23371
0.0734214,0.603921,-1.06131,0.114886,0.801966,-1.67729,-0.0550565,0.668967,-1.4888,-0.084616,0.598378,-1.23371
0.0734214,0.603921,-1.06131,0.114886,0.801966,-1.67729,-0.0550565,0.668967,-1.4888,-0.084616,0.598378,-1.23371
0.0734214,0.603921,-1.06131,0.114886,0.801966,-1.67729,-0.0550565,0.668967,-1.4888,-0.084616,0.598378,-1.23371
0.0734214,0.603921,-1.06131,0.114886,0.801966,-1.67729,-0.0550565,0.668967,-1.4888,-0.084616,0.598378,-1.23371
0.0734214,0.603921,-1.06131,0.114886,0.801966,-1.67729,-0.0550565,0.668967,-1.4888,-0.084616,0.598378,-1.23371
0.0734214,0.603921,-1.06131,0.114886,0.801966,-1.67729,-0.0550565,0.668967,-1.4888,-0.084616,0.598378,-1.23371
0.0734214,0.603921,-1.06131,0.114886,0.801966,-1.67729,-0.0550565,0.668967,-1.4888,-0.084616,0.598378,-1.23371
0.0734214,0.603921,-1.06131,0.114886,0.801966,-1.67729,-0.0550565,0.668967,-1.4888,-0.084616,0.598378,-1.23371
0.152587,0.489362,-0.873332,0.156199,0.903587,-1.79923,-0.0948834,0.705417,-1.59571,-0.133525,0.559286,-1.01479
0.152587,0.489362,-0.873332,0.156199,0.903587,-1.79923,-0.0948834,0.705417,-1.59571,-0.133525,0.559286,-1.01479
0.152587,0.489362,-0.873332,0.156199,0.903587,-1.79923,-0.0948834,0.705417,-1.59571,-0.133525,0.559286,-1.01479
0.152587,0.489362,-0.873332,0.156199,0.903587,-1.79923,-0.0948834,0.705417,-1.59571,-0.133525,0.559286,-1.01479
0.152587,0.489362,-0.873332,0.156199,0.903587,-1.79923,-0.0948834,0.705417,-1.59571,-0.133525,0.559286,-1.01479
0.152587,0.489362,-0.873332,0.156199,0.903587,-1.79923,-0.0948834,0.705417,-1.59571,-0.133525,0.559286,-1.01479
0.152587,0.489362,-0.873332,0.156199,0.903587,-1.79923,-0.0948834,0.705417,-1.59571,-0.133525,0.559286,-1.01479
0.152587,0.489362,-0.873332,0.156199,0.903587,-1.79923,-0.0948834,0.705417,-1.59571,-0.133525,0.559286,-1.01479
0.152587,0.489362,-0.873332,0.156199,0.903587,-1.79923,-0.0948834,0.705417,-1.59571,-0.133525,0.559286,-1.01479
0.152587,0.489362,-0.873332,0.156199,0.903587,-1.79923,-0.0948834,0.705417,-1.59571,-0.133525,0.559286,-1.01479
0.245467,0.431872,-0.842482,0.151222,0.942175,-1.79977,-0.131103,0.731338,-1.6472,-0.178542,0.559187,-0.973518
0.245467,0.431872,-0.842482,0.151222,0.942175,-1.79977,-0.131103,0.731338,-1.6472,-0.178542,0.559187,-0.973518
0.245467,0.431872,-0.842482,0.151222,0.942175,-1.79977,-0.131103,0.731338,-1.6472,-0.178542,0.559187,-0.973518
0.245467,0.431872,-0.842482,0.151222,0.942175,-1.79977,-0.131103,0.731338,-1.6472,-0.178542,0.559187,-0.973518
0.245467,0.431872,-0.842482,0.151222,0.942175,-1.79977,-0.131103,0.731338,-1.6472,-0.178542,0.559187,-0.973518
0.245467,0.431872,-0.842482,0.151222,0.942175,-1.79977,-0.131103,0.731338,-1.6472,-0.178542,0.559187,-0.973518
0.245467,0.431872,-0.842482,0.151222,0.942175,-1.79977,-0.131103,0.731338,-1.6472,-0.178542,0.559187,-0.973518
0.245467,0.431872,-0.842482,0.151222,0.942175,-1.79977,-0.131103,0.731338,-1.6472,-0.178542,0.559187,-0.973518
0.245467,0.431872,-0.842482,0.151222,0.942175,-1.79977,-0.131103,0.731338,-1.6472,-0.178542,0.559187,-0.973518
0.245467,0.431872,-0.842482,0.151222,0.942175,-1.79977,-0.131103,0.731338,-1.6472,-0.178542,0.559187,-0.973518
0.284513,0.434761,-0.872655,0.127426,0.975995,-1.73884,-0.16545,0.742891,-1.66218,-0.197141,0.527953,-1.0412
0.284513,0.434761,-0.872655,0.127426,0.975995,-1.73884,-0.16545,0.742891,-1.66218,-0.197141,0.527953,-1.0412
0.284513,0.434761,-0.872655,0.127426,0.975995,-1.73884,-0.16545,0.742891,-1.66218,-0.197141,0.527953,-1.0412
0.284513,0.434761,-0.872655,0.127426,0.975995,-1.73884,-0.16545,0.742891,-1.66218,-0.197141,0.527953,-1.0412
0.284513,0.434761,-0.872655,0.127426,0.975995,-1.73884,-0.16545,0.742891,-1.66218,-0.197141,0.527953,-1.0412
0.284513,0.434761,-0.872655,0.127426,0.975995,-1.73884,-0.16545,0.742891,-1.66218,-0.197141,0.527953,-1.0412
0.284513,0.434761,-0.872655,0.127426,0.975995,-1.73884,-0.16545,0.742891,-1.66218,-0.197141,0.527953,-1.0412
0.284513,0.434761,-0.872655,0.127426,0.975995,-1.73884,-0.16545,0.742891,-1.66218,-0.197141,0.527953,-1.0412
0.284513,0.434761,-0.872655,0.127426,0.975995,-1.73884,-0.16545,0.742891,-1.66218,-0.197141,0.527953,-1.0412
0.284513,0.434761,-0.872655,0.127426,0.975995,-1.73884,-0.16545,0.742891,-1.66218,-0.197141,0.527953,-1.0412
0.269814,0.457378,-0.929855,0.105955,0.9975,-1.69848,-0.180196,0.736206,-1.64613,-0.195771,0.504351,-1.14798
0.269814,0.457378,-0.929855,0.105955,0.9975,-1.69848,-0.180196,0.736206,-1.64613,-0.195771,0.504351,-1.14798
0.269814,0.457378,-0.929855,0.105955,0.9975,-1.69848,-0.180196,0.736206,-1.64613,-0.195771,0.504351,-1.14798
0.269814,0.457378,-0.929855,0.105955,0.9975,-1.69848,-0.180196,0.736206,-1.64613,-0.195771,0.504351,-1.14798
0.269814,0.457378,-0.929855,0.105955,0.9975,-1.69848,-0.180196,0.736206,-1.64613,-0.195771,0.504351,-1.14798
0.269814,0.457378,-0.929855,0.105955,0.9975,-1.69848,-0.180196,0.736206,-1.64613,-0.195771,0.504351,-1.14798
0.269814,0.457378,-0.929855,0.105955,0.9975,-1.69848,-0.180196,0.736206,-1.64613,-0.195771,0.504351,-1.14798
0.269814,0.457378,-0.929855,0.105955,0.9975,-1.69848,-0.180196,0.736206,-1.64613,-0.195771,0.504351,-1.14798
0.269814,0.457378,-0.929855,0.105955,0.9975,-1.69848,-0.180196,0.736206,-1.64613,-0.195771,0.504351,-1.14798
0.269814,0.457378,-0.929855,0.105955,0.9975,-1.69848,-0.180196,0.736206,-1.64613,-0.195771,0.504351,-1.14798
0.251371,0.465917,-0.980779,0.0888711,0.98366,-1.66826,-0.17753,0.728076,-1.59231,-0.174755,0.53141,-1.20472
0.251371,0.465917,-0.980779,0.0888711,0.98366,-1.66826,-0.17753,0.728076,-1.59231,-0.174755,0.53141,-1.20472
0.251371,0.465917,-0.980779,0.0888711,0.98366,-1.66826,-0.17753,0.728076,-1.59231,-0.174755,0.53141,-1.20472
0.251371,0.465917,-0.980779,0.0888711,0.98366,-1.66826,-0.17753,0.728076,-1.59231,-0.174755,0.53141,-1.20472
0.251371,0.465917,-0.980779,0.0888711,0.98366,-1.66826,-0.17753,0.728076,-1.59231,-0.174755,0.53141,-1.20472
0.251371,0.465917,-0.980779,0.0888711,0.98366,-1.66826,-0.17753,0.728076,-1.59231,-0.174755,0.53141,-1.20472
0.251371,0.465917,-0.980779,0.0888711,0.98366,-1.66826,-0.17753,0.728076,-1.59231,-0.174755,0.53141,-1.20472
0.251371,0.465917,-0.980779,0.0888711,0.98366,-1.66826,-0.17753,0.728076,-1.59231,-0.174755,0.53141,-1.20472
0.251371,0.465917,-0.980779,0.0888711,0.98366,-1.66826,-0.17753,0.728076,-1.59231,-0.174755,0.53141,-1.20472
0.251371,0.465917,-0.980779,0.0888711,0.98366,-1.66826,-0.17753,0.728076,-1.59231,-0.174755,0.53141,-1.20472
0.21678,0.463186,-0.986794,0.0767234,0.935994,-1.64255,-0.175811,0.671475,-1.52657,-0.130301,0.596812,-1.17961
0.21678,0.463186,-0.986794,0.0767234,0.935994,-1.64255,-0.175811,0.671475,-1.52657,-0.130301,0.596812,-1.17961
0.21678,0.463186,-0.986794,0.0767234,0.935994,-1.64255,-0.175811,0.671475,-1.52657,-0.130301,0.596812,-1.17961
0.21678,0.463186,-0.986794,0.0767234,0.935994,-1.64255,-0.175811,0.671475,-1.52657,-0.130301,0.596812,-1.17961
0.21678,0.463186,-0.986794,0.0767234,0.935994,-1.64255,-0.175811,0.671475,-1.52657,-0.130301,0.596812,-1.17961
0.21678,0.463186,-0.986794,0.0767234,0.935994,-1.64255,-0.175811,0.671475,-1.52657,-0.130301,0.596812,-1.17961
0.21678,0.463186,-0.986794,0.0767234,0.935994,-1.64255,-0.175811,0.671475,-1.52657,-0.130301,0.596812,-1.17961
0.21678,0.463186,-0.986794,0.0767234,0.935994,-1.64255,-0.175811,0.671475,-1.52657,-0.130301,0.596812,-1.17961
0.21678,0.463186,-0.986794,0.0767234,0.935994,-1.64255,-0.175811,0.671475,-1.52657,-0.130301,0.596812,-1.17961
0.21678,0.463186,-0.986794,0.0767234,0.935994,-1.64255,-0.175811,0.671475,-1.52657,-0.130301,0.596812,-1.17961
0.17395,0.477145,-1.01505,0.0995929,0.935942,-1.58035,-0.117258,0.609649,-1.44778,-0.0548606,0.647232,-1.13257
0.17395,0.477145,-1.01505,0.0995929,0.935942,-1.58035,-0.117258,0.609649,-1.44778,-0.0548606,0.647232,-1.13257
0.17395,0.477145,-1.01505,0.0995929,0.935942,-1.58035,-0.117258,0.609649,-1.44778,-0.0548606,0.647232,-1.13257
0.17395,0.477145,-1.01505,0.0995929,0.935942,-1.58035,-0.117258,0.609649,-1.44778,-0.0548606,0.647232,-1.13257
0.17395,0.477145,-1.01505,0.0995929,0.935942,-1.58035,-0.117258,0.609649,-1.44778,-0.0548606,0.647232,-1.13257
0.17395,0.477145,-1.01505,0.0995929,0.935942,-1.58035,-0.117258,0.609649,-1.44778,-0.0548606,0.647232,-1.13257
0.17395,0.477145,-1.01505,0.0995929,0.935942,-1.58035,-0.117258,0.609649,-1.44778,-0.0548606,0.647232,-1.13257
0.17395,0.477145,-1.01505,0.0995929,0.935942,-1.58035,-0.117258,0.609649,-1.44778,-0.0548606,0.647232,-1.13257
0.17395,0.477145,-1.01505,0.0995929,0.935942,-1.58035,-0.117258,0.609649,-1.44778,-0.0548606,0.647232,-1.13257
0.17395,0.477145,-1.01505,0.0995929,0.935942,-1.58035,-0.117258,0.609649,-1.44778,-0.0548606,0.647232,-1.13257
0.0427713,0.628605,-1.37859,0.0170105,0.849248,-1.2275,0.106898,0.576608,-1.1518,0.135316,0.652179,-1.49581
0.0427713,0.628605,-1.37859,0.0170105,0.849248,-1.2275,0.106898,0.576608,-1.1518,0.135316,0.652179,-1.49581
0.0427713,0.628605,-1.37859,0.0170105,0.849248,-1.2275,0.106898,0.576608,-1.1518,0.135316,0.652179,-1.49581
0.0427713,0.628605,-1.37859,0.0170105,0.849248,-1.2275,0.106898,0.576608,-1.1518,0.135316,0.652179,-1.49581
0.0427713,0.628605,-1.37859,0.0170105,0.849248,-1.2275,0.106898,0.576608,-1.1518,0.135316,0.652179,-1.49581
0.0427713,0.628605,-1.37859,0.0170105,0.849248,-1.2275,0.106898,0.576608,-1.1518,0.135316,0.652179,-1.49581
0.0427713,0.628605,-1.37859,0.0170105,0.849248,-1.2275,0.106898,0.576608,-1.1518,0.135316,0.652179,-1.49581
0.0427713,0.628605,-1.37859,0.0170105,0.849248,-1.2275,0.106898,0.576608,-1.1518,0.135316,0.652179,-1.49581
0.0427713,0.628605,-1.37859,0.0170105,0.849248,-1.2275,0.106898,0.576608,-1.1518,0.135316,0.652179,-1.49581
0.0427713,0.628605,-1.37859,0.0170105,0.849248,-1.2275,0.106898,0.576608,-1.1518,0.135316,0.652179,-1.49581
-0.0166015,0.846695,-1.65857,-0.0721445,0.65579,-0.936665,0.252277,0.61553,-0.834427,0.22978,0.719911,-1.69714
-0.0166015,0.846695,-1.65857,-0.0721445,0.65579,-0.936665,0.252277,0.61553,-0.834427,0.22978,0.719911,-1.69714
-0.0166015,0.846695,-1.65857,-0.0721445,0.65579,-0.936665,0.252277,0.61553,-0.834427,0.22978,0.719911,-1.69714
-0.0166015,0.846695,-1.65857,-0.0721445,0.65579,-0.936665,0.252277,0.61553,-0.834427,0.22978,0.719911,-1.69714
-0.0166015,0.846695,-1.65857,-0.0721445,0.65579,-0.936665,0.252277,0.61553,-0.834427,0.22978,0.719911,-1.69714
-0.0166015,0.846695,-1.65857,-0.0721445,0.65579,-0.936665,0.252277,0.61553,-0.834427,0.22978,0.719911,-1.69714
-0.0166015,0.846695,-1.65857,-0.0721445,0.65579,-0.936665,0.252277,0.61553,-0.834427,0.22978,0.719911,-1.69714
-0.0166015,0.846695,-1.65857,-0.0721445,0.65579,-0.936665,0.252277,0.61553,-0.834427,0.22978,0.719911,-1.69714
-0.0166015,0.846695,-1.65857,-0.0721445,0.65579,-0.936665,0.252277,0.61553,-0.834427,0.22978,0.719911,-1.69714
-0.0166015,0.846695,-1.65857,-0.0721445,0.65579,-0.936665,0.252277,0.61553,-0.834427,0.22978,0.719911,-1.69714
-0.0516957,0.922722,-1.73511,-0.0793314,0.56741,-0.882728,0.276928,0.653865,-0.833688,0.269629,0.700162,-1.72551
-0.0516957,0.922722,-1.73511,-0.0793314,0.56741,-0.882728,0.276928,0.653865,-0.833688,0.269629,0.700162,-1.72551
-0.0516957,0.922722,-1.73511,-0.0793314,0.56741,-0.882728,0.276928,0.653865,-0.833688,0.269629,0.700162,-1.72551
-0.0516957,0.922722,-1.73511,-0.0793314,0.56741,-0.882728,0.276928,0.653865,-0.833688,0.269629,0.700162,-1.72551
-0.0516957,0.922722,-1.73511,-0.0793314,0.56741,-0.882728,0.276928,0.653865,-0.833688,0.269629,0.700162,-1.72551
-0.0516957,0.922722,-1.73511,-0.0793314,0.56741,-0.882728,0.276928,0.653865,-0.833688,0.269629,0.700162,-1.72551
-0.0516957,0.922722,-1.73511,-0.0793314,0.56741,-0.882728,0.276928,0.653865,-0.833688,0.269629,0.700162,-1.72551
-0.0516957,0.922722,-1.73511,-0.0793314,0.56741,-0.882728,0.276928,0.653865,-0.833688,0.269629,0.700162,-1.72551
-0.0516957,0.922722,-1.73511,-0.0793314,0.56741,-0.882728,0.276928,0.653865,-0.833688,0.269629,0.700162,-1.72551
-0.0516957,0.922722,-1.73511,-0.0793314,0.56741,-0.882728,0.276928,0.653865,-0.833688,0.269629,0.700162,-1.72551
-0.0516957,0.922722,-1.73511,-0.0793314,0.56741,-0.882728,0.276928,0.653865,-0.833688,0.269629,0.700162,-1.72551
-0.0516957,0.922722,-1.73511,-0.0793314,0.56741,-0.882728,0.276928,0.653865,-0.833688,0.269629,0.700162,-1.72551
-0.063612,0.943214,-1.72975,-0.069713,0.568569,-0.973837,0.281669,0.664044,-0.905753,0.302312,0.668384,-1.68796
-0.063612,0.943214,-1.72975,-0.069713,0.568569,-0.973837,0.281669,0.664044,-0.905753,0.302312,0.668384,-1.68796
-0.063612,0.943214,-1.72975,-0.069713,0.568569,-0.973837,0.281669,0.664044,-0.905753,0.302312,0.668384,-1.68796
-0.063612,0.943214,-1.72975,-0.069713,0.568569,-0.973837,0.281669,0.664044,-0.905753,0.302312,0.668384,-1.68796
-0.063612,0.943214,-1.72975,-0.069713,0.568569,-0.973837,0.281669,0.664044,-0.905753,0.302312,0.668384,-1.68796
-0.063612,0.943214,-1.72975,-0.069713,0.568569,-0.973837,0.281669,0.664044,-0.905753,0.302312,0.668384,-1.68796
-0.063612,0.943214,-1.72975,-0.069713,0.568569,-0.973837,0.281669,0.664044,-0.905753,0.302312,0.668384,-1.68796
-0.063612,0.943214,-1.72975,-0.069713,0.568569,-0.973837,0.281669,0.664044,-0.905753,0.302312,0.668384,-1.68796
-0.063612,0.943214,-1.72975,-0.069713,0.568569,-0.973837,0.281669,0.664044,-0.905753,0.302312,0.668384,-1.68796
-0.063612,0.943214,-1.72975,-0.069713,0.568569,-0.973837,0.281669,0.664044,-0.905753,0.302312,0.668384,-1.68796
-0.0556451,0.94449,-1.69728,-0.0299712,0.596187,-1.10501,0.255827,0.662886,-1.00387,0.295148,0.65398,-1.62643
-0.0556451,0.94449,-1.69728,-0.0299712,0.596187,-1.10501,0.255827,0.662886,-1.00387,0.295148,0.65398,-1.62643
-0.0556451,0.94449,-1.69728,-0.0299712,0.596187,-1.10501,0.255827,0.662886,-1.00387,0.295148,0.65398,-1.62643
-0.0556451,0.94449,-1.69728,-0.0299712,0.596187,-1.10501,0.255827,0.662886,-1.00387,0.295148,0.65398,-1.62643
-0.0556451,0.94449,-1.69728,-0.0299712,0.596187,-1.10501,0.255827,0.662886,-1.00387,0.295148,0.65398,-1.62643
-0.0556451,0.94449,-1.69728,-0.0299712,0.596187,-1.10501,0.255827,0.662886,-1.00387,0.295148,0.65398,-1.62643
-0.0556451,0.94449,-1.69728,-0.0299712,0.596187,-1.10501,0.255827,0.662886,-1.00387,0.295148,0.65398,-1.62643
-0.0556451,0.94449,-1.69728,-0.0299712,0.596187,-1.10501,0.255827,0.662886,-1.00387,0.295148,0.65398,-1.62643
-0.0556451,0.94449,-1.69728,-0.0299712,0.596187,-1.10501,0.255827,0.662886,-1.00387,0.295148,0.65398,-1.62643
-0.0556451,0.94449,-1.69728,-0.0299712,0.596187,-1.10501,0.255827,0.662886,-1.00387,0.295148,0.65398,-1.62643
-0.0556451,0.94449,-1.69728,-0.0299712,0.596187,-1.10501,0.255827,0.662886,-1.00387,0.295148,0.65398,-1.62643
-0.0579027,0.956973,-1.68547,0.0135221,0.596146,-1.20048,0.228404,0.648476,-1.06949,0.273995,0.642167,-1.59234
-0.0579027,0.956973,-1.68547,0.0135221,0.596146,-1.20048,0.228404,0.648476,-1.06949,0.273995,0.642167,-1.59234
-0.0579027,0.956973,-1.68547,0.0135221,0.596146,-1.20048,0.228404,0.648476,-1.06949,0.273995,0.642167,-1.59234
-0.0579027,0.956973,-1.68547,0.0135221,0.596146,-1.20048,0.228404,0.648476,-1.06949,0.273995,0.642167,-1.59234
-0.0579027,0.956973,-1.68547,0.0135221,0.596146,-1.20048,0.228404,0.648476,-1.06949,0.273995,0.642167,-1.59234
-0.0579027,0.956973,-1.68547,0.0135221,0.596146,-1.20048,0.228404,0.648476,-1.06949,0.273995,0.642167,-1.59234
-0.0579027,0.956973,-1.68547,0.0135221,0.596146,-1.20048,0.228404,0.648476,-1.06949,0.273995,0.642167,-1.59234
-0.0579027,0.956973,-1.68547,0.0135221,0.596146,-1.20048,0.228404,0.648476,-1.06949,0.273995,0.642167,-1.59234
-0.0579027,0.956973,-1.68547,0.0135221,0.596146,-1.20048,0.228404,0.648476,-1.06949,0.273995,0.642167,-1.59234
-0.0659318,0.974027,-1.70273,0.0611184,0.570133,-1.20411,0.17183,0.631845,-1.08474,0.254554,0.622486,-1.59463
-0.0659318,0.974027,-1.70273,0.0611184,0.570133,-1.20411,0.17183,0.631845,-1.08474,0.254554,0.622486,-1.59463
-0.0659318,0.974027,-1.70273,0.0611184,0.570133,-1.20411,0.17183,0.631845,-1.08474,0.254554,0.622486,-1.59463
-0.0659318,0.974027,-1.70273,0.0611184,0.570133,-1.20411,0.17183,0.631845,-1.08474,0.254554,0.622486,-1.59463
-0.0659318,0.974027,-1.70273,0.0611184,0.570133,-1.20411,0.17183,0.631845,-1.08474,0.254554,0.622486,-1.59463
-0.0659318,0.974027,-1.70273,0.0611184,0.570133,-1.20411,0.17183,0.631845,-1.08474,0.254554,0.622486,-1.59463
-0.0659318,0.974027,-1.70273,0.0611184,0.570133,-1.20411,0.17183,0.631845,-1.08474,0.254554,0.622486,-1.59463
-0.0659318,0.974027,-1.70273,0.0611184,0.570133,-1.20411,0.17183,0.631845,-1.08474,0.254554,0.622486,-1.59463
-0.0659318,0.974027,-1.70273,0.0611184,0.570133,-1.20411,0.17183,0.631845,-1.08474,0.254554,0.622486,-1.59463
-0.0659318,0.974027,-1.70273,0.0611184,0.570133,-1.20411,0.17183,0.631845,-1.08474,0.254554,0.622486,-1.59463
-0.0659318,0.974027,-1.70273,0.0611184,0.570133,-1.20411,0.17183,0.631845,-1.08474,0.254554,0.622486,-1.59463
-0.0710354,0.959383,-1.68589,0.112162,0.569146,-1.19349,0.0981139,0.634372,-1.11132,0.207075,0.591866,-1.57428
-0.0710354,0.959383,-1.68589,0.112162,0.569146,-1.19349,0.0981139,0.634372,-1.11132,0.207075,0.591866,-1.57428
-0.0710354,0.959383,-1.68589,0.112162,0.569146,-1.19349,0.0981139,0.634372,-1.11132,0.207075,0.591866,-1.57428
-0.0710354,0.959383,-1.68589,0.112162,0.569146,-1.19349,0.0981139,0.634372,-1.11132,0.207075,0.591866,-1.57428
-0.0710354,0.959383,-1.68589,0.112162,0.569146,-1.19349,0.0981139,0.634372,-1.11132,0.207075,0.591866,-1.57428
-0.0710354,0.959383,-1.68589,0.112162,0.569146,-1.19349,0.0981139,0.634372,-1.11132,0.207075,0.591866,-1.57428
-0.0710354,0.959383,-1.68589,0.112162,0.569146,-1.19349,0.0981139,0.634372,-1.11132,0.207075,0.591866,-1.57428
-0.0710354,0.959383,-1.68589,0.112162,0.569146,-1.19349,0.0981139,0.634372,-1.11132,0.207075,0.591866,-1.57428
-0.0710354,0.959383,-1.68589,0.112162,0.569146,-1.19349,0.0981139,0.634372,-1.11132,0.207075,0.591866,-1.57428
-0.0301748,0.798007,-1.43595,0.0673093,0.71777,-1.45078,0.0133747,0.654849,-1.30904,-0.00354114,0.633654,-1.49238
-0.0301748,0.798007,-1.43595,0.0673093,0.71777,-1.45078,0.0133747,0.654849,-1.30904,-0.00354114,0.633654,-1.49238
-0.0301748,0.798007,-1.43595,0.0673093,0.71777,-1.45078,0.0133747,0.654849,-1.30904,-0.00354114,0.633654,-1.49238
-0.0301748,0.798007,-1.43595,0.0673093,0.71777,-1.45078,0.0133747,0.654849,-1.30904,-0.00354114,0.633654,-1.49238
-0.0301748,0.798007,-1.43595,0.0673093,0.71777,-1.45078,0.0133747,0.654849,-1.30904,-0.00354114,0.633654,-1.49238
-0.0301748,0.798007,-1.43595,0.0673093,0.71777,-1.45078,0.0133747,0.654849,-1.30904,-0.00354114,0.633654,-1.49238
-0.0301748,0.798007,-1.43595,0.0673093,0.71777,-1.45078,0.0133747,0.654849,-1.30904,-0.00354114,0.633654,-1.49238
-0.0301748,0.798007,-1.43595,0.0673093,0.71777,-1.45078,0.0133747,0.654849,-1.30904,-0.00354114,0.633654,-1.49238
-0.0301748,0.798007,-1.43595,0.0673093,0.71777,-1.45078,0.0133747,0.654849,-1.30904,-0.00354114,0.633654,-1.49238
-0.0301748,0.798007,-1.43595,0.0673093,0.71777,-1.45078,0.0133747,0.654849,-1.30904,-0.00354114,0.633654,-1.49238
-0.0301748,0.798007,-1.43595,0.0673093,0.71777,-1.45078,0.0133747,0.654849,-1.30904,-0.00354114,0.633654,-1.49238
-0.0301748,0.798007,-1.43595,0.0673093,0.71777,-1.45078,0.0133747,0.654849,-1.30904,-0.00354114,0.633654,-1.49238
-0.0301748,0.798007,-1.43595,0.0673093,0.71777,-1.45078,0.0133747,0.654849,-1.30904,-0.00354114,0.633654,-1.49238
0.0680057,0.577823,-1.02246,0.114695,0.853075,-1.73857,-0.0649307,0.695222,-1.52516,-0.099235,0.564834,-1.16158
0.0680057,0.577823,-1.02246,0.114695,0.853075,-1.73857,-0.0649307,0.695222,-1.52516,-0.099235,0.564834,-1.16158
0.0680057,0.577823,-1.02246,0.114695,0.853075,-1.73857,-0.0649307,0.695222,-1.52516,-0.099235,0.564834,-1.16158
0.0680057,0.577823,-1.02246,0.114695,0.853075,-1.73857,-0.0649307,0.695222,-1.52516,-0.099235,0.564834,-1.16158
0.0680057,0.577823,-1.02246,0.114695,0.853075,-1.73857,-0.0649307,0.695222,-1.52516,-0.099235,0.564834,-1.16158
0.0680057,0.577823,-1.02246,0.114695,0.853075,-1.73857,-0.0649307,0.695222,-1.52516,-0.099235,0.564834,-1.16158
0.0680057,0.577823,-1.02246,0.114695,0.853075,-1.73857,-0.0649307,0.695222,-1.52516,-0.099235,0.564834,-1.16158
0.169536,0.465589,-0.884077,0.148273,0.919003,-1.81204,-0.119852,0.721756,-1.61392,-0.14604,0.548631,-1.00075
0.169536,0.465589,-0.884077,0.148273,0.919003,-1.81204,-0.119852,0.721756,-1.61392,-0.14604,0.548631,-1.00075
0.169536,0.465589,-0.884077,0.148273,0.919003,-1.81204,-0.119852,0.721756,-1.61392,-0.14604,0.548631,-1.00075
0.169536,0.465589,-0.884077,0.148273,0.919003,-1.81204,-0.119852,0.721756,-1.61392,-0.14604,0.548631,-1.00075
0.169536,0.465589,-0.884077,0.148273,0.919003,-1.81204,-0.119852,0.721756,-1.61392,-0.14604,0.548631,-1.00075
0.169536,0.465589,-0.884077,0.148273,0.919003,-1.81204,-0.119852,0.721756,-1.61392,-0.14604,0.548631,-1.00075
0.169536,0.465589,-0.884077,0.148273,0.919003,-1.81204,-0.119852,0.721756,-1.61392,-0.14604,0.548631,-1.00075
0.169536,0.465589,-0.884077,0.148273,0.919003,-1.81204,-0.119852,0.721756,-1.61392,-0.14604,0.548631,-1.00075
0.169536,0.465589,-0.884077,0.148273,0.919003,-1.81204,-0.119852,0.721756,-1.61392,-0.14604,0.548631,-1.00075
0.255699,0.426035,-0.858787,0.130521,0.954286,-1.78526,-0.150827,0.740654,-1.65571,-0.184277,0.539116,-0.992899
0.255699,0.426035,-0.858787,0.130521,0.954286,-1.78526,-0.150827,0.740654,-1.65571,-0.184277,0.539116,-0.992899
0.255699,0.426035,-0.858787,0.130521,0.954286,-1.78526,-0.150827,0.740654,-1.65571,-0.184277,0.539116,-0.992899
0.255699,0.426035,-0.858787,0.130521,0.954286,-1.78526,-0.150827,0.740654,-1.65571,-0.184277,0.539116,-0.992899
0.255699,0.426035,-0.858787,0.130521,0.954286,-1.78526,-0.150827,0.740654,-1.65571,-0.184277,0.539116,-0.992899
0.255699,0.426035,-0.858787,0.130521,0.954286,-1.78526,-0.150827,0.740654,-1.65571,-0.184277,0.539116,-0.992899
0.255699,0.426035,-0.858787,0.130521,0.954286,-1.78526,-0.150827,0.740654,-1.65571,-0.184277,0.539116,-0.992899
0.255699,0.426035,-0.858787,0.130521,0.954286,-1.78526,-0.150827,0.740654,-1.65571,-0.184277,0.539116,-0.992899
0.255699,0.426035,-0.858787,0.130521,0.954286,-1.78526,-0.150827,0.740654,-1.65571,-0.184277,0.539116,-0.992899
0.255699,0.426035,-0.858787,0.130521,0.954286,-1.78526,-0.150827,0.740654,-1.65571,-0.184277,0.539116,-0.992899
0.255699,0.426035,-0.858787,0.130521,0.954286,-1.78526,-0.150827,0.740654,-1.65571,-0.184277,0.539116,-0.992899
0.279214,0.433326,-0.892325,0.108055,0.984602,-1.72244,-0.182869,0.744204,-1.66075,-0.198396,0.510446,-1.07818
0.279214,0.433326,-0.892325,0.108055,0.984602,-1.72244,-0.182869,0.744204,-1.66075,-0.198396,0.510446,-1.07818
0.279214,0.433326,-0.892325,0.108055,0.984602,-1.72244,-0.182869,0.744204,-1.66075,-0.198396,0.510446,-1.07818
0.279214,0.433326,-0.892325,0.108055,0.984602,-1.72244,-0.182869,0.744204,-1.66075,-0.198396,0.510446,-1.07818
0.279214,0.433326,-0.892325,0.108055,0.984602,-1.72244,-0.182869,0.744204,-1.66075,-0.198396,0.510446,-1.07818
0.279214,0.433326,-0.892325,0.108055,0.984602,-1.72244,-0.182869,0.744204,-1.66075,-0.198396,0.510446,-1.07818
0.279214,0.433326,-0.892325,0.108055,0.984602,-1.72244,-0.182869,0.744204,-1.66075,-0.198396,0.510446,-1.07818
0.279214,0.433326,-0.892325,0.108055,0.984602,-1.72244,-0.182869,0.744204,-1.66075,-0.198396,0.510446,-1.07818
0.279214,0.433326,-0.892325,0.108055,0.984602,-1.72244,-0.182869,0.744204,-1.66075,-0.198396,0.510446,-1.07818
0.260524,0.448621,-0.94705,0.0892507,0.996082,-1.68829,-0.185821,0.732849,-1.63296,-0.192124,0.503429,-1.17869
0.260524,0.448621,-0.94705,0.0892507,0.996082,-1.68829,-0.185821,0.732849,-1.63296,-0.192124,0.503429,-1.17869
0.260524,0.448621,-0.94705,0.0892507,0.996082,-1.68829,-0.185821,0.732849,-1.63296,-0.192124,0.503429,-1.17869
0.260524,0.448621,-0.94705,0.0892507,0.996082,-1.68829,-0.185821,0.732849,-1.63296,-0.192124,0.503429,-1.17869
0.260524,0.448621,-0.94705,0.0892507,0.996082,-1.68829,-0.185821,0.732849,-1.63296,-0.192124,0.503429,-1.17869
0.260524,0.448621,-0.94705,0.0892507,0.996082,-1.68829,-0.185821,0.732849,-1.63296,-0.192124,0.503429,-1.17869
0.260524,0.448621,-0.94705,0.0892507,0.996082,-1.68829,-0.185821,0.732849,-1.63296,-0.192124,0.503429,-1.17869
0.260524,0.448621,-0.94705,0.0892507,0.996082,-1.68829,-0.185821,0.732849,-1.63296,-0.192124,0.503429,-1.17869
0.260524,0.448621,-0.94705,0.0892507,0.996082,-1.68829,-0.185821,0.732849,-1.63296,-0.192124,0.503429,-1.17869
0.260524,0.448621,-0.94705,0.0892507,0.996082,-1.68829,-0.185821,0.732849,-1.63296,-0.192124,0.503429,-1.17869
0.260524,0.448621,-0.94705,0.0892507,0.996082,-1.68829,-0.185821,0.732849,-1.63296,-0.192124,0.503429,-1.17869
0.260524,0.448621,-0.94705,0.0892507,0.996082,-1.68829,-0.185821,0.732849,-1.63296,-0.192124,0.503429,-1.17869
0.260524,0.448621,-0.94705,0.0892507,0.996082,-1.68829,-0.185821,0.732849,-1.63296,-0.192124,0.503429,-1.17869
0.260524,0.448621,-0.94705,0.0892507,0.996082,-1.68829,-0.185821,0.732849,-1.63296,-0.192124,0.503429,-1.17869
0.260524,0.448621,-0.94705,0.0892507,0.996082,-1.68829,-0.185821,0.732849,-1.63296,-0.192124,0.503429,-1.17869
0.241598,0.454075,-0.974535,0.0770701,0.970698,-1.65867,-0.182211,0.715767,-1.57159,-0.167448,0.544322,-1.19987
0.241598,0.454075,-0.974535,0.0770701,0.970698,-1.65867,-0.182211,0.715767,-1.57159,-0.167448,0.544322,-1.19987
0.241598,0.454075,-0.974535,0.0770701,0.970698,-1.65867,-0.182211,0.715767,-1.57159,-0.167448,0.544322,-1.19987
0.241598,0.454075,-0.974535,0.0770701,0.970698,-1.65867,-0.182211,0.715767,-1.57159,-0.167448,0.544322,-1.19987
0.241598,0.454075,-0.974535,0.0770701,0.970698,-1.65867,-0.182211,0.715767,-1.57159,-0.167448,0.544322,-1.19987
0.241598,0.454075,-0.974535,0.0770701,0.970698,-1.65867,-0.182211,0.715767,-1.57159,-0.167448,0.544322,-1.19987
0.241598,0.454075,-0.974535,0.0770701,0.970698,-1.65867,-0.182211,0.715767,-1.57159,-0.167448,0.544322,-1.19987
0.241598,0.454075,-0.974535,0.0770701,0.970698,-1.65867,-0.182211,0.715767,-1.57159,-0.167448,0.544322,-1.19987
0.200911,0.456519,-0.982222,0.0747087,0.921911,-1.62933,-0.171699,0.643669,-1.50007,-0.111004,0.614526,-1.15579
0.200911,0.456519,-0.982222,0.0747087,0.921911,-1.62933,-0.171699,0.643669,-1.50007,-0.111004,0.614526,-1.15579
0.200911,0.456519,-0.982222,0.0747087,0.921911,-1.62933,-0.171699,0.643669,-1.50007,-0.111004,0.614526,-1.15579
0.200911,0.456519,-0.982222,0.0747087,0.921911,-1.62933,-0.171699,0.643669,-1.50007,-0.111004,0.614526,-1.15579
0.200911,0.456519,-0.982222,0.0747087,0.921911,-1.62933,-0.171699,0.643669,-1.50007,-0.111004,0.614526,-1.15579
0.200911,0.456519,-0.982222,0.0747087,0.921911,-1.62933,-0.171699,0.643669,-1.50007,-0.111004,0.614526,-1.15579
0.200911,0.456519,-0.982222,0.0747087,0.921911,-1.62933,-0.171699,0.643669,-1.50007,-0.111004,0.614526,-1.15579
0.200911,0.456519,-0.982222,0.0747087,0.921911,-1.62933,-0.171699,0.643669,-1.50007,-0.111004,0.614526,-1.15579
0.200911,0.456519,-0.982222,0.0747087,0.921911,-1.62933,-0.171699,0.643669,-1.50007,-0.111004,0.614526,-1.15579
0.200911,0.456519,-0.982222,0.0747087,0.921911,-1.62933,-0.171699,0.643669,-1.50007,-0.111004,0.614526,-1.15579
0.156221,0.495173,-1.04568,0.100687,0.947624,-1.51747,-0.0727179,0.60909,-1.40882,-0.0193898,0.645802,-1.15425
0.156221,0.495173,-1.04568,0.100687,0.947624,-1.51747,-0.0727179,0.60909,-1.40882,-0.0193898,0.645802,-1.15425
0.156221,0.495173,-1.04568,0.100687,0.947624,-1.51747,-0.0727179,0.60909,-1.40882,-0.0193898,0.645802,-1.15425
0.156221,0.495173,-1.04568,0.100687,0.947624,-1.51747,-0.0727179,0.60909,-1.40882,-0.0193898,0.645802,-1.15425
0.156221,0.495173,-1.04568,0.100687,0.947624,-1.51747,-0.0727179,0.60909,-1.40882,-0.0193898,0.645802,-1.15425
0.156221,0.495173,-1.04568,0.100687,0.947624,-1.51747,-0.0727179,0.60909,-1.40882,-0.0193898,0.645802,-1.15425
0.156221,0.495173,-1.04568,0.100687,0.947624,-1.51747,-0.0727179,0.60909,-1.40882,-0.0193898,0.645802,-1.15425
0.156221,0.495173,-1.04568,0.100687,0.947624,-1.51747,-0.0727179,0.60909,-1.40882,-0.0193898,0.645802,-1.15425
0.156221,0.495173,-1.04568,0.100687,0.947624,-1.51747,-0.0727179,0.60909,-1.40882,-0.0193898,0.645802,-1.15425
0.156221,0.495173,-1.04568,0.100687,0.947624,-1.51747,-0.0727179,0.60909,-1.40882,-0.0193898,0.645802,-1.15425
0.0149028,0.696266,-1.51862,-0.040925,0.769664,-1.05852,0.176874,0.56368,-0.921788,0.184773,0.664349,-1.59062
0.0149028,0.696266,-1.51862,-0.040925,0.769664,-1.05852,0.176874,0.56368,-0.921788,0.184773,0.664349,-1.59062
0.0149028,0.696266,-1.51862,-0.040925,0.769664,-1.05852,0.176874,0.56368,-0.921788,0.184773,0.664349,-1.59062
0.0149028,0.696266,-1.51862,-0.040925,0.769664,-1.05852,0.176874,0.56368,-0.921788,0.184773,0.664349,-1.59062
0.0149028,0.696266,-1.51862,-0.040925,0.769664,-1.05852,0.176874,0.56368,-0.921788,0.184773,0.664349,-1.59062
0.0149028,0.696266,-1.51862,-0.040925,0.769664,-1.05852,0.176874,0.56368,-0.921788,0.184773,0.664349,-1.59062
0.0149028,0.696266,-1.51862,-0.040925,0.769664,-1.05852,0.176874,0.56368,-0.921788,0.184773,0.664349,-1.59062
0.0149028,0.696266,-1.51862,-0.040925,0.769664,-1.05852,0.176874,0.56368,-0.921788,0.184773,0.664349,-1.59062
0.0149028,0.696266,-1.51862,-0.040925,0.769664,-1.05852,0.176874,0.56368,-0.921788,0.184773,0.664349,-1.59062
0.0149028,0.696266,-1.51862,-0.040925,0.769664,-1.05852,0.176874,0.56368,-0.921788,0.184773,0.664349,-1.59062
0.0149028,0.696266,-1.51862,-0.040925,0.769664,-1.05852,0.176874,0.56368,-0.921788,0.184773,0.664349,-1.59062
-0.036141,0.873636,-1.70884,-0.0826279,0.622586,-0.865856,0.273815,0.634762,-0.76614,0.249193,0.712433,-1.71142
-0.036141,0.873636,-1.70884,-0.0826279,0.622586,-0.865856,0.273815,0.634762,-0.76614,0.249193,0.712433,-1.71142
-0.036141,0.873636,-1.70884,-0.0826279,0.622586,-0.865856,0.273815,0.634762,-0.76614,0.249193,0.712433,-1.71142
-0.036141,0.873636,-1.70884,-0.0826279,0.622586,-0.865856,0.273815,0.634762,-0.76614,0.249193,0.712433,-1.71142
-0.036141,0.873636,-1.70884,-0.0826279,0.622586,-0.865856,0.273815,0.634762,-0.76614,0.249193,0.712433,-1.71142
-0.036141,0.873636,-1.70884,-0.0826279,0.622586,-0.865856,0.273815,0.634762,-0.76614,0.249193,0.712433,-1.71142
-0.036141,0.873636,-1.70884,-0.0826279,0.622586,-0.865856,0.273815,0.634762,-0.76614,0.249193,0.712433,-1.71142
-0.036141,0.873636,-1.70884,-0.0826279,0.622586,-0.865856,0.273815,0.634762,-0.76614,0.249193,0.712433,-1.71142
-0.036141,0.873636,-1.70884,-0.0826279,0.622586,-0.865856,0.273815,0.634762,-0.76614,0.249193,0.712433,-1.71142
-0.036141,0.873636,-1.70884,-0.0826279,0.622586,-0.865856,0.273815,0.634762,-0.76614,0.249193,0.712433,-1.71142
-0.036141,0.873636,-1.70884,-0.0826279,0.622586,-0.865856,0.273815,0.634762,-0.76614,0.249193,0.712433,-1.71142
-0.0608654,0.928383,-1.73793,-0.088317,0.560609,-0.880243,0.290898,0.678912,-0.831736,0.286847,0.681512,-1.71629
-0.0608654,0.928383,-1.73793,-0.088317,0.560609,-0.880243,0.290898,0.678912,-0.831736,0.286847,0.681512,-1.71629
-0.0608654,0.928383,-1.73793,-0.088317,0.560609,-0.880243,0.290898,0.678912,-0.831736,0.286847,0.681512,-1.71629
-0.0608654,0.928383,-1.73793,-0.088317,0.560609,-0.880243,0.290898,0.678912,-0.831736,0.286847,0.681512,-1.71629
-0.0608654,0.928383,-1.73793,-0.088317,0.560609,-0.880243,0.290898,0.678912,-0.831736,0.286847,0.681512,-1.71629
-0.0608654,0.928383,-1.73793,-0.088317,0.560609,-0.880243,0.290898,0.678912,-0.831736,0.286847,0.681512,-1.71629
-0.0608654,0.928383,-1.73793,-0.088317,0.560609,-0.880243,0.290898,0.678912,-0.831736,0.286847,0.681512,-1.71629
-0.0608654,0.928383,-1.73793,-0.088317,0.560609,-0.880243,0.290898,0.678912,-0.831736,0.286847,0.681512,-1.71629
-0.0608654,0.928383,-1.73793,-0.088317,0.560609,-0.880243,0.290898,0.678912,-0.831736,0.286847,0.681512,-1.71629
-0.0634202,0.942162,-1.71629,-0.0679737,0.578488,-1.00327,0.28346,0.680967,-0.917546,0.304854,0.661786,-1.66397
-0.0634202,0.942162,-1.71629,-0.0679737,0.578488,-1.00327,0.28346,0.680967,-0.917546,0.304854,0.661786,-1.66397
-0.0634202,0.942162,-1.71629,-0.0679737,0.578488,-1.00327,0.28346,0.680967,-0.917546,0.304854,0.661786,-1.66397
-0.0634202,0.942162,-1.71629,-0.0679737,0.578488,-1.00327,0.28346,0.680967,-0.917546,0.304854,0.661786,-1.66397
-0.0634202,0.942162,-1.71629,-0.0679737,0.578488,-1.00327,0.28346,0.680967,-0.917546,0.304854,0.661786,-1.66397
-0.0634202,0.942162,-1.71629,-0.0679737,0.578488,-1.00327,0.28346,0.680967,-0.917546,0.304854,0.661786,-1.66397
-0.0634202,0.942162,-1.71629,-0.0679737,0.578488,-1.00327,0.28346,0.680967,-0.917546,0.304854,0.661786,-1.66397
-0.0634202,0.942162,-1.71629,-0.0679737,0.578488,-1.00327,0.28346,0.680967,-0.917546,0.304854,0.661786,-1.66397
-0.0634202,0.942162,-1.71629,-0.0679737,0.578488,-1.00327,0.28346,0.680967,-0.917546,0.304854,0.661786,-1.66397
-0.0548935,0.947514,-1.68656,-0.0226323,0.601855,-1.13944,0.260182,0.675628,-1.01697,0.286756,0.649755,-1.61192
-0.0548935,0.947514,-1.68656,-0.0226323,0.601855,-1.13944,0.260182,0.675628,-1.01697,0.286756,0.649755,-1.61192
-0.0548935,0.947514,-1.68656,-0.0226323,0.601855,-1.13944,0.260182,0.675628,-1.01697,0.286756,0.649755,-1.61192
-0.0548935,0.947514,-1.68656,-0.0226323,0.601855,-1.13944,0.260182,0.675628,-1.01697,0.286756,0.649755,-1.61192
-0.0548935,0.947514,-1.68656,-0.0226323,0.601855,-1.13944,0.260182,0.675628,-1.01697,0.286756,0.649755,-1.61192
-0.0548935,0.947514,-1.68656,-0.0226323,0.601855,-1.13944,0.260182,0.675628,-1.01697,0.286756,0.649755,-1.61192
-0.0548935,0.947514,-1.68656,-0.0226323,0.601855,-1.13944,0.260182,0.675628,-1.01697,0.286756,0.649755,-1.61192
-0.0548935,0.947514,-1.68656,-0.0226323,0.601855,-1.13944,0.260182,0.675628,-1.01697,0.286756,0.649755,-1.61192
-0.0604415,0.964655,-1.68577,0.0211849,0.586125,-1.20992,0.220278,0.659432,-1.06849,0.270644,0.642845,-1.59243
-0.0604415,0.964655,-1.68577,0.0211849,0.586125,-1.20992,0.220278,0.659432,-1.06849,0.270644,0.642845,-1.59243
-0.0604415,0.964655,-1.68577,0.0211849,0.586125,-1.20992,0.220278,0.659432,-1.06849,0.270644,0.642845,-1.59243
-0.0604415,0.964655,-1.68577,0.0211849,0.586125,-1.20992,0.220278,0.659432,-1.06849,0.270644,0.642845,-1.59243
-0.0604415,0.964655,-1.68577,0.0211849,0.586125,-1.20992,0.220278,0.659432,-1.06849,0.270644,0.642845,-1.59243
-0.0604415,0.964655,-1.68577,0.0211849,0.586125,-1.20992,0.220278,0.659432,-1.06849,0.270644,0.642845,-1.59243
-0.0604415,0.964655,-1.68577,0.0211849,0.586125,-1.20992,0.220278,0.659432,-1.06849,0.270644,0.642845,-1.59243
-0.0604415,0.964655,-1.68577,0.0211849,0.586125,-1.20992,0.220278,0.659432,-1.06849,0.270644,0.642845,-1.59243
-0.0604415,0.964655,-1.68577,0.0211849,0.586125,-1.20992,0.220278,0.659432,-1.06849,0.270644,0.642845,-1.59243
-0.0604415,0.964655,-1.68577,0.0211849,0.586125,-1.20992,0.220278,0.659432,-1.06849,0.270644,0.642845,-1.59243
-0.0604415,0.964655,-1.68577,0.0211849,0.586125,-1.20992,0.220278,0.659432,-1.06849,0.270644,0.642845,-1.59243
-0.0638341,0.976339,-1.69216,0.0740909,0.565676,-1.1966,0.148442,0.643366,-1.08262,0.249444,0.620493,-1.5965
-0.0638341,0.976339,-1.69216,0.0740909,0.565676,-1.1966,0.148442,0.643366,-1.08262,0.249444,0.620493,-1.5965
-0.0638341,0.976339,-1.69216,0.0740909,0.565676,-1.1966,0.148442,0.643366,-1.08262,0.249444,0.620493,-1.5965
-0.0638341,0.976339,-1.69216,0.0740909,0.565676,-1.1966,0.148442,0.643366,-1.08262,0.249444,0.620493,-1.5965
-0.0638341,0.976339,-1.69216,0.0740909,0.565676,-1.1966,0.148442,0.643366,-1.08262,0.249444,0.620493,-1.5965
-0.0638341,0.976339,-1.69216,0.0740909,0.565676,-1.1966,0.148442,0.643366,-1.08262,0.249444,0.620493,-1.5965
-0.0638341,0.976339,-1.69216,0.0740909,0.565676,-1.1966,0.148442,0.643366,-1.08262,0.249444,0.620493,-1.5965
-0.0638341,0.976339,-1.69216,0.0740909,0.565676,-1.1966,0.148442,0.643366,-1.08262,0.249444,0.620493,-1.5965
-0.0638341,0.976339,-1.69216,0.0740909,0.565676,-1.1966,0.148442,0.643366,-1.08262,0.249444,0.620493,-1.5965
-0.0753012,0.935933,-1.64843,0.112389,0.584831,-1.22144,0.0688789,0.633411,-1.13527,0.168128,0.62119,-1.5377
-0.0753012,0.935933,-1.64843,0.112389,0.584831,-1.22144,0.0688789,0.633411,-1.13527,0.168128,0.62119,-1.5377
-0.0753012,0.935933,-1.64843,0.112389,0.584831,-1.22144,0.0688789,0.633411,-1.13527,0.168128,0.62119,-1.5377
-0.0753012,0.935933,-1.64843,0.112389,0.584831,-1.22144,0.0688789,0.633411,-1.13527,0.168128,0.62119,-1.5377
-0.0753012,0.935933,-1.64843,0.112389,0.584831,-1.22144,0.0688789,0.633411,-1.13527,0.168128,0.62119,-1.5377
-0.0753012,0.935933,-1.64843,0.112389,0.584831,-1.22144,0.0688789,0.633411,-1.13527,0.168128,0.62119,-1.5377
-0.0753012,0.935933,-1.64843,0.112389,0.584831,-1.22144,0.0688789,0.633411,-1.13527,0.168128,0.62119,-1.5377
-0.0753012,0.935933,-1.64843,0.112389,0.584831,-1.22144,0.0688789,0.633411,-1.13527,0.168128,0.62119,-1.5377
-0.0753012,0.935933,-1.64843,0.112389,0.584831,-1.22144,0.0688789,0.633411,-1.13527,0.168128,0.62119,-1.5377
-0.0753012,0.935933,-1.64843,0.112389,0.584831,-1.22144,0.0688789,0.633411,-1.13527,0.168128,0.62119,-1.5377
-0.0753012,0.935933,-1.64843,0.112389,0.584831,-1.22144,0.0688789,0.633411,-1.13527,0.168128,0.62119,-1.5377
0.0520272,0.689703,-1.2156,0.0939354,0.754993,-1.5686,-0.0243416,0.656778,-1.41108,-0.0484065,0.618198,-1.38096
0.0520272,0.689703,-1.2156,0.0939354,0.754993,-1.5686,-0.0243416,0.656778,-1.41108,-0.0484065,0.618198,-1.38096
0.0520272,0.689703,-1.2156,0.0939354,0.754993,-1.5686,-0.0243416,0.656778,-1.41108,-0.0484065,0.618198,-1.38096
0.0520272,0.689703,-1.2156,0.0939354,0.754993,-1.5686,-0.0243416,0.656778,-1.41108,-0.0484065,0.618198,-1.38096
0.0520272,0.689703,-1.2156,0.0939354,0.754993,-1.5686,-0.0243416,0.656778,-1.41108,-0.0484065,0.618198,-1.38096
0.0520272,0.689703,-1.2156,0.0939354,0.754993,-1.5686,-0.0243416,0.656778,-1.41108,-0.0484065,0.618198,-1.38096
0.0520272,0.689703,-1.2156,0.0939354,0.754993,-1.5686,-0.0243416,0.656778,-1.41108,-0.0484065,0.618198,-1.38096
0.0520272,0.689703,-1.2156,0.0939354,0.754993,-1.5686,-0.0243416,0.656778,-1.41108,-0.0484065,0.618198,-1.38096
0.0520272,0.689703,-1.2156,0.0939354,0.754993,-1.5686,-0.0243416,0.656778,-1.41108,-0.0484065,0.618198,-1.38096
0.0520272,0.689703,-1.2156,0.0939354,0.754993,-1.5686,-0.0243416,0.656778,-1.41108,-0.0484065,0.618198,-1.38096
0.0520272,0.689703,-1.2156,0.0939354,0.754993,-1.5686,-0.0243416,0.656778,-1.41108,-0.0484065,0.618198,-1.38096
0.0520272,0.689703,-1.2156,0.0939354,0.754993,-1.5686,-0.0243416,0.656778,-1.41108,-0.0484065,0.618198,-1.38096
0.114009,0.539406,-0.936619,0.148298,0.883742,-1.76959,-0.0730831,0.702421,-1.55742,-0.112087,0.560341,-1.07744
0.114009,0.539406,-0.936619,0.148298,0.883742,-1.76959,-0.0730831,0.702421,-1.55742,-0.112087,0.560341,-1.07744
0.114009,0.539406,-0.936619,0.148298,0.883742,-1.76959,-0.0730831,0.702421,-1.55742,-0.112087,0.560341,-1.07744
0.114009,0.539406,-0.936619,0.148298,0.883742,-1.76959,-0.0730831,0.702421,-1.55742,-0.112087,0.560341,-1.07744
0.114009,0.539406,-0.936619,0.148298,0.883742,-1.76959,-0.0730831,0.702421,-1.55742,-0.112087,0.560341,-1.07744
0.114009,0.539406,-0.936619,0.148298,0.883742,-1.76959,-0.0730831,0.702421,-1.55742,-0.112087,0.560341,-1.07744
0.114009,0.539406,-0.936619,0.148298,0.883742,-1.76959,-0.0730831,0.702421,-1.55742,-0.112087,0.560341,-1.07744
0.114009,0.539406,-0.936619,0.148298,0.883742,-1.76959,-0.0730831,0.702421,-1.55742,-0.112087,0.560341,-1.07744
0.114009,0.539406,-0.936619,0.148298,0.883742,-1.76959,-0.0730831,0.702421,-1.55742,-0.112087,0.560341,-1.07744
0.114009,0.539406,-0.936619,0.148298,0.883742,-1.76959,-0.0730831,0.702421,-1.55742,-0.112087,0.560341,-1.07744
0.214696,0.448193,-0.856288,0.163147,0.929209,-1.80682,-0.121355,0.726538,-1.63037,-0.162765,0.564952,-0.972643
0.214696,0.448193,-0.856288,0.163147,0.929209,-1.80682,-0.121355,0.726538,-1.63037,-0.162765,0.564952,-0.972643
0.214696,0.448193,-0.856288,0.163147,0.929209,-1.80682,-0.121355,0.726538,-1.63037,-0.162765,0.564952,-0.972643
0.214696,0.448193,-0.856288,0.163147,0.929209,-1.80682,-0.121355,0.726538,-1.63037,-0.162765,0.564952,-0.972643
0.214696,0.448193,-0.856288,0.163147,0.929209,-1.80682,-0.121355,0.726538,-1.63037,-0.162765,0.564952,-0.972643
0.214696,0.448193,-0.856288,0.163147,0.929209,-1.80682,-0.121355,0.726538,-1.63037,-0.162765,0.564952,-0.972643
0.214696,0.448193,-0.856288,0.163147,0.929209,-1.80682,-0.121355,0.726538,-1.63037,-0.162765,0.564952,-0.972643
0.214696,0.448193,-0.856288,0.163147,0.929209,-1.80682,-0.121355,0.726538,-1.63037,-0.162765,0.564952,-0.972643
0.214696,0.448193,-0.856288,0.163147,0.929209,-1.80682,-0.121355,0.726538,-1.63037,-0.162765,0.564952,-0.972643
0.277444,0.436024,-0.859504,0.137652,0.96331,-1.76153,-0.152224,0.741463,-1.65781,-0.192138,0.543943,-1.00416
0.277444,0.436024,-0.859504,0.137652,0.96331,-1.76153,-0.152224,0.741463,-1.65781,-0.192138,0.543943,-1.00416
0.277444,0.436024,-0.859504,0.137652,0.96331,-1.76153,-0.152224,0.741463,-1.65781,-0.192138,0.543943,-1.00416
0.277444,0.436024,-0.859504,0.137652,0.96331,-1.76153,-0.152224,0.741463,-1.65781,-0.192138,0.543943,-1.00416
0.277444,0.436024,-0.859504,0.137652,0.96331,-1.76153,-0.152224,0.741463,-1.65781,-0.192138,0.543943,-1.00416
0.277444,0.436024,-0.859504,0.137652,0.96331,-1.76153,-0.152224,0.741463,-1.65781,-0.192138,0.543943,-1.00416
0.277444,0.436024,-0.859504,0.137652,0.96331,-1.76153,-0.152224,0.741463,-1.65781,-0.192138,0.543943,-1.00416
0.277444,0.436024,-0.859504,0.137652,0.96331,-1.76153,-0.152224,0.741463,-1.65781,-0.192138,0.543943,-1.00416
0.277444,0.436024,-0.859504,0.137652,0.96331,-1.76153,-0.152224,0.741463,-1.65781,-0.192138,0.543943,-1.00416
0.279483,0.454313,-0.910234,0.113356,0.990853,-1.70881,-0.177819,0.740434,-1.6518,-0.198139,0.51244,-1.10798
0.279483,0.454313,-0.910234,0.113356,0.990853,-1.70881,-0.177819,0.740434,-1.6518,-0.198139,0.51244,-1.10798
0.279483,0.454313,-0.910234,0.113356,0.990853,-1.70881,-0.177819,0.740434,-1.6518,-0.198139,0.51244,-1.10798
0.279483,0.454313,-0.910234,0.113356,0.990853,-1.70881,-0.177819,0.740434,-1.6518,-0.198139,0.51244,-1.10798
0.279483,0.454313,-0.910234,0.113356,0.990853,-1.70881,-0.177819,0.740434,-1.6518,-0.198139,0.51244,-1.10798
0.279483,0.454313,-0.910234,0.113356,0.990853,-1.70881,-0.177819,0.740434,-1.6518,-0.198139,0.51244,-1.10798
0.279483,0.454313,-0.910234,0.113356,0.990853,-1.70881,-0.177819,0.740434,-1.6518,-0.198139,0.51244,-1.10798
0.279483,0.454313,-0.910234,0.113356,0.990853,-1.70881,-0.177819,0.740434,-1.6518,-0.198139,0.51244,-1.10798
0.279483,0.454313,-0.910234,0.113356,0.990853,-1.70881,-0.177819,0.740434,-1.6518,-0.198139,0.51244,-1.10798
0.279483,0.454313,-0.910234,0.113356,0.990853,-1.70881,-0.177819,0.740434,-1.6518,-0.198139,0.51244,-1.10798
0.260143,0.463917,-0.968982,0.09288,0.991015,-1.67873,-0.178716,0.732333,-1.61295,-0.183324,0.521516,-1.19634
0.260143,0.463917,-0.968982,0.09288,0.991015,-1.67873,-0.178716,0.732333,-1.61295,-0.183324,0.521516,-1.19634
0.260143,0.463917,-0.968982,0.09288,0.991015,-1.67873,-0.178716,0.732333,-1.61295,-0.183324,0.521516,-1.19634
0.260143,0.463917,-0.968982,0.09288,0.991015,-1.67873,-0.178716,0.732333,-1.61295,-0.183324,0.521516,-1.19634
0.260143,0.463917,-0.968982,0.09288,0.991015,-1.67873,-0.178716,0.732333,-1.61295,-0.183324,0.521516,-1.19634
0.260143,0.463917,-0.968982,0.09288,0.991015,-1.67873,-0.178716,0.732333,-1.61295,-0.183324,0.521516,-1.19634
0.260143,0.463917,-0.968982,0.09288,0.991015,-1.67873,-0.178716,0.732333,-1.61295,-0.183324,0.521516,-1.19634
0.260143,0.463917,-0.968982,0.09288,0.991015,-1.67873,-0.178716,0.732333,-1.61295,-0.183324,0.521516,-1.19634
0.260143,0.463917,-0.968982,0.09288,0.991015,-1.67873,-0.178716,0.732333,-1.61295,-0.183324,0.521516,-1.19634
0.260143,0.463917,-0.968982,0.09288,0.991015,-1.67873,-0.178716,0.732333,-1.61295,-0.183324,0.521516,-1.19634
0.232964,0.462596,-0.984734,0.079443,0.954751,-1.64904,-0.177649,0.698861,-1.55031,-0.150446,0.572462,-1.19346
0.232964,0.462596,-0.984734,0.079443,0.954751,-1.64904,-0.177649,0.698861,-1.55031,-0.150446,0.572462,-1.19346
0.232964,0.462596,-0.984734,0.079443,0.954751,-1.64904,-0.177649,0.698861,-1.55031,-0.150446,0.572462,-1.19346
0.232964,0.462596,-0.984734,0.079443,0.954751,-1.64904,-0.177649,0.698861,-1.55031,-0.150446,0.572462,-1.19346
0.232964,0.462596,-0.984734,0.079443,0.954751,-1.64904,-0.177649,0.698861,-1.55031,-0.150446,0.572462,-1.19346
0.232964,0.462596,-0.984734,0.079443,0.954751,-1.64904,-0.177649,0.698861,-1.55031,-0.150446,0.572462,-1.19346
0.232964,0.462596,-0.984734,0.079443,0.954751,-1.64904,-0.177649,0.698861,-1.55031,-0.150446,0.572462,-1.19346
0.232964,0.462596,-0.984734,0.079443,0.954751,-1.64904,-0.177649,0.698861,-1.55031,-0.150446,0.572462,-1.19346
0.232964,0.462596,-0.984734,0.079443,0.954751,-1.64904,-0.177649,0.698861,-1.55031,-0.150446,0.572462,-1.19346
0.232964,0.462596,-0.984734,0.079443,0.954751,-1.64904,-0.177649,0.698861,-1.55031,-0.150446,0.572462,-1.19346
0.232964,0.462596,-0.984734,0.079443,0.954751,-1.64904,-0.177649,0.698861,-1.55031,-0.150446,0.572462,-1.19346
0.232964,0.462596,-0.984734,0.079443,0.954751,-1.64904,-0.177649,0.698861,-1.55031,-0.150446,0.572462,-1.19346
0.232964,0.462596,-0.984734,0.079443,0.954751,-1.64904,-0.177649,0.698861,-1.55031,-0.150446,0.572462,-1.19346
0.232964,0.462596,-0.984734,0.079443,0.954751,-1.64904,-0.177649,0.698861,-1.55031,-0.150446,0.572462,-1.19346
0.186256,0.465242,-0.996143,0.0891598,0.923457,-1.61264,-0.150446,0.619125,-1.47687,-0.0843365,0.635692,-1.1394
0.186256,0.465242,-0.996143,0.0891598,0.923457,-1.61264,-0.150446,0.619125,-1.47687,-0.0843365,0.635692,-1.1394
0.186256,0.465242,-0.996143,0.0891598,0.923457,-1.61264,-0.150446,0.619125,-1.47687,-0.0843365,0.635692,-1.1394
0.186256,0.465242,-0.996143,0.0891598,0.923457,-1.61264,-0.150446,0.619125,-1.47687,-0.0843365,0.635692,-1.1394
0.186256,0.465242,-0.996143,0.0891598,0.923457,-1.61264,-0.150446,0.619125,-1.47687,-0.0843365,0.635692,-1.1394
0.186256,0.465242,-0.996143,0.0891598,0.923457,-1.61264,-0.150446,0.619125,-1.47687,-0.0843365,0.635692,-1.1394
0.186256,0.465242,-0.996143,0.0891598,0.923457,-1.61264,-0.150446,0.619125,-1.47687,-0.0843365,0.635692,-1.1394
0.186256,0.465242,-0.996143,0.0891598,0.923457,-1.61264,-0.150446,0.619125,-1.47687,-0.0843365,0.635692,-1.1394
0.186256,0.465242,-0.996143,0.0891598,0.923457,-1.61264,-0.150446,0.619125,-1.47687,-0.0843365,0.635692,-1.1394
0.186256,0.465242,-0.996143,0.0891598,0.923457,-1.61264,-0.150446,0.619125,-1.47687,-0.0843365,0.635692,-1.1394
0.186256,0.465242,-0.996143,0.0891598,0.923457,-1.61264,-0.150446,0.619125,-1.47687,-0.0843365,0.635692,-1.1394
0.186256,0.465242,-0.996143,0.0891598,0.923457,-1.61264,-0.150446,0.619125,-1.47687,-0.0843365,0.635692,-1.1394
0.101891,0.562626,-1.20353,0.0795888,0.923973,-1.39658,0.00937393,0.600733,-1.32026,0.0552751,0.643951,-1.30565
0.101891,0.562626,-1.20353,0.0795888,0.923973,-1.39658,0.00937393,0.600733,-1.32026,0.0552751,0.643951,-1.30565
0.101891,0.562626,-1.20353,0.0795888,0.923973,-1.39658,0.00937393,0.600733,-1.32026,0.0552751,0.643951,-1.30565
0.101891,0.562626,-1.20353,0.0795888,0.923973,-1.39658,0.00937393,0.600733,-1.32026,0.0552751,0.643951,-1.30565
0.101891,0.562626,-1.20353,0.0795888,0.923973,-1.39658,0.00937393,0.600733,-1.32026,0.0552751,0.643951,-1.30565
-0.00310246,0.775642,-1.60441,-0.0725304,0.702036,-0.995884,0.217,0.57357,-0.846841,0.212964,0.690331,-1.64738
-0.00310246,0.775642,-1.60441,-0.0725304,0.702036,-0.995884,0.217,0.57357,-0.846841,0.212964,0.690331,-1.64738
-0.00310246,0.775642,-1.60441,-0.0725304,0.702036,-0.995884,0.217,0.57357,-0.846841,0.212964,0.690331,-1.64738
-0.00310246,0.775642,-1.60441,-0.0725304,0.702036,-0.995884,0.217,0.57357,-0.846841,0.212964,0.690331,-1.64738
-0.00310246,0.775642,-1.60441,-0.0725304,0.702036,-0.995884,0.217,0.57357,-0.846841,0.212964,0.690331,-1.64738
-0.00310246,0.775642,-1.60441,-0.0725304,0.702036,-0.995884,0.217,0.57357,-0.846841,0.212964,0.690331,-1.64738
-0.00310246,0.775642,-1.60441,-0.0725304,0.702036,-0.995884,0.217,0.57357,-0.846841,0.212964,0.690331,-1.64738
-0.00310246,0.775642,-1.60441,-0.0725304,0.702036,-0.995884,0.217,0.57357,-0.846841,0.212964,0.690331,-1.64738
-0.00310246,0.775642,-1.60441,-0.0725304,0.702036,-0.995884,0.217,0.57357,-0.846841,0.212964,0.690331,-1.64738
-0.00310246,0.775642,-1.60441,-0.0725304,0.702036,-0.995884,0.217,0.57357,-0.846841,0.212964,0.690331,-1.64738
-0.0489286,0.897374,-1.73087,-0.0843562,0.58321,-0.863843,0.271471,0.638287,-0.785109,0.259708,0.706751,-1.7204
-0.0489286,0.897374,-1.73087,-0.0843562,0.58321,-0.863843,0.271471,0.638287,-0.785109,0.259708,0.706751,-1.7204
-0.0489286,0.897374,-1.73087,-0.0843562,0.58321,-0.863843,0.271471,0.638287,-0.785109,0.259708,0.706751,-1.7204
-0.0489286,0.897374,-1.73087,-0.0843562,0.58321,-0.863843,0.271471,0.638287,-0.785109,0.259708,0.706751,-1.7204
-0.0489286,0.897374,-1.73087,-0.0843562,0.58321,-0.863843,0.271471,0.638287,-0.785109,0.259708,0.706751,-1.7204
-0.0489286,0.897374,-1.73087,-0.0843562,0.58321,-0.863843,0.271471,0.638287,-0.785109,0.259708,0.706751,-1.7204
-0.0489286,0.897374,-1.73087,-0.0843562,0.58321,-0.863843,0.271471,0.638287,-0.785109,0.259708,0.706751,-1.7204
-0.0489286,0.897374,-1.73087,-0.0843562,0.58321,-0.863843,0.271471,0.638287,-0.785109,0.259708,0.706751,-1.7204
-0.0489286,0.897374,-1.73087,-0.0843562,0.58321,-0.863843,0.271471,0.638287,-0.785109,0.259708,0.706751,-1.7204
-0.0489286,0.897374,-1.73087,-0.0843562,0.58321,-0.863843,0.271471,0.638287,-0.785109,0.259708,0.706751,-1.7204
-0.0652609,0.935587,-1.73856,-0.0823719,0.553666,-0.916473,0.286968,0.674107,-0.8624,0.296119,0.670716,-1.70399
-0.0652609,0.935587,-1.73856,-0.0823719,0.553666,-0.916473,0.286968,0.674107,-0.8624,0.296119,0.670716,-1.70399
-0.0652609,0.935587,-1.73856,-0.0823719,0.553666,-0.916473,0.286968,0.674107,-0.8624,0.296119,0.670716,-1.70399
-0.0652609,0.935587,-1.73856,-0.0823719,0.553666,-0.916473,0.286968,0.674107,-0.8624,0.296119,0.670716,-1.70399
-0.0652609,0.935587,-1.73856,-0.0823719,0.553666,-0.916473,0.286968,0.674107,-0.8624,0.296119,0.670716,-1.70399
-0.0652609,0.935587,-1.73856,-0.0823719,0.553666,-0.916473,0.286968,0.674107,-0.8624,0.296119,0.670716,-1.70399
-0.0652609,0.935587,-1.73856,-0.0823719,0.553666,-0.916473,0.286968,0.674107,-0.8624,0.296119,0.670716,-1.70399
-0.0652609,0.935587,-1.73856,-0.0823719,0.553666,-0.916473,0.286968,0.674107,-0.8624,0.296119,0.670716,-1.70399
-0.0652609,0.935587,-1.73856,-0.0823719,0.553666,-0.916473,0.286968,0.674107,-0.8624,0.296119,0.670716,-1.70399
-0.0611215,0.941447,-1.70748,-0.0503006,0.581093,-1.04835,0.269035,0.675066,-0.957266,0.300074,0.656999,-1.64215
-0.0611215,0.941447,-1.70748,-0.0503006,0.581093,-1.04835,0.269035,0.675066,-0.957266,0.300074,0.656999,-1.64215
-0.0611215,0.941447,-1.70748,-0.0503006,0.581093,-1.04835,0.269035,0.675066,-0.957266,0.300074,0.656999,-1.64215
-0.0611215,0.941447,-1.70748,-0.0503006,0.581093,-1.04835,0.269035,0.675066,-0.957266,0.300074,0.656999,-1.64215
-0.0611215,0.941447,-1.70748,-0.0503006,0.581093,-1.04835,0.269035,0.675066,-0.957266,0.300074,0.656999,-1.64215
-0.0611215,0.941447,-1.70748,-0.0503006,0.581093,-1.04835,0.269035,0.675066,-0.957266,0.300074,0.656999,-1.64215
-0.0611215,0.941447,-1.70748,-0.0503006,0.581093,-1.04835,0.269035,0.675066,-0.957266,0.300074,0.656999,-1.64215
-0.0611215,0.941447,-1.70748,-0.0503006,0.581093,-1.04835,0.269035,0.675066,-0.957266,0.300074,0.656999,-1.64215
-0.0611215,0.941447,-1.70748,-0.0503006,0.581093,-1.04835,0.269035,0.675066,-0.957266,0.300074,0.656999,-1.64215
-0.0611215,0.941447,-1.70748,-0.0503006,0.581093,-1.04835,0.269035,0.675066,-0.957266,0.300074,0.656999,-1.64215
-0.0576766,0.951141,-1.68661,-0.00275871,0.599852,-1.17115,0.24719,0.663414,-1.04509,0.277032,0.641519,-1.59764
-0.0576766,0.951141,-1.68661,-0.00275871,0.599852,-1.17115,0.24719,0.663414,-1.04509,0.277032,0.641519,-1.59764
-0.0576766,0.951141,-1.68661,-0.00275871,0.599852,-1.17115,0.24719,0.663414,-1.04509,0.277032,0.641519,-1.59764
-0.0576766,0.951141,-1.68661,-0.00275871,0.599852,-1.17115,0.24719,0.663414,-1.04509,0.277032,0.641519,-1.59764
-0.0576766,0.951141,-1.68661,-0.00275871,0.599852,-1.17115,0.24719,0.663414,-1.04509,0.277032,0.641519,-1.59764
-0.0576766,0.951141,-1.68661,-0.00275871,0.599852,-1.17115,0.24719,0.663414,-1.04509,0.277032,0.641519,-1.59764
-0.0576766,0.951141,-1.68661,-0.00275871,0.599852,-1.17115,0.24719,0.663414,-1.04509,0.277032,0.641519,-1.59764
-0.0576766,0.951141,-1.68661,-0.00275871,0.599852,-1.17115,0.24719,0.663414,-1.04509,0.277032,0.641519,-1.59764
-0.0576766,0.951141,-1.68661,-0.00275871,0.599852,-1.17115,0.24719,0.663414,-1.04509,0.277032,0.641519,-1.59764
-0.0576766,0.951141,-1.68661,-0.00275871,0.599852,-1.17115,0.24719,0.663414,-1.04509,0.277032,0.641519,-1.59764
-0.0576766,0.951141,-1.68661,-0.00275871,0.599852,-1.17115,0.24719,0.663414,-1.04509,0.277032,0.641519,-1.59764
-0.0576766,0.951141,-1.68661,-0.00275871,0.599852,-1.17115,0.24719,0.663414,-1.04509,0.277032,0.641519,-1.59764
-0.0576766,0.951141,-1.68661,0.0422384,0.577327,-1.20733,0.199578,0.645902,-1.07336,0.261335,0.630272,-1.59131
-0.0660148,0.969976,-1.69897,0.0422384,0.577327,-1.20733,0.199578,0.645902,-1.07336,0.261335,0.630272,-1.59131
-0.0660148,0.969976,-1.69897,0.0422384,0.577327,-1.20733,0.199578,0.645902,-1.07336,0.261335,0.630272,-1.59131
-0.0660148,0.969976,-1.69897,0.0422384,0.577327,-1.20733,0.199578,0.645902,-1.07336,0.261335,0.630272,-1.59131
-0.0660148,0.969976,-1.69897,0.0422384,0.577327,-1.20733,0.199578,0.645902,-1.07336,0.261335,0.630272,-1.59131
-0.0660148,0.969976,-1.69897,0.0422384,0.577327,-1.20733,0.199578,0.645902,-1.07336,0.261335,0.630272,-1.59131
-0.0660148,0.969976,-1.69897,0.0422384,0.577327,-1.20733,0.199578,0.645902,-1.07336,0.261335,0.630272,-1.59131
-0.0660148,0.969976,-1.69897,0.0422384,0.577327,-1.20733,0.199578,0.645902,-1.07336,0.261335,0.630272,-1.59131
-0.0660148,0.969976,-1.69897,0.0422384,0.577327,-1.20733,0.199578,0.645902,-1.07336,0.261335,0.630272,-1.59131
-0.0660148,0.969976,-1.69897,0.0422384,0.577327,-1.20733,0.199578,0.645902,-1.07336,0.261335,0.630272,-1.59131
-0.0660148,0.969976,-1.69897,0.0422384,0.577327,-1.20733,0.199578,0.645902,-1.07336,0.261335,0.630272,-1.59131
-0.0660148,0.969976,-1.69897,0.0422384,0.577327,-1.20733,0.199578,0.645902,-1.07336,0.261335,0.630272,-1.59131
-0.0669508,0.972198,-1.69443,0.0962506,0.566728,-1.18805,0.124931,0.641543,-1.08841,0.234053,0.596483,-1.58957
-0.0669508,0.972198,-1.69443,0.0962506,0.566728,-1.18805,0.124931,0.641543,-1.08841,0.234053,0.596483,-1.58957
-0.0669508,0.972198,-1.69443,0.0962506,0.566728,-1.18805,0.124931,0.641543,-1.08841,0.234053,0.596483,-1.58957
-0.0669508,0.972198,-1.69443,0.0962506,0.566728,-1.18805,0.124931,0.641543,-1.08841,0.234053,0.596483,-1.58957
-0.0669508,0.972198,-1.69443,0.0962506,0.566728,-1.18805,0.124931,0.641543,-1.08841,0.234053,0.596483,-1.58957
-0.0669508,0.972198,-1.69443,0.0962506,0.566728,-1.18805,0.124931,0.641543,-1.08841,0.234053,0.596483,-1.58957
-0.0669508,0.972198,-1.69443,0.0962506,0.566728,-1.18805,0.124931,0.641543,-1.08841,0.234053,0.596483,-1.58957
-0.0669508,0.972198,-1.69443,0.0962506,0.566728,-1.18805,0.124931,0.641543,-1.08841,0.234053,0.596483,-1.58957
-0.0669508,0.972198,-1.69443,0.0962506,0.566728,-1.18805,0.124931,0.641543,-1.08841,0.234053,0.596483,-1.58957
-0.0713418,0.887805,-1.5867,0.0908444,0.645915,-1.3134,0.0413345,0.636686,-1.18996,0.0921417,0.637928,-1.49664
-0.0713418,0.887805,-1.5867,0.0908444,0.645915,-1.3134,0.0413345,0.636686,-1.18996,0.0921417,0.637928,-1.49664
-0.0713418,0.887805,-1.5867,0.0908444,0.645915,-1.3134,0.0413345,0.636686,-1.18996,0.0921417,0.637928,-1.49664
-0.0713418,0.887805,-1.5867,0.0908444,0.645915,-1.3134,0.0413345,0.636686,-1.18996,0.0921417,0.637928,-1.49664
-0.0713418,0.887805,-1.5867,0.0908444,0.645915,-1.3134,0.0413345,0.636686,-1.18996,0.0921417,0.637928,-1.49664
-0.0713418,0.887805,-1.5867,0.0908444,0.645915,-1.3134,0.0413345,0.636686,-1.18996,0.0921417,0.637928,-1.49664
-0.0713418,0.887805,-1.5867,0.0908444,0.645915,-1.3134,0.0413345,0.636686,-1.18996,0.0921417,0.637928,-1.49664
-0.0713418,0.887805,-1.5867,0.0908444,0.645915,-1.3134,0.0413345,0.636686,-1.18996,0.0921417,0.637928,-1.49664
-0.0713418,0.887805,-1.5867,0.0908444,0.645915,-1.3134,0.0413345,0.636686,-1.18996,0.0921417,0.637928,-1.49664
0.0736527,0.603316,-1.05818,0.116408,0.802811,-1.682,-0.053634,0.667678,-1.48783,-0.0837586,0.598792,-1.23308
0.0736527,0.603316,-1.05818,0.116408,0.802811,-1.682,-0.053634,0.667678,-1.48783,-0.0837586,0.598792,-1.23308
0.0736527,0.603316,-1.05818,0.116408,0.802811,-1.682,-0.053634,0.667678,-1.48783,-0.0837586,0.598792,-1.23308
0.0736527,0.603316,-1.05818,0.116408,0.802811,-1.682,-0.053634,0.667678,-1.48783,-0.0837586,0.598792,-1.23308
0.0736527,0.603316,-1.05818,0.116408,0.802811,-1.682,-0.053634,0.667678,-1.48783,-0.0837586,0.598792,-1.23308
0.0736527,0.603316,-1.05818,0.116408,0.802811,-1.682,-0.053634,0.667678,-1.48783,-0.0837586,0.598792,-1.23308
0.0736527,0.603316,-1.05818,0.116408,0.802811,-1.682,-0.053634,0.667678,-1.48783,-0.0837586,0.598792,-1.23308
0.0736527,0.603316,-1.05818,0.116408,0.802811,-1.682,-0.053634,0.667678,-1.48783,-0.0837586,0.598792,-1.23308
0.0736527,0.603316,-1.05818,0.116408,0.802811,-1.682,-0.053634,0.667678,-1.48783,-0.0837586,0.598792,-1.23308
0.0736527,0.603316,-1.05818,0.116408,0.802811,-1.682,-0.053634,0.667678,-1.48783,-0.0837586,0.598792,-1.23308
0.151726,0.487637,-0.872654,0.158759,0.904282,-1.80327,-0.0931506,0.702832,-1.59317,-0.133438,0.558906,-1.01459
0.151726,0.487637,-0.872654,0.158759,0.904282,-1.80327,-0.0931506,0.702832,-1.59317,-0.133438,0.558906,-1.01459
0.151726,0.487637,-0.872654,0.158759,0.904282,-1.80327,-0.0931506,0.702832,-1.59317,-0.133438,0.558906,-1.01459
0.151726,0.487637,-0.872654,0.158759,0.904282,-1.80327,-0.0931506,0.702832,-1.59317,-0.133438,0.558906,-1.01459
0.151726,0.487637,-0.872654,0.158759,0.904282,-1.80327,-0.0931506,0.702832,-1.59317,-0.133438,0.558906,-1.01459
0.151726,0.487637,-0.872654,0.158759,0.904282,-1.80327,-0.0931506,0.702832,-1.59317,-0.133438,0.558906,-1.01459
0.151726,0.487637,-0.872654,0.158759,0.904282,-1.80327,-0.0931506,0.702832,-1.59317,-0.133438,0.558906,-1.01459
0.151726,0.487637,-0.872654,0.158759,0.904282,-1.80327,-0.0931506,0.702832,-1.59317,-0.133438,0.558906,-1.01459
0.151726,0.487637,-0.872654,0.158759,0.904282,-1.80327,-0.0931506,0.702832,-1.59317,-0.133438,0.558906,-1.01459
0.244309,0.428274,-0.842042,0.154113,0.942584,-1.80319,-0.129058,0.727816,-1.64316,-0.179247,0.557711,-0.97242
0.244309,0.428274,-0.842042,0.154113,0.942584,-1.80319,-0.129058,0.727816,-1.64316,-0.179247,0.557711,-0.97242
0.244309,0.428274,-0.842042,0.154113,0.942584,-1.80319,-0.129058,0.727816,-1.64316,-0.179247,0.557711,-0.97242
0.244309,0.428274,-0.842042,0.154113,0.942584,-1.80319,-0.129058,0.727816,-1.64316,-0.179247,0.557711,-0.97242
0.244309,0.428274,-0.842042,0.154113,0.942584,-1.80319,-0.129058,0.727816,-1.64316,-0.179247,0.557711,-0.97242
0.244309,0.428274,-0.842042,0.154113,0.942584,-1.80319,-0.129058,0.727816,-1.64316,-0.179247,0.557711,-0.97242
0.244309,0.428274,-0.842042,0.154113,0.942584,-1.80319,-0.129058,0.727816,-1.64316,-0.179247,0.557711,-0.97242
0.244309,0.428274,-0.842042,0.154113,0.942584,-1.80319,-0.129058,0.727816,-1.64316,-0.179247,0.557711,-0.97242
0.244309,0.428274,-0.842042,0.154113,0.942584,-1.80319,-0.129058,0.727816,-1.64316,-0.179247,0.557711,-0.97242
0.244309,0.428274,-0.842042,0.154113,0.942584,-1.80319,-0.129058,0.727816,-1.64316,-0.179247,0.557711,-0.97242
0.282714,0.429997,-0.872228,0.129846,0.975293,-1.74205,-0.162348,0.737821,-1.65647,-0.197898,0.525735,-1.04135
0.282714,0.429997,-0.872228,0.129846,0.975293,-1.74205,-0.162348,0.737821,-1.65647,-0.197898,0.525735,-1.04135
0.282714,0.429997,-0.872228,0.129846,0.975293,-1.74205,-0.162348,0.737821,-1.65647,-0.197898,0.525735,-1.04135
0.282714,0.429997,-0.872228,0.129846,0.975293,-1.74205,-0.162348,0.737821,-1.65647,-0.197898,0.525735,-1.04135
0.282714,0.429997,-0.872228,0.129846,0.975293,-1.74205,-0.162348,0.737821,-1.65647,-0.197898,0.525735,-1.04135
0.282714,0.429997,-0.872228,0.129846,0.975293,-1.74205,-0.162348,0.737821,-1.65647,-0.197898,0.525735,-1.04135
0.282714,0.429997,-0.872228,0.129846,0.975293,-1.74205,-0.162348,0.737821,-1.65647,-0.197898,0.525735,-1.04135
0.282714,0.429997,-0.872228,0.129846,0.975293,-1.74205,-0.162348,0.737821,-1.65647,-0.197898,0.525735,-1.04135
0.282714,0.429997,-0.872228,0.129846,0.975293,-1.74205,-0.162348,0.737821,-1.65647,-0.197898,0.525735,-1.04135
0.282714,0.429997,-0.872228,0.129846,0.975293,-1.74205,-0.162348,0.737821,-1.65647,-0.197898,0.525735,-1.04135
0.266691,0.452084,-0.929951,0.10761,0.995545,-1.70178,-0.177357,0.730501,-1.64046,-0.195225,0.500047,-1.15172
0.266691,0.452084,-0.929951,0.10761,0.995545,-1.70178,-0.177357,0.730501,-1.64046,-0.195225,0.500047,-1.15172
0.266691,0.452084,-0.929951,0.10761,0.995545,-1.70178,-0.177357,0.730501,-1.64046,-0.195225,0.500047,-1.15172
0.266691,0.452084,-0.929951,0.10761,0.995545,-1.70178,-0.177357,0.730501,-1.64046,-0.195225,0.500047,-1.15172
0.266691,0.452084,-0.929951,0.10761,0.995545,-1.70178,-0.177357,0.730501,-1.64046,-0.195225,0.500047,-1.15172
0.266691,0.452084,-0.929951,0.10761,0.995545,-1.70178,-0.177357,0.730501,-1.64046,-0.195225,0.500047,-1.15172
0.266691,0.452084,-0.929951,0.10761,0.995545,-1.70178,-0.177357,0.730501,-1.64046,-0.195225,0.500047,-1.15172
0.266691,0.452084,-0.929951,0.10761,0.995545,-1.70178,-0.177357,0.730501,-1.64046,-0.195225,0.500047,-1.15172
0.266691,0.452084,-0.929951,0.10761,0.995545,-1.70178,-0.177357,0.730501,-1.64046,-0.195225,0.500047,-1.15172
0.266691,0.452084,-0.929951,0.10761,0.995545,-1.70178,-0.177357,0.730501,-1.64046,-0.195225,0.500047,-1.15172
0.249066,0.460859,-0.979317,0.0905931,0.982937,-1.67133,-0.175989,0.72327,-1.5885,-0.174064,0.527706,-1.20661
0.249066,0.460859,-0.979317,0.0905931,0.982937,-1.67133,-0.175989,0.72327,-1.5885,-0.174064,0.527706,-1.20661
0.249066,0.460859,-0.979317,0.0905931,0.982937,-1.67133,-0.175989,0.72327,-1.5885,-0.174064,0.527706,-1.20661
0.249066,0.460859,-0.979317,0.0905931,0.982937,-1.67133,-0.175989,0.72327,-1.5885,-0.174064,0.527706,-1.20661
0.249066,0.460859,-0.979317,0.0905931,0.982937,-1.67133,-0.175989,0.72327,-1.5885,-0.174064,0.527706,-1.20661
0.249066,0.460859,-0.979317,0.0905931,0.982937,-1.67133,-0.175989,0.72327,-1.5885,-0.174064,0.527706,-1.20661
0.249066,0.460859,-0.979317,0.0905931,0.982937,-1.67133,-0.175989,0.72327,-1.5885,-0.174064,0.527706,-1.20661
0.249066,0.460859,-0.979317,0.0905931,0.982937,-1.67133,-0.175989,0.72327,-1.5885,-0.174064,0.527706,-1.20661
0.249066,0.460859,-0.979317,0.0905931,0.982937,-1.67133,-0.175989,0.72327,-1.5885,-0.174064,0.527706,-1.20661
0.249066,0.460859,-0.979317,0.0905931,0.982937,-1.67133,-0.175989,0.72327,-1.5885,-0.174064,0.527706,-1.20661
0.215994,0.458495,-0.986596,0.0783257,0.936819,-1.64415,-0.175036,0.668941,-1.52403,-0.129918,0.593434,-1.17882
0.215994,0.458495,-0.986596,0.0783257,0.936819,-1.64415,-0.175036,0.668941,-1.52403,-0.129918,0.593434,-1.17882
0.215994,0.458495,-0.986596,0.0783257,0.936819,-1.64415,-0.175036,0.668941,-1.52403,-0.129918,0.593434,-1.17882
0.215994,0.458495,-0.986596,0.0783257,0.936819,-1.64415,-0.175036,0.668941,-1.52403,-0.129918,0.593434,-1.17882
0.215994,0.458495,-0.986596,0.0783257,0.936819,-1.64415,-0.175036,0.668941,-1.52403,-0.129918,0.593434,-1.17882
0.215994,0.458495,-0.986596,0.0783257,0.936819,-1.64415,-0.175036,0.668941,-1.52403,-0.129918,0.593434,-1.17882
0.215994,0.458495,-0.986596,0.0783257,0.936819,-1.64415,-0.175036,0.668941,-1.52403,-0.129918,0.593434,-1.17882
0.215994,0.458495,-0.986596,0.0783257,0.936819,-1.64415,-0.175036,0.668941,-1.52403,-0.129918,0.593434,-1.17882
0.215994,0.458495,-0.986596,0.0783257,0.936819,-1.64415,-0.175036,0.668941,-1.52403,-0.129918,0.593434,-1.17882
0.215994,0.458495,-0.986596,0.0783257,0.936819,-1.64415,-0.175036,0.668941,-1.52403,-0.129918,0.593434,-1.17882
0.215994,0.458495,-0.986596,0.0783257,0.936819,-1.64415,-0.175036,0.668941,-1.52403,-0.129918,0.593434,-1.17882
0.215994,0.458495,-0.986596,0.0783257,0.936819,-1.64415,-0.175036,0.668941,-1.52403,-0.129918,0.593434,-1.17882
0.174389,0.472462,-1.01384,0.098458,0.935268,-1.58128,-0.119251,0.608784,-1.44521,-0.0544134,0.645658,-1.13285
0.174389,0.472462,-1.01384,0.098458,0.935268,-1.58128,-0.119251,0.608784,-1.44521,-0.0544134,0.645658,-1.13285
0.174389,0.472462,-1.01384,0.098458,0.935268,-1.58128,-0.119251,0.608784,-1.44521,-0.0544134,0.645658,-1.13285
0.174389,0.472462,-1.01384,0.098458,0.935268,-1.58128,-0.119251,0.608784,-1.44521,-0.0544134,0.645658,-1.13285
0.174389,0.472462,-1.01384,0.098458,0.935268,-1.58128,-0.119251,0.608784,-1.44521,-0.0544134,0.645658,-1.13285
0.174389,0.472462,-1.01384,0.098458,0.935268,-1.58128,-0.119251,0.608784,-1.44521,-0.0544134,0.645658,-1.13285
0.174389,0.472462,-1.01384,0.098458,0.935268,-1.58128,-0.119251,0.608784,-1.44521,-0.0544134,0.645658,-1.13285
0.174389,0.472462,-1.01384,0.098458,0.935268,-1.58128,-0.119251,0.608784,-1.44521,-0.0544134,0.645658,-1.13285
0.174389,0.472462,-1.01384,0.098458,0.935268,-1.58128,-0.119251,0.608784,-1.44521,-0.0544134,0.645658,-1.13285
0.174389,0.472462,-1.01384,0.098458,0.935268,-1.58128,-0.119251,0.608784,-1.44521,-0.0544134,0.645658,-1.13285
0.0422281,0.629219,-1.37954,0.0153355,0.855215,-1.22769,0.10771,0.579288,-1.14643,0.13325,0.652665,-1.49022
0.0422281,0.629219,-1.37954,0.0153355,0.855215,-1.22769,0.10771,0.579288,-1.14643,0.13325,0.652665,-1.49022
0.0422281,0.629219,-1.37954,0.0153355,0.855215,-1.22769,0.10771,0.579288,-1.14643,0.13325,0.652665,-1.49022
0.0422281,0.629219,-1.37954,0.0153355,0.855215,-1.22769,0.10771,0.579288,-1.14643,0.13325,0.652665,-1.49022
0.0422281,0.629219,-1.37954,0.0153355,0.855215,-1.22769,0.10771,0.579288,-1.14643,0.13325,0.652665,-1.49022
0.0422281,0.629219,-1.37954,0.0153355,0.855215,-1.22769,0.10771,0.579288,-1.14643,0.13325,0.652665,-1.49022
0.0422281,0.629219,-1.37954,0.0153355,0.855215,-1.22769,0.10771,0.579288,-1.14643,0.13325,0.652665,-1.49022
0.0422281,0.629219,-1.37954,0.0153355,0.855215,-1.22769,0.10771,0.579288,-1.14643,0.13325,0.652665,-1.49022
0.0422281,0.629219,-1.37954,0.0153355,0.855215,-1.22769,0.10771,0.579288,-1.14643,0.13325,0.652665,-1.49022
0.0422281,0.629219,-1.37954,0.0153355,0.855215,-1.22769,0.10771,0.579288,-1.14643,0.13325,0.652665,-1.49022
-0.0178775,0.846792,-1.65858,-0.073854,0.660326,-0.93723,0.252833,0.61693,-0.827137,0.228883,0.720141,-1.69444
-0.0178775,0.846792,-1.65858,-0.073854,0.660326,-0.93723,0.252833,0.61693,-0.827137,0.228883,0.720141,-1.69444
-0.0178775,0.846792,-1.65858,-0.073854,0.660326,-0.93723,0.252833,0.61693,-0.827137,0.228883,0.720141,-1.69444
-0.0178775,0.846792,-1.65858,-0.073854,0.660326,-0.93723,0.252833,0.61693,-0.827137,0.228883,0.720141,-1.69444
-0.0178775,0.846792,-1.65858,-0.073854,0.660326,-0.93723,0.252833,0.61693,-0.827137,0.228883,0.720141,-1.69444
-0.0178775,0.846792,-1.65858,-0.073854,0.660326,-0.93723,0.252833,0.61693,-0.827137,0.228883,0.720141,-1.69444
-0.0178775,0.846792,-1.65858,-0.073854,0.660326,-0.93723,0.252833,0.61693,-0.827137,0.228883,0.720141,-1.69444
-0.0178775,0.846792,-1.65858,-0.073854,0.660326,-0.93723,0.252833,0.61693,-0.827137,0.228883,0.720141,-1.69444
-0.0178775,0.846792,-1.65858,-0.073854,0.660326,-0.93723,0.252833,0.61693,-0.827137,0.228883,0.720141,-1.69444
-0.0178775,0.846792,-1.65858,-0.073854,0.660326,-0.93723,0.252833,0.61693,-0.827137,0.228883,0.720141,-1.69444
-0.0531535,0.921952,-1.73482,-0.0807188,0.570471,-0.883139,0.277028,0.656015,-0.826407,0.269332,0.700248,-1.72416
-0.0531535,0.921952,-1.73482,-0.0807188,0.570471,-0.883139,0.277028,0.656015,-0.826407,0.269332,0.700248,-1.72416
-0.0531535,0.921952,-1.73482,-0.0807188,0.570471,-0.883139,0.277028,0.656015,-0.826407,0.269332,0.700248,-1.72416
-0.0531535,0.921952,-1.73482,-0.0807188,0.570471,-0.883139,0.277028,0.656015,-0.826407,0.269332,0.700248,-1.72416
-0.0531535,0.921952,-1.73482,-0.0807188,0.570471,-0.883139,0.277028,0.656015,-0.826407,0.269332,0.700248,-1.72416
-0.0531535,0.921952,-1.73482,-0.0807188,0.570471,-0.883139,0.277028,0.656015,-0.826407,0.269332,0.700248,-1.72416
-0.0531535,0.921952,-1.73482,-0.0807188,0.570471,-0.883139,0.277028,0.656015,-0.826407,0.269332,0.700248,-1.72416
-0.0531535,0.921952,-1.73482,-0.0807188,0.570471,-0.883139,0.277028,0.656015,-0.826407,0.269332,0.700248,-1.72416
-0.0531535,0.921952,-1.73482,-0.0807188,0.570471,-0.883139,0.277028,0.656015,-0.826407,0.269332,0.700248,-1.72416
-0.0531535,0.921952,-1.73482,-0.0807188,0.570471,-0.883139,0.277028,0.656015,-0.826407,0.269332,0.700248,-1.72416
-0.0651117,0.94258,-1.7306,-0.0701768,0.571221,-0.972939,0.281931,0.668414,-0.898763,0.301539,0.667867,-1.68749
-0.0651117,0.94258,-1.7306,-0.0701768,0.571221,-0.972939,0.281931,0.668414,-0.898763,0.301539,0.667867,-1.68749
-0.0651117,0.94258,-1.7306,-0.0701768,0.571221,-0.972939,0.281931,0.668414,-0.898763,0.301539,0.667867,-1.68749
-0.0651117,0.94258,-1.7306,-0.0701768,0.571221,-0.972939,0.281931,0.668414,-0.898763,0.301539,0.667867,-1.68749
-0.0651117,0.94258,-1.7306,-0.0701768,0.571221,-0.972939,0.281931,0.668414,-0.898763,0.301539,0.667867,-1.68749
-0.0651117,0.94258,-1.7306,-0.0701768,0.571221,-0.972939,0.281931,0.668414,-0.898763,0.301539,0.667867,-1.68749
-0.0651117,0.94258,-1.7306,-0.0701768,0.571221,-0.972939,0.281931,0.668414,-0.898763,0.301539,0.667867,-1.68749
-0.0651117,0.94258,-1.7306,-0.0701768,0.571221,-0.972939,0.281931,0.668414,-0.898763,0.301539,0.667867,-1.68749
-0.0651117,0.94258,-1.7306,-0.0701768,0.571221,-0.972939,0.281931,0.668414,-0.898763,0.301539,0.667867,-1.68749
-0.0651117,0.94258,-1.7306,-0.0701768,0.571221,-0.972939,0.281931,0.668414,-0.898763,0.301539,0.667867,-1.68749
-0.0567353,0.944917,-1.698,-0.0311267,0.597419,-1.10366,0.257615,0.669491,-0.9964,0.294614,0.654636,-1.62687
-0.0567353,0.944917,-1.698,-0.0311267,0.597419,-1.10366,0.257615,0.669491,-0.9964,0.294614,0.654636,-1.62687
-0.0567353,0.944917,-1.698,-0.0311267,0.597419,-1.10366,0.257615,0.669491,-0.9964,0.294614,0.654636,-1.62687
-0.0567353,0.944917,-1.698,-0.0311267,0.597419,-1.10366,0.257615,0.669491,-0.9964,0.294614,0.654636,-1.62687
-0.0567353,0.944917,-1.698,-0.0311267,0.597419,-1.10366,0.257615,0.669491,-0.9964,0.294614,0.654636,-1.62687
-0.0567353,0.944917,-1.698,-0.0311267,0.597419,-1.10366,0.257615,0.669491,-0.9964,0.294614,0.654636,-1.62687
-0.0567353,0.944917,-1.698,-0.0311267,0.597419,-1.10366,0.257615,0.669491,-0.9964,0.294614,0.654636,-1.62687
-0.0567353,0.944917,-1.698,-0.0311267,0.597419,-1.10366,0.257615,0.669491,-0.9964,0.294614,0.654636,-1.62687
-0.0567353,0.944917,-1.698,-0.0311267,0.597419,-1.10366,0.257615,0.669491,-0.9964,0.294614,0.654636,-1.62687
-0.0567353,0.944917,-1.698,-0.0311267,0.597419,-1.10366,0.257615,0.669491,-0.9964,0.294614,0.654636,-1.62687
-0.0577539,0.957067,-1.68336,0.0118561,0.597322,-1.20104,0.230205,0.654703,-1.06458,0.27346,0.644551,-1.59174
-0.0577539,0.957067,-1.68336,0.0118561,0.597322,-1.20104,0.230205,0.654703,-1.06458,0.27346,0.644551,-1.59174
-0.0577539,0.957067,-1.68336,0.0118561,0.597322,-1.20104,0.230205,0.654703,-1.06458,0.27346,0.644551,-1.59174
-0.0577539,0.957067,-1.68336,0.0118561,0.597322,-1.20104,0.230205,0.654703,-1.06458,0.27346,0.644551,-1.59174
-0.0577539,0.957067,-1.68336,0.0118561,0.597322,-1.20104,0.230205,0.654703,-1.06458,0.27346,0.644551,-1.59174
-0.0577539,0.957067,-1.68336,0.0118561,0.597322,-1.20104,0.230205,0.654703,-1.06458,0.27346,0.644551,-1.59174
-0.0577539,0.957067,-1.68336,0.0118561,0.597322,-1.20104,0.230205,0.654703,-1.06458,0.27346,0.644551,-1.59174
-0.0577539,0.957067,-1.68336,0.0118561,0.597322,-1.20104,0.230205,0.654703,-1.06458,0.27346,0.644551,-1.59174
-0.0577539,0.957067,-1.68336,0.0118561,0.597322,-1.20104,0.230205,0.654703,-1.06458,0.27346,0.644551,-1.59174
-0.0577539,0.957067,-1.68336,0.0118561,0.597322,-1.20104,0.230205,0.654703,-1.06458,0.27346,0.644551,-1.59174
-0.0651297,0.974226,-1.69865,0.058646,0.571287,-1.2064,0.173604,0.636828,-1.08127,0.254625,0.626969,-1.59442
-0.0651297,0.974226,-1.69865,0.058646,0.571287,-1.2064,0.173604,0.636828,-1.08127,0.254625,0.626969,-1.59442
-0.0651297,0.974226,-1.69865,0.058646,0.571287,-1.2064,0.173604,0.636828,-1.08127,0.254625,0.626969,-1.59442
-0.0651297,0.974226,-1.69865,0.058646,0.571287,-1.2064,0.173604,0.636828,-1.08127,0.254625,0.626969,-1.59442
-0.0651297,0.974226,-1.69865,0.058646,0.571287,-1.2064,0.173604,0.636828,-1.08127,0.254625,0.626969,-1.59442
-0.0651297,0.974226,-1.69865,0.058646,0.571287,-1.2064,0.173604,0.636828,-1.08127,0.254625,0.626969,-1.59442
-0.0651297,0.974226,-1.69865,0.058646,0.571287,-1.2064,0.173604,0.636828,-1.08127,0.254625,0.626969,-1.59442
-0.0651297,0.974226,-1.69865,0.058646,0.571287,-1.2064,0.173604,0.636828,-1.08127,0.254625,0.626969,-1.59442
-0.0651297,0.974226,-1.69865,0.058646,0.571287,-1.2064,0.173604,0.636828,-1.08127,0.254625,0.626969,-1.59442
-0.0651297,0.974226,-1.69865,0.058646,0.571287,-1.2064,0.173604,0.636828,-1.08127,0.254625,0.626969,-1.59442
-0.0651297,0.974226,-1.69865,0.058646,0.571287,-1.2064,0.173604,0.636828,-1.08127,0.254625,0.626969,-1.59442
-0.0692642,0.959411,-1.67945,0.109765,0.570036,-1.19477,0.0981776,0.63689,-1.10858,0.208215,0.598883,-1.57436
-0.0692642,0.959411,-1.67945,0.109765,0.570036,-1.19477,0.0981776,0.63689,-1.10858,0.208215,0.598883,-1.57436
-0.0692642,0.959411,-1.67945,0.109765,0.570036,-1.19477,0.0981776,0.63689,-1.10858,0.208215,0.598883,-1.57436
-0.0692642,0.959411,-1.67945,0.109765,0.570036,-1.19477,0.0981776,0.63689,-1.10858,0.208215,0.598883,-1.57436
-0.0692642,0.959411,-1.67945,0.109765,0.570036,-1.19477,0.0981776,0.63689,-1.10858,0.208215,0.598883,-1.57436
-0.0692642,0.959411,-1.67945,0.109765,0.570036,-1.19477,0.0981776,0.63689,-1.10858,0.208215,0.598883,-1.57436
-0.0692642,0.959411,-1.67945,0.109765,0.570036,-1.19477,0.0981776,0.63689,-1.10858,0.208215,0.598883,-1.57436
-0.0692642,0.959411,-1.67945,0.109765,0.570036,-1.19477,0.0981776,0.63689,-1.10858,0.208215,0.598883,-1.57436
-0.0692642,0.959411,-1.67945,0.109765,0.570036,-1.19477,0.0981776,0.63689,-1.10858,0.208215,0.598883,-1.57436
-0.028227,0.801555,-1.436,0.0665779,0.717316,-1.44406,0.0135507,0.659354,-1.30478,-0.000725353,0.642738,-1.49174
-0.028227,0.801555,-1.436,0.0665779,0.717316,-1.44406,0.0135507,0.659354,-1.30478,-0.000725353,0.642738,-1.49174
-0.028227,0.801555,-1.436,0.0665779,0.717316,-1.44406,0.0135507,0.659354,-1.30478,-0.000725353,0.642738,-1.49174
-0.028227,0.801555,-1.436,0.0665779,0.717316,-1.44406,0.0135507,0.659354,-1.30478,-0.000725353,0.642738,-1.49174
-0.028227,0.801555,-1.436,0.0665779,0.717316,-1.44406,0.0135507,0.659354,-1.30478,-0.000725353,0.642738,-1.49174
-0.028227,0.801555,-1.436,0.0665779,0.717316,-1.44406,0.0135507,0.659354,-1.30478,-0.000725353,0.642738,-1.49174
-0.028227,0.801555,-1.436,0.0665779,0.717316,-1.44406,0.0135507,0.659354,-1.30478,-0.000725353,0.642738,-1.49174
-0.028227,0.801555,-1.436,0.0665779,0.717316,-1.44406,0.0135507,0.659354,-1.30478,-0.000725353,0.642738,-1.49174
-0.028227,0.801555,-1.436,0.0665779,0.717316,-1.44406,0.0135507,0.659354,-1.30478,-0.000725353,0.642738,-1.49174
-0.028227,0.801555,-1.436,0.0665779,0.717316,-1.44406,0.0135507,0.659354,-1.30478,-0.000725353,0.642738,-1.49174
-0.028227,0.801555,-1.436,0.0665779,0.717316,-1.44406,0.0135507,0.659354,-1.30478,-0.000725353,0.642738,-1.49174
0.0732263,0.58423,-1.0237,0.11634,0.851352,-1.73245,-0.0651218,0.699088,-1.5256,-0.0991021,0.572535,-1.15183
0.0732263,0.58423,-1.0237,0.11634,0.851352,-1.73245,-0.0651218,0.699088,-1.5256,-0.0991021,0.572535,-1.15183
0.0732263,0.58423,-1.0237,0.11634,0.851352,-1.73245,-0.0651218,0.699088,-1.5256,-0.0991021,0.572535,-1.15183
0.0732263,0.58423,-1.0237,0.11634,0.851352,-1.73245,-0.0651218,0.699088,-1.5256,-0.0991021,0.572535,-1.15183
0.0732263,0.58423,-1.0237,0.11634,0.851352,-1.73245,-0.0651218,0.699088,-1.5256,-0.0991021,0.572535,-1.15183
0.0732263,0.58423,-1.0237,0.11634,0.851352,-1.73245,-0.0651218,0.699088,-1.5256,-0.0991021,0.572535,-1.15183
0.0732263,0.58423,-1.0237,0.11634,0.851352,-1.73245,-0.0651218,0.699088,-1.5256,-0.0991021,0.572535,-1.15183
0.0732263,0.58423,-1.0237,0.11634,0.851352,-1.73245,-0.0651218,0.699088,-1.5256,-0.0991021,0.572535,-1.15183
0.0732263,0.58423,-1.0237,0.11634,0.851352,-1.73245,-0.0651218,0.699088,-1.5256,-0.0991021,0.572535,-1.15183
0.175307,0.473984,-0.880835,0.149923,0.916484,-1.80637,-0.11987,0.723969,-1.61715,-0.146355,0.557859,-0.986723
0.175307,0.473984,-0.880835,0.149923,0.916484,-1.80637,-0.11987,0.723969,-1.61715,-0.146355,0.557859,-0.986723
0.175307,0.473984,-0.880835,0.149923,0.916484,-1.80637,-0.11987,0.723969,-1.61715,-0.146355,0.557859,-0.986723
0.175307,0.473984,-0.880835,0.149923,0.916484,-1.80637,-0.11987,0.723969,-1.61715,-0.146355,0.557859,-0.986723
0.175307,0.473984,-0.880835,0.149923,0.916484,-1.80637,-0.11987,0.723969,-1.61715,-0.146355,0.557859,-0.986723
0.175307,0.473984,-0.880835,0.149923,0.916484,-1.80637,-0.11987,0.723969,-1.61715,-0.146355,0.557859,-0.986723
0.175307,0.473984,-0.880835,0.149923,0.916484,-1.80637,-0.11987,0.723969,-1.61715,-0.146355,0.557859,-0.986723
0.175307,0.473984,-0.880835,0.149923,0.916484,-1.80637,-0.11987,0.723969,-1.61715,-0.146355,0.557859,-0.986723
0.175307,0.473984,-0.880835,0.149923,0.916484,-1.80637,-0.11987,0.723969,-1.61715,-0.146355,0.557859,-0.986723
0.175307,0.473984,-0.880835,0.149923,0.916484,-1.80637,-0.11987,0.723969,-1.61715,-0.146355,0.557859,-0.986723
0.260395,0.435531,-0.854055,0.132229,0.952787,-1.78091,-0.149289,0.742483,-1.65814,-0.185252,0.54983,-0.978212
0.260395,0.435531,-0.854055,0.132229,0.952787,-1.78091,-0.149289,0.742483,-1.65814,-0.185252,0.54983,-0.978212
0.260395,0.435531,-0.854055,0.132229,0.952787,-1.78091,-0.149289,0.742483,-1.65814,-0.185252,0.54983,-0.978212
0.260395,0.435531,-0.854055,0.132229,0.952787,-1.78091,-0.149289,0.742483,-1.65814,-0.185252,0.54983,-0.978212
0.260395,0.435531,-0.854055,0.132229,0.952787,-1.78091,-0.149289,0.742483,-1.65814,-0.185252,0.54983,-0.978212
0.260395,0.435531,-0.854055,0.132229,0.952787,-1.78091,-0.149289,0.742483,-1.65814,-0.185252,0.54983,-0.978212
0.260395,0.435531,-0.854055,0.132229,0.952787,-1.78091,-0.149289,0.742483,-1.65814,-0.185252,0.54983,-0.978212
0.260395,0.435531,-0.854055,0.132229,0.952787,-1.78091,-0.149289,0.742483,-1.65814,-0.185252,0.54983,-0.978212
0.260395,0.435531,-0.854055,0.132229,0.952787,-1.78091,-0.149289,0.742483,-1.65814,-0.185252,0.54983,-0.978212
0.260395,0.435531,-0.854055,0.132229,0.952787,-1.78091,-0.149289,0.742483,-1.65814,-0.185252,0.54983,-0.978212
0.282734,0.442804,-0.887103,0.110692,0.984332,-1.71986,-0.1797,0.745919,-1.66285,-0.199331,0.52158,-1.06506
0.282734,0.442804,-0.887103,0.110692,0.984332,-1.71986,-0.1797,0.745919,-1.66285,-0.199331,0.52158,-1.06506
0.282734,0.442804,-0.887103,0.110692,0.984332,-1.71986,-0.1797,0.745919,-1.66285,-0.199331,0.52158,-1.06506
0.282734,0.442804,-0.887103,0.110692,0.984332,-1.71986,-0.1797,0.745919,-1.66285,-0.199331,0.52158,-1.06506
0.282734,0.442804,-0.887103,0.110692,0.984332,-1.71986,-0.1797,0.745919,-1.66285,-0.199331,0.52158,-1.06506
0.282734,0.442804,-0.887103,0.110692,0.984332,-1.71986,-0.1797,0.745919,-1.66285,-0.199331,0.52158,-1.06506
0.282734,0.442804,-0.887103,0.110692,0.984332,-1.71986,-0.1797,0.745919,-1.66285,-0.199331,0.52158,-1.06506
0.282734,0.442804,-0.887103,0.110692,0.984332,-1.71986,-0.1797,0.745919,-1.66285,-0.199331,0.52158,-1.06506
0.282734,0.442804,-0.887103,0.110692,0.984332,-1.71986,-0.1797,0.745919,-1.66285,-0.199331,0.52158,-1.06506
0.282734,0.442804,-0.887103,0.110692,0.984332,-1.71986,-0.1797,0.745919,-1.66285,-0.199331,0.52158,-1.06506
0.282734,0.442804,-0.887103,0.110692,0.984332,-1.71986,-0.1797,0.745919,-1.66285,-0.199331,0.52158,-1.06506
0.262682,0.457819,-0.946435,0.0931635,0.997676,-1.68549,-0.18248,0.735442,-1.63544,-0.193176,0.513388,-1.17159
0.262682,0.457819,-0.946435,0.0931635,0.997676,-1.68549,-0.18248,0.735442,-1.63544,-0.193176,0.513388,-1.17159
0.262682,0.457819,-0.946435,0.0931635,0.997676,-1.68549,-0.18248,0.735442,-1.63544,-0.193176,0.513388,-1.17159
0.262682,0.457819,-0.946435,0.0931635,0.997676,-1.68549,-0.18248,0.735442,-1.63544,-0.193176,0.513388,-1.17159
0.262682,0.457819,-0.946435,0.0931635,0.997676,-1.68549,-0.18248,0.735442,-1.63544,-0.193176,0.513388,-1.17159
0.262682,0.457819,-0.946435,0.0931635,0.997676,-1.68549,-0.18248,0.735442,-1.63544,-0.193176,0.513388,-1.17159
0.262682,0.457819,-0.946435,0.0931635,0.997676,-1.68549,-0.18248,0.735442,-1.63544,-0.193176,0.513388,-1.17159
0.262682,0.457819,-0.946435,0.0931635,0.997676,-1.68549,-0.18248,0.735442,-1.63544,-0.193176,0.513388,-1.17159
0.262682,0.457819,-0.946435,0.0931635,0.997676,-1.68549,-0.18248,0.735442,-1.63544,-0.193176,0.513388,-1.17159
0.243152,0.463009,-0.978311,0.0826816,0.972705,-1.65465,-0.178812,0.719471,-1.57498,-0.168441,0.553483,-1.19609
0.243152,0.463009,-0.978311,0.0826816,0.972705,-1.65465,-0.178812,0.719471,-1.57498,-0.168441,0.553483,-1.19609
0.243152,0.463009,-0.978311,0.0826816,0.972705,-1.65465,-0.178812,0.719471,-1.57498,-0.168441,0.553483,-1.19609
0.243152,0.463009,-0.978311,0.0826816,0.972705,-1.65465,-0.178812,0.719471,-1.57498,-0.168441,0.553483,-1.19609
0.243152,0.463009,-0.978311,0.0826816,0.972705,-1.65465,-0.178812,0.719471,-1.57498,-0.168441,0.553483,-1.19609
0.243152,0.463009,-0.978311,0.0826816,0.972705,-1.65465,-0.178812,0.719471,-1.57498,-0.168441,0.553483,-1.19609
0.243152,0.463009,-0.978311,0.0826816,0.972705,-1.65465,-0.178812,0.719471,-1.57498,-0.168441,0.553483,-1.19609
0.243152,0.463009,-0.978311,0.0826816,0.972705,-1.65465,-0.178812,0.719471,-1.57498,-0.168441,0.553483,-1.19609
0.243152,0.463009,-0.978311,0.0826816,0.972705,-1.65465,-0.178812,0.719471,-1.57498,-0.168441,0.553483,-1.19609
0.243152,0.463009,-0.978311,0.0826816,0.972705,-1.65465,-0.178812,0.719471,-1.57498,-0.168441,0.553483,-1.19609
0.243152,0.463009,-0.978311,0.0826816,0.972705,-1.65465,-0.178812,0.719471,-1.57498,-0.168441,0.553483,-1.19609
0.201118,0.463599,-0.983853,0.0815999,0.924201,-1.62714,-0.167847,0.646568,-1.50554,-0.112039,0.622264,-1.15199
0.201118,0.463599,-0.983853,0.0815999,0.924201,-1.62714,-0.167847,0.646568,-1.50554,-0.112039,0.622264,-1.15199
0.201118,0.463599,-0.983853,0.0815999,0.924201,-1.62714,-0.167847,0.646568,-1.50554,-0.112039,0.622264,-1.15199
0.201118,0.463599,-0.983853,0.0815999,0.924201,-1.62714,-0.167847,0.646568,-1.50554,-0.112039,0.622264,-1.15199
0.201118,0.463599,-0.983853,0.0815999,0.924201,-1.62714,-0.167847,0.646568,-1.50554,-0.112039,0.622264,-1.15199
0.201118,0.463599,-0.983853,0.0815999,0.924201,-1.62714,-0.167847,0.646568,-1.50554,-0.112039,0.622264,-1.15199
0.201118,0.463599,-0.983853,0.0815999,0.924201,-1.62714,-0.167847,0.646568,-1.50554,-0.112039,0.622264,-1.15199
0.201118,0.463599,-0.983853,0.0815999,0.924201,-1.62714,-0.167847,0.646568,-1.50554,-0.112039,0.622264,-1.15199
0.201118,0.463599,-0.983853,0.0815999,0.924201,-1.62714,-0.167847,0.646568,-1.50554,-0.112039,0.622264,-1.15199
0.201118,0.463599,-0.983853,0.0815999,0.924201,-1.62714,-0.167847,0.646568,-1.50554,-0.112039,0.622264,-1.15199
0.154979,0.503323,-1.05285,0.104351,0.946949,-1.51412,-0.0676278,0.610847,-1.41161,-0.0175549,0.651018,-1.16
0.154979,0.503323,-1.05285,0.104351,0.946949,-1.51412,-0.0676278,0.610847,-1.41161,-0.0175549,0.651018,-1.16
0.154979,0.503323,-1.05285,0.104351,0.946949,-1.51412,-0.0676278,0.610847,-1.41161,-0.0175549,0.651018,-1.16
0.154979,0.503323,-1.05285,0.104351,0.946949,-1.51412,-0.0676278,0.610847,-1.41161,-0.0175549,0.651018,-1.16
0.154979,0.503323,-1.05285,0.104351,0.946949,-1.51412,-0.0676278,0.610847,-1.41161,-0.0175549,0.651018,-1.16
0.154979,0.503323,-1.05285,0.104351,0.946949,-1.51412,-0.0676278,0.610847,-1.41161,-0.0175549,0.651018,-1.16
0.154979,0.503323,-1.05285,0.104351,0.946949,-1.51412,-0.0676278,0.610847,-1.41161,-0.0175549,0.651018,-1.16
0.154979,0.503323,-1.05285,0.104351,0.946949,-1.51412,-0.0676278,0.610847,-1.41161,-0.0175549,0.651018,-1.16
0.154979,0.503323,-1.05285,0.104351,0.946949,-1.51412,-0.0676278,0.610847,-1.41161,-0.0175549,0.651018,-1.16
0.154979,0.503323,-1.05285,0.104351,0.946949,-1.51412,-0.0676278,0.610847,-1.41161,-0.0175549,0.651018,-1.16
0.0151218,0.701899,-1.51952,-0.0399061,0.767105,-1.05723,0.178209,0.566126,-0.926026,0.186858,0.66932,-1.59528
0.0151218,0.701899,-1.51952,-0.0399061,0.767105,-1.05723,0.178209,0.566126,-0.926026,0.186858,0.66932,-1.59528
0.0151218,0.701899,-1.51952,-0.0399061,0.767105,-1.05723,0.178209,0.566126,-0.926026,0.186858,0.66932,-1.59528
0.0151218,0.701899,-1.51952,-0.0399061,0.767105,-1.05723,0.178209,0.566126,-0.926026,0.186858,0.66932,-1.59528
0.0151218,0.701899,-1.51952,-0.0399061,0.767105,-1.05723,0.178209,0.566126,-0.926026,0.186858,0.66932,-1.59528
0.0151218,0.701899,-1.51952,-0.0399061,0.767105,-1.05723,0.178209,0.566126,-0.926026,0.186858,0.66932,-1.59528
0.0151218,0.701899,-1.51952,-0.0399061,0.767105,-1.05723,0.178209,0.566126,-0.926026,0.186858,0.66932,-1.59528
0.0151218,0.701899,-1.51952,-0.0399061,0.767105,-1.05723,0.178209,0.566126,-0.926026,0.186858,0.66932,-1.59528
0.0151218,0.701899,-1.51952,-0.0399061,0.767105,-1.05723,0.178209,0.566126,-0.926026,0.186858,0.66932,-1.59528
0.0151218,0.701899,-1.51952,-0.0399061,0.767105,-1.05723,0.178209,0.566126,-0.926026,0.186858,0.66932,-1.59528
-0.0332426,0.875173,-1.70239,-0.0833281,0.620743,-0.86729,0.273075,0.636806,-0.77102,0.250545,0.71638,-1.7167
-0.0332426,0.875173,-1.70239,-0.0833281,0.620743,-0.86729,0.273075,0.636806,-0.77102,0.250545,0.71638,-1.7167
-0.0332426,0.875173,-1.70239,-0.0833281,0.620743,-0.86729,0.273075,0.636806,-0.77102,0.250545,0.71638,-1.7167
-0.0332426,0.875173,-1.70239,-0.0833281,0.620743,-0.86729,0.273075,0.636806,-0.77102,0.250545,0.71638,-1.7167
-0.0332426,0.875173,-1.70239,-0.0833281,0.620743,-0.86729,0.273075,0.636806,-0.77102,0.250545,0.71638,-1.7167
-0.0332426,0.875173,-1.70239,-0.0833281,0.620743,-0.86729,0.273075,0.636806,-0.77102,0.250545,0.71638,-1.7167
-0.0332426,0.875173,-1.70239,-0.0833281,0.620743,-0.86729,0.273075,0.636806,-0.77102,0.250545,0.71638,-1.7167
-0.0332426,0.875173,-1.70239,-0.0833281,0.620743,-0.86729,0.273075,0.636806,-0.77102,0.250545,0.71638,-1.7167
-0.0332426,0.875173,-1.70239,-0.0833281,0.620743,-0.86729,0.273075,0.636806,-0.77102,0.250545,0.71638,-1.7167
-0.0332426,0.875173,-1.70239,-0.0833281,0.620743,-0.86729,0.273075,0.636806,-0.77102,0.250545,0.71638,-1.7167
-0.0332426,0.928841,-1.73024,-0.0887961,0.561643,-0.881834,0.289631,0.680505,-0.835545,0.288531,0.686383,-1.72045
-0.0565282,0.928841,-1.73024,-0.0887961,0.561643,-0.881834,0.289631,0.680505,-0.835545,0.288531,0.686383,-1.72045
-0.0565282,0.928841,-1.73024,-0.0887961,0.561643,-0.881834,0.289631,0.680505,-0.835545,0.288531,0.686383,-1.72045
-0.0565282,0.928841,-1.73024,-0.0887961,0.561643,-0.881834,0.289631,0.680505,-0.835545,0.288531,0.686383,-1.72045
-0.0565282,0.928841,-1.73024,-0.0887961,0.561643,-0.881834,0.289631,0.680505,-0.835545,0.288531,0.686383,-1.72045
-0.0565282,0.928841,-1.73024,-0.0887961,0.561643,-0.881834,0.289631,0.680505,-0.835545,0.288531,0.686383,-1.72045
-0.0565282,0.928841,-1.73024,-0.0887961,0.561643,-0.881834,0.289631,0.680505,-0.835545,0.288531,0.686383,-1.72045
-0.0565282,0.928841,-1.73024,-0.0887961,0.561643,-0.881834,0.289631,0.680505,-0.835545,0.288531,0.686383,-1.72045
-0.0565282,0.928841,-1.73024,-0.0887961,0.561643,-0.881834,0.289631,0.680505,-0.835545,0.288531,0.686383,-1.72045
-0.0565282,0.928841,-1.73024,-0.0887961,0.561643,-0.881834,0.289631,0.680505,-0.835545,0.288531,0.686383,-1.72045
-0.0600336,0.941199,-1.70901,-0.0680447,0.580775,-1.00634,0.282422,0.681399,-0.920581,0.307011,0.668316,-1.66686
-0.0600336,0.941199,-1.70901,-0.0680447,0.580775,-1.00634,0.282422,0.681399,-0.920581,0.307011,0.668316,-1.66686
-0.0600336,0.941199,-1.70901,-0.0680447,0.580775,-1.00634,0.282422,0.681399,-0.920581,0.307011,0.668316,-1.66686
-0.0600336,0.941199,-1.70901,-0.0680447,0.580775,-1.00634,0.282422,0.681399,-0.920581,0.307011,0.668316,-1.66686
-0.0600336,0.941199,-1.70901,-0.0680447,0.580775,-1.00634,0.282422,0.681399,-0.920581,0.307011,0.668316,-1.66686
-0.0600336,0.941199,-1.70901,-0.0680447,0.580775,-1.00634,0.282422,0.681399,-0.920581,0.307011,0.668316,-1.66686
-0.0600336,0.941199,-1.70901,-0.0680447,0.580775,-1.00634,0.282422,0.681399,-0.920581,0.307011,0.668316,-1.66686
-0.0600336,0.941199,-1.70901,-0.0680447,0.580775,-1.00634,0.282422,0.681399,-0.920581,0.307011,0.668316,-1.66686
-0.0600336,0.941199,-1.70901,-0.0680447,0.580775,-1.00634,0.282422,0.681399,-0.920581,0.307011,0.668316,-1.66686
-0.0600336,0.941199,-1.70901,-0.0680447,0.580775,-1.00634,0.282422,0.681399,-0.920581,0.307011,0.668316,-1.66686
-0.0530171,0.946713,-1.68165,-0.0228654,0.603836,-1.13927,0.260023,0.675995,-1.01855,0.289424,0.654721,-1.61492
-0.0530171,0.946713,-1.68165,-0.0228654,0.603836,-1.13927,0.260023,0.675995,-1.01855,0.289424,0.654721,-1.61492
-0.0530171,0.946713,-1.68165,-0.0228654,0.603836,-1.13927,0.260023,0.675995,-1.01855,0.289424,0.654721,-1.61492
-0.0530171,0.946713,-1.68165,-0.0228654,0.603836,-1.13927,0.260023,0.675995,-1.01855,0.289424,0.654721,-1.61492
-0.0530171,0.946713,-1.68165,-0.0228654,0.603836,-1.13927,0.260023,0.675995,-1.01855,0.289424,0.654721,-1.61492
-0.0530171,0.946713,-1.68165,-0.0228654,0.603836,-1.13927,0.260023,0.675995,-1.01855,0.289424,0.654721,-1.61492
-0.0530171,0.946713,-1.68165,-0.0228654,0.603836,-1.13927,0.260023,0.675995,-1.01855,0.289424,0.654721,-1.61492
-0.0530171,0.946713,-1.68165,-0.0228654,0.603836,-1.13927,0.260023,0.675995,-1.01855,0.289424,0.654721,-1.61492
-0.0530171,0.946713,-1.68165,-0.0228654,0.603836,-1.13927,0.260023,0.675995,-1.01855,0.289424,0.654721,-1.61492
-0.0530171,0.946713,-1.68165,-0.0228654,0.603836,-1.13927,0.260023,0.675995,-1.01855,0.289424,0.654721,-1.61492
-0.0595994,0.965105,-1.68436,0.0224658,0.587412,-1.20644,0.220199,0.659561,-1.06886,0.27254,0.644969,-1.59515
-0.0595994,0.965105,-1.68436,0.0224658,0.587412,-1.20644,0.220199,0.659561,-1.06886,0.27254,0.644969,-1.59515
-0.0595994,0.965105,-1.68436,0.0224658,0.587412,-1.20644,0.220199,0.659561,-1.06886,0.27254,0.644969,-1.59515
-0.0595994,0.965105,-1.68436,0.0224658,0.587412,-1.20644,0.220199,0.659561,-1.06886,0.27254,0.644969,-1.59515
-0.0595994,0.965105,-1.68436,0.0224658,0.587412,-1.20644,0.220199,0.659561,-1.06886,0.27254,0.644969,-1.59515
-0.0595994,0.965105,-1.68436,0.0224658,0.587412,-1.20644,0.220199,0.659561,-1.06886,0.27254,0.644969,-1.59515
-0.0595994,0.965105,-1.68436,0.0224658,0.587412,-1.20644,0.220199,0.659561,-1.06886,0.27254,0.644969,-1.59515
-0.0595994,0.965105,-1.68436,0.0224658,0.587412,-1.20644,0.220199,0.659561,-1.06886,0.27254,0.644969,-1.59515
-0.0595994,0.965105,-1.68436,0.0224658,0.587412,-1.20644,0.220199,0.659561,-1.06886,0.27254,0.644969,-1.59515
-0.0595994,0.965105,-1.68436,0.0224658,0.587412,-1.20644,0.220199,0.659561,-1.06886,0.27254,0.644969,-1.59515
-0.0595994,0.965105,-1.68436,0.0224658,0.587412,-1.20644,0.220199,0.659561,-1.06886,0.27254,0.644969,-1.59515
-0.0640722,0.97773,-1.69412,0.0773306,0.566655,-1.19026,0.149238,0.644738,-1.08087,0.250534,0.620207,-1.59928
-0.0640722,0.97773,-1.69412,0.0773306,0.566655,-1.19026,0.149238,0.644738,-1.08087,0.250534,0.620207,-1.59928
-0.0640722,0.97773,-1.69412,0.0773306,0.566655,-1.19026,0.149238,0.644738,-1.08087,0.250534,0.620207,-1.59928
-0.0640722,0.97773,-1.69412,0.0773306,0.566655,-1.19026,0.149238,0.644738,-1.08087,0.250534,0.620207,-1.59928
-0.0640722,0.97773,-1.69412,0.0773306,0.566655,-1.19026,0.149238,0.644738,-1.08087,0.250534,0.620207,-1.59928
-0.0640722,0.97773,-1.69412,0.0773306,0.566655,-1.19026,0.149238,0.644738,-1.08087,0.250534,0.620207,-1.59928
-0.0640722,0.97773,-1.69412,0.0773306,0.566655,-1.19026,0.149238,0.644738,-1.08087,0.250534,0.620207,-1.59928
-0.0640722,0.97773,-1.69412,0.0773306,0.566655,-1.19026,0.149238,0.644738,-1.08087,0.250534,0.620207,-1.59928
-0.0640722,0.97773,-1.69412,0.0773306,0.566655,-1.19026,0.149238,0.644738,-1.08087,0.250534,0.620207,-1.59928
-0.0767337,0.936682,-1.65232,0.115666,0.585303,-1.21695,0.07025,0.635478,-1.13357,0.167049,0.617524,-1.53998
-0.0767337,0.936682,-1.65232,0.115666,0.585303,-1.21695,0.07025,0.635478,-1.13357,0.167049,0.617524,-1.53998
-0.0767337,0.936682,-1.65232,0.115666,0.585303,-1.21695,0.07025,0.635478,-1.13357,0.167049,0.617524,-1.53998
-0.0767337,0.936682,-1.65232,0.115666,0.585303,-1.21695,0.07025,0.635478,-1.13357,0.167049,0.617524,-1.53998
-0.0767337,0.936682,-1.65232,0.115666,0.585303,-1.21695,0.07025,0.635478,-1.13357,0.167049,0.617524,-1.53998
-0.0767337,0.936682,-1.65232,0.115666,0.585303,-1.21695,0.07025,0.635478,-1.13357,0.167049,0.617524,-1.53998
-0.0767337,0.936682,-1.65232,0.115666,0.585303,-1.21695,0.07025,0.635478,-1.13357,0.167049,0.617524,-1.53998
-0.0767337,0.936682,-1.65232,0.115666,0.585303,-1.21695,0.07025,0.635478,-1.13357,0.167049,0.617524,-1.53998
-0.0767337,0.936682,-1.65232,0.115666,0.585303,-1.21695,0.07025,0.635478,-1.13357,0.167049,0.617524,-1.53998
0.0487665,0.689051,-1.2167,0.0941379,0.75497,-1.5708,-0.0243599,0.656092,-1.41327,-0.0500477,0.614084,-1.38689
0.0487665,0.689051,-1.2167,0.0941379,0.75497,-1.5708,-0.0243599,0.656092,-1.41327,-0.0500477,0.614084,-1.38689
0.0487665,0.689051,-1.2167,0.0941379,0.75497,-1.5708,-0.0243599,0.656092,-1.41327,-0.0500477,0.614084,-1.38689
0.0487665,0.689051,-1.2167,0.0941379,0.75497,-1.5708,-0.0243599,0.656092,-1.41327,-0.0500477,0.614084,-1.38689
0.0487665,0.689051,-1.2167,0.0941379,0.75497,-1.5708,-0.0243599,0.656092,-1.41327,-0.0500477,0.614084,-1.38689
0.0487665,0.689051,-1.2167,0.0941379,0.75497,-1.5708,-0.0243599,0.656092,-1.41327,-0.0500477,0.614084,-1.38689
0.0487665,0.689051,-1.2167,0.0941379,0.75497,-1.5708,-0.0243599,0.656092,-1.41327,-0.0500477,0.614084,-1.38689
0.0487665,0.689051,-1.2167,0.0941379,0.75497,-1.5708,-0.0243599,0.656092,-1.41327,-0.0500477,0.614084,-1.38689
0.0487665,0.689051,-1.2167,0.0941379,0.75497,-1.5708,-0.0243599,0.656092,-1.41327,-0.0500477,0.614084,-1.38689
0.0487665,0.689051,-1.2167,0.0941379,0.75497,-1.5708,-0.0243599,0.656092,-1.41327,-0.0500477,0.614084,-1.38689
0.109929,0.538143,-0.941309,0.145445,0.884279,-1.77202,-0.0729749,0.702914,-1.55852,-0.111468,0.555472,-1.08906
0.109929,0.538143,-0.941309,0.145445,0.884279,-1.77202,-0.0729749,0.702914,-1.55852,-0.111468,0.555472,-1.08906
0.109929,0.538143,-0.941309,0.145445,0.884279,-1.77202,-0.0729749,0.702914,-1.55852,-0.111468,0.555472,-1.08906
0.109929,0.538143,-0.941309,0.145445,0.884279,-1.77202,-0.0729749,0.702914,-1.55852,-0.111468,0.555472,-1.08906
0.109929,0.538143,-0.941309,0.145445,0.884279,-1.77202,-0.0729749,0.702914,-1.55852,-0.111468,0.555472,-1.08906
0.109929,0.538143,-0.941309,0.145445,0.884279,-1.77202,-0.0729749,0.702914,-1.55852,-0.111468,0.555472,-1.08906
0.109929,0.538143,-0.941309,0.145445,0.884279,-1.77202,-0.0729749,0.702914,-1.55852,-0.111468,0.555472,-1.08906
0.109929,0.538143,-0.941309,0.145445,0.884279,-1.77202,-0.0729749,0.702914,-1.55852,-0.111468,0.555472,-1.08906
0.109929,0.538143,-0.941309,0.145445,0.884279,-1.77202,-0.0729749,0.702914,-1.55852,-0.111468,0.555472,-1.08906
0.109929,0.538143,-0.941309,0.145445,0.884279,-1.77202,-0.0729749,0.702914,-1.55852,-0.111468,0.555472,-1.08906
0.109929,0.538143,-0.941309,0.145445,0.884279,-1.77202,-0.0729749,0.702914,-1.55852,-0.111468,0.555472,-1.08906
0.109929,0.538143,-0.941309,0.145445,0.884279,-1.77202,-0.0729749,0.702914,-1.55852,-0.111468,0.555472,-1.08906
0.109929,0.538143,-0.941309,0.145445,0.884279,-1.77202,-0.0729749,0.702914,-1.55852,-0.111468,0.555472,-1.08906
0.211045,0.447019,-0.864525,0.159321,0.930729,-1.80921,-0.122753,0.728925,-1.63234,-0.160714,0.556754,-0.987384
0.211045,0.447019,-0.864525,0.159321,0.930729,-1.80921,-0.122753,0.728925,-1.63234,-0.160714,0.556754,-0.987384
0.211045,0.447019,-0.864525,0.159321,0.930729,-1.80921,-0.122753,0.728925,-1.63234,-0.160714,0.556754,-0.987384
0.211045,0.447019,-0.864525,0.159321,0.930729,-1.80921,-0.122753,0.728925,-1.63234,-0.160714,0.556754,-0.987384
0.211045,0.447019,-0.864525,0.159321,0.930729,-1.80921,-0.122753,0.728925,-1.63234,-0.160714,0.556754,-0.987384
0.211045,0.447019,-0.864525,0.159321,0.930729,-1.80921,-0.122753,0.728925,-1.63234,-0.160714,0.556754,-0.987384
0.211045,0.447019,-0.864525,0.159321,0.930729,-1.80921,-0.122753,0.728925,-1.63234,-0.160714,0.556754,-0.987384
0.211045,0.447019,-0.864525,0.159321,0.930729,-1.80921,-0.122753,0.728925,-1.63234,-0.160714,0.556754,-0.987384
0.211045,0.447019,-0.864525,0.159321,0.930729,-1.80921,-0.122753,0.728925,-1.63234,-0.160714,0.556754,-0.987384
0.211045,0.447019,-0.864525,0.159321,0.930729,-1.80921,-0.122753,0.728925,-1.63234,-0.160714,0.556754,-0.987384
0.274497,0.432024,-0.865302,0.134443,0.965111,-1.76243,-0.155986,0.74456,-1.66146,-0.190104,0.533386,-1.01726
0.274497,0.432024,-0.865302,0.134443,0.965111,-1.76243,-0.155986,0.74456,-1.66146,-0.190104,0.533386,-1.01726
0.274497,0.432024,-0.865302,0.134443,0.965111,-1.76243,-0.155986,0.74456,-1.66146,-0.190104,0.533386,-1.01726
0.274497,0.432024,-0.865302,0.134443,0.965111,-1.76243,-0.155986,0.74456,-1.66146,-0.190104,0.533386,-1.01726
0.274497,0.432024,-0.865302,0.134443,0.965111,-1.76243,-0.155986,0.74456,-1.66146,-0.190104,0.533386,-1.01726
0.274497,0.432024,-0.865302,0.134443,0.965111,-1.76243,-0.155986,0.74456,-1.66146,-0.190104,0.533386,-1.01726
0.274497,0.432024,-0.865302,0.134443,0.965111,-1.76243,-0.155986,0.74456,-1.66146,-0.190104,0.533386,-1.01726
0.274497,0.432024,-0.865302,0.134443,0.965111,-1.76243,-0.155986,0.74456,-1.66146,-0.190104,0.533386,-1.01726
0.274497,0.432024,-0.865302,0.134443,0.965111,-1.76243,-0.155986,0.74456,-1.66146,-0.190104,0.533386,-1.01726
0.277421,0.449251,-0.911647,0.110251,0.992565,-1.70999,-0.182113,0.74204,-1.65516,-0.19721,0.503139,-1.11674
0.277421,0.449251,-0.911647,0.110251,0.992565,-1.70999,-0.182113,0.74204,-1.65516,-0.19721,0.503139,-1.11674
0.277421,0.449251,-0.911647,0.110251,0.992565,-1.70999,-0.182113,0.74204,-1.65516,-0.19721,0.503139,-1.11674
0.277421,0.449251,-0.911647,0.110251,0.992565,-1.70999,-0.182113,0.74204,-1.65516,-0.19721,0.503139,-1.11674
0.277421,0.449251,-0.911647,0.110251,0.992565,-1.70999,-0.182113,0.74204,-1.65516,-0.19721,0.503139,-1.11674
0.277421,0.449251,-0.911647,0.110251,0.992565,-1.70999,-0.182113,0.74204,-1.65516,-0.19721,0.503139,-1.11674
0.277421,0.449251,-0.911647,0.110251,0.992565,-1.70999,-0.182113,0.74204,-1.65516,-0.19721,0.503139,-1.11674
0.277421,0.449251,-0.911647,0.110251,0.992565,-1.70999,-0.182113,0.74204,-1.65516,-0.19721,0.503139,-1.11674
0.277421,0.449251,-0.911647,0.110251,0.992565,-1.70999,-0.182113,0.74204,-1.65516,-0.19721,0.503139,-1.11674
0.277421,0.449251,-0.911647,0.110251,0.992565,-1.70999,-0.182113,0.74204,-1.65516,-0.19721,0.503139,-1.11674
0.277421,0.449251,-0.911647,0.110251,0.992565,-1.70999,-0.182113,0.74204,-1.65516,-0.19721,0.503139,-1.11674
0.277421,0.449251,-0.911647,0.110251,0.992565,-1.70999,-0.182113,0.74204,-1.65516,-0.19721,0.503139,-1.11674
0.259145,0.460852,-0.968618,0.0897092,0.990759,-1.68007,-0.182008,0.732773,-1.61399,-0.18296,0.514477,-1.20057
0.259145,0.460852,-0.968618,0.0897092,0.990759,-1.68007,-0.182008,0.732773,-1.61399,-0.18296,0.514477,-1.20057
0.259145,0.460852,-0.968618,0.0897092,0.990759,-1.68007,-0.182008,0.732773,-1.61399,-0.18296,0.514477,-1.20057
0.259145,0.460852,-0.968618,0.0897092,0.990759,-1.68007,-0.182008,0.732773,-1.61399,-0.18296,0.514477,-1.20057
0.259145,0.460852,-0.968618,0.0897092,0.990759,-1.68007,-0.182008,0.732773,-1.61399,-0.18296,0.514477,-1.20057
0.259145,0.460852,-0.968618,0.0897092,0.990759,-1.68007,-0.182008,0.732773,-1.61399,-0.18296,0.514477,-1.20057
0.259145,0.460852,-0.968618,0.0897092,0.990759,-1.68007,-0.182008,0.732773,-1.61399,-0.18296,0.514477,-1.20057
0.259145,0.460852,-0.968618,0.0897092,0.990759,-1.68007,-0.182008,0.732773,-1.61399,-0.18296,0.514477,-1.20057
0.232591,0.460638,-0.982782,0.0758841,0.953094,-1.65147,-0.180557,0.697757,-1.54966,-0.150054,0.568019,-1.19513
0.232591,0.460638,-0.982782,0.0758841,0.953094,-1.65147,-0.180557,0.697757,-1.54966,-0.150054,0.568019,-1.19513
0.232591,0.460638,-0.982782,0.0758841,0.953094,-1.65147,-0.180557,0.697757,-1.54966,-0.150054,0.568019,-1.19513
0.232591,0.460638,-0.982782,0.0758841,0.953094,-1.65147,-0.180557,0.697757,-1.54966,-0.150054,0.568019,-1.19513
0.232591,0.460638,-0.982782,0.0758841,0.953094,-1.65147,-0.180557,0.697757,-1.54966,-0.150054,0.568019,-1.19513
0.232591,0.460638,-0.982782,0.0758841,0.953094,-1.65147,-0.180557,0.697757,-1.54966,-0.150054,0.568019,-1.19513
0.232591,0.460638,-0.982782,0.0758841,0.953094,-1.65147,-0.180557,0.697757,-1.54966,-0.150054,0.568019,-1.19513
0.232591,0.460638,-0.982782,0.0758841,0.953094,-1.65147,-0.180557,0.697757,-1.54966,-0.150054,0.568019,-1.19513
0.186674,0.465634,-0.996502,0.0864777,0.922701,-1.61398,-0.151522,0.61836,-1.47527,-0.0845325,0.633765,-1.13963
0.186674,0.465634,-0.996502,0.0864777,0.922701,-1.61398,-0.151522,0.61836,-1.47527,-0.0845325,0.633765,-1.13963
0.186674,0.465634,-0.996502,0.0864777,0.922701,-1.61398,-0.151522,0.61836,-1.47527,-0.0845325,0.633765,-1.13963
0.186674,0.465634,-0.996502,0.0864777,0.922701,-1.61398,-0.151522,0.61836,-1.47527,-0.0845325,0.633765,-1.13963
0.186674,0.465634,-0.996502,0.0864777,0.922701,-1.61398,-0.151522,0.61836,-1.47527,-0.0845325,0.633765,-1.13963
0.186674,0.465634,-0.996502,0.0864777,0.922701,-1.61398,-0.151522,0.61836,-1.47527,-0.0845325,0.633765,-1.13963
0.186674,0.465634,-0.996502,0.0864777,0.922701,-1.61398,-0.151522,0.61836,-1.47527,-0.0845325,0.633765,-1.13963
0.186674,0.465634,-0.996502,0.0864777,0.922701,-1.61398,-0.151522,0.61836,-1.47527,-0.0845325,0.633765,-1.13963
0.186674,0.465634,-0.996502,0.0864777,0.922701,-1.61398,-0.151522,0.61836,-1.47527,-0.0845325,0.633765,-1.13963
0.104425,0.560547,-1.19702,0.080348,0.923483,-1.40049,0.00722259,0.59875,-1.32375,0.0532454,0.643273,-1.29935
0.104425,0.560547,-1.19702,0.080348,0.923483,-1.40049,0.00722259,0.59875,-1.32375,0.0532454,0.643273,-1.29935
0.104425,0.560547,-1.19702,0.080348,0.923483,-1.40049,0.00722259,0.59875,-1.32375,0.0532454,0.643273,-1.29935
0.104425,0.560547,-1.19702,0.080348,0.923483,-1.40049,0.00722259,0.59875,-1.32375,0.0532454,0.643273,-1.29935
0.104425,0.560547,-1.19702,0.080348,0.923483,-1.40049,0.00722259,0.59875,-1.32375,0.0532454,0.643273,-1.29935
0.104425,0.560547,-1.19702,0.080348,0.923483,-1.40049,0.00722259,0.59875,-1.32375,0.0532454,0.643273,-1.29935
0.104425,0.560547,-1.19702,0.080348,0.923483,-1.40049,0.00722259,0.59875,-1.32375,0.0532454,0.643273,-1.29935
0.104425,0.560547,-1.19702,0.080348,0.923483,-1.40049,0.00722259,0.59875,-1.32375,0.0532454,0.643273,-1.29935
0.104425,0.560547,-1.19702,0.080348,0.923483,-1.40049,0.00722259,0.59875,-1.32375,0.0532454,0.643273,-1.29935
0.104425,0.560547,-1.19702,0.080348,0.923483,-1.40049,0.00722259,0.59875,-1.32375,0.0532454,0.643273,-1.29935
0.104425,0.560547,-1.19702,0.080348,0.923483,-1.40049,0.00722259,0.59875,-1.32375,0.0532454,0.643273,-1.29935
-0.00372812,0.773416,-1.60652,-0.0735215,0.7041,-0.992393,0.217607,0.571328,-0.83972,0.212402,0.689623,-1.6451
-0.00372812,0.773416,-1.60652,-0.0735215,0.7041,-0.992393,0.217607,0.571328,-0.83972,0.212402,0.689623,-1.6451
-0.00372812,0.773416,-1.60652,-0.0735215,0.7041,-0.992393,0.217607,0.571328,-0.83972,0.212402,0.689623,-1.6451
-0.00372812,0.773416,-1.60652,-0.0735215,0.7041,-0.992393,0.217607,0.571328,-0.83972,0.212402,0.689623,-1.6451
-0.00372812,0.773416,-1.60652,-0.0735215,0.7041,-0.992393,0.217607,0.571328,-0.83972,0.212402,0.689623,-1.6451
-0.00372812,0.773416,-1.60652,-0.0735215,0.7041,-0.992393,0.217607,0.571328,-0.83972,0.212402,0.689623,-1.6451
-0.00372812,0.773416,-1.60652,-0.0735215,0.7041,-0.992393,0.217607,0.571328,-0.83972,0.212402,0.689623,-1.6451
-0.00372812,0.773416,-1.60652,-0.0735215,0.7041,-0.992393,0.217607,0.571328,-0.83972,0.212402,0.689623,-1.6451
-0.00372812,0.773416,-1.60652,-0.0735215,0.7041,-0.992393,0.217607,0.571328,-0.83972,0.212402,0.689623,-1.6451
-0.00372812,0.773416,-1.60652,-0.0735215,0.7041,-0.992393,0.217607,0.571328,-0.83972,0.212402,0.689623,-1.6451
-0.00372812,0.773416,-1.60652,-0.0735215,0.7041,-0.992393,0.217607,0.571328,-0.83972,0.212402,0.689623,-1.6451
-0.00372812,0.773416,-1.60652,-0.0735215,0.7041,-0.992393,0.217607,0.571328,-0.83972,0.212402,0.689623,-1.6451
-0.0501067,0.896485,-1.73385,-0.0854064,0.585475,-0.859988,0.272354,0.638212,-0.779297,0.259189,0.705239,-1.7191
-0.0501067,0.896485,-1.73385,-0.0854064,0.585475,-0.859988,0.272354,0.638212,-0.779297,0.259189,0.705239,-1.7191
-0.0501067,0.896485,-1.73385,-0.0854064,0.585475,-0.859988,0.272354,0.638212,-0.779297,0.259189,0.705239,-1.7191
-0.0501067,0.896485,-1.73385,-0.0854064,0.585475,-0.859988,0.272354,0.638212,-0.779297,0.259189,0.705239,-1.7191
-0.0501067,0.896485,-1.73385,-0.0854064,0.585475,-0.859988,0.272354,0.638212,-0.779297,0.259189,0.705239,-1.7191
-0.0501067,0.896485,-1.73385,-0.0854064,0.585475,-0.859988,0.272354,0.638212,-0.779297,0.259189,0.705239,-1.7191
-0.0501067,0.896485,-1.73385,-0.0854064,0.585475,-0.859988,0.272354,0.638212,-0.779297,0.259189,0.705239,-1.7191
-0.0501067,0.896485,-1.73385,-0.0854064,0.585475,-0.859988,0.272354,0.638212,-0.779297,0.259189,0.705239,-1.7191
-0.0501067,0.896485,-1.73385,-0.0854064,0.585475,-0.859988,0.272354,0.638212,-0.779297,0.259189,0.705239,-1.7191
-0.0501067,0.896485,-1.73385,-0.0854064,0.585475,-0.859988,0.272354,0.638212,-0.779297,0.259189,0.705239,-1.7191
-0.0661286,0.935627,-1.73973,-0.0838784,0.555726,-0.915348,0.287886,0.674835,-0.860597,0.295787,0.668392,-1.70348
-0.0661286,0.935627,-1.73973,-0.0838784,0.555726,-0.915348,0.287886,0.674835,-0.860597,0.295787,0.668392,-1.70348
-0.0661286,0.935627,-1.73973,-0.0838784,0.555726,-0.915348,0.287886,0.674835,-0.860597,0.295787,0.668392,-1.70348
-0.0661286,0.935627,-1.73973,-0.0838784,0.555726,-0.915348,0.287886,0.674835,-0.860597,0.295787,0.668392,-1.70348
-0.0661286,0.935627,-1.73973,-0.0838784,0.555726,-0.915348,0.287886,0.674835,-0.860597,0.295787,0.668392,-1.70348
-0.0661286,0.935627,-1.73973,-0.0838784,0.555726,-0.915348,0.287886,0.674835,-0.860597,0.295787,0.668392,-1.70348
-0.0661286,0.935627,-1.73973,-0.0838784,0.555726,-0.915348,0.287886,0.674835,-0.860597,0.295787,0.668392,-1.70348
-0.0661286,0.935627,-1.73973,-0.0838784,0.555726,-0.915348,0.287886,0.674835,-0.860597,0.295787,0.668392,-1.70348
-0.0661286,0.935627,-1.73973,-0.0838784,0.555726,-0.915348,0.287886,0.674835,-0.860597,0.295787,0.668392,-1.70348
-0.0661286,0.935627,-1.73973,-0.0838784,0.555726,-0.915348,0.287886,0.674835,-0.860597,0.295787,0.668392,-1.70348
-0.0611376,0.942128,-1.70778,-0.0526593,0.582505,-1.04659,0.270066,0.67701,-0.954796,0.300186,0.655788,-1.64262
-0.0611376,0.942128,-1.70778,-0.0526593,0.582505,-1.04659,0.270066,0.67701,-0.954796,0.300186,0.655788,-1.64262
-0.0611376,0.942128,-1.70778,-0.0526593,0.582505,-1.04659,0.270066,0.67701,-0.954796,0.300186,0.655788,-1.64262
-0.0611376,0.942128,-1.70778,-0.0526593,0.582505,-1.04659,0.270066,0.67701,-0.954796,0.300186,0.655788,-1.64262
-0.0611376,0.942128,-1.70778,-0.0526593,0.582505,-1.04659,0.270066,0.67701,-0.954796,0.300186,0.655788,-1.64262
-0.0611376,0.942128,-1.70778,-0.0526593,0.582505,-1.04659,0.270066,0.67701,-0.954796,0.300186,0.655788,-1.64262
-0.0611376,0.942128,-1.70778,-0.0526593,0.582505,-1.04659,0.270066,0.67701,-0.954796,0.300186,0.655788,-1.64262
-0.0611376,0.942128,-1.70778,-0.0526593,0.582505,-1.04659,0.270066,0.67701,-0.954796,0.300186,0.655788,-1.64262
-0.0611376,0.942128,-1.70778,-0.0526593,0.582505,-1.04659,0.270066,0.67701,-0.954796,0.300186,0.655788,-1.64262
-0.0611376,0.942128,-1.70778,-0.0526593,0.582505,-1.04659,0.270066,0.67701,-0.954796,0.300186,0.655788,-1.64262
-0.0611376,0.942128,-1.70778,-0.0526593,0.582505,-1.04659,0.270066,0.66579,-1.04412,0.277622,0.642926,-1.59854
-0.0567351,0.950729,-1.68447,-0.00583182,0.60026,-1.17144,0.247994,0.66579,-1.04412,0.277622,0.642926,-1.59854
-0.0567351,0.950729,-1.68447,-0.00583182,0.60026,-1.17144,0.247994,0.66579,-1.04412,0.277622,0.642926,-1.59854
-0.0567351,0.950729,-1.68447,-0.00583182,0.60026,-1.17144,0.247994,0.66579,-1.04412,0.277622,0.642926,-1.59854
-0.0567351,0.950729,-1.68447,-0.00583182,0.60026,-1.17144,0.247994,0.66579,-1.04412,0.277622,0.642926,-1.59854
-0.0567351,0.950729,-1.68447,-0.00583182,0.60026,-1.17144,0.247994,0.66579,-1.04412,0.277622,0.642926,-1.59854
-0.0567351,0.950729,-1.68447,-0.00583182,0.60026,-1.17144,0.247994,0.66579,-1.04412,0.277622,0.642926,-1.59854
-0.0567351,0.950729,-1.68447,-0.00583182,0.60026,-1.17144,0.247994,0.66579,-1.04412,0.277622,0.642926,-1.59854
-0.0567351,0.950729,-1.68447,-0.00583182,0.60026,-1.17144,0.247994,0.66579,-1.04412,0.277622,0.642926,-1.59854
-0.0567351,0.950729,-1.68447,-0.00583182,0.60026,-1.17144,0.247994,0.66579,-1.04412,0.277622,0.642926,-1.59854
-0.0567351,0.950729,-1.68447,-0.00583182,0.60026,-1.17144,0.247994,0.66579,-1.04412,0.277622,0.642926,-1.59854
-0.0643793,0.969977,-1.696,0.0396065,0.576652,-1.20765,0.199756,0.648701,-1.07399,0.262784,0.634553,-1.5925
-0.0643793,0.969977,-1.696,0.0396065,0.576652,-1.20765,0.199756,0.648701,-1.07399,0.262784,0.634553,-1.5925
-0.0643793,0.969977,-1.696,0.0396065,0.576652,-1.20765,0.199756,0.648701,-1.07399,0.262784,0.634553,-1.5925
-0.0643793,0.969977,-1.696,0.0396065,0.576652,-1.20765,0.199756,0.648701,-1.07399,0.262784,0.634553,-1.5925
-0.0643793,0.969977,-1.696,0.0396065,0.576652,-1.20765,0.199756,0.648701,-1.07399,0.262784,0.634553,-1.5925
-0.0643793,0.969977,-1.696,0.0396065,0.576652,-1.20765,0.199756,0.648701,-1.07399,0.262784,0.634553,-1.5925
-0.0643793,0.969977,-1.696,0.0396065,0.576652,-1.20765,0.199756,0.648701,-1.07399,0.262784,0.634553,-1.5925
-0.0643793,0.969977,-1.696,0.0396065,0.576652,-1.20765,0.199756,0.648701,-1.07399,0.262784,0.634553,-1.5925
-0.0643793,0.969977,-1.696,0.0396065,0.576652,-1.20765,0.199756,0.648701,-1.07399,0.262784,0.634553,-1.5925
-0.0640993,0.973224,-1.68996,0.0948585,0.56539,-1.18518,0.1237,0.644203,-1.08844,0.236515,0.60316,-1.59081
-0.0640993,0.973224,-1.68996,0.0948585,0.56539,-1.18518,0.1237,0.644203,-1.08844,0.236515,0.60316,-1.59081
-0.0640993,0.973224,-1.68996,0.0948585,0.56539,-1.18518,0.1237,0.644203,-1.08844,0.236515,0.60316,-1.59081
-0.0640993,0.973224,-1.68996,0.0948585,0.56539,-1.18518,0.1237,0.644203,-1.08844,0.236515,0.60316,-1.59081
-0.0640993,0.973224,-1.68996,0.0948585,0.56539,-1.18518,0.1237,0.644203,-1.08844,0.236515,0.60316,-1.59081
-0.0640993,0.973224,-1.68996,0.0948585,0.56539,-1.18518,0.1237,0.644203,-1.08844,0.236515,0.60316,-1.59081
-0.0640993,0.973224,-1.68996,0.0948585,0.56539,-1.18518,0.1237,0.644203,-1.08844,0.236515,0.60316,-1.59081
-0.0640993,0.973224,-1.68996,0.0948585,0.56539,-1.18518,0.1237,0.644203,-1.08844,0.236515,0.60316,-1.59081
-0.0640993,0.973224,-1.68996,0.0948585,0.56539,-1.18518,0.1237,0.644203,-1.08844,0.236515,0.60316,-1.59081
-0.0640993,0.973224,-1.68996,0.0948585,0.56539,-1.18518,0.1237,0.644203,-1.08844,0.236515,0.60316,-1.59081
-0.0676805,0.890104,-1.58624,0.0913732,0.64414,-1.30474,0.0405931,0.639794,-1.18955,0.0968033,0.643928,-1.49684
-0.0676805,0.890104,-1.58624,0.0913732,0.64414,-1.30474,0.0405931,0.639794,-1.18955,0.0968033,0.643928,-1.49684
-0.0676805,0.890104,-1.58624,0.0913732,0.64414,-1.30474,0.0405931,0.639794,-1.18955,0.0968033,0.643928,-1.49684
-0.0676805,0.890104,-1.58624,0.0913732,0.64414,-1.30474,0.0405931,0.639794,-1.18955,0.0968033,0.643928,-1.49684
-0.0676805,0.890104,-1.58624,0.0913732,0.64414,-1.30474,0.0405931,0.639794,-1.18955,0.0968033,0.643928,-1.49684
-0.0676805,0.890104,-1.58624,0.0913732,0.64414,-1.30474,0.0405931,0.639794,-1.18955,0.0968033,0.643928,-1.49684
-0.0676805,0.890104,-1.58624,0.0913732,0.64414,-1.30474,0.0405931,0.639794,-1.18955,0.0968033,0.643928,-1.49684
-0.0676805,0.890104,-1.58624,0.0913732,0.64414,-1.30474,0.0405931,0.639794,-1.18955,0.0968033,0.643928,-1.49684
-0.0676805,0.890104,-1.58624,0.0913732,0.64414,-1.30474,0.0405931,0.639794,-1.18955,0.0968033,0.643928,-1.49684
-0.0676805,0.890104,-1.58624,0.0913732,0.64414,-1.30474,0.0405931,0.639794,-1.18955,0.0968033,0.643928,-1.49684
0.0784311,0.609442,-1.05814,0.118489,0.802593,-1.6758,-0.0534276,0.670202,-1.48612,-0.0834402,0.60465,-1.22146
0.0784311,0.609442,-1.05814,0.118489,0.802593,-1.6758,-0.0534276,0.670202,-1.48612,-0.0834402,0.60465,-1.22146
0.0784311,0.609442,-1.05814,0.118489,0.802593,-1.6758,-0.0534276,0.670202,-1.48612,-0.0834402,0.60465,-1.22146
0.0784311,0.609442,-1.05814,0.118489,0.802593,-1.6758,-0.0534276,0.670202,-1.48612,-0.0834402,0.60465,-1.22146
0.0784311,0.609442,-1.05814,0.118489,0.802593,-1.6758,-0.0534276,0.670202,-1.48612,-0.0834402,0.60465,-1.22146
0.0784311,0.609442,-1.05814,0.118489,0.802593,-1.6758,-0.0534276,0.670202,-1.48612,-0.0834402,0.60465,-1.22146
0.0784311,0.609442,-1.05814,0.118489,0.802593,-1.6758,-0.0534276,0.670202,-1.48612,-0.0834402,0.60465,-1.22146
0.0784311,0.609442,-1.05814,0.118489,0.802593,-1.6758,-0.0534276,0.670202,-1.48612,-0.0834402,0.60465,-1.22146
0.0784311,0.609442,-1.05814,0.118489,0.802593,-1.6758,-0.0534276,0.670202,-1.48612,-0.0834402,0.60465,-1.22146
0.0784311,0.609442,-1.05814,0.118489,0.802593,-1.6758,-0.0534276,0.670202,-1.48612,-0.0834402,0.60465,-1.22146
0.0784311,0.609442,-1.05814,0.118489,0.802593,-1.6758,-0.0534276,0.670202,-1.48612,-0.0834402,0.60465,-1.22146
0.157463,0.495051,-0.868286,0.16037,0.902166,-1.79786,-0.093169,0.703918,-1.59387,-0.133297,0.567365,-1.00036
0.157463,0.495051,-0.868286,0.16037,0.902166,-1.79786,-0.093169,0.703918,-1.59387,-0.133297,0.567365,-1.00036
0.157463,0.495051,-0.868286,0.16037,0.902166,-1.79786,-0.093169,0.703918,-1.59387,-0.133297,0.567365,-1.00036
0.157463,0.495051,-0.868286,0.16037,0.902166,-1.79786,-0.093169,0.703918,-1.59387,-0.133297,0.567365,-1.00036
0.157463,0.495051,-0.868286,0.16037,0.902166,-1.79786,-0.093169,0.703918,-1.59387,-0.133297,0.567365,-1.00036
0.157463,0.495051,-0.868286,0.16037,0.902166,-1.79786,-0.093169,0.703918,-1.59387,-0.133297,0.567365,-1.00036
0.157463,0.495051,-0.868286,0.16037,0.902166,-1.79786,-0.093169,0.703918,-1.59387,-0.133297,0.567365,-1.00036
0.157463,0.495051,-0.868286,0.16037,0.902166,-1.79786,-0.093169,0.703918,-1.59387,-0.133297,0.567365,-1.00036
0.249414,0.438059,-0.838698,0.154831,0.940633,-1.79863,-0.128425,0.7287,-1.64493,-0.179046,0.567941,-0.96159
0.249414,0.438059,-0.838698,0.154831,0.940633,-1.79863,-0.128425,0.7287,-1.64493,-0.179046,0.567941,-0.96159
0.249414,0.438059,-0.838698,0.154831,0.940633,-1.79863,-0.128425,0.7287,-1.64493,-0.179046,0.567941,-0.96159
0.249414,0.438059,-0.838698,0.154831,0.940633,-1.79863,-0.128425,0.7287,-1.64493,-0.179046,0.567941,-0.96159
0.249414,0.438059,-0.838698,0.154831,0.940633,-1.79863,-0.128425,0.7287,-1.64493,-0.179046,0.567941,-0.96159
0.249414,0.438059,-0.838698,0.154831,0.940633,-1.79863,-0.128425,0.7287,-1.64493,-0.179046,0.567941,-0.96159
0.249414,0.438059,-0.838698,0.154831,0.940633,-1.79863,-0.128425,0.7287,-1.64493,-0.179046,0.567941,-0.96159
0.249414,0.438059,-0.838698,0.154831,0.940633,-1.79863,-0.128425,0.7287,-1.64493,-0.179046,0.567941,-0.96159
0.249414,0.438059,-0.838698,0.154831,0.940633,-1.79863,-0.128425,0.7287,-1.64493,-0.179046,0.567941,-0.96159
0.249414,0.438059,-0.838698,0.154831,0.940633,-1.79863,-0.128425,0.7287,-1.64493,-0.179046,0.567941,-0.96159
0.286526,0.440783,-0.871655,0.130011,0.974407,-1.73772,-0.162505,0.740759,-1.66001,-0.196477,0.533793,-1.03698
0.286526,0.440783,-0.871655,0.130011,0.974407,-1.73772,-0.162505,0.740759,-1.66001,-0.196477,0.533793,-1.03698
0.286526,0.440783,-0.871655,0.130011,0.974407,-1.73772,-0.162505,0.740759,-1.66001,-0.196477,0.533793,-1.03698
0.286526,0.440783,-0.871655,0.130011,0.974407,-1.73772,-0.162505,0.740759,-1.66001,-0.196477,0.533793,-1.03698
0.286526,0.440783,-0.871655,0.130011,0.974407,-1.73772,-0.162505,0.740759,-1.66001,-0.196477,0.533793,-1.03698
0.286526,0.440783,-0.871655,0.130011,0.974407,-1.73772,-0.162505,0.740759,-1.66001,-0.196477,0.533793,-1.03698
0.286526,0.440783,-0.871655,0.130011,0.974407,-1.73772,-0.162505,0.740759,-1.66001,-0.196477,0.533793,-1.03698
0.286526,0.440783,-0.871655,0.130011,0.974407,-1.73772,-0.162505,0.740759,-1.66001,-0.196477,0.533793,-1.03698
0.286526,0.440783,-0.871655,0.130011,0.974407,-1.73772,-0.162505,0.740759,-1.66001,-0.196477,0.533793,-1.03698
0.286526,0.440783,-0.871655,0.130011,0.974407,-1.73772,-0.162505,0.740759,-1.66001,-0.196477,0.533793,-1.03698
0.286526,0.440783,-0.871655,0.130011,0.974407,-1.73772,-0.162505,0.740759,-1.66001,-0.196477,0.533793,-1.03698
0.270402,0.46156,-0.929337,0.10778,0.997022,-1.6977,-0.178264,0.735796,-1.64591,-0.1944,0.506628,-1.14928
0.270402,0.46156,-0.929337,0.10778,0.997022,-1.6977,-0.178264,0.735796,-1.64591,-0.1944,0.506628,-1.14928
0.270402,0.46156,-0.929337,0.10778,0.997022,-1.6977,-0.178264,0.735796,-1.64591,-0.1944,0.506628,-1.14928
0.270402,0.46156,-0.929337,0.10778,0.997022,-1.6977,-0.178264,0.735796,-1.64591,-0.1944,0.506628,-1.14928
0.270402,0.46156,-0.929337,0.10778,0.997022,-1.6977,-0.178264,0.735796,-1.64591,-0.1944,0.506628,-1.14928
0.270402,0.46156,-0.929337,0.10778,0.997022,-1.6977,-0.178264,0.735796,-1.64591,-0.1944,0.506628,-1.14928
0.270402,0.46156,-0.929337,0.10778,0.997022,-1.6977,-0.178264,0.735796,-1.64591,-0.1944,0.506628,-1.14928
0.270402,0.46156,-0.929337,0.10778,0.997022,-1.6977,-0.178264,0.735796,-1.64591,-0.1944,0.506628,-1.14928
0.270402,0.46156,-0.929337,0.10778,0.997022,-1.6977,-0.178264,0.735796,-1.64591,-0.1944,0.506628,-1.14928
0.270402,0.46156,-0.929337,0.10778,0.997022,-1.6977,-0.178264,0.735796,-1.64591,-0.1944,0.506628,-1.14928
0.270402,0.46156,-0.929337,0.10778,0.997022,-1.6977,-0.178264,0.735796,-1.64591,-0.1944,0.506628,-1.14928
0.252854,0.468233,-0.978412,0.0903624,0.984587,-1.66768,-0.177404,0.731002,-1.59486,-0.174238,0.533492,-1.20631
0.252854,0.468233,-0.978412,0.0903624,0.984587,-1.66768,-0.177404,0.731002,-1.59486,-0.174238,0.533492,-1.20631
0.252854,0.468233,-0.978412,0.0903624,0.984587,-1.66768,-0.177404,0.731002,-1.59486,-0.174238,0.533492,-1.20631
0.252854,0.468233,-0.978412,0.0903624,0.984587,-1.66768,-0.177404,0.731002,-1.59486,-0.174238,0.533492,-1.20631
0.252854,0.468233,-0.978412,0.0903624,0.984587,-1.66768,-0.177404,0.731002,-1.59486,-0.174238,0.533492,-1.20631
0.252854,0.468233,-0.978412,0.0903624,0.984587,-1.66768,-0.177404,0.731002,-1.59486,-0.174238,0.533492,-1.20631
0.252854,0.468233,-0.978412,0.0903624,0.984587,-1.66768,-0.177404,0.731002,-1.59486,-0.174238,0.533492,-1.20631
0.252854,0.468233,-0.978412,0.0903624,0.984587,-1.66768,-0.177404,0.731002,-1.59486,-0.174238,0.533492,-1.20631
0.252854,0.468233,-0.978412,0.0903624,0.984587,-1.66768,-0.177404,0.731002,-1.59486,-0.174238,0.533492,-1.20631
0.252854,0.468233,-0.978412,0.0903624,0.984587,-1.66768,-0.177404,0.731002,-1.59486,-0.174238,0.533492,-1.20631
0.218409,0.463454,-0.984767,0.0764547,0.936912,-1.64017,-0.176686,0.677053,-1.52861,-0.13016,0.597426,-1.1812
0.218409,0.463454,-0.984767,0.0764547,0.936912,-1.64017,-0.176686,0.677053,-1.52861,-0.13016,0.597426,-1.1812
0.218409,0.463454,-0.984767,0.0764547,0.936912,-1.64017,-0.176686,0.677053,-1.52861,-0.13016,0.597426,-1.1812
0.218409,0.463454,-0.984767,0.0764547,0.936912,-1.64017,-0.176686,0.677053,-1.52861,-0.13016,0.597426,-1.1812
0.218409,0.463454,-0.984767,0.0764547,0.936912,-1.64017,-0.176686,0.677053,-1.52861,-0.13016,0.597426,-1.1812
0.218409,0.463454,-0.984767,0.0764547,0.936912,-1.64017,-0.176686,0.677053,-1.52861,-0.13016,0.597426,-1.1812
0.218409,0.463454,-0.984767,0.0764547,0.936912,-1.64017,-0.176686,0.677053,-1.52861,-0.13016,0.597426,-1.1812
0.218409,0.463454,-0.984767,0.0764547,0.936912,-1.64017,-0.176686,0.677053,-1.52861,-0.13016,0.597426,-1.1812
0.218409,0.463454,-0.984767,0.0764547,0.936912,-1.64017,-0.176686,0.677053,-1.52861,-0.13016,0.597426,-1.1812
0.175564,0.476777,-1.01159,0.0955346,0.935273,-1.57788,-0.121379,0.615552,-1.44808,-0.0553553,0.648188,-1.13542
0.175564,0.476777,-1.01159,0.0955346,0.935273,-1.57788,-0.121379,0.615552,-1.44808,-0.0553553,0.648188,-1.13542
0.175564,0.476777,-1.01159,0.0955346,0.935273,-1.57788,-0.121379,0.615552,-1.44808,-0.0553553,0.648188,-1.13542
0.175564,0.476777,-1.01159,0.0955346,0.935273,-1.57788,-0.121379,0.615552,-1.44808,-0.0553553,0.648188,-1.13542
0.175564,0.476777,-1.01159,0.0955346,0.935273,-1.57788,-0.121379,0.615552,-1.44808,-0.0553553,0.648188,-1.13542
0.175564,0.476777,-1.01159,0.0955346,0.935273,-1.57788,-0.121379,0.615552,-1.44808,-0.0553553,0.648188,-1.13542
0.175564,0.476777,-1.01159,0.0955346,0.935273,-1.57788,-0.121379,0.615552,-1.44808,-0.0553553,0.648188,-1.13542
0.175564,0.476777,-1.01159,0.0955346,0.935273,-1.57788,-0.121379,0.615552,-1.44808,-0.0553553,0.648188,-1.13542
0.175564,0.476777,-1.01159,0.0955346,0.935273,-1.57788,-0.121379,0.615552,-1.44808,-0.0553553,0.648188,-1.13542
0.175564,0.476777,-1.01159,0.0955346,0.935273,-1.57788,-0.121379,0.615552,-1.44808,-0.0553553,0.648188,-1.13542
0.175564,0.476777,-1.01159,0.0955346,0.935273,-1.57788,-0.121379,0.615552,-1.44808,-0.0553553,0.648188,-1.13542
0.0420636,0.632571,-1.37867,0.012731,0.859889,-1.23024,0.106447,0.584384,-1.14443,0.132173,0.654757,-1.49398
0.0420636,0.632571,-1.37867,0.012731,0.859889,-1.23024,0.106447,0.584384,-1.14443,0.132173,0.654757,-1.49398
0.0420636,0.632571,-1.37867,0.012731,0.859889,-1.23024,0.106447,0.584384,-1.14443,0.132173,0.654757,-1.49398
0.0420636,0.632571,-1.37867,0.012731,0.859889,-1.23024,0.106447,0.584384,-1.14443,0.132173,0.654757,-1.49398
0.0420636,0.632571,-1.37867,0.012731,0.859889,-1.23024,0.106447,0.584384,-1.14443,0.132173,0.654757,-1.49398
0.0420636,0.632571,-1.37867,0.012731,0.859889,-1.23024,0.106447,0.584384,-1.14443,0.132173,0.654757,-1.49398
0.0420636,0.632571,-1.37867,0.012731,0.859889,-1.23024,0.106447,0.584384,-1.14443,0.132173,0.654757,-1.49398
0.0420636,0.632571,-1.37867,0.012731,0.859889,-1.23024,0.106447,0.584384,-1.14443,0.132173,0.654757,-1.49398
0.0420636,0.632571,-1.37867,0.012731,0.859889,-1.23024,0.106447,0.584384,-1.14443,0.132173,0.654757,-1.49398
0.0420636,0.632571,-1.37867,0.012731,0.859889,-1.23024,0.106447,0.584384,-1.14443,0.132173,0.654757,-1.49398
0.0420636,0.632571,-1.37867,0.012731,0.859889,-1.23024,0.106447,0.584384,-1.14443,0.132173,0.654757,-1.49398
-0.0174948,0.847866,-1.65649,-0.076016,0.66715,-0.940799,0.25266,0.621095,-0.82219,0.229161,0.723487,-1.69759
-0.0174948,0.847866,-1.65649,-0.076016,0.66715,-0.940799,0.25266,0.621095,-0.82219,0.229161,0.723487,-1.69759
-0.0174948,0.847866,-1.65649,-0.076016,0.66715,-0.940799,0.25266,0.621095,-0.82219,0.229161,0.723487,-1.69759
-0.0174948,0.847866,-1.65649,-0.076016,0.66715,-0.940799,0.25266,0.621095,-0.82219,0.229161,0.723487,-1.69759
-0.0174948,0.847866,-1.65649,-0.076016,0.66715,-0.940799,0.25266,0.621095,-0.82219,0.229161,0.723487,-1.69759
-0.0174948,0.847866,-1.65649,-0.076016,0.66715,-0.940799,0.25266,0.621095,-0.82219,0.229161,0.723487,-1.69759
-0.0174948,0.847866,-1.65649,-0.076016,0.66715,-0.940799,0.25266,0.621095,-0.82219,0.229161,0.723487,-1.69759
-0.0174948,0.847866,-1.65649,-0.076016,0.66715,-0.940799,0.25266,0.621095,-0.82219,0.229161,0.723487,-1.69759
-0.0174948,0.847866,-1.65649,-0.076016,0.66715,-0.940799,0.25266,0.621095,-0.82219,0.229161,0.723487,-1.69759
-0.0174948,0.847866,-1.65649,-0.076016,0.66715,-0.940799,0.25266,0.621095,-0.82219,0.229161,0.723487,-1.69759
-0.0523206,0.922532,-1.73208,-0.0831376,0.577099,-0.886021,0.277979,0.660315,-0.822399,0.270001,0.703865,-1.72661
-0.0523206,0.922532,-1.73208,-0.0831376,0.577099,-0.886021,0.277979,0.660315,-0.822399,0.270001,0.703865,-1.72661
-0.0523206,0.922532,-1.73208,-0.0831376,0.577099,-0.886021,0.277979,0.660315,-0.822399,0.270001,0.703865,-1.72661
-0.0523206,0.922532,-1.73208,-0.0831376,0.577099,-0.886021,0.277979,0.660315,-0.822399,0.270001,0.703865,-1.72661
-0.0523206,0.922532,-1.73208,-0.0831376,0.577099,-0.886021,0.277979,0.660315,-0.822399,0.270001,0.703865,-1.72661
-0.0523206,0.922532,-1.73208,-0.0831376,0.577099,-0.886021,0.277979,0.660315,-0.822399,0.270001,0.703865,-1.72661
-0.0523206,0.922532,-1.73208,-0.0831376,0.577099,-0.886021,0.277979,0.660315,-0.822399,0.270001,0.703865,-1.72661
-0.0523206,0.922532,-1.73208,-0.0831376,0.577099,-0.886021,0.277979,0.660315,-0.822399,0.270001,0.703865,-1.72661
-0.0523206,0.922532,-1.73208,-0.0831376,0.577099,-0.886021,0.277979,0.660315,-0.822399,0.270001,0.703865,-1.72661
-0.0523206,0.922532,-1.73208,-0.0831376,0.577099,-0.886021,0.277979,0.660315,-0.822399,0.270001,0.703865,-1.72661
-0.0638932,0.942736,-1.72792,-0.0723694,0.576456,-0.974208,0.282744,0.671793,-0.895409,0.302238,0.671748,-1.68985
-0.0638932,0.942736,-1.72792,-0.0723694,0.576456,-0.974208,0.282744,0.671793,-0.895409,0.302238,0.671748,-1.68985
-0.0638932,0.942736,-1.72792,-0.0723694,0.576456,-0.974208,0.282744,0.671793,-0.895409,0.302238,0.671748,-1.68985
-0.0638932,0.942736,-1.72792,-0.0723694,0.576456,-0.974208,0.282744,0.671793,-0.895409,0.302238,0.671748,-1.68985
-0.0638932,0.942736,-1.72792,-0.0723694,0.576456,-0.974208,0.282744,0.671793,-0.895409,0.302238,0.671748,-1.68985
-0.0638932,0.942736,-1.72792,-0.0723694,0.576456,-0.974208,0.282744,0.671793,-0.895409,0.302238,0.671748,-1.68985
-0.0638932,0.942736,-1.72792,-0.0723694,0.576456,-0.974208,0.282744,0.671793,-0.895409,0.302238,0.671748,-1.68985
-0.0638932,0.942736,-1.72792,-0.0723694,0.576456,-0.974208,0.282744,0.671793,-0.895409,0.302238,0.671748,-1.68985
-0.0638932,0.942736,-1.72792,-0.0723694,0.576456,-0.974208,0.282744,0.671793,-0.895409,0.302238,0.671748,-1.68985
-0.0638932,0.942736,-1.72792,-0.0723694,0.576456,-0.974208,0.282744,0.671793,-0.895409,0.302238,0.671748,-1.68985
-0.0548953,0.945231,-1.69506,-0.0329719,0.600519,-1.10484,0.257851,0.671372,-0.994651,0.295119,0.658161,-1.62882
-0.0548953,0.945231,-1.69506,-0.0329719,0.600519,-1.10484,0.257851,0.671372,-0.994651,0.295119,0.658161,-1.62882
-0.0548953,0.945231,-1.69506,-0.0329719,0.600519,-1.10484,0.257851,0.671372,-0.994651,0.295119,0.658161,-1.62882
-0.0548953,0.945231,-1.69506,-0.0329719,0.600519,-1.10484,0.257851,0.671372,-0.994651,0.295119,0.658161,-1.62882
-0.0548953,0.945231,-1.69506,-0.0329719,0.600519,-1.10484,0.257851,0.671372,-0.994651,0.295119,0.658161,-1.62882
-0.0548953,0.945231,-1.69506,-0.0329719,0.600519,-1.10484,0.257851,0.671372,-0.994651,0.295119,0.658161,-1.62882
-0.0548953,0.945231,-1.69506,-0.0329719,0.600519,-1.10484,0.257851,0.671372,-0.994651,0.295119,0.658161,-1.62882
-0.0557286,0.958249,-1.68082,0.0116531,0.598476,-1.199,0.230106,0.656496,-1.06401,0.274218,0.646789,-1.59315
-0.0557286,0.958249,-1.68082,0.0116531,0.598476,-1.199,0.230106,0.656496,-1.06401,0.274218,0.646789,-1.59315
-0.0557286,0.958249,-1.68082,0.0116531,0.598476,-1.199,0.230106,0.656496,-1.06401,0.274218,0.646789,-1.59315
-0.0557286,0.958249,-1.68082,0.0116531,0.598476,-1.199,0.230106,0.656496,-1.06401,0.274218,0.646789,-1.59315
-0.0557286,0.958249,-1.68082,0.0116531,0.598476,-1.199,0.230106,0.656496,-1.06401,0.274218,0.646789,-1.59315
-0.0557286,0.958249,-1.68082,0.0116531,0.598476,-1.199,0.230106,0.656496,-1.06401,0.274218,0.646789,-1.59315
-0.0557286,0.958249,-1.68082,0.0116531,0.598476,-1.199,0.230106,0.656496,-1.06401,0.274218,0.646789,-1.59315
-0.0557286,0.958249,-1.68082,0.0116531,0.598476,-1.199,0.230106,0.656496,-1.06401,0.274218,0.646789,-1.59315
-0.0557286,0.958249,-1.68082,0.0116531,0.598476,-1.199,0.230106,0.656496,-1.06401,0.274218,0.646789,-1.59315
-0.0557286,0.958249,-1.68082,0.0116531,0.598476,-1.199,0.230106,0.656496,-1.06401,0.274218,0.646789,-1.59315
-0.0557286,0.958249,-1.68082,0.0116531,0.598476,-1.199,0.230106,0.656496,-1.06401,0.274218,0.646789,-1.59315
-0.0633823,0.974453,-1.69599,0.0604235,0.571846,-1.20406,0.172335,0.63639,-1.08354,0.254929,0.627947,-1.59481
-0.0633823,0.974453,-1.69599,0.0604235,0.571846,-1.20406,0.172335,0.63639,-1.08354,0.254929,0.627947,-1.59481
-0.0633823,0.974453,-1.69599,0.0604235,0.571846,-1.20406,0.172335,0.63639,-1.08354,0.254929,0.627947,-1.59481
-0.0633823,0.974453,-1.69599,0.0604235,0.571846,-1.20406,0.172335,0.63639,-1.08354,0.254929,0.627947,-1.59481
-0.0633823,0.974453,-1.69599,0.0604235,0.571846,-1.20406,0.172335,0.63639,-1.08354,0.254929,0.627947,-1.59481
-0.0633823,0.974453,-1.69599,0.0604235,0.571846,-1.20406,0.172335,0.63639,-1.08354,0.254929,0.627947,-1.59481
-0.0633823,0.974453,-1.69599,0.0604235,0.571846,-1.20406,0.172335,0.63639,-1.08354,0.254929,0.627947,-1.59481
-0.0633823,0.974453,-1.69599,0.0604235,0.571846,-1.20406,0.172335,0.63639,-1.08354,0.254929,0.627947,-1.59481
-0.0633823,0.974453,-1.69599,0.0604235,0.571846,-1.20406,0.172335,0.63639,-1.08354,0.254929,0.627947,-1.59481
-0.069171,0.960075,-1.6786,0.111668,0.571066,-1.19166,0.0978108,0.63634,-1.10983,0.208022,0.599128,-1.57559
-0.069171,0.960075,-1.6786,0.111668,0.571066,-1.19166,0.0978108,0.63634,-1.10983,0.208022,0.599128,-1.57559
-0.069171,0.960075,-1.6786,0.111668,0.571066,-1.19166,0.0978108,0.63634,-1.10983,0.208022,0.599128,-1.57559
-0.069171,0.960075,-1.6786,0.111668,0.571066,-1.19166,0.0978108,0.63634,-1.10983,0.208022,0.599128,-1.57559
-0.069171,0.960075,-1.6786,0.111668,0.571066,-1.19166,0.0978108,0.63634,-1.10983,0.208022,0.599128,-1.57559
-0.069171,0.960075,-1.6786,0.111668,0.571066,-1.19166,0.0978108,0.63634,-1.10983,0.208022,0.599128,-1.57559
-0.069171,0.960075,-1.6786,0.111668,0.571066,-1.19166,0.0978108,0.63634,-1.10983,0.208022,0.599128,-1.57559
-0.069171,0.960075,-1.6786,0.111668,0.571066,-1.19166,0.0978108,0.63634,-1.10983,0.208022,0.599128,-1.57559
-0.069171,0.960075,-1.6786,0.111668,0.571066,-1.19166,0.0978108,0.63634,-1.10983,0.208022,0.599128,-1.57559
-0.069171,0.960075,-1.6786,0.111668,0.571066,-1.19166,0.0978108,0.63634,-1.10983,0.208022,0.599128,-1.57559
-0.069171,0.960075,-1.6786,0.111668,0.571066,-1.19166,0.0978108,0.63634,-1.10983,0.208022,0.599128,-1.57559
-0.069171,0.960075,-1.6786,0.111668,0.571066,-1.19166,0.0978108,0.63634,-1.10983,0.208022,0.599128,-1.57559
-0.069171,0.960075,-1.6786,0.111668,0.571066,-1.19166,0.0978108,0.63634,-1.10983,0.208022,0.599128,-1.57559
-0.069171,0.960075,-1.6786,0.111668,0.571066,-1.19166,0.0978108,0.63634,-1.10983,0.208022,0.599128,-1.57559
-0.069171,0.960075,-1.6786,0.111668,0.571066,-1.19166,0.0978108,0.63634,-1.10983,0.208022,0.599128,-1.57559
-0.0295655,0.79851,-1.43766,0.0669668,0.718727,-1.44403,0.0137281,0.657473,-1.30963,-0.00128073,0.639237,-1.49477
-0.0295655,0.79851,-1.43766,0.0669668,0.718727,-1.44403,0.0137281,0.657473,-1.30963,-0.00128073,0.639237,-1.49477
-0.0295655,0.79851,-1.43766,0.0669668,0.718727,-1.44403,0.0137281,0.657473,-1.30963,-0.00128073,0.639237,-1.49477
-0.0295655,0.79851,-1.43766,0.0669668,0.718727,-1.44403,0.0137281,0.657473,-1.30963,-0.00128073,0.639237,-1.49477
-0.0295655,0.79851,-1.43766,0.0669668,0.718727,-1.44403,0.0137281,0.657473,-1.30963,-0.00128073,0.639237,-1.49477
-0.0295655,0.79851,-1.43766,0.0669668,0.718727,-1.44403,0.0137281,0.657473,-1.30963,-0.00128073,0.639237,-1.49477
-0.0295655,0.79851,-1.43766,0.0669668,0.718727,-1.44403,0.0137281,0.657473,-1.30963,-0.00128073,0.639237,-1.49477
-0.0295655,0.79851,-1.43766,0.0669668,0.718727,-1.44403,0.0137281,0.657473,-1.30963,-0.00128073,0.639237,-1.49477
-0.0295655,0.79851,-1.43766,0.0669668,0.718727,-1.44403,0.0137281,0.657473,-1.30963,-0.00128073,0.639237,-1.49477
0.0712814,0.58262,-1.02722,0.114234,0.851704,-1.73255,-0.064886,0.698202,-1.52702,-0.0991456,0.568507,-1.16022
0.0712814,0.58262,-1.02722,0.114234,0.851704,-1.73255,-0.064886,0.698202,-1.52702,-0.0991456,0.568507,-1.16022
0.0712814,0.58262,-1.02722,0.114234,0.851704,-1.73255,-0.064886,0.698202,-1.52702,-0.0991456,0.568507,-1.16022
0.0712814,0.58262,-1.02722,0.114234,0.851704,-1.73255,-0.064886,0.698202,-1.52702,-0.0991456,0.568507,-1.16022
0.0712814,0.58262,-1.02722,0.114234,0.851704,-1.73255,-0.064886,0.698202,-1.52702,-0.0991456,0.568507,-1.16022
0.0712814,0.58262,-1.02722,0.114234,0.851704,-1.73255,-0.064886,0.698202,-1.52702,-0.0991456,0.568507,-1.16022
0.0712814,0.58262,-1.02722,0.114234,0.851704,-1.73255,-0.064886,0.698202,-1.52702,-0.0991456,0.568507,-1.16022
0.173227,0.472499,-0.884595,0.147939,0.917361,-1.80779,-0.120521,0.724558,-1.61752,-0.146146,0.552892,-0.996211
0.173227,0.472499,-0.884595,0.147939,0.917361,-1.80779,-0.120521,0.724558,-1.61752,-0.146146,0.552892,-0.996211
0.173227,0.472499,-0.884595,0.147939,0.917361,-1.80779,-0.120521,0.724558,-1.61752,-0.146146,0.552892,-0.996211
0.173227,0.472499,-0.884595,0.147939,0.917361,-1.80779,-0.120521,0.724558,-1.61752,-0.146146,0.552892,-0.996211
0.173227,0.472499,-0.884595,0.147939,0.917361,-1.80779,-0.120521,0.724558,-1.61752,-0.146146,0.552892,-0.996211
0.173227,0.472499,-0.884595,0.147939,0.917361,-1.80779,-0.120521,0.724558,-1.61752,-0.146146,0.552892,-0.996211
0.173227,0.472499,-0.884595,0.147939,0.917361,-1.80779,-0.120521,0.724558,-1.61752,-0.146146,0.552892,-0.996211
0.173227,0.472499,-0.884595,0.147939,0.917361,-1.80779,-0.120521,0.724558,-1.61752,-0.146146,0.552892,-0.996211
0.173227,0.472499,-0.884595,0.147939,0.917361,-1.80779,-0.120521,0.724558,-1.61752,-0.146146,0.552892,-0.996211
0.25852,0.43322,-0.856642,0.130957,0.95357,-1.78286,-0.150441,0.743005,-1.65845,-0.184799,0.544604,-0.985753
0.25852,0.43322,-0.856642,0.130957,0.95357,-1.78286,-0.150441,0.743005,-1.65845,-0.184799,0.544604,-0.985753
0.25852,0.43322,-0.856642,0.130957,0.95357,-1.78286,-0.150441,0.743005,-1.65845,-0.184799,0.544604,-0.985753
0.25852,0.43322,-0.856642,0.130957,0.95357,-1.78286,-0.150441,0.743005,-1.65845,-0.184799,0.544604,-0.985753
0.25852,0.43322,-0.856642,0.130957,0.95357,-1.78286,-0.150441,0.743005,-1.65845,-0.184799,0.544604,-0.985753
0.25852,0.43322,-0.856642,0.130957,0.95357,-1.78286,-0.150441,0.743005,-1.65845,-0.184799,0.544604,-0.985753
0.25852,0.43322,-0.856642,0.130957,0.95357,-1.78286,-0.150441,0.743005,-1.65845,-0.184799,0.544604,-0.985753
0.25852,0.43322,-0.856642,0.130957,0.95357,-1.78286,-0.150441,0.743005,-1.65845,-0.184799,0.544604,-0.985753
0.25852,0.43322,-0.856642,0.130957,0.95357,-1.78286,-0.150441,0.743005,-1.65845,-0.184799,0.544604,-0.985753
0.25852,0.43322,-0.856642,0.130957,0.95357,-1.78286,-0.150441,0.743005,-1.65845,-0.184799,0.544604,-0.985753
0.25852,0.43322,-0.856642,0.130957,0.95357,-1.78286,-0.150441,0.743005,-1.65845,-0.184799,0.544604,-0.985753
0.281224,0.439423,-0.888759,0.10958,0.984354,-1.7215,-0.181199,0.745765,-1.66227,-0.199105,0.516145,-1.07109
0.281224,0.439423,-0.888759,0.10958,0.984354,-1.7215,-0.181199,0.745765,-1.66227,-0.199105,0.516145,-1.07109
0.281224,0.439423,-0.888759,0.10958,0.984354,-1.7215,-0.181199,0.745765,-1.66227,-0.199105,0.516145,-1.07109
0.281224,0.439423,-0.888759,0.10958,0.984354,-1.7215,-0.181199,0.745765,-1.66227,-0.199105,0.516145,-1.07109
0.281224,0.439423,-0.888759,0.10958,0.984354,-1.7215,-0.181199,0.745765,-1.66227,-0.199105,0.516145,-1.07109
0.281224,0.439423,-0.888759,0.10958,0.984354,-1.7215,-0.181199,0.745765,-1.66227,-0.199105,0.516145,-1.07109
0.281224,0.439423,-0.888759,0.10958,0.984354,-1.7215,-0.181199,0.745765,-1.66227,-0.199105,0.516145,-1.07109
0.281224,0.439423,-0.888759,0.10958,0.984354,-1.7215,-0.181199,0.745765,-1.66227,-0.199105,0.516145,-1.07109
0.281224,0.439423,-0.888759,0.10958,0.984354,-1.7215,-0.181199,0.745765,-1.66227,-0.199105,0.516145,-1.07109
0.281224,0.439423,-0.888759,0.10958,0.984354,-1.7215,-0.181199,0.745765,-1.66227,-0.199105,0.516145,-1.07109
0.261307,0.454277,-0.945489,0.0919812,0.9969,-1.68797,-0.183244,0.733384,-1.63392,-0.193067,0.508573,-1.17384
0.261307,0.454277,-0.945489,0.0919812,0.9969,-1.68797,-0.183244,0.733384,-1.63392,-0.193067,0.508573,-1.17384
0.261307,0.454277,-0.945489,0.0919812,0.9969,-1.68797,-0.183244,0.733384,-1.63392,-0.193067,0.508573,-1.17384
0.261307,0.454277,-0.945489,0.0919812,0.9969,-1.68797,-0.183244,0.733384,-1.63392,-0.193067,0.508573,-1.17384
0.261307,0.454277,-0.945489,0.0919812,0.9969,-1.68797,-0.183244,0.733384,-1.63392,-0.193067,0.508573,-1.17384
0.261307,0.454277,-0.945489,0.0919812,0.9969,-1.68797,-0.183244,0.733384,-1.63392,-0.193067,0.508573,-1.17384
0.261307,0.454277,-0.945489,0.0919812,0.9969,-1.68797,-0.183244,0.733384,-1.63392,-0.193067,0.508573,-1.17384
0.261307,0.454277,-0.945489,0.0919812,0.9969,-1.68797,-0.183244,0.733384,-1.63392,-0.193067,0.508573,-1.17384
0.261307,0.454277,-0.945489,0.0919812,0.9969,-1.68797,-0.183244,0.733384,-1.63392,-0.193067,0.508573,-1.17384
0.261307,0.454277,-0.945489,0.0919812,0.9969,-1.68797,-0.183244,0.733384,-1.63392,-0.193067,0.508573,-1.17384
0.24144,0.458913,-0.977085,0.0806755,0.971093,-1.65796,-0.179169,0.715334,-1.57214,-0.167925,0.547952,-1.19894
0.24144,0.458913,-0.977085,0.0806755,0.971093,-1.65796,-0.179169,0.715334,-1.57214,-0.167925,0.547952,-1.19894
0.24144,0.458913,-0.977085,0.0806755,0.971093,-1.65796,-0.179169,0.715334,-1.57214,-0.167925,0.547952,-1.19894
0.24144,0.458913,-0.977085,0.0806755,0.971093,-1.65796,-0.179169,0.715334,-1.57214,-0.167925,0.547952,-1.19894
0.24144,0.458913,-0.977085,0.0806755,0.971093,-1.65796,-0.179169,0.715334,-1.57214,-0.167925,0.547952,-1.19894
0.24144,0.458913,-0.977085,0.0806755,0.971093,-1.65796,-0.179169,0.715334,-1.57214,-0.167925,0.547952,-1.19894
0.24144,0.458913,-0.977085,0.0806755,0.971093,-1.65796,-0.179169,0.715334,-1.57214,-0.167925,0.547952,-1.19894
0.24144,0.458913,-0.977085,0.0806755,0.971093,-1.65796,-0.179169,0.715334,-1.57214,-0.167925,0.547952,-1.19894
0.24144,0.458913,-0.977085,0.0806755,0.971093,-1.65796,-0.179169,0.715334,-1.57214,-0.167925,0.547952,-1.19894
0.24144,0.458913,-0.977085,0.0806755,0.971093,-1.65796,-0.179169,0.715334,-1.57214,-0.167925,0.547952,-1.19894
0.24144,0.458913,-0.977085,0.0806755,0.971093,-1.65796,-0.179169,0.715334,-1.57214,-0.167925,0.547952,-1.19894
0.24144,0.458913,-0.977085,0.0806755,0.971093,-1.65796,-0.179169,0.715334,-1.57214,-0.167925,0.547952,-1.19894
0.199744,0.45985,-0.984174,0.079385,0.922611,-1.63038,-0.168552,0.641087,-1.50268,-0.110652,0.616425,-1.15523
0.199744,0.45985,-0.984174,0.079385,0.922611,-1.63038,-0.168552,0.641087,-1.50268,-0.110652,0.616425,-1.15523
0.199744,0.45985,-0.984174,0.079385,0.922611,-1.63038,-0.168552,0.641087,-1.50268,-0.110652,0.616425,-1.15523
0.199744,0.45985,-0.984174,0.079385,0.922611,-1.63038,-0.168552,0.641087,-1.50268,-0.110652,0.616425,-1.15523
0.199744,0.45985,-0.984174,0.079385,0.922611,-1.63038,-0.168552,0.641087,-1.50268,-0.110652,0.616425,-1.15523
0.199744,0.45985,-0.984174,0.079385,0.922611,-1.63038,-0.168552,0.641087,-1.50268,-0.110652,0.616425,-1.15523
0.199744,0.45985,-0.984174,0.079385,0.922611,-1.63038,-0.168552,0.641087,-1.50268,-0.110652,0.616425,-1.15523
0.199744,0.45985,-0.984174,0.079385,0.922611,-1.63038,-0.168552,0.641087,-1.50268,-0.110652,0.616425,-1.15523
0.199744,0.45985,-0.984174,0.079385,0.922611,-1.63038,-0.168552,0.641087,-1.50268,-0.110652,0.616425,-1.15523
0.154327,0.498115,-1.05019,0.102806,0.944777,-1.5173,-0.0696887,0.60513,-1.41041,-0.0157406,0.646434,-1.16147
0.154327,0.498115,-1.05019,0.102806,0.944777,-1.5173,-0.0696887,0.60513,-1.41041,-0.0157406,0.646434,-1.16147
0.154327,0.498115,-1.05019,0.102806,0.944777,-1.5173,-0.0696887,0.60513,-1.41041,-0.0157406,0.646434,-1.16147
0.154327,0.498115,-1.05019,0.102806,0.944777,-1.5173,-0.0696887,0.60513,-1.41041,-0.0157406,0.646434,-1.16147
0.154327,0.498115,-1.05019,0.102806,0.944777,-1.5173,-0.0696887,0.60513,-1.41041,-0.0157406,0.646434,-1.16147
0.154327,0.498115,-1.05019,0.102806,0.944777,-1.5173,-0.0696887,0.60513,-1.41041,-0.0157406,0.646434,-1.16147
0.154327,0.498115,-1.05019,0.102806,0.944777,-1.5173,-0.0696887,0.60513,-1.41041,-0.0157406,0.646434,-1.16147
0.154327,0.498115,-1.05019,0.102806,0.944777,-1.5173,-0.0696887,0.60513,-1.41041,-0.0157406,0.646434,-1.16147
0.154327,0.498115,-1.05019,0.102806,0.944777,-1.5173,-0.0696887,0.60513,-1.41041,-0.0157406,0.646434,-1.16147
0.154327,0.498115,-1.05019,0.102806,0.944777,-1.5173,-0.0696887,0.60513,-1.41041,-0.0157406,0.646434,-1.16147
0.154327,0.498115,-1.05019,0.102806,0.944777,-1.5173,-0.0696887,0.60513,-1.41041,-0.0157406,0.646434,-1.16147
0.154327,0.498115,-1.05019,0.102806,0.944777,-1.5173,-0.0696887,0.60513,-1.41041,-0.0157406,0.646434,-1.16147
0.016157,0.69689,-1.51953,-0.0384765,0.763291,-1.05666,0.176994,0.560512,-0.92994,0.187488,0.66336,-1.59579
0.016157,0.69689,-1.51953,-0.0384765,0.763291,-1.05666,0.176994,0.560512,-0.92994,0.187488,0.66336,-1.59579
0.016157,0.69689,-1.51953,-0.0384765,0.763291,-1.05666,0.176994,0.560512,-0.92994,0.187488,0.66336,-1.59579
0.016157,0.69689,-1.51953,-0.0384765,0.763291,-1.05666,0.176994,0.560512,-0.92994,0.187488,0.66336,-1.59579
0.016157,0.69689,-1.51953,-0.0384765,0.763291,-1.05666,0.176994,0.560512,-0.92994,0.187488,0.66336,-1.59579
0.016157,0.69689,-1.51953,-0.0384765,0.763291,-1.05666,0.176994,0.560512,-0.92994,0.187488,0.66336,-1.59579
0.016157,0.69689,-1.51953,-0.0384765,0.763291,-1.05666,0.176994,0.560512,-0.92994,0.187488,0.66336,-1.59579
0.016157,0.69689,-1.51953,-0.0384765,0.763291,-1.05666,0.176994,0.560512,-0.92994,0.187488,0.66336,-1.59579
-0.0347286,0.874229,-1.70747,-0.0800973,0.616115,-0.866861,0.273281,0.632161,-0.775647,0.250073,0.710803,-1.71289
-0.0347286,0.874229,-1.70747,-0.0800973,0.616115,-0.866861,0.273281,0.632161,-0.775647,0.250073,0.710803,-1.71289
-0.0347286,0.874229,-1.70747,-0.0800973,0.616115,-0.866861,0.273281,0.632161,-0.775647,0.250073,0.710803,-1.71289
-0.0347286,0.874229,-1.70747,-0.0800973,0.616115,-0.866861,0.273281,0.632161,-0.775647,0.250073,0.710803,-1.71289
-0.0347286,0.874229,-1.70747,-0.0800973,0.616115,-0.866861,0.273281,0.632161,-0.775647,0.250073,0.710803,-1.71289
-0.0347286,0.874229,-1.70747,-0.0800973,0.616115,-0.866861,0.273281,0.632161,-0.775647,0.250073,0.710803,-1.71289
-0.0347286,0.874229,-1.70747,-0.0800973,0.616115,-0.866861,0.273281,0.632161,-0.775647,0.250073,0.710803,-1.71289
-0.0347286,0.874229,-1.70747,-0.0800973,0.616115,-0.866861,0.273281,0.632161,-0.775647,0.250073,0.710803,-1.71289
-0.0347286,0.874229,-1.70747,-0.0800973,0.616115,-0.866861,0.273281,0.632161,-0.775647,0.250073,0.710803,-1.71289
-0.0347286,0.874229,-1.70747,-0.0800973,0.616115,-0.866861,0.273281,0.632161,-0.775647,0.250073,0.710803,-1.71289
-0.0347286,0.874229,-1.70747,-0.0800973,0.616115,-0.866861,0.273281,0.632161,-0.775647,0.250073,0.710803,-1.71289
-0.059363,0.929321,-1.737,-0.0853441,0.556273,-0.882922,0.290136,0.674281,-0.841025,0.286844,0.679414,-1.71563
-0.059363,0.929321,-1.737,-0.0853441,0.556273,-0.882922,0.290136,0.674281,-0.841025,0.286844,0.679414,-1.71563
-0.059363,0.929321,-1.737,-0.0853441,0.556273,-0.882922,0.290136,0.674281,-0.841025,0.286844,0.679414,-1.71563
-0.059363,0.929321,-1.737,-0.0853441,0.556273,-0.882922,0.290136,0.674281,-0.841025,0.286844,0.679414,-1.71563
-0.059363,0.929321,-1.737,-0.0853441,0.556273,-0.882922,0.290136,0.674281,-0.841025,0.286844,0.679414,-1.71563
-0.059363,0.929321,-1.737,-0.0853441,0.556273,-0.882922,0.290136,0.674281,-0.841025,0.286844,0.679414,-1.71563
-0.059363,0.929321,-1.737,-0.0853441,0.556273,-0.882922,0.290136,0.674281,-0.841025,0.286844,0.679414,-1.71563
-0.059363,0.929321,-1.737,-0.0853441,0.556273,-0.882922,0.290136,0.674281,-0.841025,0.286844,0.679414,-1.71563
-0.059363,0.929321,-1.737,-0.0853441,0.556273,-0.882922,0.290136,0.674281,-0.841025,0.286844,0.679414,-1.71563
-0.0634432,0.942297,-1.71615,-0.064648,0.576511,-1.00681,0.282301,0.674387,-0.925271,0.304787,0.659475,-1.66195
-0.0634432,0.942297,-1.71615,-0.064648,0.576511,-1.00681,0.282301,0.674387,-0.925271,0.304787,0.659475,-1.66195
-0.0634432,0.942297,-1.71615,-0.064648,0.576511,-1.00681,0.282301,0.674387,-0.925271,0.304787,0.659475,-1.66195
-0.0634432,0.942297,-1.71615,-0.064648,0.576511,-1.00681,0.282301,0.674387,-0.925271,0.304787,0.659475,-1.66195
-0.0634432,0.942297,-1.71615,-0.064648,0.576511,-1.00681,0.282301,0.674387,-0.925271,0.304787,0.659475,-1.66195
-0.0634432,0.942297,-1.71615,-0.064648,0.576511,-1.00681,0.282301,0.674387,-0.925271,0.304787,0.659475,-1.66195
-0.0634432,0.942297,-1.71615,-0.064648,0.576511,-1.00681,0.282301,0.674387,-0.925271,0.304787,0.659475,-1.66195
-0.0634432,0.942297,-1.71615,-0.064648,0.576511,-1.00681,0.282301,0.674387,-0.925271,0.304787,0.659475,-1.66195
-0.0634432,0.942297,-1.71615,-0.064648,0.576511,-1.00681,0.282301,0.674387,-0.925271,0.304787,0.659475,-1.66195
-0.0634432,0.942297,-1.71615,-0.064648,0.576511,-1.00681,0.282301,0.674387,-0.925271,0.304787,0.659475,-1.66195
-0.0634432,0.942297,-1.71615,-0.064648,0.576511,-1.00681,0.282301,0.674387,-0.925271,0.304787,0.659475,-1.66195
-0.0558911,0.946748,-1.68802,-0.0190008,0.60123,-1.14185,0.258117,0.667161,-1.0235,0.286038,0.64552,-1.60861
-0.0558911,0.946748,-1.68802,-0.0190008,0.60123,-1.14185,0.258117,0.667161,-1.0235,0.286038,0.64552,-1.60861
-0.0558911,0.946748,-1.68802,-0.0190008,0.60123,-1.14185,0.258117,0.667161,-1.0235,0.286038,0.64552,-1.60861
-0.0558911,0.946748,-1.68802,-0.0190008,0.60123,-1.14185,0.258117,0.667161,-1.0235,0.286038,0.64552,-1.60861
-0.0558911,0.946748,-1.68802,-0.0190008,0.60123,-1.14185,0.258117,0.667161,-1.0235,0.286038,0.64552,-1.60861
-0.0558911,0.946748,-1.68802,-0.0190008,0.60123,-1.14185,0.258117,0.667161,-1.0235,0.286038,0.64552,-1.60861
-0.0558911,0.946748,-1.68802,-0.0190008,0.60123,-1.14185,0.258117,0.667161,-1.0235,0.286038,0.64552,-1.60861
-0.0558911,0.946748,-1.68802,-0.0190008,0.60123,-1.14185,0.258117,0.667161,-1.0235,0.286038,0.64552,-1.60861
-0.0558911,0.946748,-1.68802,-0.0190008,0.60123,-1.14185,0.258117,0.667161,-1.0235,0.286038,0.64552,-1.60861
-0.0628547,0.96449,-1.69086,0.0241426,0.585038,-1.21092,0.219429,0.652449,-1.07029,0.268806,0.638127,-1.59009
-0.0628547,0.96449,-1.69086,0.0241426,0.585038,-1.21092,0.219429,0.652449,-1.07029,0.268806,0.638127,-1.59009
-0.0628547,0.96449,-1.69086,0.0241426,0.585038,-1.21092,0.219429,0.652449,-1.07029,0.268806,0.638127,-1.59009
-0.0628547,0.96449,-1.69086,0.0241426,0.585038,-1.21092,0.219429,0.652449,-1.07029,0.268806,0.638127,-1.59009
-0.0628547,0.96449,-1.69086,0.0241426,0.585038,-1.21092,0.219429,0.652449,-1.07029,0.268806,0.638127,-1.59009
-0.0628547,0.96449,-1.69086,0.0241426,0.585038,-1.21092,0.219429,0.652449,-1.07029,0.268806,0.638127,-1.59009
-0.0628547,0.96449,-1.69086,0.0241426,0.585038,-1.21092,0.219429,0.652449,-1.07029,0.268806,0.638127,-1.59009
-0.0628547,0.96449,-1.69086,0.0241426,0.585038,-1.21092,0.219429,0.652449,-1.07029,0.268806,0.638127,-1.59009
-0.0628547,0.96449,-1.69086,0.0241426,0.585038,-1.21092,0.219429,0.652449,-1.07029,0.268806,0.638127,-1.59009
-0.0628547,0.96449,-1.69086,0.0241426,0.585038,-1.21092,0.219429,0.652449,-1.07029,0.268806,0.638127,-1.59009
-0.0667423,0.976233,-1.69877,0.0765912,0.564186,-1.19653,0.148428,0.638832,-1.08306,0.246897,0.61367,-1.59447
-0.0667423,0.976233,-1.69877,0.0765912,0.564186,-1.19653,0.148428,0.638832,-1.08306,0.246897,0.61367,-1.59447
-0.0667423,0.976233,-1.69877,0.0765912,0.564186,-1.19653,0.148428,0.638832,-1.08306,0.246897,0.61367,-1.59447
-0.0667423,0.976233,-1.69877,0.0765912,0.564186,-1.19653,0.148428,0.638832,-1.08306,0.246897,0.61367,-1.59447
-0.0667423,0.976233,-1.69877,0.0765912,0.564186,-1.19653,0.148428,0.638832,-1.08306,0.246897,0.61367,-1.59447
-0.0667423,0.976233,-1.69877,0.0765912,0.564186,-1.19653,0.148428,0.638832,-1.08306,0.246897,0.61367,-1.59447
-0.0667423,0.976233,-1.69877,0.0765912,0.564186,-1.19653,0.148428,0.638832,-1.08306,0.246897,0.61367,-1.59447
-0.0667423,0.976233,-1.69877,0.0765912,0.564186,-1.19653,0.148428,0.638832,-1.08306,0.246897,0.61367,-1.59447
-0.0667423,0.976233,-1.69877,0.0765912,0.564186,-1.19653,0.148428,0.638832,-1.08306,0.246897,0.61367,-1.59447
-0.0667423,0.976233,-1.69877,0.0765912,0.564186,-1.19653,0.148428,0.638832,-1.08306,0.246897,0.61367,-1.59447
-0.0790628,0.936308,-1.65609,0.113894,0.582745,-1.2226,0.0699242,0.632774,-1.13623,0.164883,0.612268,-1.53694
-0.0790628,0.936308,-1.65609,0.113894,0.582745,-1.2226,0.0699242,0.632774,-1.13623,0.164883,0.612268,-1.53694
-0.0790628,0.936308,-1.65609,0.113894,0.582745,-1.2226,0.0699242,0.632774,-1.13623,0.164883,0.612268,-1.53694
-0.0790628,0.936308,-1.65609,0.113894,0.582745,-1.2226,0.0699242,0.632774,-1.13623,0.164883,0.612268,-1.53694
-0.0790628,0.936308,-1.65609,0.113894,0.582745,-1.2226,0.0699242,0.632774,-1.13623,0.164883,0.612268,-1.53694
-0.0790628,0.936308,-1.65609,0.113894,0.582745,-1.2226,0.0699242,0.632774,-1.13623,0.164883,0.612268,-1.53694
-0.0790628,0.936308,-1.65609,0.113894,0.582745,-1.2226,0.0699242,0.632774,-1.13623,0.164883,0.612268,-1.53694
-0.0790628,0.936308,-1.65609,0.113894,0.582745,-1.2226,0.0699242,0.632774,-1.13623,0.164883,0.612268,-1.53694
-0.0790628,0.936308,-1.65609,0.113894,0.582745,-1.2226,0.0699242,0.632774,-1.13623,0.164883,0.612268,-1.53694
-0.0790628,0.936308,-1.65609,0.113894,0.582745,-1.2226,0.0699242,0.632774,-1.13623,0.164883,0.612268,-1.53694
-0.0790628,0.936308,-1.65609,0.113894,0.582745,-1.2226,0.0699242,0.632774,-1.13623,0.164883,0.612268,-1.53694
0.0480516,0.686127,-1.2117,0.093069,0.754799,-1.57534,-0.0254966,0.654047,-1.41253,-0.0514823,0.610147,-1.3845
0.0480516,0.686127,-1.2117,0.093069,0.754799,-1.57534,-0.0254966,0.654047,-1.41253,-0.0514823,0.610147,-1.3845
0.0480516,0.686127,-1.2117,0.093069,0.754799,-1.57534,-0.0254966,0.654047,-1.41253,-0.0514823,0.610147,-1.3845
0.0480516,0.686127,-1.2117,0.093069,0.754799,-1.57534,-0.0254966,0.654047,-1.41253,-0.0514823,0.610147,-1.3845
0.0480516,0.686127,-1.2117,0.093069,0.754799,-1.57534,-0.0254966,0.654047,-1.41253,-0.0514823,0.610147,-1.3845
0.0480516,0.686127,-1.2117,0.093069,0.754799,-1.57534,-0.0254966,0.654047,-1.41253,-0.0514823,0.610147,-1.3845
0.0480516,0.686127,-1.2117,0.093069,0.754799,-1.57534,-0.0254966,0.654047,-1.41253,-0.0514823,0.610147,-1.3845
0.0480516,0.686127,-1.2117,0.093069,0.754799,-1.57534,-0.0254966,0.654047,-1.41253,-0.0514823,0.610147,-1.3845
0.0480516,0.686127,-1.2117,0.093069,0.754799,-1.57534,-0.0254966,0.654047,-1.41253,-0.0514823,0.610147,-1.3845
0.0480516,0.686127,-1.2117,0.093069,0.754799,-1.57534,-0.0254966,0.654047,-1.41253,-0.0514823,0.610147,-1.3845
0.109041,0.533465,-0.93425,0.14668,0.886795,-1.7758,-0.0736437,0.700256,-1.55714,-0.112939,0.554749,-1.08313
0.109041,0.533465,-0.93425,0.14668,0.886795,-1.7758,-0.0736437,0.700256,-1.55714,-0.112939,0.554749,-1.08313
0.109041,0.533465,-0.93425,0.14668,0.886795,-1.7758,-0.0736437,0.700256,-1.55714,-0.112939,0.554749,-1.08313
0.109041,0.533465,-0.93425,0.14668,0.886795,-1.7758,-0.0736437,0.700256,-1.55714,-0.112939,0.554749,-1.08313
0.109041,0.533465,-0.93425,0.14668,0.886795,-1.7758,-0.0736437,0.700256,-1.55714,-0.112939,0.554749,-1.08313
0.109041,0.533465,-0.93425,0.14668,0.886795,-1.7758,-0.0736437,0.700256,-1.55714,-0.112939,0.554749,-1.08313
0.109041,0.533465,-0.93425,0.14668,0.886795,-1.7758,-0.0736437,0.700256,-1.55714,-0.112939,0.554749,-1.08313
0.109041,0.533465,-0.93425,0.14668,0.886795,-1.7758,-0.0736437,0.700256,-1.55714,-0.112939,0.554749,-1.08313
0.109041,0.533465,-0.93425,0.14668,0.886795,-1.7758,-0.0736437,0.700256,-1.55714,-0.112939,0.554749,-1.08313
0.109041,0.533465,-0.93425,0.14668,0.886795,-1.7758,-0.0736437,0.700256,-1.55714,-0.112939,0.554749,-1.08313
0.210601,0.441909,-0.858344,0.161726,0.932082,-1.81211,-0.122324,0.72518,-1.6301,-0.162698,0.558529,-0.980214
0.210601,0.441909,-0.858344,0.161726,0.932082,-1.81211,-0.122324,0.72518,-1.6301,-0.162698,0.558529,-0.980214
0.210601,0.441909,-0.858344,0.161726,0.932082,-1.81211,-0.122324,0.72518,-1.6301,-0.162698,0.558529,-0.980214
0.210601,0.441909,-0.858344,0.161726,0.932082,-1.81211,-0.122324,0.72518,-1.6301,-0.162698,0.558529,-0.980214
0.210601,0.441909,-0.858344,0.161726,0.932082,-1.81211,-0.122324,0.72518,-1.6301,-0.162698,0.558529,-0.980214
0.210601,0.441909,-0.858344,0.161726,0.932082,-1.81211,-0.122324,0.72518,-1.6301,-0.162698,0.558529,-0.980214
0.210601,0.441909,-0.858344,0.161726,0.932082,-1.81211,-0.122324,0.72518,-1.6301,-0.162698,0.558529,-0.980214
0.210601,0.441909,-0.858344,0.161726,0.932082,-1.81211,-0.122324,0.72518,-1.6301,-0.162698,0.558529,-0.980214
0.210601,0.441909,-0.858344,0.161726,0.932082,-1.81211,-0.122324,0.72518,-1.6301,-0.162698,0.558529,-0.980214
0.210601,0.441909,-0.858344,0.161726,0.932082,-1.81211,-0.122324,0.72518,-1.6301,-0.162698,0.558529,-0.980214
0.27377,0.429693,-0.86212,0.13653,0.964884,-1.76489,-0.153678,0.74008,-1.65745,-0.191999,0.537223,-1.011
0.27377,0.429693,-0.86212,0.13653,0.964884,-1.76489,-0.153678,0.74008,-1.65745,-0.191999,0.537223,-1.011
0.27377,0.429693,-0.86212,0.13653,0.964884,-1.76489,-0.153678,0.74008,-1.65745,-0.191999,0.537223,-1.011
0.27377,0.429693,-0.86212,0.13653,0.964884,-1.76489,-0.153678,0.74008,-1.65745,-0.191999,0.537223,-1.011
0.27377,0.429693,-0.86212,0.13653,0.964884,-1.76489,-0.153678,0.74008,-1.65745,-0.191999,0.537223,-1.011
0.27377,0.429693,-0.86212,0.13653,0.964884,-1.76489,-0.153678,0.74008,-1.65745,-0.191999,0.537223,-1.011
0.27377,0.429693,-0.86212,0.13653,0.964884,-1.76489,-0.153678,0.74008,-1.65745,-0.191999,0.537223,-1.011
0.27377,0.429693,-0.86212,0.13653,0.964884,-1.76489,-0.153678,0.74008,-1.65745,-0.191999,0.537223,-1.011
0.27377,0.429693,-0.86212,0.13653,0.964884,-1.76489,-0.153678,0.74008,-1.65745,-0.191999,0.537223,-1.011
0.27377,0.429693,-0.86212,0.13653,0.964884,-1.76489,-0.153678,0.74008,-1.65745,-0.191999,0.537223,-1.011
0.27634,0.449212,-0.910886,0.11251,0.992055,-1.71221,-0.178665,0.737814,-1.65126,-0.198314,0.507411,-1.11105
0.27634,0.449212,-0.910886,0.11251,0.992055,-1.71221,-0.178665,0.737814,-1.65126,-0.198314,0.507411,-1.11105
0.27634,0.449212,-0.910886,0.11251,0.992055,-1.71221,-0.178665,0.737814,-1.65126,-0.198314,0.507411,-1.11105
0.27634,0.449212,-0.910886,0.11251,0.992055,-1.71221,-0.178665,0.737814,-1.65126,-0.198314,0.507411,-1.11105
0.27634,0.449212,-0.910886,0.11251,0.992055,-1.71221,-0.178665,0.737814,-1.65126,-0.198314,0.507411,-1.11105
0.27634,0.449212,-0.910886,0.11251,0.992055,-1.71221,-0.178665,0.737814,-1.65126,-0.198314,0.507411,-1.11105
0.27634,0.449212,-0.910886,0.11251,0.992055,-1.71221,-0.178665,0.737814,-1.65126,-0.198314,0.507411,-1.11105
0.27634,0.449212,-0.910886,0.11251,0.992055,-1.71221,-0.178665,0.737814,-1.65126,-0.198314,0.507411,-1.11105
0.27634,0.449212,-0.910886,0.11251,0.992055,-1.71221,-0.178665,0.737814,-1.65126,-0.198314,0.507411,-1.11105
0.27634,0.449212,-0.910886,0.11251,0.992055,-1.71221,-0.178665,0.737814,-1.65126,-0.198314,0.507411,-1.11105
0.257901,0.460294,-0.96893,0.092817,0.991031,-1.68171,-0.178578,0.729301,-1.61135,-0.183488,0.51837,-1.19562
0.257901,0.460294,-0.96893,0.092817,0.991031,-1.68171,-0.178578,0.729301,-1.61135,-0.183488,0.51837,-1.19562
0.257901,0.460294,-0.96893,0.092817,0.991031,-1.68171,-0.178578,0.729301,-1.61135,-0.183488,0.51837,-1.19562
0.257901,0.460294,-0.96893,0.092817,0.991031,-1.68171,-0.178578,0.729301,-1.61135,-0.183488,0.51837,-1.19562
0.257901,0.460294,-0.96893,0.092817,0.991031,-1.68171,-0.178578,0.729301,-1.61135,-0.183488,0.51837,-1.19562
0.257901,0.460294,-0.96893,0.092817,0.991031,-1.68171,-0.178578,0.729301,-1.61135,-0.183488,0.51837,-1.19562
0.257901,0.460294,-0.96893,0.092817,0.991031,-1.68171,-0.178578,0.729301,-1.61135,-0.183488,0.51837,-1.19562
0.257901,0.460294,-0.96893,0.092817,0.991031,-1.68171,-0.178578,0.729301,-1.61135,-0.183488,0.51837,-1.19562
0.257901,0.460294,-0.96893,0.092817,0.991031,-1.68171,-0.178578,0.729301,-1.61135,-0.183488,0.51837,-1.19562
0.257901,0.460294,-0.96893,0.092817,0.991031,-1.68171,-0.178578,0.729301,-1.61135,-0.183488,0.51837,-1.19562
0.231197,0.459877,-0.984283,0.0800165,0.955334,-1.65185,-0.177143,0.695287,-1.54839,-0.150303,0.570743,-1.19099
0.231197,0.459877,-0.984283,0.0800165,0.955334,-1.65185,-0.177143,0.695287,-1.54839,-0.150303,0.570743,-1.19099
0.231197,0.459877,-0.984283,0.0800165,0.955334,-1.65185,-0.177143,0.695287,-1.54839,-0.150303,0.570743,-1.19099
0.231197,0.459877,-0.984283,0.0800165,0.955334,-1.65185,-0.177143,0.695287,-1.54839,-0.150303,0.570743,-1.19099
0.231197,0.459877,-0.984283,0.0800165,0.955334,-1.65185,-0.177143,0.695287,-1.54839,-0.150303,0.570743,-1.19099
0.231197,0.459877,-0.984283,0.0800165,0.955334,-1.65185,-0.177143,0.695287,-1.54839,-0.150303,0.570743,-1.19099
0.231197,0.459877,-0.984283,0.0800165,0.955334,-1.65185,-0.177143,0.695287,-1.54839,-0.150303,0.570743,-1.19099
0.231197,0.459877,-0.984283,0.0800165,0.955334,-1.65185,-0.177143,0.695287,-1.54839,-0.150303,0.570743,-1.19099
0.231197,0.459877,-0.984283,0.0800165,0.955334,-1.65185,-0.177143,0.695287,-1.54839,-0.150303,0.570743,-1.19099
0.231197,0.459877,-0.984283,0.0800165,0.955334,-1.65185,-0.177143,0.695287,-1.54839,-0.150303,0.570743,-1.19099
0.231197,0.459877,-0.984283,0.0800165,0.955334,-1.65185,-0.177143,0.695287,-1.54839,-0.150303,0.570743,-1.19099
0.185577,0.46436,-0.996944,0.0903276,0.92448,-1.61436,-0.149871,0.616519,-1.47521,-0.0842302,0.635565,-1.13743
0.185577,0.46436,-0.996944,0.0903276,0.92448,-1.61436,-0.149871,0.616519,-1.47521,-0.0842302,0.635565,-1.13743
0.185577,0.46436,-0.996944,0.0903276,0.92448,-1.61436,-0.149871,0.616519,-1.47521,-0.0842302,0.635565,-1.13743
0.185577,0.46436,-0.996944,0.0903276,0.92448,-1.61436,-0.149871,0.616519,-1.47521,-0.0842302,0.635565,-1.13743
0.185577,0.46436,-0.996944,0.0903276,0.92448,-1.61436,-0.149871,0.616519,-1.47521,-0.0842302,0.635565,-1.13743
0.185577,0.46436,-0.996944,0.0903276,0.92448,-1.61436,-0.149871,0.616519,-1.47521,-0.0842302,0.635565,-1.13743
0.185577,0.46436,-0.996944,0.0903276,0.92448,-1.61436,-0.149871,0.616519,-1.47521,-0.0842302,0.635565,-1.13743
0.185577,0.46436,-0.996944,0.0903276,0.92448,-1.61436,-0.149871,0.616519,-1.47521,-0.0842302,0.635565,-1.13743
0.185577,0.46436,-0.996944,0.0903276,0.92448,-1.61436,-0.149871,0.616519,-1.47521,-0.0842302,0.635565,-1.13743
0.102921,0.560735,-1.19975,0.0809856,0.923177,-1.39822,0.00866305,0.597815,-1.32129,0.0555805,0.644266,-1.30394
0.102921,0.560735,-1.19975,0.0809856,0.923177,-1.39822,0.00866305,0.597815,-1.32129,0.0555805,0.644266,-1.30394
0.102921,0.560735,-1.19975,0.0809856,0.923177,-1.39822,0.00866305,0.597815,-1.32129,0.0555805,0.644266,-1.30394
0.102921,0.560735,-1.19975,0.0809856,0.923177,-1.39822,0.00866305,0.597815,-1.32129,0.0555805,0.644266,-1.30394
0.102921,0.560735,-1.19975,0.0809856,0.923177,-1.39822,0.00866305,0.597815,-1.32129,0.0555805,0.644266,-1.30394
0.102921,0.560735,-1.19975,0.0809856,0.923177,-1.39822,0.00866305,0.597815,-1.32129,0.0555805,0.644266,-1.30394
0.102921,0.560735,-1.19975,0.0809856,0.923177,-1.39822,0.00866305,0.597815,-1.32129,0.0555805,0.644266,-1.30394
0.102921,0.560735,-1.19975,0.0809856,0.923177,-1.39822,0.00866305,0.597815,-1.32129,0.0555805,0.644266,-1.30394
0.102921,0.560735,-1.19975,0.0809856,0.923177,-1.39822,0.00866305,0.597815,-1.32129,0.0555805,0.644266,-1.30394
0.102921,0.560735,-1.19975,0.0809856,0.923177,-1.39822,0.00866305,0.597815,-1.32129,0.0555805,0.644266,-1.30394
-0.00273403,0.774953,-1.60523,-0.0721467,0.700651,-0.994098,0.217418,0.57254,-0.846073,0.21333,0.689332,-1.64679
-0.00273403,0.774953,-1.60523,-0.0721467,0.700651,-0.994098,0.217418,0.57254,-0.846073,0.21333,0.689332,-1.64679
-0.00273403,0.774953,-1.60523,-0.0721467,0.700651,-0.994098,0.217418,0.57254,-0.846073,0.21333,0.689332,-1.64679
-0.00273403,0.774953,-1.60523,-0.0721467,0.700651,-0.994098,0.217418,0.57254,-0.846073,0.21333,0.689332,-1.64679
-0.00273403,0.774953,-1.60523,-0.0721467,0.700651,-0.994098,0.217418,0.57254,-0.846073,0.21333,0.689332,-1.64679
-0.00273403,0.774953,-1.60523,-0.0721467,0.700651,-0.994098,0.217418,0.57254,-0.846073,0.21333,0.689332,-1.64679
-0.00273403,0.774953,-1.60523,-0.0721467,0.700651,-0.994098,0.217418,0.57254,-0.846073,0.21333,0.689332,-1.64679
-0.00273403,0.774953,-1.60523,-0.0721467,0.700651,-0.994098,0.217418,0.57254,-0.846073,0.21333,0.689332,-1.64679
-0.00273403,0.774953,-1.60523,-0.0721467,0.700651,-0.994098,0.217418,0.57254,-0.846073,0.21333,0.689332,-1.64679
-0.00273403,0.774953,-1.60523,-0.0721467,0.700651,-0.994098,0.217418,0.57254,-0.846073,0.21333,0.689332,-1.64679
-0.00273403,0.774953,-1.60523,-0.0721467,0.700651,-0.994098,0.217418,0.57254,-0.846073,0.21333,0.689332,-1.64679
-0.00273403,0.774953,-1.60523,-0.0721467,0.700651,-0.994098,0.217418,0.57254,-0.846073,0.21333,0.689332,-1.64679
-0.0488279,0.897394,-1.73188,-0.0840622,0.583661,-0.862624,0.271923,0.638668,-0.784112,0.259373,0.705312,-1.7201
-0.0488279,0.897394,-1.73188,-0.0840622,0.583661,-0.862624,0.271923,0.638668,-0.784112,0.259373,0.705312,-1.7201
-0.0488279,0.897394,-1.73188,-0.0840622,0.583661,-0.862624,0.271923,0.638668,-0.784112,0.259373,0.705312,-1.7201
-0.0488279,0.897394,-1.73188,-0.0840622,0.583661,-0.862624,0.271923,0.638668,-0.784112,0.259373,0.705312,-1.7201
-0.0488279,0.897394,-1.73188,-0.0840622,0.583661,-0.862624,0.271923,0.638668,-0.784112,0.259373,0.705312,-1.7201
-0.0488279,0.897394,-1.73188,-0.0840622,0.583661,-0.862624,0.271923,0.638668,-0.784112,0.259373,0.705312,-1.7201
-0.0488279,0.897394,-1.73188,-0.0840622,0.583661,-0.862624,0.271923,0.638668,-0.784112,0.259373,0.705312,-1.7201
-0.0488279,0.897394,-1.73188,-0.0840622,0.583661,-0.862624,0.271923,0.638668,-0.784112,0.259373,0.705312,-1.7201
-0.0488279,0.897394,-1.73188,-0.0840622,0.583661,-0.862624,0.271923,0.638668,-0.784112,0.259373,0.705312,-1.7201
-0.0488279,0.897394,-1.73188,-0.0840622,0.583661,-0.862624,0.271923,0.638668,-0.784112,0.259373,0.705312,-1.7201
-0.0488279,0.897394,-1.73188,-0.0840622,0.583661,-0.862624,0.271923,0.638668,-0.784112,0.259373,0.705312,-1.7201
-0.0652845,0.935969,-1.73857,-0.082185,0.555316,-0.917365,0.287094,0.674383,-0.862535,0.295895,0.66924,-1.70366
-0.0652845,0.935969,-1.73857,-0.082185,0.555316,-0.917365,0.287094,0.674383,-0.862535,0.295895,0.66924,-1.70366
-0.0652845,0.935969,-1.73857,-0.082185,0.555316,-0.917365,0.287094,0.674383,-0.862535,0.295895,0.66924,-1.70366
-0.0652845,0.935969,-1.73857,-0.082185,0.555316,-0.917365,0.287094,0.674383,-0.862535,0.295895,0.66924,-1.70366
-0.0652845,0.935969,-1.73857,-0.082185,0.555316,-0.917365,0.287094,0.674383,-0.862535,0.295895,0.66924,-1.70366
-0.0652845,0.935969,-1.73857,-0.082185,0.555316,-0.917365,0.287094,0.674383,-0.862535,0.295895,0.66924,-1.70366
-0.0652845,0.935969,-1.73857,-0.082185,0.555316,-0.917365,0.287094,0.674383,-0.862535,0.295895,0.66924,-1.70366
-0.0652845,0.935969,-1.73857,-0.082185,0.555316,-0.917365,0.287094,0.674383,-0.862535,0.295895,0.66924,-1.70366
-0.0652845,0.935969,-1.73857,-0.082185,0.555316,-0.917365,0.287094,0.674383,-0.862535,0.295895,0.66924,-1.70366
-0.0612145,0.942185,-1.70729,-0.0509637,0.583061,-1.0483,0.269629,0.676503,-0.955422,0.30013,0.656004,-1.64234
-0.0612145,0.942185,-1.70729,-0.0509637,0.583061,-1.0483,0.269629,0.676503,-0.955422,0.30013,0.656004,-1.64234
-0.0612145,0.942185,-1.70729,-0.0509637,0.583061,-1.0483,0.269629,0.676503,-0.955422,0.30013,0.656004,-1.64234
-0.0612145,0.942185,-1.70729,-0.0509637,0.583061,-1.0483,0.269629,0.676503,-0.955422,0.30013,0.656004,-1.64234
-0.0612145,0.942185,-1.70729,-0.0509637,0.583061,-1.0483,0.269629,0.676503,-0.955422,0.30013,0.656004,-1.64234
-0.0612145,0.942185,-1.70729,-0.0509637,0.583061,-1.0483,0.269629,0.676503,-0.955422,0.30013,0.656004,-1.64234
-0.0612145,0.942185,-1.70729,-0.0509637,0.583061,-1.0483,0.269629,0.676503,-0.955422,0.30013,0.656004,-1.64234
-0.0612145,0.942185,-1.70729,-0.0509637,0.583061,-1.0483,0.269629,0.676503,-0.955422,0.30013,0.656004,-1.64234
-0.0612145,0.942185,-1.70729,-0.0509637,0.583061,-1.0483,0.269629,0.676503,-0.955422,0.30013,0.656004,-1.64234
-0.0612145,0.942185,-1.70729,-0.0509637,0.583061,-1.0483,0.269629,0.676503,-0.955422,0.30013,0.656004,-1.64234
-0.0574754,0.950914,-1.68508,-0.0043459,0.600952,-1.1724,0.247944,0.664887,-1.04346,0.277129,0.64227,-1.59766
-0.0574754,0.950914,-1.68508,-0.0043459,0.600952,-1.1724,0.247944,0.664887,-1.04346,0.277129,0.64227,-1.59766
-0.0574754,0.950914,-1.68508,-0.0043459,0.600952,-1.1724,0.247944,0.664887,-1.04346,0.277129,0.64227,-1.59766
-0.0574754,0.950914,-1.68508,-0.0043459,0.600952,-1.1724,0.247944,0.664887,-1.04346,0.277129,0.64227,-1.59766
-0.0574754,0.950914,-1.68508,-0.0043459,0.600952,-1.1724,0.247944,0.664887,-1.04346,0.277129,0.64227,-1.59766
-0.0574754,0.950914,-1.68508,-0.0043459,0.600952,-1.1724,0.247944,0.664887,-1.04346,0.277129,0.64227,-1.59766
-0.0574754,0.950914,-1.68508,-0.0043459,0.600952,-1.1724,0.247944,0.664887,-1.04346,0.277129,0.64227,-1.59766
-0.0574754,0.950914,-1.68508,-0.0043459,0.600952,-1.1724,0.247944,0.664887,-1.04346,0.277129,0.64227,-1.59766
-0.0574754,0.950914,-1.68508,-0.0043459,0.600952,-1.1724,0.247944,0.664887,-1.04346,0.277129,0.64227,-1.59766
-0.0574754,0.950914,-1.68508,-0.0043459,0.600952,-1.1724,0.247944,0.664887,-1.04346,0.277129,0.64227,-1.59766
-0.0658118,0.969904,-1.69732,0.040823,0.577613,-1.2087,0.20034,0.647187,-1.07249,0.261355,0.632896,-1.59133
-0.0658118,0.969904,-1.69732,0.040823,0.577613,-1.2087,0.20034,0.647187,-1.07249,0.261355,0.632896,-1.59133
-0.0658118,0.969904,-1.69732,0.040823,0.577613,-1.2087,0.20034,0.647187,-1.07249,0.261355,0.632896,-1.59133
-0.0658118,0.969904,-1.69732,0.040823,0.577613,-1.2087,0.20034,0.647187,-1.07249,0.261355,0.632896,-1.59133
-0.0658118,0.969904,-1.69732,0.040823,0.577613,-1.2087,0.20034,0.647187,-1.07249,0.261355,0.632896,-1.59133
-0.0658118,0.969904,-1.69732,0.040823,0.577613,-1.2087,0.20034,0.647187,-1.07249,0.261355,0.632896,-1.59133
-0.0658118,0.969904,-1.69732,0.040823,0.577613,-1.2087,0.20034,0.647187,-1.07249,0.261355,0.632896,-1.59133
-0.0658118,0.969904,-1.69732,0.040823,0.577613,-1.2087,0.20034,0.647187,-1.07249,0.261355,0.632896,-1.59133
-0.0658118,0.969904,-1.69732,0.040823,0.577613,-1.2087,0.20034,0.647187,-1.07249,0.261355,0.632896,-1.59133
-0.0658118,0.969904,-1.69732,0.040823,0.577613,-1.2087,0.20034,0.647187,-1.07249,0.261355,0.632896,-1.59133
-0.0658118,0.969904,-1.69732,0.040823,0.577613,-1.2087,0.20034,0.647187,-1.07249,0.261355,0.632896,-1.59133
-0.0667131,0.971679,-1.69207,0.0952924,0.566354,-1.18898,0.124703,0.641105,-1.08871,0.233687,0.599683,-1.58922
-0.0667131,0.971679,-1.69207,0.0952924,0.566354,-1.18898,0.124703,0.641105,-1.08871,0.233687,0.599683,-1.58922
-0.0667131,0.971679,-1.69207,0.0952924,0.566354,-1.18898,0.124703,0.641105,-1.08871,0.233687,0.599683,-1.58922
-0.0667131,0.971679,-1.69207,0.0952924,0.566354,-1.18898,0.124703,0.641105,-1.08871,0.233687,0.599683,-1.58922
-0.0667131,0.971679,-1.69207,0.0952924,0.566354,-1.18898,0.124703,0.641105,-1.08871,0.233687,0.599683,-1.58922
-0.0667131,0.971679,-1.69207,0.0952924,0.566354,-1.18898,0.124703,0.641105,-1.08871,0.233687,0.599683,-1.58922
-0.0667131,0.971679,-1.69207,0.0952924,0.566354,-1.18898,0.124703,0.641105,-1.08871,0.233687,0.599683,-1.58922
-0.0667131,0.971679,-1.69207,0.0952924,0.566354,-1.18898,0.124703,0.641105,-1.08871,0.233687,0.599683,-1.58922
-0.0667131,0.971679,-1.69207,0.0952924,0.566354,-1.18898,0.124703,0.641105,-1.08871,0.233687,0.599683,-1.58922
-0.071345,0.888401,-1.58615,0.0903837,0.645237,-1.31092,0.0407095,0.636541,-1.19044,0.0922891,0.639839,-1.49661
-0.071345,0.888401,-1.58615,0.0903837,0.645237,-1.31092,0.0407095,0.636541,-1.19044,0.0922891,0.639839,-1.49661
-0.071345,0.888401,-1.58615,0.0903837,0.645237,-1.31092,0.0407095,0.636541,-1.19044,0.0922891,0.639839,-1.49661
-0.071345,0.888401,-1.58615,0.0903837,0.645237,-1.31092,0.0407095,0.636541,-1.19044,0.0922891,0.639839,-1.49661
-0.071345,0.888401,-1.58615,0.0903837,0.645237,-1.31092,0.0407095,0.636541,-1.19044,0.0922891,0.639839,-1.49661
-0.071345,0.888401,-1.58615,0.0903837,0.645237,-1.31092,0.0407095,0.636541,-1.19044,0.0922891,0.639839,-1.49661
-0.071345,0.888401,-1.58615,0.0903837,0.645237,-1.31092,0.0407095,0.636541,-1.19044,0.0922891,0.639839,-1.49661
-0.071345,0.888401,-1.58615,0.0903837,0.645237,-1.31092,0.0407095,0.636541,-1.19044,0.0922891,0.639839,-1.49661
-0.071345,0.888401,-1.58615,0.0903837,0.645237,-1.31092,0.0407095,0.636541,-1.19044,0.0922891,0.639839,-1.49661
-0.071345,0.888401,-1.58615,0.0903837,0.645237,-1.31092,0.0407095,0.636541,-1.19044,0.0922891,0.639839,-1.49661
-0.071345,0.888401,-1.58615,0.0903837,0.645237,-1.31092,0.0407095,0.636541,-1.19044,0.0922891,0.639839,-1.49661
0.0738931,0.603893,-1.05983,0.115404,0.802435,-1.67943,-0.0544302,0.668581,-1.48849,-0.0838454,0.598876,-1.23311
0.0738931,0.603893,-1.05983,0.115404,0.802435,-1.67943,-0.0544302,0.668581,-1.48849,-0.0838454,0.598876,-1.23311
0.0738931,0.603893,-1.05983,0.115404,0.802435,-1.67943,-0.0544302,0.668581,-1.48849,-0.0838454,0.598876,-1.23311
0.0738931,0.603893,-1.05983,0.115404,0.802435,-1.67943,-0.0544302,0.668581,-1.48849,-0.0838454,0.598876,-1.23311
0.0738931,0.603893,-1.05983,0.115404,0.802435,-1.67943,-0.0544302,0.668581,-1.48849,-0.0838454,0.598876,-1.23311
0.0738931,0.603893,-1.05983,0.115404,0.802435,-1.67943,-0.0544302,0.668581,-1.48849,-0.0838454,0.598876,-1.23311
0.0738931,0.603893,-1.05983,0.115404,0.802435,-1.67943,-0.0544302,0.668581,-1.48849,-0.0838454,0.598876,-1.23311
0.0738931,0.603893,-1.05983,0.115404,0.802435,-1.67943,-0.0544302,0.668581,-1.48849,-0.0838454,0.598876,-1.23311
0.0738931,0.603893,-1.05983,0.115404,0.802435,-1.67943,-0.0544302,0.668581,-1.48849,-0.0838454,0.598876,-1.23311
0.0738931,0.603893,-1.05983,0.115404,0.802435,-1.67943,-0.0544302,0.668581,-1.48849,-0.0838454,0.598876,-1.23311
0.152395,0.489449,-0.871571,0.158104,0.904246,-1.801,-0.094216,0.703929,-1.59457,-0.133418,0.559392,-1.01277
0.152395,0.489449,-0.871571,0.158104,0.904246,-1.801,-0.094216,0.703929,-1.59457,-0.133418,0.559392,-1.01277
0.152395,0.489449,-0.871571,0.158104,0.904246,-1.801,-0.094216,0.703929,-1.59457,-0.133418,0.559392,-1.01277
0.152395,0.489449,-0.871571,0.158104,0.904246,-1.801,-0.094216,0.703929,-1.59457,-0.133418,0.559392,-1.01277
0.152395,0.489449,-0.871571,0.158104,0.904246,-1.801,-0.094216,0.703929,-1.59457,-0.133418,0.559392,-1.01277
0.152395,0.489449,-0.871571,0.158104,0.904246,-1.801,-0.094216,0.703929,-1.59457,-0.133418,0.559392,-1.01277
0.152395,0.489449,-0.871571,0.158104,0.904246,-1.801,-0.094216,0.703929,-1.59457,-0.133418,0.559392,-1.01277
0.152395,0.489449,-0.871571,0.158104,0.904246,-1.801,-0.094216,0.703929,-1.59457,-0.133418,0.559392,-1.01277
0.152395,0.489449,-0.871571,0.158104,0.904246,-1.801,-0.094216,0.703929,-1.59457,-0.133418,0.559392,-1.01277
0.152395,0.430945,-0.840801,0.153193,0.942432,-1.80091,-0.12969,0.729339,-1.64476,-0.179359,0.559267,-0.970708
0.245257,0.430945,-0.840801,0.153193,0.942432,-1.80091,-0.12969,0.729339,-1.64476,-0.179359,0.559267,-0.970708
0.245257,0.430945,-0.840801,0.153193,0.942432,-1.80091,-0.12969,0.729339,-1.64476,-0.179359,0.559267,-0.970708
0.245257,0.430945,-0.840801,0.153193,0.942432,-1.80091,-0.12969,0.729339,-1.64476,-0.179359,0.559267,-0.970708
0.245257,0.430945,-0.840801,0.153193,0.942432,-1.80091,-0.12969,0.729339,-1.64476,-0.179359,0.559267,-0.970708
0.245257,0.430945,-0.840801,0.153193,0.942432,-1.80091,-0.12969,0.729339,-1.64476,-0.179359,0.559267,-0.970708
0.245257,0.430945,-0.840801,0.153193,0.942432,-1.80091,-0.12969,0.729339,-1.64476,-0.179359,0.559267,-0.970708
0.245257,0.430945,-0.840801,0.153193,0.942432,-1.80091,-0.12969,0.729339,-1.64476,-0.179359,0.559267,-0.970708
0.245257,0.430945,-0.840801,0.153193,0.942432,-1.80091,-0.12969,0.729339,-1.64476,-0.179359,0.559267,-0.970708
0.245257,0.430945,-0.840801,0.153193,0.942432,-1.80091,-0.12969,0.729339,-1.64476,-0.179359,0.559267,-0.970708
0.245257,0.430945,-0.840801,0.153193,0.942432,-1.80091,-0.12969,0.729339,-1.64476,-0.179359,0.559267,-0.970708
0.283522,0.43348,-0.872648,0.128862,0.974729,-1.73951,-0.162503,0.7401,-1.65717,-0.198032,0.527395,-1.04041
0.283522,0.43348,-0.872648,0.128862,0.974729,-1.73951,-0.162503,0.7401,-1.65717,-0.198032,0.527395,-1.04041
0.283522,0.43348,-0.872648,0.128862,0.974729,-1.73951,-0.162503,0.7401,-1.65717,-0.198032,0.527395,-1.04041
0.283522,0.43348,-0.872648,0.128862,0.974729,-1.73951,-0.162503,0.7401,-1.65717,-0.198032,0.527395,-1.04041
0.283522,0.43348,-0.872648,0.128862,0.974729,-1.73951,-0.162503,0.7401,-1.65717,-0.198032,0.527395,-1.04041
0.283522,0.43348,-0.872648,0.128862,0.974729,-1.73951,-0.162503,0.7401,-1.65717,-0.198032,0.527395,-1.04041
0.283522,0.43348,-0.872648,0.128862,0.974729,-1.73951,-0.162503,0.7401,-1.65717,-0.198032,0.527395,-1.04041
0.283522,0.43348,-0.872648,0.128862,0.974729,-1.73951,-0.162503,0.7401,-1.65717,-0.198032,0.527395,-1.04041
0.283522,0.43348,-0.872648,0.128862,0.974729,-1.73951,-0.162503,0.7401,-1.65717,-0.198032,0.527395,-1.04041
0.283522,0.43348,-0.872648,0.128862,0.974729,-1.73951,-0.162503,0.7401,-1.65717,-0.198032,0.527395,-1.04041
0.268,0.455366,-0.930664,0.107778,0.996533,-1.69996,-0.17718,0.732366,-1.64192,-0.195865,0.502944,-1.14885
0.268,0.455366,-0.930664,0.107778,0.996533,-1.69996,-0.17718,0.732366,-1.64192,-0.195865,0.502944,-1.14885
0.268,0.455366,-0.930664,0.107778,0.996533,-1.69996,-0.17718,0.732366,-1.64192,-0.195865,0.502944,-1.14885
0.268,0.455366,-0.930664,0.107778,0.996533,-1.69996,-0.17718,0.732366,-1.64192,-0.195865,0.502944,-1.14885
0.268,0.455366,-0.930664,0.107778,0.996533,-1.69996,-0.17718,0.732366,-1.64192,-0.195865,0.502944,-1.14885
0.268,0.455366,-0.930664,0.107778,0.996533,-1.69996,-0.17718,0.732366,-1.64192,-0.195865,0.502944,-1.14885
0.268,0.455366,-0.930664,0.107778,0.996533,-1.69996,-0.17718,0.732366,-1.64192,-0.195865,0.502944,-1.14885
0.268,0.455366,-0.930664,0.107778,0.996533,-1.69996,-0.17718,0.732366,-1.64192,-0.195865,0.502944,-1.14885
0.268,0.455366,-0.930664,0.107778,0.996533,-1.69996,-0.17718,0.732366,-1.64192,-0.195865,0.502944,-1.14885
0.268,0.455366,-0.930664,0.107778,0.996533,-1.69996,-0.17718,0.732366,-1.64192,-0.195865,0.502944,-1.14885
0.249638,0.46352,-0.97886,0.0920231,0.984008,-1.67145,-0.175132,0.723859,-1.59084,-0.174519,0.531115,-1.20348
0.249638,0.46352,-0.97886,0.0920231,0.984008,-1.67145,-0.175132,0.723859,-1.59084,-0.174519,0.531115,-1.20348
0.249638,0.46352,-0.97886,0.0920231,0.984008,-1.67145,-0.175132,0.723859,-1.59084,-0.174519,0.531115,-1.20348
0.249638,0.46352,-0.97886,0.0920231,0.984008,-1.67145,-0.175132,0.723859,-1.59084,-0.174519,0.531115,-1.20348
0.249638,0.46352,-0.97886,0.0920231,0.984008,-1.67145,-0.175132,0.723859,-1.59084,-0.174519,0.531115,-1.20348
0.249638,0.46352,-0.97886,0.0920231,0.984008,-1.67145,-0.175132,0.723859,-1.59084,-0.174519,0.531115,-1.20348
0.249638,0.46352,-0.97886,0.0920231,0.984008,-1.67145,-0.175132,0.723859,-1.59084,-0.174519,0.531115,-1.20348
0.249638,0.46352,-0.97886,0.0920231,0.984008,-1.67145,-0.175132,0.723859,-1.59084,-0.174519,0.531115,-1.20348
0.249638,0.46352,-0.97886,0.0920231,0.984008,-1.67145,-0.175132,0.723859,-1.59084,-0.174519,0.531115,-1.20348
0.249638,0.46352,-0.97886,0.0920231,0.984008,-1.67145,-0.175132,0.723859,-1.59084,-0.174519,0.531115,-1.20348
0.249638,0.46352,-0.97886,0.0920231,0.984008,-1.67145,-0.175132,0.723859,-1.59084,-0.174519,0.531115,-1.20348
0.216559,0.460195,-0.98571,0.0819687,0.939306,-1.64377,-0.173183,0.66881,-1.52697,-0.130874,0.597285,-1.17314
0.216559,0.460195,-0.98571,0.0819687,0.939306,-1.64377,-0.173183,0.66881,-1.52697,-0.130874,0.597285,-1.17314
0.216559,0.460195,-0.98571,0.0819687,0.939306,-1.64377,-0.173183,0.66881,-1.52697,-0.130874,0.597285,-1.17314
0.216559,0.460195,-0.98571,0.0819687,0.939306,-1.64377,-0.173183,0.66881,-1.52697,-0.130874,0.597285,-1.17314
0.216559,0.460195,-0.98571,0.0819687,0.939306,-1.64377,-0.173183,0.66881,-1.52697,-0.130874,0.597285,-1.17314
0.216559,0.460195,-0.98571,0.0819687,0.939306,-1.64377,-0.173183,0.66881,-1.52697,-0.130874,0.597285,-1.17314
0.216559,0.460195,-0.98571,0.0819687,0.939306,-1.64377,-0.173183,0.66881,-1.52697,-0.130874,0.597285,-1.17314
0.216559,0.460195,-0.98571,0.0819687,0.939306,-1.64377,-0.173183,0.66881,-1.52697,-0.130874,0.597285,-1.17314
0.216559,0.460195,-0.98571,0.0819687,0.939306,-1.64377,-0.173183,0.66881,-1.52697,-0.130874,0.597285,-1.17314
0.173946,0.473331,-1.01573,0.102024,0.935086,-1.58106,-0.116899,0.607827,-1.44651,-0.0533323,0.648085,-1.13209
0.173946,0.473331,-1.01573,0.102024,0.935086,-1.58106,-0.116899,0.607827,-1.44651,-0.0533323,0.648085,-1.13209
0.173946,0.473331,-1.01573,0.102024,0.935086,-1.58106,-0.116899,0.607827,-1.44651,-0.0533323,0.648085,-1.13209
0.173946,0.473331,-1.01573,0.102024,0.935086,-1.58106,-0.116899,0.607827,-1.44651,-0.0533323,0.648085,-1.13209
0.173946,0.473331,-1.01573,0.102024,0.935086,-1.58106,-0.116899,0.607827,-1.44651,-0.0533323,0.648085,-1.13209
0.173946,0.473331,-1.01573,0.102024,0.935086,-1.58106,-0.116899,0.607827,-1.44651,-0.0533323,0.648085,-1.13209
0.173946,0.473331,-1.01573,0.102024,0.935086,-1.58106,-0.116899,0.607827,-1.44651,-0.0533323,0.648085,-1.13209
0.173946,0.473331,-1.01573,0.102024,0.935086,-1.58106,-0.116899,0.607827,-1.44651,-0.0533323,0.648085,-1.13209
0.173946,0.473331,-1.01573,0.102024,0.935086,-1.58106,-0.116899,0.607827,-1.44651,-0.0533323,0.648085,-1.13209
0.173946,0.473331,-1.01573,0.102024,0.935086,-1.58106,-0.116899,0.607827,-1.44651,-0.0533323,0.648085,-1.13209
0.0427013,0.629453,-1.38035,0.0182186,0.849342,-1.22588,0.108657,0.576419,-1.15232,0.136493,0.652532,-1.49662
0.0427013,0.629453,-1.38035,0.0182186,0.849342,-1.22588,0.108657,0.576419,-1.15232,0.136493,0.652532,-1.49662
0.0427013,0.629453,-1.38035,0.0182186,0.849342,-1.22588,0.108657,0.576419,-1.15232,0.136493,0.652532,-1.49662
0.0427013,0.629453,-1.38035,0.0182186,0.849342,-1.22588,0.108657,0.576419,-1.15232,0.136493,0.652532,-1.49662
0.0427013,0.629453,-1.38035,0.0182186,0.849342,-1.22588,0.108657,0.576419,-1.15232,0.136493,0.652532,-1.49662
0.0427013,0.629453,-1.38035,0.0182186,0.849342,-1.22588,0.108657,0.576419,-1.15232,0.136493,0.652532,-1.49662
0.0427013,0.629453,-1.38035,0.0182186,0.849342,-1.22588,0.108657,0.576419,-1.15232,0.136493,0.652532,-1.49662
0.0427013,0.629453,-1.38035,0.0182186,0.849342,-1.22588,0.108657,0.576419,-1.15232,0.136493,0.652532,-1.49662
0.0427013,0.629453,-1.38035,0.0182186,0.849342,-1.22588,0.108657,0.576419,-1.15232,0.136493,0.652532,-1.49662
0.0427013,0.629453,-1.38035,0.0182186,0.849342,-1.22588,0.108657,0.576419,-1.15232,0.136493,0.652532,-1.49662
-0.0158933,0.847467,-1.65709,-0.0708049,0.65456,-0.937154,0.252238,0.615216,-0.838045,0.230454,0.719295,-1.69734
-0.0158933,0.847467,-1.65709,-0.0708049,0.65456,-0.937154,0.252238,0.615216,-0.838045,0.230454,0.719295,-1.69734
-0.0158933,0.847467,-1.65709,-0.0708049,0.65456,-0.937154,0.252238,0.615216,-0.838045,0.230454,0.719295,-1.69734
-0.0158933,0.847467,-1.65709,-0.0708049,0.65456,-0.937154,0.252238,0.615216,-0.838045,0.230454,0.719295,-1.69734
-0.0158933,0.847467,-1.65709,-0.0708049,0.65456,-0.937154,0.252238,0.615216,-0.838045,0.230454,0.719295,-1.69734
-0.0158933,0.847467,-1.65709,-0.0708049,0.65456,-0.937154,0.252238,0.615216,-0.838045,0.230454,0.719295,-1.69734
-0.0158933,0.847467,-1.65709,-0.0708049,0.65456,-0.937154,0.252238,0.615216,-0.838045,0.230454,0.719295,-1.69734
-0.0158933,0.847467,-1.65709,-0.0708049,0.65456,-0.937154,0.252238,0.615216,-0.838045,0.230454,0.719295,-1.69734
-0.0158933,0.847467,-1.65709,-0.0708049,0.65456,-0.937154,0.252238,0.615216,-0.838045,0.230454,0.719295,-1.69734
-0.0158933,0.847467,-1.65709,-0.0708049,0.65456,-0.937154,0.252238,0.615216,-0.838045,0.230454,0.719295,-1.69734
-0.0158933,0.847467,-1.65709,-0.0708049,0.65456,-0.937154,0.252238,0.615216,-0.838045,0.230454,0.719295,-1.69734
-0.0504674,0.922323,-1.73181,-0.078669,0.565577,-0.88338,0.276145,0.653045,-0.83598,0.270459,0.701296,-1.72511
-0.0504674,0.922323,-1.73181,-0.078669,0.565577,-0.88338,0.276145,0.653045,-0.83598,0.270459,0.701296,-1.72511
-0.0504674,0.922323,-1.73181,-0.078669,0.565577,-0.88338,0.276145,0.653045,-0.83598,0.270459,0.701296,-1.72511
-0.0504674,0.922323,-1.73181,-0.078669,0.565577,-0.88338,0.276145,0.653045,-0.83598,0.270459,0.701296,-1.72511
-0.0504674,0.922323,-1.73181,-0.078669,0.565577,-0.88338,0.276145,0.653045,-0.83598,0.270459,0.701296,-1.72511
-0.0504674,0.922323,-1.73181,-0.078669,0.565577,-0.88338,0.276145,0.653045,-0.83598,0.270459,0.701296,-1.72511
-0.0504674,0.922323,-1.73181,-0.078669,0.565577,-0.88338,0.276145,0.653045,-0.83598,0.270459,0.701296,-1.72511
-0.0504674,0.922323,-1.73181,-0.078669,0.565577,-0.88338,0.276145,0.653045,-0.83598,0.270459,0.701296,-1.72511
-0.0504674,0.922323,-1.73181,-0.078669,0.565577,-0.88338,0.276145,0.653045,-0.83598,0.270459,0.701296,-1.72511
-0.0632395,0.942624,-1.72871,-0.0684134,0.567975,-0.972566,0.281398,0.66457,-0.905093,0.302609,0.670593,-1.688
-0.0632395,0.942624,-1.72871,-0.0684134,0.567975,-0.972566,0.281398,0.66457,-0.905093,0.302609,0.670593,-1.688
-0.0632395,0.942624,-1.72871,-0.0684134,0.567975,-0.972566,0.281398,0.66457,-0.905093,0.302609,0.670593,-1.688
-0.0632395,0.942624,-1.72871,-0.0684134,0.567975,-0.972566,0.281398,0.66457,-0.905093,0.302609,0.670593,-1.688
-0.0632395,0.942624,-1.72871,-0.0684134,0.567975,-0.972566,0.281398,0.66457,-0.905093,0.302609,0.670593,-1.688
-0.0632395,0.942624,-1.72871,-0.0684134,0.567975,-0.972566,0.281398,0.66457,-0.905093,0.302609,0.670593,-1.688
-0.0632395,0.942624,-1.72871,-0.0684134,0.567975,-0.972566,0.281398,0.66457,-0.905093,0.302609,0.670593,-1.688
-0.0632395,0.942624,-1.72871,-0.0684134,0.567975,-0.972566,0.281398,0.66457,-0.905093,0.302609,0.670593,-1.688
-0.0632395,0.942624,-1.72871,-0.0684134,0.567975,-0.972566,0.281398,0.66457,-0.905093,0.302609,0.670593,-1.688
-0.0559903,0.94418,-1.69764,-0.0304336,0.595712,-1.10306,0.257561,0.666111,-1.0001,0.295734,0.65661,-1.62801
-0.0559903,0.94418,-1.69764,-0.0304336,0.595712,-1.10306,0.257561,0.666111,-1.0001,0.295734,0.65661,-1.62801
-0.0559903,0.94418,-1.69764,-0.0304336,0.595712,-1.10306,0.257561,0.666111,-1.0001,0.295734,0.65661,-1.62801
-0.0559903,0.94418,-1.69764,-0.0304336,0.595712,-1.10306,0.257561,0.666111,-1.0001,0.295734,0.65661,-1.62801
-0.0559903,0.94418,-1.69764,-0.0304336,0.595712,-1.10306,0.257561,0.666111,-1.0001,0.295734,0.65661,-1.62801
-0.0559903,0.94418,-1.69764,-0.0304336,0.595712,-1.10306,0.257561,0.666111,-1.0001,0.295734,0.65661,-1.62801
-0.0559903,0.94418,-1.69764,-0.0304336,0.595712,-1.10306,0.257561,0.666111,-1.0001,0.295734,0.65661,-1.62801
-0.0559903,0.94418,-1.69764,-0.0304336,0.595712,-1.10306,0.257561,0.666111,-1.0001,0.295734,0.65661,-1.62801
-0.0559903,0.94418,-1.69764,-0.0304336,0.595712,-1.10306,0.257561,0.666111,-1.0001,0.295734,0.65661,-1.62801
-0.0559903,0.94418,-1.69764,-0.0304336,0.595712,-1.10306,0.257561,0.666111,-1.0001,0.295734,0.65661,-1.62801
-0.0579713,0.957316,-1.68553,0.0120476,0.596472,-1.19919,0.230982,0.65413,-1.06434,0.274898,0.643889,-1.59425
-0.0579713,0.957316,-1.68553,0.0120476,0.596472,-1.19919,0.230982,0.65413,-1.06434,0.274898,0.643889,-1.59425
-0.0579713,0.957316,-1.68553,0.0120476,0.596472,-1.19919,0.230982,0.65413,-1.06434,0.274898,0.643889,-1.59425
-0.0579713,0.957316,-1.68553,0.0120476,0.596472,-1.19919,0.230982,0.65413,-1.06434,0.274898,0.643889,-1.59425
-0.0579713,0.957316,-1.68553,0.0120476,0.596472,-1.19919,0.230982,0.65413,-1.06434,0.274898,0.643889,-1.59425
-0.0579713,0.957316,-1.68553,0.0120476,0.596472,-1.19919,0.230982,0.65413,-1.06434,0.274898,0.643889,-1.59425
-0.0579713,0.957316,-1.68553,0.0120476,0.596472,-1.19919,0.230982,0.65413,-1.06434,0.274898,0.643889,-1.59425
-0.0579713,0.957316,-1.68553,0.0120476,0.596472,-1.19919,0.230982,0.65413,-1.06434,0.274898,0.643889,-1.59425
-0.0579713,0.957316,-1.68553,0.0120476,0.596472,-1.19919,0.230982,0.65413,-1.06434,0.274898,0.643889,-1.59425
-0.0579713,0.957316,-1.68553,0.0120476,0.596472,-1.19919,0.230982,0.65413,-1.06434,0.274898,0.643889,-1.59425
-0.0646321,0.973913,-1.70126,0.0600646,0.571749,-1.20438,0.172752,0.635951,-1.08211,0.255806,0.623269,-1.59593
-0.0646321,0.973913,-1.70126,0.0600646,0.571749,-1.20438,0.172752,0.635951,-1.08211,0.255806,0.623269,-1.59593
-0.0646321,0.973913,-1.70126,0.0600646,0.571749,-1.20438,0.172752,0.635951,-1.08211,0.255806,0.623269,-1.59593
-0.0646321,0.973913,-1.70126,0.0600646,0.571749,-1.20438,0.172752,0.635951,-1.08211,0.255806,0.623269,-1.59593
-0.0646321,0.973913,-1.70126,0.0600646,0.571749,-1.20438,0.172752,0.635951,-1.08211,0.255806,0.623269,-1.59593
-0.0646321,0.973913,-1.70126,0.0600646,0.571749,-1.20438,0.172752,0.635951,-1.08211,0.255806,0.623269,-1.59593
-0.0646321,0.973913,-1.70126,0.0600646,0.571749,-1.20438,0.172752,0.635951,-1.08211,0.255806,0.623269,-1.59593
-0.0646321,0.973913,-1.70126,0.0600646,0.571749,-1.20438,0.172752,0.635951,-1.08211,0.255806,0.623269,-1.59593
-0.0646321,0.973913,-1.70126,0.0600646,0.571749,-1.20438,0.172752,0.635951,-1.08211,0.255806,0.623269,-1.59593
-0.0646321,0.973913,-1.70126,0.0600646,0.571749,-1.20438,0.172752,0.635951,-1.08211,0.255806,0.623269,-1.59593
-0.0686874,0.958849,-1.68385,0.111622,0.571626,-1.19434,0.0975122,0.635924,-1.11025,0.209342,0.593817,-1.57491
-0.0686874,0.958849,-1.68385,0.111622,0.571626,-1.19434,0.0975122,0.635924,-1.11025,0.209342,0.593817,-1.57491
-0.0686874,0.958849,-1.68385,0.111622,0.571626,-1.19434,0.0975122,0.635924,-1.11025,0.209342,0.593817,-1.57491
-0.0686874,0.958849,-1.68385,0.111622,0.571626,-1.19434,0.0975122,0.635924,-1.11025,0.209342,0.593817,-1.57491
-0.0686874,0.958849,-1.68385,0.111622,0.571626,-1.19434,0.0975122,0.635924,-1.11025,0.209342,0.593817,-1.57491
-0.0686874,0.958849,-1.68385,0.111622,0.571626,-1.19434,0.0975122,0.635924,-1.11025,0.209342,0.593817,-1.57491
-0.0686874,0.958849,-1.68385,0.111622,0.571626,-1.19434,0.0975122,0.635924,-1.11025,0.209342,0.593817,-1.57491
-0.0686874,0.958849,-1.68385,0.111622,0.571626,-1.19434,0.0975122,0.635924,-1.11025,0.209342,0.593817,-1.57491
-0.0686874,0.958849,-1.68385,0.111622,0.571626,-1.19434,0.0975122,0.635924,-1.11025,0.209342,0.593817,-1.57491
-0.0686874,0.958849,-1.68385,0.111622,0.571626,-1.19434,0.0975122,0.635924,-1.11025,0.209342,0.593817,-1.57491
-0.0686874,0.958849,-1.68385,0.111622,0.571626,-1.19434,0.0975122,0.635924,-1.11025,0.209342,0.593817,-1.57491
-0.0271199,0.799525,-1.43887,0.067667,0.71892,-1.44892,0.0132671,0.655348,-1.30901,0.000591679,0.636082,-1.49161
-0.0271199,0.799525,-1.43887,0.067667,0.71892,-1.44892,0.0132671,0.655348,-1.30901,0.000591679,0.636082,-1.49161
-0.0271199,0.799525,-1.43887,0.067667,0.71892,-1.44892,0.0132671,0.655348,-1.30901,0.000591679,0.636082,-1.49161
-0.0271199,0.799525,-1.43887,0.067667,0.71892,-1.44892,0.0132671,0.655348,-1.30901,0.000591679,0.636082,-1.49161
-0.0271199,0.799525,-1.43887,0.067667,0.71892,-1.44892,0.0132671,0.655348,-1.30901,0.000591679,0.636082,-1.49161
-0.0271199,0.799525,-1.43887,0.067667,0.71892,-1.44892,0.0132671,0.655348,-1.30901,0.000591679,0.636082,-1.49161
-0.0271199,0.799525,-1.43887,0.067667,0.71892,-1.44892,0.0132671,0.655348,-1.30901,0.000591679,0.636082,-1.49161
-0.0271199,0.799525,-1.43887,0.067667,0.71892,-1.44892,0.0132671,0.655348,-1.30901,0.000591679,0.636082,-1.49161
-0.0271199,0.799525,-1.43887,0.067667,0.71892,-1.44892,0.0132671,0.655348,-1.30901,0.000591679,0.636082,-1.49161
-0.0271199,0.799525,-1.43887,0.067667,0.71892,-1.44892,0.0132671,0.655348,-1.30901,0.000591679,0.636082,-1.49161
-0.0271199,0.799525,-1.43887,0.067667,0.71892,-1.44892,0.0132671,0.655348,-1.30901,0.000591679,0.636082,-1.49161
0.0711419,0.583363,-1.03099,0.115636,0.852959,-1.73781,-0.0629826,0.695493,-1.52508,-0.0977955,0.567289,-1.16243
0.0711419,0.583363,-1.03099,0.115636,0.852959,-1.73781,-0.0629826,0.695493,-1.52508,-0.0977955,0.567289,-1.16243
0.0711419,0.583363,-1.03099,0.115636,0.852959,-1.73781,-0.0629826,0.695493,-1.52508,-0.0977955,0.567289,-1.16243
0.0711419,0.583363,-1.03099,0.115636,0.852959,-1.73781,-0.0629826,0.695493,-1.52508,-0.0977955,0.567289,-1.16243
0.0711419,0.583363,-1.03099,0.115636,0.852959,-1.73781,-0.0629826,0.695493,-1.52508,-0.0977955,0.567289,-1.16243
0.0711419,0.583363,-1.03099,0.115636,0.852959,-1.73781,-0.0629826,0.695493,-1.52508,-0.0977955,0.567289,-1.16243
0.0711419,0.583363,-1.03099,0.115636,0.852959,-1.73781,-0.0629826,0.695493,-1.52508,-0.0977955,0.567289,-1.16243
0.0711419,0.583363,-1.03099,0.115636,0.852959,-1.73781,-0.0629826,0.695493,-1.52508,-0.0977955,0.567289,-1.16243
0.0711419,0.583363,-1.03099,0.115636,0.852959,-1.73781,-0.0629826,0.695493,-1.52508,-0.0977955,0.567289,-1.16243
0.0711419,0.583363,-1.03099,0.115636,0.852959,-1.73781,-0.0629826,0.695493,-1.52508,-0.0977955,0.567289,-1.16243
0.171299,0.470761,-0.887785,0.15058,0.918669,-1.81284,-0.118237,0.722046,-1.61364,-0.146037,0.55065,-0.998721
0.171299,0.470761,-0.887785,0.15058,0.918669,-1.81284,-0.118237,0.722046,-1.61364,-0.146037,0.55065,-0.998721
0.171299,0.470761,-0.887785,0.15058,0.918669,-1.81284,-0.118237,0.722046,-1.61364,-0.146037,0.55065,-0.998721
0.171299,0.470761,-0.887785,0.15058,0.918669,-1.81284,-0.118237,0.722046,-1.61364,-0.146037,0.55065,-0.998721
0.171299,0.470761,-0.887785,0.15058,0.918669,-1.81284,-0.118237,0.722046,-1.61364,-0.146037,0.55065,-0.998721
0.171299,0.470761,-0.887785,0.15058,0.918669,-1.81284,-0.118237,0.722046,-1.61364,-0.146037,0.55065,-0.998721
0.171299,0.470761,-0.887785,0.15058,0.918669,-1.81284,-0.118237,0.722046,-1.61364,-0.146037,0.55065,-0.998721
0.171299,0.470761,-0.887785,0.15058,0.918669,-1.81284,-0.118237,0.722046,-1.61364,-0.146037,0.55065,-0.998721
0.171299,0.470761,-0.887785,0.15058,0.918669,-1.81284,-0.118237,0.722046,-1.61364,-0.146037,0.55065,-0.998721
0.171299,0.470761,-0.887785,0.15058,0.918669,-1.81284,-0.118237,0.722046,-1.61364,-0.146037,0.55065,-0.998721
0.256825,0.429198,-0.859078,0.134134,0.95413,-1.78743,-0.147779,0.739756,-1.65404,-0.185814,0.541679,-0.987828
0.256825,0.429198,-0.859078,0.134134,0.95413,-1.78743,-0.147779,0.739756,-1.65404,-0.185814,0.541679,-0.987828
0.256825,0.429198,-0.859078,0.134134,0.95413,-1.78743,-0.147779,0.739756,-1.65404,-0.185814,0.541679,-0.987828
0.256825,0.429198,-0.859078,0.134134,0.95413,-1.78743,-0.147779,0.739756,-1.65404,-0.185814,0.541679,-0.987828
0.256825,0.429198,-0.859078,0.134134,0.95413,-1.78743,-0.147779,0.739756,-1.65404,-0.185814,0.541679,-0.987828
0.256825,0.429198,-0.859078,0.134134,0.95413,-1.78743,-0.147779,0.739756,-1.65404,-0.185814,0.541679,-0.987828
0.256825,0.429198,-0.859078,0.134134,0.95413,-1.78743,-0.147779,0.739756,-1.65404,-0.185814,0.541679,-0.987828
0.256825,0.429198,-0.859078,0.134134,0.95413,-1.78743,-0.147779,0.739756,-1.65404,-0.185814,0.541679,-0.987828
0.279218,0.434449,-0.891522,0.113251,0.98441,-1.72596,-0.177268,0.740645,-1.65687,-0.20046,0.513516,-1.07214
0.279218,0.434449,-0.891522,0.113251,0.98441,-1.72596,-0.177268,0.740645,-1.65687,-0.20046,0.513516,-1.07214
0.279218,0.434449,-0.891522,0.113251,0.98441,-1.72596,-0.177268,0.740645,-1.65687,-0.20046,0.513516,-1.07214
0.279218,0.434449,-0.891522,0.113251,0.98441,-1.72596,-0.177268,0.740645,-1.65687,-0.20046,0.513516,-1.07214
0.279218,0.434449,-0.891522,0.113251,0.98441,-1.72596,-0.177268,0.740645,-1.65687,-0.20046,0.513516,-1.07214
0.279218,0.434449,-0.891522,0.113251,0.98441,-1.72596,-0.177268,0.740645,-1.65687,-0.20046,0.513516,-1.07214
0.279218,0.434449,-0.891522,0.113251,0.98441,-1.72596,-0.177268,0.740645,-1.65687,-0.20046,0.513516,-1.07214
0.279218,0.434449,-0.891522,0.113251,0.98441,-1.72596,-0.177268,0.740645,-1.65687,-0.20046,0.513516,-1.07214
0.279218,0.434449,-0.891522,0.113251,0.98441,-1.72596,-0.177268,0.740645,-1.65687,-0.20046,0.513516,-1.07214
0.279218,0.434449,-0.891522,0.113251,0.98441,-1.72596,-0.177268,0.740645,-1.65687,-0.20046,0.513516,-1.07214
0.259612,0.448616,-0.948794,0.0955894,0.995613,-1.6908,-0.179809,0.728121,-1.62842,-0.193766,0.506155,-1.17407
0.259612,0.448616,-0.948794,0.0955894,0.995613,-1.6908,-0.179809,0.728121,-1.62842,-0.193766,0.506155,-1.17407
0.259612,0.448616,-0.948794,0.0955894,0.995613,-1.6908,-0.179809,0.728121,-1.62842,-0.193766,0.506155,-1.17407
0.259612,0.448616,-0.948794,0.0955894,0.995613,-1.6908,-0.179809,0.728121,-1.62842,-0.193766,0.506155,-1.17407
0.259612,0.448616,-0.948794,0.0955894,0.995613,-1.6908,-0.179809,0.728121,-1.62842,-0.193766,0.506155,-1.17407
0.259612,0.448616,-0.948794,0.0955894,0.995613,-1.6908,-0.179809,0.728121,-1.62842,-0.193766,0.506155,-1.17407
0.259612,0.448616,-0.948794,0.0955894,0.995613,-1.6908,-0.179809,0.728121,-1.62842,-0.193766,0.506155,-1.17407
0.259612,0.448616,-0.948794,0.0955894,0.995613,-1.6908,-0.179809,0.728121,-1.62842,-0.193766,0.506155,-1.17407
0.259612,0.448616,-0.948794,0.0955894,0.995613,-1.6908,-0.179809,0.728121,-1.62842,-0.193766,0.506155,-1.17407
0.259612,0.448616,-0.948794,0.0955894,0.995613,-1.6908,-0.179809,0.728121,-1.62842,-0.193766,0.506155,-1.17407
0.259612,0.448616,-0.948794,0.0955894,0.995613,-1.6908,-0.179809,0.728121,-1.62842,-0.193766,0.506155,-1.17407
0.238413,0.453052,-0.978148,0.0852599,0.970485,-1.66146,-0.175694,0.708642,-1.56767,-0.167552,0.545665,-1.19658
0.238413,0.453052,-0.978148,0.0852599,0.970485,-1.66146,-0.175694,0.708642,-1.56767,-0.167552,0.545665,-1.19658
0.238413,0.453052,-0.978148,0.0852599,0.970485,-1.66146,-0.175694,0.708642,-1.56767,-0.167552,0.545665,-1.19658
0.238413,0.453052,-0.978148,0.0852599,0.970485,-1.66146,-0.175694,0.708642,-1.56767,-0.167552,0.545665,-1.19658
0.238413,0.453052,-0.978148,0.0852599,0.970485,-1.66146,-0.175694,0.708642,-1.56767,-0.167552,0.545665,-1.19658
0.238413,0.453052,-0.978148,0.0852599,0.970485,-1.66146,-0.175694,0.708642,-1.56767,-0.167552,0.545665,-1.19658
0.238413,0.453052,-0.978148,0.0852599,0.970485,-1.66146,-0.175694,0.708642,-1.56767,-0.167552,0.545665,-1.19658
0.238413,0.453052,-0.978148,0.0852599,0.970485,-1.66146,-0.175694,0.708642,-1.56767,-0.167552,0.545665,-1.19658
0.238413,0.453052,-0.978148,0.0852599,0.970485,-1.66146,-0.175694,0.708642,-1.56767,-0.167552,0.545665,-1.19658
0.238413,0.453052,-0.978148,0.0852599,0.970485,-1.66146,-0.175694,0.708642,-1.56767,-0.167552,0.545665,-1.19658
0.197442,0.454803,-0.986137,0.0867485,0.925682,-1.63201,-0.164195,0.634687,-1.49946,-0.110311,0.615983,-1.14873
0.197442,0.454803,-0.986137,0.0867485,0.925682,-1.63201,-0.164195,0.634687,-1.49946,-0.110311,0.615983,-1.14873
0.197442,0.454803,-0.986137,0.0867485,0.925682,-1.63201,-0.164195,0.634687,-1.49946,-0.110311,0.615983,-1.14873
0.197442,0.454803,-0.986137,0.0867485,0.925682,-1.63201,-0.164195,0.634687,-1.49946,-0.110311,0.615983,-1.14873
0.197442,0.454803,-0.986137,0.0867485,0.925682,-1.63201,-0.164195,0.634687,-1.49946,-0.110311,0.615983,-1.14873
0.197442,0.454803,-0.986137,0.0867485,0.925682,-1.63201,-0.164195,0.634687,-1.49946,-0.110311,0.615983,-1.14873
0.197442,0.454803,-0.986137,0.0867485,0.925682,-1.63201,-0.164195,0.634687,-1.49946,-0.110311,0.615983,-1.14873
0.197442,0.454803,-0.986137,0.0867485,0.925682,-1.63201,-0.164195,0.634687,-1.49946,-0.110311,0.615983,-1.14873
0.197442,0.454803,-0.986137,0.0867485,0.925682,-1.63201,-0.164195,0.634687,-1.49946,-0.110311,0.615983,-1.14873
0.197442,0.454803,-0.986137,0.0867485,0.945451,-1.51689,-0.0650133,0.600644,-1.40805,-0.0134565,0.647455,-1.16027
0.153444,0.495698,-1.05504,0.109318,0.945451,-1.51689,-0.0650133,0.600644,-1.40805,-0.0134565,0.647455,-1.16027
0.153444,0.495698,-1.05504,0.109318,0.945451,-1.51689,-0.0650133,0.600644,-1.40805,-0.0134565,0.647455,-1.16027
0.153444,0.495698,-1.05504,0.109318,0.945451,-1.51689,-0.0650133,0.600644,-1.40805,-0.0134565,0.647455,-1.16027
0.153444,0.495698,-1.05504,0.109318,0.945451,-1.51689,-0.0650133,0.600644,-1.40805,-0.0134565,0.647455,-1.16027
0.153444,0.495698,-1.05504,0.109318,0.945451,-1.51689,-0.0650133,0.600644,-1.40805,-0.0134565,0.647455,-1.16027
0.153444,0.495698,-1.05504,0.109318,0.945451,-1.51689,-0.0650133,0.600644,-1.40805,-0.0134565,0.647455,-1.16027
0.153444,0.495698,-1.05504,0.109318,0.945451,-1.51689,-0.0650133,0.600644,-1.40805,-0.0134565,0.647455,-1.16027
0.153444,0.495698,-1.05504,0.109318,0.945451,-1.51689,-0.0650133,0.600644,-1.40805,-0.0134565,0.647455,-1.16027
0.153444,0.495698,-1.05504,0.109318,0.945451,-1.51689,-0.0650133,0.600644,-1.40805,-0.0134565,0.647455,-1.16027
0.153444,0.495698,-1.05504,0.109318,0.945451,-1.51689,-0.0650133,0.600644,-1.40805,-0.0134565,0.647455,-1.16027
0.0172782,0.697401,-1.52244,-0.0346209,0.757739,-1.05213,0.178761,0.558644,-0.937056,0.190844,0.664202,-1.59693
0.0172782,0.697401,-1.52244,-0.0346209,0.757739,-1.05213,0.178761,0.558644,-0.937056,0.190844,0.664202,-1.59693
0.0172782,0.697401,-1.52244,-0.0346209,0.757739,-1.05213,0.178761,0.558644,-0.937056,0.190844,0.664202,-1.59693
0.0172782,0.697401,-1.52244,-0.0346209,0.757739,-1.05213,0.178761,0.558644,-0.937056,0.190844,0.664202,-1.59693
0.0172782,0.697401,-1.52244,-0.0346209,0.757739,-1.05213,0.178761,0.558644,-0.937056,0.190844,0.664202,-1.59693
0.0172782,0.697401,-1.52244,-0.0346209,0.757739,-1.05213,0.178761,0.558644,-0.937056,0.190844,0.664202,-1.59693
0.0172782,0.697401,-1.52244,-0.0346209,0.757739,-1.05213,0.178761,0.558644,-0.937056,0.190844,0.664202,-1.59693
0.0172782,0.697401,-1.52244,-0.0346209,0.757739,-1.05213,0.178761,0.558644,-0.937056,0.190844,0.664202,-1.59693
0.0172782,0.697401,-1.52244,-0.0346209,0.757739,-1.05213,0.178761,0.558644,-0.937056,0.190844,0.664202,-1.59693
0.0172782,0.697401,-1.52244,-0.0346209,0.757739,-1.05213,0.178761,0.558644,-0.937056,0.190844,0.664202,-1.59693
-0.0325611,0.874263,-1.7053,-0.077572,0.61015,-0.863666,0.272294,0.630958,-0.782744,0.251102,0.710871,-1.7136
-0.0325611,0.874263,-1.7053,-0.077572,0.61015,-0.863666,0.272294,0.630958,-0.782744,0.251102,0.710871,-1.7136
-0.0325611,0.874263,-1.7053,-0.077572,0.61015,-0.863666,0.272294,0.630958,-0.782744,0.251102,0.710871,-1.7136
-0.0325611,0.874263,-1.7053,-0.077572,0.61015,-0.863666,0.272294,0.630958,-0.782744,0.251102,0.710871,-1.7136
-0.0325611,0.874263,-1.7053,-0.077572,0.61015,-0.863666,0.272294,0.630958,-0.782744,0.251102,0.710871,-1.7136
-0.0325611,0.874263,-1.7053,-0.077572,0.61015,-0.863666,0.272294,0.630958,-0.782744,0.251102,0.710871,-1.7136
-0.0325611,0.874263,-1.7053,-0.077572,0.61015,-0.863666,0.272294,0.630958,-0.782744,0.251102,0.710871,-1.7136
-0.0325611,0.874263,-1.7053,-0.077572,0.61015,-0.863666,0.272294,0.630958,-0.782744,0.251102,0.710871,-1.7136
-0.0325611,0.874263,-1.7053,-0.077572,0.61015,-0.863666,0.272294,0.630958,-0.782744,0.251102,0.710871,-1.7136
-0.0325611,0.874263,-1.7053,-0.077572,0.61015,-0.863666,0.272294,0.630958,-0.782744,0.251102,0.710871,-1.7136
-0.0325611,0.874263,-1.7053,-0.077572,0.61015,-0.863666,0.272294,0.630958,-0.782744,0.251102,0.710871,-1.7136
-0.0563432,0.929236,-1.73298,-0.0837387,0.550964,-0.881156,0.288345,0.672646,-0.846484,0.288439,0.680277,-1.71646
-0.0563432,0.929236,-1.73298,-0.0837387,0.550964,-0.881156,0.288345,0.672646,-0.846484,0.288439,0.680277,-1.71646
-0.0563432,0.929236,-1.73298,-0.0837387,0.550964,-0.881156,0.288345,0.672646,-0.846484,0.288439,0.680277,-1.71646
-0.0563432,0.929236,-1.73298,-0.0837387,0.550964,-0.881156,0.288345,0.672646,-0.846484,0.288439,0.680277,-1.71646
-0.0563432,0.929236,-1.73298,-0.0837387,0.550964,-0.881156,0.288345,0.672646,-0.846484,0.288439,0.680277,-1.71646
-0.0563432,0.929236,-1.73298,-0.0837387,0.550964,-0.881156,0.288345,0.672646,-0.846484,0.288439,0.680277,-1.71646
-0.0563432,0.929236,-1.73298,-0.0837387,0.550964,-0.881156,0.288345,0.672646,-0.846484,0.288439,0.680277,-1.71646
-0.0563432,0.929236,-1.73298,-0.0837387,0.550964,-0.881156,0.288345,0.672646,-0.846484,0.288439,0.680277,-1.71646
-0.0563432,0.929236,-1.73298,-0.0837387,0.550964,-0.881156,0.288345,0.672646,-0.846484,0.288439,0.680277,-1.71646
-0.0563432,0.929236,-1.73298,-0.0837387,0.550964,-0.881156,0.288345,0.672646,-0.846484,0.288439,0.680277,-1.71646
-0.0609184,0.942189,-1.7118,-0.0632713,0.573912,-1.00827,0.280391,0.672688,-0.930489,0.306409,0.662212,-1.66283
-0.0609184,0.942189,-1.7118,-0.0632713,0.573912,-1.00827,0.280391,0.672688,-0.930489,0.306409,0.662212,-1.66283
-0.0609184,0.942189,-1.7118,-0.0632713,0.573912,-1.00827,0.280391,0.672688,-0.930489,0.306409,0.662212,-1.66283
-0.0609184,0.942189,-1.7118,-0.0632713,0.573912,-1.00827,0.280391,0.672688,-0.930489,0.306409,0.662212,-1.66283
-0.0609184,0.942189,-1.7118,-0.0632713,0.573912,-1.00827,0.280391,0.672688,-0.930489,0.306409,0.662212,-1.66283
-0.0609184,0.942189,-1.7118,-0.0632713,0.573912,-1.00827,0.280391,0.672688,-0.930489,0.306409,0.662212,-1.66283
-0.0609184,0.942189,-1.7118,-0.0632713,0.573912,-1.00827,0.280391,0.672688,-0.930489,0.306409,0.662212,-1.66283
-0.0609184,0.942189,-1.7118,-0.0632713,0.573912,-1.00827,0.280391,0.672688,-0.930489,0.306409,0.662212,-1.66283
-0.0609184,0.942189,-1.7118,-0.0632713,0.573912,-1.00827,0.280391,0.672688,-0.930489,0.306409,0.662212,-1.66283
-0.0609184,0.942189,-1.7118,-0.0632713,0.573912,-1.00827,0.280391,0.672688,-0.930489,0.306409,0.662212,-1.66283
-0.0609184,0.942189,-1.7118,-0.0632713,0.573912,-1.00827,0.280391,0.672688,-0.930489,0.306409,0.662212,-1.66283
-0.0545873,0.94693,-1.68509,-0.0188165,0.599801,-1.14228,0.257493,0.666831,-1.02604,0.288169,0.649708,-1.61107
-0.0545873,0.94693,-1.68509,-0.0188165,0.599801,-1.14228,0.257493,0.666831,-1.02604,0.288169,0.649708,-1.61107
-0.0545873,0.94693,-1.68509,-0.0188165,0.599801,-1.14228,0.257493,0.666831,-1.02604,0.288169,0.649708,-1.61107
-0.0545873,0.94693,-1.68509,-0.0188165,0.599801,-1.14228,0.257493,0.666831,-1.02604,0.288169,0.649708,-1.61107
-0.0545873,0.94693,-1.68509,-0.0188165,0.599801,-1.14228,0.257493,0.666831,-1.02604,0.288169,0.649708,-1.61107
-0.0545873,0.94693,-1.68509,-0.0188165,0.599801,-1.14228,0.257493,0.666831,-1.02604,0.288169,0.649708,-1.61107
-0.0545873,0.94693,-1.68509,-0.0188165,0.599801,-1.14228,0.257493,0.666831,-1.02604,0.288169,0.649708,-1.61107
-0.0545873,0.94693,-1.68509,-0.0188165,0.599801,-1.14228,0.257493,0.666831,-1.02604,0.288169,0.649708,-1.61107
-0.0545873,0.94693,-1.68509,-0.0188165,0.599801,-1.14228,0.257493,0.666831,-1.02604,0.288169,0.649708,-1.61107
-0.0620744,0.964898,-1.68897,0.0240824,0.584883,-1.21047,0.218539,0.651956,-1.07259,0.27093,0.641336,-1.59314
-0.0620744,0.964898,-1.68897,0.0240824,0.584883,-1.21047,0.218539,0.651956,-1.07259,0.27093,0.641336,-1.59314
-0.0620744,0.964898,-1.68897,0.0240824,0.584883,-1.21047,0.218539,0.651956,-1.07259,0.27093,0.641336,-1.59314
-0.0620744,0.964898,-1.68897,0.0240824,0.584883,-1.21047,0.218539,0.651956,-1.07259,0.27093,0.641336,-1.59314
-0.0620744,0.964898,-1.68897,0.0240824,0.584883,-1.21047,0.218539,0.651956,-1.07259,0.27093,0.641336,-1.59314
-0.0620744,0.964898,-1.68897,0.0240824,0.584883,-1.21047,0.218539,0.651956,-1.07259,0.27093,0.641336,-1.59314
-0.0620744,0.964898,-1.68897,0.0240824,0.584883,-1.21047,0.218539,0.651956,-1.07259,0.27093,0.641336,-1.59314
-0.0620744,0.964898,-1.68897,0.0240824,0.584883,-1.21047,0.218539,0.651956,-1.07259,0.27093,0.641336,-1.59314
-0.0620744,0.964898,-1.68897,0.0240824,0.584883,-1.21047,0.218539,0.651956,-1.07259,0.27093,0.641336,-1.59314
-0.0620744,0.964898,-1.68897,0.0240824,0.584883,-1.21047,0.218539,0.651956,-1.07259,0.27093,0.641336,-1.59314
-0.0620744,0.964898,-1.68897,0.0240824,0.584883,-1.21047,0.218539,0.651956,-1.07259,0.27093,0.641336,-1.59314
-0.0620744,0.964898,-1.68897,0.0240824,0.584883,-1.21047,0.218539,0.651956,-1.07259,0.27093,0.641336,-1.59314
-0.0656497,0.976819,-1.69766,0.0770996,0.564581,-1.19473,0.146485,0.637426,-1.08675,0.248797,0.615204,-1.59729
-0.0656497,0.976819,-1.69766,0.0770996,0.564581,-1.19473,0.146485,0.637426,-1.08675,0.248797,0.615204,-1.59729
-0.0656497,0.976819,-1.69766,0.0770996,0.564581,-1.19473,0.146485,0.637426,-1.08675,0.248797,0.615204,-1.59729
-0.0656497,0.976819,-1.69766,0.0770996,0.564581,-1.19473,0.146485,0.637426,-1.08675,0.248797,0.615204,-1.59729
-0.0656497,0.976819,-1.69766,0.0770996,0.564581,-1.19473,0.146485,0.637426,-1.08675,0.248797,0.615204,-1.59729
-0.0656497,0.976819,-1.69766,0.0770996,0.564581,-1.19473,0.146485,0.637426,-1.08675,0.248797,0.615204,-1.59729
-0.0656497,0.976819,-1.69766,0.0770996,0.564581,-1.19473,0.146485,0.637426,-1.08675,0.248797,0.615204,-1.59729
-0.0656497,0.976819,-1.69766,0.0770996,0.564581,-1.19473,0.146485,0.637426,-1.08675,0.248797,0.615204,-1.59729
-0.0777831,0.937458,-1.65626,0.11455,0.582926,-1.2203,0.0693171,0.632444,-1.1359,0.165966,0.613593,-1.53941
-0.0777831,0.937458,-1.65626,0.11455,0.582926,-1.2203,0.0693171,0.632444,-1.1359,0.165966,0.613593,-1.53941
-0.0777831,0.937458,-1.65626,0.11455,0.582926,-1.2203,0.0693171,0.632444,-1.1359,0.165966,0.613593,-1.53941
-0.0777831,0.937458,-1.65626,0.11455,0.582926,-1.2203,0.0693171,0.632444,-1.1359,0.165966,0.613593,-1.53941
-0.0777831,0.937458,-1.65626,0.11455,0.582926,-1.2203,0.0693171,0.632444,-1.1359,0.165966,0.613593,-1.53941
-0.0777831,0.937458,-1.65626,0.11455,0.582926,-1.2203,0.0693171,0.632444,-1.1359,0.165966,0.613593,-1.53941
-0.0777831,0.937458,-1.65626,0.11455,0.582926,-1.2203,0.0693171,0.632444,-1.1359,0.165966,0.613593,-1.53941
-0.0777831,0.937458,-1.65626,0.11455,0.582926,-1.2203,0.0693171,0.632444,-1.1359,0.165966,0.613593,-1.53941
-0.0777831,0.937458,-1.65626,0.11455,0.582926,-1.2203,0.0693171,0.632444,-1.1359,0.165966,0.613593,-1.53941
-0.0777831,0.937458,-1.65626,0.11455,0.582926,-1.2203,0.0693171,0.632444,-1.1359,0.165966,0.613593,-1.53941
-0.0777831,0.937458,-1.65626,0.11455,0.582926,-1.2203,0.0693171,0.632444,-1.1359,0.165966,0.613593,-1.53941
0.0504527,0.687399,-1.21043,0.0942804,0.754194,-1.5756,-0.0254105,0.654901,-1.41295,-0.0517424,0.611486,-1.38305
0.0504527,0.687399,-1.21043,0.0942804,0.754194,-1.5756,-0.0254105,0.654901,-1.41295,-0.0517424,0.611486,-1.38305
0.0504527,0.687399,-1.21043,0.0942804,0.754194,-1.5756,-0.0254105,0.654901,-1.41295,-0.0517424,0.611486,-1.38305
0.0504527,0.687399,-1.21043,0.0942804,0.754194,-1.5756,-0.0254105,0.654901,-1.41295,-0.0517424,0.611486,-1.38305
0.0504527,0.687399,-1.21043,0.0942804,0.754194,-1.5756,-0.0254105,0.654901,-1.41295,-0.0517424,0.611486,-1.38305
0.0504527,0.687399,-1.21043,0.0942804,0.754194,-1.5756,-0.0254105,0.654901,-1.41295,-0.0517424,0.611486,-1.38305
0.0504527,0.687399,-1.21043,0.0942804,0.754194,-1.5756,-0.0254105,0.654901,-1.41295,-0.0517424,0.611486,-1.38305
0.0504527,0.687399,-1.21043,0.0942804,0.754194,-1.5756,-0.0254105,0.654901,-1.41295,-0.0517424,0.611486,-1.38305
0.0504527,0.687399,-1.21043,0.0942804,0.754194,-1.5756,-0.0254105,0.654901,-1.41295,-0.0517424,0.611486,-1.38305
0.109776,0.535357,-0.933574,0.148214,0.886309,-1.77573,-0.0731031,0.700366,-1.55724,-0.112386,0.555722,-1.08203
0.109776,0.535357,-0.933574,0.148214,0.886309,-1.77573,-0.0731031,0.700366,-1.55724,-0.112386,0.555722,-1.08203
0.109776,0.535357,-0.933574,0.148214,0.886309,-1.77573,-0.0731031,0.700366,-1.55724,-0.112386,0.555722,-1.08203
0.109776,0.535357,-0.933574,0.148214,0.886309,-1.77573,-0.0731031,0.700366,-1.55724,-0.112386,0.555722,-1.08203
0.109776,0.535357,-0.933574,0.148214,0.886309,-1.77573,-0.0731031,0.700366,-1.55724,-0.112386,0.555722,-1.08203
0.109776,0.535357,-0.933574,0.148214,0.886309,-1.77573,-0.0731031,0.700366,-1.55724,-0.112386,0.555722,-1.08203
0.109776,0.535357,-0.933574,0.148214,0.886309,-1.77573,-0.0731031,0.700366,-1.55724,-0.112386,0.555722,-1.08203
0.109776,0.535357,-0.933574,0.148214,0.886309,-1.77573,-0.0731031,0.700366,-1.55724,-0.112386,0.555722,-1.08203
0.109776,0.535357,-0.933574,0.148214,0.886309,-1.77573,-0.0731031,0.700366,-1.55724,-0.112386,0.555722,-1.08203
0.109776,0.535357,-0.933574,0.148214,0.886309,-1.77573,-0.0731031,0.700366,-1.55724,-0.112386,0.555722,-1.08203
0.109776,0.535357,-0.933574,0.148214,0.886309,-1.77573,-0.0731031,0.700366,-1.55724,-0.112386,0.555722,-1.08203
0.210854,0.443853,-0.858224,0.162426,0.931747,-1.81161,-0.121814,0.7251,-1.62985,-0.161975,0.559412,-0.980441
0.210854,0.443853,-0.858224,0.162426,0.931747,-1.81161,-0.121814,0.7251,-1.62985,-0.161975,0.559412,-0.980441
0.210854,0.443853,-0.858224,0.162426,0.931747,-1.81161,-0.121814,0.7251,-1.62985,-0.161975,0.559412,-0.980441
0.210854,0.443853,-0.858224,0.162426,0.931747,-1.81161,-0.121814,0.7251,-1.62985,-0.161975,0.559412,-0.980441
0.210854,0.443853,-0.858224,0.162426,0.931747,-1.81161,-0.121814,0.7251,-1.62985,-0.161975,0.559412,-0.980441
0.210854,0.443853,-0.858224,0.162426,0.931747,-1.81161,-0.121814,0.7251,-1.62985,-0.161975,0.559412,-0.980441
0.210854,0.443853,-0.858224,0.162426,0.931747,-1.81161,-0.121814,0.7251,-1.62985,-0.161975,0.559412,-0.980441
0.210854,0.443853,-0.858224,0.162426,0.931747,-1.81161,-0.121814,0.7251,-1.62985,-0.161975,0.559412,-0.980441
0.275044,0.432167,-0.862001,0.136767,0.964999,-1.76405,-0.15307,0.740134,-1.65736,-0.191732,0.539154,-1.00993
0.275044,0.432167,-0.862001,0.136767,0.964999,-1.76405,-0.15307,0.740134,-1.65736,-0.191732,0.539154,-1.00993
0.275044,0.432167,-0.862001,0.136767,0.964999,-1.76405,-0.15307,0.740134,-1.65736,-0.191732,0.539154,-1.00993
0.275044,0.432167,-0.862001,0.136767,0.964999,-1.76405,-0.15307,0.740134,-1.65736,-0.191732,0.539154,-1.00993
0.275044,0.432167,-0.862001,0.136767,0.964999,-1.76405,-0.15307,0.740134,-1.65736,-0.191732,0.539154,-1.00993
0.275044,0.432167,-0.862001,0.136767,0.964999,-1.76405,-0.15307,0.740134,-1.65736,-0.191732,0.539154,-1.00993
0.275044,0.432167,-0.862001,0.136767,0.964999,-1.76405,-0.15307,0.740134,-1.65736,-0.191732,0.539154,-1.00993
0.275044,0.432167,-0.862001,0.136767,0.964999,-1.76405,-0.15307,0.740134,-1.65736,-0.191732,0.539154,-1.00993
0.275044,0.432167,-0.862001,0.136767,0.964999,-1.76405,-0.15307,0.740134,-1.65736,-0.191732,0.539154,-1.00993
0.275044,0.432167,-0.862001,0.136767,0.964999,-1.76405,-0.15307,0.740134,-1.65736,-0.191732,0.539154,-1.00993
0.277556,0.451326,-0.91091,0.112734,0.992041,-1.71182,-0.178331,0.738533,-1.65144,-0.198215,0.509109,-1.10974
0.277556,0.451326,-0.91091,0.112734,0.992041,-1.71182,-0.178331,0.738533,-1.65144,-0.198215,0.509109,-1.10974
0.277556,0.451326,-0.91091,0.112734,0.992041,-1.71182,-0.178331,0.738533,-1.65144,-0.198215,0.509109,-1.10974
0.277556,0.451326,-0.91091,0.112734,0.992041,-1.71182,-0.178331,0.738533,-1.65144,-0.198215,0.509109,-1.10974
0.277556,0.451326,-0.91091,0.112734,0.992041,-1.71182,-0.178331,0.738533,-1.65144,-0.198215,0.509109,-1.10974
0.277556,0.451326,-0.91091,0.112734,0.992041,-1.71182,-0.178331,0.738533,-1.65144,-0.198215,0.509109,-1.10974
0.277556,0.451326,-0.91091,0.112734,0.992041,-1.71182,-0.178331,0.738533,-1.65144,-0.198215,0.509109,-1.10974
0.277556,0.451326,-0.91091,0.112734,0.992041,-1.71182,-0.178331,0.738533,-1.65144,-0.198215,0.509109,-1.10974
0.277556,0.451326,-0.91091,0.112734,0.992041,-1.71182,-0.178331,0.738533,-1.65144,-0.198215,0.509109,-1.10974
0.25869,0.463243,-0.969742,0.0927619,0.991082,-1.68163,-0.178544,0.730511,-1.61212,-0.183192,0.519584,-1.1963
0.25869,0.463243,-0.969742,0.0927619,0.991082,-1.68163,-0.178544,0.730511,-1.61212,-0.183192,0.519584,-1.1963
0.25869,0.463243,-0.969742,0.0927619,0.991082,-1.68163,-0.178544,0.730511,-1.61212,-0.183192,0.519584,-1.1963
0.25869,0.463243,-0.969742,0.0927619,0.991082,-1.68163,-0.178544,0.730511,-1.61212,-0.183192,0.519584,-1.1963
0.25869,0.463243,-0.969742,0.0927619,0.991082,-1.68163,-0.178544,0.730511,-1.61212,-0.183192,0.519584,-1.1963
0.25869,0.463243,-0.969742,0.0927619,0.991082,-1.68163,-0.178544,0.730511,-1.61212,-0.183192,0.519584,-1.1963
0.25869,0.463243,-0.969742,0.0927619,0.991082,-1.68163,-0.178544,0.730511,-1.61212,-0.183192,0.519584,-1.1963
0.25869,0.463243,-0.969742,0.0927619,0.991082,-1.68163,-0.178544,0.730511,-1.61212,-0.183192,0.519584,-1.1963
0.25869,0.463243,-0.969742,0.0927619,0.991082,-1.68163,-0.178544,0.730511,-1.61212,-0.183192,0.519584,-1.1963
0.25869,0.463243,-0.969742,0.0927619,0.991082,-1.68163,-0.178544,0.730511,-1.61212,-0.183192,0.519584,-1.1963
0.25869,0.463243,-0.969742,0.0927619,0.991082,-1.68163,-0.178544,0.730511,-1.61212,-0.183192,0.519584,-1.1963
0.25869,0.463243,-0.969742,0.0927619,0.991082,-1.68163,-0.178544,0.730511,-1.61212,-0.183192,0.519584,-1.1963
0.25869,0.463243,-0.969742,0.0927619,0.991082,-1.68163,-0.178544,0.730511,-1.61212,-0.183192,0.519584,-1.1963
0.231954,0.462652,-0.984696,0.0795869,0.954989,-1.65214,-0.177899,0.696627,-1.54991,-0.15019,0.571724,-1.1929
0.231954,0.462652,-0.984696,0.0795869,0.954989,-1.65214,-0.177899,0.696627,-1.54991,-0.15019,0.571724,-1.1929
0.231954,0.462652,-0.984696,0.0795869,0.954989,-1.65214,-0.177899,0.696627,-1.54991,-0.15019,0.571724,-1.1929
0.231954,0.462652,-0.984696,0.0795869,0.954989,-1.65214,-0.177899,0.696627,-1.54991,-0.15019,0.571724,-1.1929
0.231954,0.462652,-0.984696,0.0795869,0.954989,-1.65214,-0.177899,0.696627,-1.54991,-0.15019,0.571724,-1.1929
0.231954,0.462652,-0.984696,0.0795869,0.954989,-1.65214,-0.177899,0.696627,-1.54991,-0.15019,0.571724,-1.1929
0.231954,0.462652,-0.984696,0.0795869,0.954989,-1.65214,-0.177899,0.696627,-1.54991,-0.15019,0.571724,-1.1929
0.231954,0.462652,-0.984696,0.0795869,0.954989,-1.65214,-0.177899,0.696627,-1.54991,-0.15019,0.571724,-1.1929
0.231954,0.462652,-0.984696,0.0795869,0.954989,-1.65214,-0.177899,0.696627,-1.54991,-0.15019,0.571724,-1.1929
0.231954,0.462652,-0.984696,0.0795869,0.954989,-1.65214,-0.177899,0.696627,-1.54991,-0.15019,0.571724,-1.1929
0.185942,0.466695,-0.997982,0.0889917,0.923727,-1.61411,-0.15035,0.617606,-1.47626,-0.0844094,0.635283,-1.13939
0.185942,0.466695,-0.997982,0.0889917,0.923727,-1.61411,-0.15035,0.617606,-1.47626,-0.0844094,0.635283,-1.13939
0.185942,0.466695,-0.997982,0.0889917,0.923727,-1.61411,-0.15035,0.617606,-1.47626,-0.0844094,0.635283,-1.13939
0.185942,0.466695,-0.997982,0.0889917,0.923727,-1.61411,-0.15035,0.617606,-1.47626,-0.0844094,0.635283,-1.13939
0.185942,0.466695,-0.997982,0.0889917,0.923727,-1.61411,-0.15035,0.617606,-1.47626,-0.0844094,0.635283,-1.13939
0.185942,0.466695,-0.997982,0.0889917,0.923727,-1.61411,-0.15035,0.617606,-1.47626,-0.0844094,0.635283,-1.13939
0.185942,0.466695,-0.997982,0.0889917,0.923727,-1.61411,-0.15035,0.617606,-1.47626,-0.0844094,0.635283,-1.13939
0.185942,0.466695,-0.997982,0.0889917,0.923727,-1.61411,-0.15035,0.617606,-1.47626,-0.0844094,0.635283,-1.13939
0.185942,0.466695,-0.997982,0.0889917,0.923727,-1.61411,-0.15035,0.617606,-1.47626,-0.0844094,0.635283,-1.13939
0.185942,0.466695,-0.997982,0.0889917,0.923727,-1.61411,-0.15035,0.617606,-1.47626,-0.0844094,0.635283,-1.13939
0.103346,0.561081,-1.19882,0.0804978,0.923682,-1.3982,0.0081308,0.59889,-1.32154,0.0547974,0.644336,-1.3025
0.103346,0.561081,-1.19882,0.0804978,0.923682,-1.3982,0.0081308,0.59889,-1.32154,0.0547974,0.644336,-1.3025
0.103346,0.561081,-1.19882,0.0804978,0.923682,-1.3982,0.0081308,0.59889,-1.32154,0.0547974,0.644336,-1.3025
0.103346,0.561081,-1.19882,0.0804978,0.923682,-1.3982,0.0081308,0.59889,-1.32154,0.0547974,0.644336,-1.3025
0.103346,0.561081,-1.19882,0.0804978,0.923682,-1.3982,0.0081308,0.59889,-1.32154,0.0547974,0.644336,-1.3025
0.103346,0.561081,-1.19882,0.0804978,0.923682,-1.3982,0.0081308,0.59889,-1.32154,0.0547974,0.644336,-1.3025
0.103346,0.561081,-1.19882,0.0804978,0.923682,-1.3982,0.0081308,0.59889,-1.32154,0.0547974,0.644336,-1.3025
0.103346,0.561081,-1.19882,0.0804978,0.923682,-1.3982,0.0081308,0.59889,-1.32154,0.0547974,0.644336,-1.3025
0.103346,0.561081,-1.19882,0.0804978,0.923682,-1.3982,0.0081308,0.59889,-1.32154,0.0547974,0.644336,-1.3025
0.103346,0.561081,-1.19882,0.0804978,0.923682,-1.3982,0.0081308,0.59889,-1.32154,0.0547974,0.644336,-1.3025
0.103346,0.774348,-1.60581,-0.0731486,0.703261,-0.993526,0.217857,0.573249,-0.840948,0.212955,0.690087,-1.64636
-0.00290464,0.774348,-1.60581,-0.0731486,0.703261,-0.993526,0.217857,0.573249,-0.840948,0.212955,0.690087,-1.64636
-0.00290464,0.774348,-1.60581,-0.0731486,0.703261,-0.993526,0.217857,0.573249,-0.840948,0.212955,0.690087,-1.64636
-0.00290464,0.774348,-1.60581,-0.0731486,0.703261,-0.993526,0.217857,0.573249,-0.840948,0.212955,0.690087,-1.64636
-0.00290464,0.774348,-1.60581,-0.0731486,0.703261,-0.993526,0.217857,0.573249,-0.840948,0.212955,0.690087,-1.64636
-0.00290464,0.774348,-1.60581,-0.0731486,0.703261,-0.993526,0.217857,0.573249,-0.840948,0.212955,0.690087,-1.64636
-0.00290464,0.774348,-1.60581,-0.0731486,0.703261,-0.993526,0.217857,0.573249,-0.840948,0.212955,0.690087,-1.64636
-0.00290464,0.774348,-1.60581,-0.0731486,0.703261,-0.993526,0.217857,0.573249,-0.840948,0.212955,0.690087,-1.64636
-0.00290464,0.774348,-1.60581,-0.0731486,0.703261,-0.993526,0.217857,0.573249,-0.840948,0.212955,0.690087,-1.64636
-0.00290464,0.774348,-1.60581,-0.0731486,0.703261,-0.993526,0.217857,0.573249,-0.840948,0.212955,0.690087,-1.64636
-0.00290464,0.774348,-1.60581,-0.0731486,0.703261,-0.862288,0.272637,0.639512,-0.781004,0.259283,0.705768,-1.71977
-0.0489832,0.896968,-1.73248,-0.0852941,0.584824,-0.862288,0.272637,0.639512,-0.781004,0.259283,0.705768,-1.71977
-0.0489832,0.896968,-1.73248,-0.0852941,0.584824,-0.862288,0.272637,0.639512,-0.781004,0.259283,0.705768,-1.71977
-0.0489832,0.896968,-1.73248,-0.0852941,0.584824,-0.862288,0.272637,0.639512,-0.781004,0.259283,0.705768,-1.71977
-0.0489832,0.896968,-1.73248,-0.0852941,0.584824,-0.862288,0.272637,0.639512,-0.781004,0.259283,0.705768,-1.71977
-0.0489832,0.896968,-1.73248,-0.0852941,0.584824,-0.862288,0.272637,0.639512,-0.781004,0.259283,0.705768,-1.71977
-0.0489832,0.896968,-1.73248,-0.0852941,0.584824,-0.862288,0.272637,0.639512,-0.781004,0.259283,0.705768,-1.71977
-0.0489832,0.896968,-1.73248,-0.0852941,0.584824,-0.862288,0.272637,0.639512,-0.781004,0.259283,0.705768,-1.71977
-0.0489832,0.896968,-1.73248,-0.0852941,0.584824,-0.862288,0.272637,0.639512,-0.781004,0.259283,0.705768,-1.71977
-0.0489832,0.896968,-1.73248,-0.0852941,0.584824,-0.862288,0.272637,0.639512,-0.781004,0.259283,0.705768,-1.71977
-0.0653734,0.935863,-1.73908,-0.0838762,0.555708,-0.91644,0.288253,0.675776,-0.860297,0.295783,0.669369,-1.70386
-0.0653734,0.935863,-1.73908,-0.0838762,0.555708,-0.91644,0.288253,0.675776,-0.860297,0.295783,0.669369,-1.70386
-0.0653734,0.935863,-1.73908,-0.0838762,0.555708,-0.91644,0.288253,0.675776,-0.860297,0.295783,0.669369,-1.70386
-0.0653734,0.935863,-1.73908,-0.0838762,0.555708,-0.91644,0.288253,0.675776,-0.860297,0.295783,0.669369,-1.70386
-0.0653734,0.935863,-1.73908,-0.0838762,0.555708,-0.91644,0.288253,0.675776,-0.860297,0.295783,0.669369,-1.70386
-0.0653734,0.935863,-1.73908,-0.0838762,0.555708,-0.91644,0.288253,0.675776,-0.860297,0.295783,0.669369,-1.70386
-0.0653734,0.935863,-1.73908,-0.0838762,0.555708,-0.91644,0.288253,0.675776,-0.860297,0.295783,0.669369,-1.70386
-0.0653734,0.935863,-1.73908,-0.0838762,0.555708,-0.91644,0.288253,0.675776,-0.860297,0.295783,0.669369,-1.70386
-0.0653734,0.935863,-1.73908,-0.0838762,0.555708,-0.91644,0.288253,0.675776,-0.860297,0.295783,0.669369,-1.70386
-0.0653734,0.935863,-1.73908,-0.0838762,0.555708,-0.91644,0.288253,0.675776,-0.860297,0.295783,0.669369,-1.70386
-0.0653734,0.935863,-1.73908,-0.0838762,0.555708,-0.91644,0.288253,0.675776,-0.860297,0.295783,0.669369,-1.70386
-0.0610915,0.942107,-1.70797,-0.052088,0.582932,-1.04718,0.270367,0.6774,-0.954331,0.299931,0.655531,-1.64268
-0.0610915,0.942107,-1.70797,-0.052088,0.582932,-1.04718,0.270367,0.6774,-0.954331,0.299931,0.655531,-1.64268
-0.0610915,0.942107,-1.70797,-0.052088,0.582932,-1.04718,0.270367,0.6774,-0.954331,0.299931,0.655531,-1.64268
-0.0610915,0.942107,-1.70797,-0.052088,0.582932,-1.04718,0.270367,0.6774,-0.954331,0.299931,0.655531,-1.64268
-0.0610915,0.942107,-1.70797,-0.052088,0.582932,-1.04718,0.270367,0.6774,-0.954331,0.299931,0.655531,-1.64268
-0.0610915,0.942107,-1.70797,-0.052088,0.582932,-1.04718,0.270367,0.6774,-0.954331,0.299931,0.655531,-1.64268
-0.0610915,0.942107,-1.70797,-0.052088,0.582932,-1.04718,0.270367,0.6774,-0.954331,0.299931,0.655531,-1.64268
-0.0610915,0.942107,-1.70797,-0.052088,0.582932,-1.04718,0.270367,0.6774,-0.954331,0.299931,0.655531,-1.64268
-0.0610915,0.942107,-1.70797,-0.052088,0.582932,-1.04718,0.270367,0.6774,-0.954331,0.299931,0.655531,-1.64268
-0.0610915,0.942107,-1.70797,-0.052088,0.582932,-1.04718,0.270367,0.6774,-0.954331,0.299931,0.655531,-1.64268
-0.0578241,0.951228,-1.68686,-0.0047639,0.600774,-1.1696,0.249592,0.667391,-1.04032,0.276857,0.642941,-1.59889
-0.0578241,0.951228,-1.68686,-0.0047639,0.600774,-1.1696,0.249592,0.667391,-1.04032,0.276857,0.642941,-1.59889
-0.0578241,0.951228,-1.68686,-0.0047639,0.600774,-1.1696,0.249592,0.667391,-1.04032,0.276857,0.642941,-1.59889
-0.0578241,0.951228,-1.68686,-0.0047639,0.600774,-1.1696,0.249592,0.667391,-1.04032,0.276857,0.642941,-1.59889
-0.0578241,0.951228,-1.68686,-0.0047639,0.600774,-1.1696,0.249592,0.667391,-1.04032,0.276857,0.642941,-1.59889
-0.0578241,0.951228,-1.68686,-0.0047639,0.600774,-1.1696,0.249592,0.667391,-1.04032,0.276857,0.642941,-1.59889
-0.0578241,0.951228,-1.68686,-0.0047639,0.600774,-1.1696,0.249592,0.667391,-1.04032,0.276857,0.642941,-1.59889
-0.0578241,0.951228,-1.68686,-0.0047639,0.600774,-1.1696,0.249592,0.667391,-1.04032,0.276857,0.642941,-1.59889
-0.0578241,0.951228,-1.68686,-0.0047639,0.600774,-1.1696,0.249592,0.667391,-1.04032,0.276857,0.642941,-1.59889
-0.0578241,0.951228,-1.68686,-0.0047639,0.600774,-1.1696,0.249592,0.667391,-1.04032,0.276857,0.642941,-1.59889
-0.0578241,0.951228,-1.68686,-0.0047639,0.600774,-1.1696,0.249592,0.667391,-1.04032,0.276857,0.642941,-1.59889
-0.0659175,0.969878,-1.69886,0.0413,0.577631,-1.20643,0.201414,0.64993,-1.07006,0.261446,0.633142,-1.59164
-0.0659175,0.969878,-1.69886,0.0413,0.577631,-1.20643,0.201414,0.64993,-1.07006,0.261446,0.633142,-1.59164
-0.0659175,0.969878,-1.69886,0.0413,0.577631,-1.20643,0.201414,0.64993,-1.07006,0.261446,0.633142,-1.59164
-0.0659175,0.969878,-1.69886,0.0413,0.577631,-1.20643,0.201414,0.64993,-1.07006,0.261446,0.633142,-1.59164
-0.0659175,0.969878,-1.69886,0.0413,0.577631,-1.20643,0.201414,0.64993,-1.07006,0.261446,0.633142,-1.59164
-0.0659175,0.969878,-1.69886,0.0413,0.577631,-1.20643,0.201414,0.64993,-1.07006,0.261446,0.633142,-1.59164
-0.0659175,0.969878,-1.69886,0.0413,0.577631,-1.20643,0.201414,0.64993,-1.07006,0.261446,0.633142,-1.59164
-0.0659175,0.969878,-1.69886,0.0413,0.577631,-1.20643,0.201414,0.64993,-1.07006,0.261446,0.633142,-1.59164
-0.0663944,0.971861,-1.69367,0.0967303,0.566264,-1.18704,0.124935,0.64294,-1.08844,0.234001,0.5992,-1.58908
-0.0663944,0.971861,-1.69367,0.0967303,0.566264,-1.18704,0.124935,0.64294,-1.08844,0.234001,0.5992,-1.58908
-0.0663944,0.971861,-1.69367,0.0967303,0.566264,-1.18704,0.124935,0.64294,-1.08844,0.234001,0.5992,-1.58908
-0.0663944,0.971861,-1.69367,0.0967303,0.566264,-1.18704,0.124935,0.64294,-1.08844,0.234001,0.5992,-1.58908
-0.0663944,0.971861,-1.69367,0.0967303,0.566264,-1.18704,0.124935,0.64294,-1.08844,0.234001,0.5992,-1.58908
-0.0663944,0.971861,-1.69367,0.0967303,0.566264,-1.18704,0.124935,0.64294,-1.08844,0.234001,0.5992,-1.58908
-0.0663944,0.971861,-1.69367,0.0967303,0.566264,-1.18704,0.124935,0.64294,-1.08844,0.234001,0.5992,-1.58908
-0.0663944,0.971861,-1.69367,0.0967303,0.566264,-1.18704,0.124935,0.64294,-1.08844,0.234001,0.5992,-1.58908
-0.0663944,0.971861,-1.69367,0.0967303,0.566264,-1.18704,0.124935,0.64294,-1.08844,0.234001,0.5992,-1.58908
-0.0663944,0.971861,-1.69367,0.0967303,0.566264,-1.31185,0.0413626,0.636931,-1.18896,0.0914931,0.641782,-1.49592
-0.0726798,0.889574,-1.58696,0.0909448,0.645707,-1.31185,0.0413626,0.636931,-1.18896,0.0914931,0.641782,-1.49592
-0.0726798,0.889574,-1.58696,0.0909448,0.645707,-1.31185,0.0413626,0.636931,-1.18896,0.0914931,0.641782,-1.49592
-0.0726798,0.889574,-1.58696,0.0909448,0.645707,-1.31185,0.0413626,0.636931,-1.18896,0.0914931,0.641782,-1.49592
-0.0726798,0.889574,-1.58696,0.0909448,0.645707,-1.31185,0.0413626,0.636931,-1.18896,0.0914931,0.641782,-1.49592
-0.0726798,0.889574,-1.58696,0.0909448,0.645707,-1.31185,0.0413626,0.636931,-1.18896,0.0914931,0.641782,-1.49592
-0.0726798,0.889574,-1.58696,0.0909448,0.645707,-1.31185,0.0413626,0.636931,-1.18896,0.0914931,0.641782,-1.49592
-0.0726798,0.889574,-1.58696,0.0909448,0.645707,-1.31185,0.0413626,0.636931,-1.18896,0.0914931,0.641782,-1.49592
-0.0726798,0.889574,-1.58696,0.0909448,0.645707,-1.31185,0.0413626,0.636931,-1.18896,0.0914931,0.641782,-1.49592
-0.0726798,0.889574,-1.58696,0.0909448,0.645707,-1.31185,0.0413626,0.636931,-1.18896,0.0914931,0.641782,-1.49592
-0.0726798,0.889574,-1.58696,0.0909448,0.645707,-1.31185,0.0413626,0.636931,-1.18896,0.0914931,0.641782,-1.49592
-0.0726798,0.889574,-1.58696,0.0909448,0.645707,-1.31185,0.0413626,0.636931,-1.18896,0.0914931,0.641782,-1.49592
-0.0726798,0.889574,-1.58696,0.0909448,0.645707,-1.31185,0.0413626,0.636931,-1.18896,0.0914931,0.641782,-1.49592
0.0731371,0.604255,-1.05935,0.115131,0.802303,-1.67967,-0.0543525,0.669491,-1.48675,-0.0840227,0.60027,-1.22961
0.0731371,0.604255,-1.05935,0.115131,0.802303,-1.67967,-0.0543525,0.669491,-1.48675,-0.0840227,0.60027,-1.22961
0.0731371,0.604255,-1.05935,0.115131,0.802303,-1.67967,-0.0543525,0.669491,-1.48675,-0.0840227,0.60027,-1.22961
0.0731371,0.604255,-1.05935,0.115131,0.802303,-1.67967,-0.0543525,0.669491,-1.48675,-0.0840227,0.60027,-1.22961
0.0731371,0.604255,-1.05935,0.115131,0.802303,-1.67967,-0.0543525,0.669491,-1.48675,-0.0840227,0.60027,-1.22961
0.0731371,0.604255,-1.05935,0.115131,0.802303,-1.67967,-0.0543525,0.669491,-1.48675,-0.0840227,0.60027,-1.22961
0.0731371,0.604255,-1.05935,0.115131,0.802303,-1.67967,-0.0543525,0.669491,-1.48675,-0.0840227,0.60027,-1.22961
0.0731371,0.604255,-1.05935,0.115131,0.802303,-1.67967,-0.0543525,0.669491,-1.48675,-0.0840227,0.60027,-1.22961
0.0731371,0.604255,-1.05935,0.115131,0.802303,-1.67967,-0.0543525,0.669491,-1.48675,-0.0840227,0.60027,-1.22961
0.152631,0.488665,-0.872213,0.157047,0.903574,-1.80087,-0.0944238,0.704252,-1.59501,-0.133195,0.560464,-1.01274
0.152631,0.488665,-0.872213,0.157047,0.903574,-1.80087,-0.0944238,0.704252,-1.59501,-0.133195,0.560464,-1.01274
0.152631,0.488665,-0.872213,0.157047,0.903574,-1.80087,-0.0944238,0.704252,-1.59501,-0.133195,0.560464,-1.01274
0.152631,0.488665,-0.872213,0.157047,0.903574,-1.80087,-0.0944238,0.704252,-1.59501,-0.133195,0.560464,-1.01274
0.152631,0.488665,-0.872213,0.157047,0.903574,-1.80087,-0.0944238,0.704252,-1.59501,-0.133195,0.560464,-1.01274
0.152631,0.488665,-0.872213,0.157047,0.903574,-1.80087,-0.0944238,0.704252,-1.59501,-0.133195,0.560464,-1.01274
0.152631,0.488665,-0.872213,0.157047,0.903574,-1.80087,-0.0944238,0.704252,-1.59501,-0.133195,0.560464,-1.01274
0.152631,0.488665,-0.872213,0.157047,0.903574,-1.80087,-0.0944238,0.704252,-1.59501,-0.133195,0.560464,-1.01274
0.152631,0.488665,-0.872213,0.157047,0.903574,-1.80087,-0.0944238,0.704252,-1.59501,-0.133195,0.560464,-1.01274
0.152631,0.488665,-0.872213,0.157047,0.903574,-1.80087,-0.0944238,0.704252,-1.59501,-0.133195,0.560464,-1.01274
0.245505,0.430437,-0.842381,0.152113,0.942488,-1.80093,-0.130971,0.730239,-1.64701,-0.178699,0.559376,-0.972093
0.245505,0.430437,-0.842381,0.152113,0.942488,-1.80093,-0.130971,0.730239,-1.64701,-0.178699,0.559376,-0.972093
0.245505,0.430437,-0.842381,0.152113,0.942488,-1.80093,-0.130971,0.730239,-1.64701,-0.178699,0.559376,-0.972093
0.245505,0.430437,-0.842381,0.152113,0.942488,-1.80093,-0.130971,0.730239,-1.64701,-0.178699,0.559376,-0.972093
0.245505,0.430437,-0.842381,0.152113,0.942488,-1.80093,-0.130971,0.730239,-1.64701,-0.178699,0.559376,-0.972093
0.245505,0.430437,-0.842381,0.152113,0.942488,-1.80093,-0.130971,0.730239,-1.64701,-0.178699,0.559376,-0.972093
0.245505,0.430437,-0.842381,0.152113,0.942488,-1.80093,-0.130971,0.730239,-1.64701,-0.178699,0.559376,-0.972093
0.245505,0.430437,-0.842381,0.152113,0.942488,-1.80093,-0.130971,0.730239,-1.64701,-0.178699,0.559376,-0.972093
0.245505,0.430437,-0.842381,0.152113,0.942488,-1.80093,-0.130971,0.730239,-1.64701,-0.178699,0.559376,-0.972093
0.245505,0.430437,-0.842381,0.152113,0.942488,-1.80093,-0.130971,0.730239,-1.64701,-0.178699,0.559376,-0.972093
0.283789,0.432631,-0.873484,0.127633,0.975321,-1.73886,-0.164846,0.741774,-1.66035,-0.197339,0.526523,-1.04198
0.283789,0.432631,-0.873484,0.127633,0.975321,-1.73886,-0.164846,0.741774,-1.66035,-0.197339,0.526523,-1.04198
0.283789,0.432631,-0.873484,0.127633,0.975321,-1.73886,-0.164846,0.741774,-1.66035,-0.197339,0.526523,-1.04198
0.283789,0.432631,-0.873484,0.127633,0.975321,-1.73886,-0.164846,0.741774,-1.66035,-0.197339,0.526523,-1.04198
0.283789,0.432631,-0.873484,0.127633,0.975321,-1.73886,-0.164846,0.741774,-1.66035,-0.197339,0.526523,-1.04198
0.283789,0.432631,-0.873484,0.127633,0.975321,-1.73886,-0.164846,0.741774,-1.66035,-0.197339,0.526523,-1.04198
0.283789,0.432631,-0.873484,0.127633,0.975321,-1.73886,-0.164846,0.741774,-1.66035,-0.197339,0.526523,-1.04198
0.283789,0.432631,-0.873484,0.127633,0.975321,-1.73886,-0.164846,0.741774,-1.66035,-0.197339,0.526523,-1.04198
0.283789,0.432631,-0.873484,0.127633,0.975321,-1.73886,-0.164846,0.741774,-1.66035,-0.197339,0.526523,-1.04198
0.283789,0.432631,-0.873484,0.127633,0.975321,-1.73886,-0.164846,0.741774,-1.66035,-0.197339,0.526523,-1.04198
0.283789,0.432631,-0.873484,0.127633,0.975321,-1.73886,-0.164846,0.741774,-1.66035,-0.197339,0.526523,-1.04198
0.267835,0.454661,-0.930867,0.105946,0.996948,-1.69884,-0.179404,0.734438,-1.64411,-0.195224,0.501197,-1.15097
0.267835,0.454661,-0.930867,0.105946,0.996948,-1.69884,-0.179404,0.734438,-1.64411,-0.195224,0.501197,-1.15097
0.267835,0.454661,-0.930867,0.105946,0.996948,-1.69884,-0.179404,0.734438,-1.64411,-0.195224,0.501197,-1.15097
0.267835,0.454661,-0.930867,0.105946,0.996948,-1.69884,-0.179404,0.734438,-1.64411,-0.195224,0.501197,-1.15097
0.267835,0.454661,-0.930867,0.105946,0.996948,-1.69884,-0.179404,0.734438,-1.64411,-0.195224,0.501197,-1.15097
0.267835,0.454661,-0.930867,0.105946,0.996948,-1.69884,-0.179404,0.734438,-1.64411,-0.195224,0.501197,-1.15097
0.267835,0.454661,-0.930867,0.105946,0.996948,-1.69884,-0.179404,0.734438,-1.64411,-0.195224,0.501197,-1.15097
0.267835,0.454661,-0.930867,0.105946,0.996948,-1.69884,-0.179404,0.734438,-1.64411,-0.195224,0.501197,-1.15097
0.267835,0.454661,-0.930867,0.105946,0.996948,-1.69884,-0.179404,0.734438,-1.64411,-0.195224,0.501197,-1.15097
0.250692,0.463621,-0.977874,0.0895101,0.984599,-1.67019,-0.178045,0.72648,-1.59313,-0.174376,0.530548,-1.2048
0.250692,0.463621,-0.977874,0.0895101,0.984599,-1.67019,-0.178045,0.72648,-1.59313,-0.174376,0.530548,-1.2048
0.250692,0.463621,-0.977874,0.0895101,0.984599,-1.67019,-0.178045,0.72648,-1.59313,-0.174376,0.530548,-1.2048
0.250692,0.463621,-0.977874,0.0895101,0.984599,-1.67019,-0.178045,0.72648,-1.59313,-0.174376,0.530548,-1.2048
0.250692,0.463621,-0.977874,0.0895101,0.984599,-1.67019,-0.178045,0.72648,-1.59313,-0.174376,0.530548,-1.2048
0.250692,0.463621,-0.977874,0.0895101,0.984599,-1.67019,-0.178045,0.72648,-1.59313,-0.174376,0.530548,-1.2048
0.250692,0.463621,-0.977874,0.0895101,0.984599,-1.67019,-0.178045,0.72648,-1.59313,-0.174376,0.530548,-1.2048
0.250692,0.463621,-0.977874,0.0895101,0.984599,-1.67019,-0.178045,0.72648,-1.59313,-0.174376,0.530548,-1.2048
0.250692,0.463621,-0.977874,0.0895101,0.984599,-1.67019,-0.178045,0.72648,-1.59313,-0.174376,0.530548,-1.2048
0.250692,0.463621,-0.977874,0.0895101,0.984599,-1.67019,-0.178045,0.72648,-1.59313,-0.174376,0.530548,-1.2048
0.217082,0.460358,-0.983847,0.0770362,0.9368,-1.64345,-0.176657,0.67189,-1.52731,-0.130296,0.596032,-1.17797
0.217082,0.460358,-0.983847,0.0770362,0.9368,-1.64345,-0.176657,0.67189,-1.52731,-0.130296,0.596032,-1.17797
0.217082,0.460358,-0.983847,0.0770362,0.9368,-1.64345,-0.176657,0.67189,-1.52731,-0.130296,0.596032,-1.17797
0.217082,0.460358,-0.983847,0.0770362,0.9368,-1.64345,-0.176657,0.67189,-1.52731,-0.130296,0.596032,-1.17797
0.217082,0.460358,-0.983847,0.0770362,0.9368,-1.64345,-0.176657,0.67189,-1.52731,-0.130296,0.596032,-1.17797
0.217082,0.460358,-0.983847,0.0770362,0.9368,-1.64345,-0.176657,0.67189,-1.52731,-0.130296,0.596032,-1.17797
0.217082,0.460358,-0.983847,0.0770362,0.9368,-1.64345,-0.176657,0.67189,-1.52731,-0.130296,0.596032,-1.17797
0.217082,0.460358,-0.983847,0.0770362,0.9368,-1.64345,-0.176657,0.67189,-1.52731,-0.130296,0.596032,-1.17797
0.217082,0.460358,-0.983847,0.0770362,0.9368,-1.64345,-0.176657,0.67189,-1.52731,-0.130296,0.596032,-1.17797
0.217082,0.460358,-0.983847,0.0770362,0.9368,-1.64345,-0.176657,0.67189,-1.52731,-0.130296,0.596032,-1.17797
0.173723,0.47391,-1.01459,0.0960423,0.931252,-1.58108,-0.120352,0.610274,-1.44531,-0.0534577,0.645408,-1.13733
0.173723,0.47391,-1.01459,0.0960423,0.931252,-1.58108,-0.120352,0.610274,-1.44531,-0.0534577,0.645408,-1.13733
0.173723,0.47391,-1.01459,0.0960423,0.931252,-1.58108,-0.120352,0.610274,-1.44531,-0.0534577,0.645408,-1.13733
0.173723,0.47391,-1.01459,0.0960423,0.931252,-1.58108,-0.120352,0.610274,-1.44531,-0.0534577,0.645408,-1.13733
0.173723,0.47391,-1.01459,0.0960423,0.931252,-1.58108,-0.120352,0.610274,-1.44531,-0.0534577,0.645408,-1.13733
0.173723,0.47391,-1.01459,0.0960423,0.931252,-1.58108,-0.120352,0.610274,-1.44531,-0.0534577,0.645408,-1.13733
0.173723,0.47391,-1.01459,0.0960423,0.931252,-1.58108,-0.120352,0.610274,-1.44531,-0.0534577,0.645408,-1.13733
0.173723,0.47391,-1.01459,0.0960423,0.931252,-1.58108,-0.120352,0.610274,-1.44531,-0.0534577,0.645408,-1.13733
0.173723,0.47391,-1.01459,0.0960423,0.931252,-1.58108,-0.120352,0.610274,-1.44531,-0.0534577,0.645408,-1.13733
0.173723,0.47391,-1.01459,0.0960423,0.931252,-1.58108,-0.120352,0.610274,-1.44531,-0.0534577,0.645408,-1.13733
0.0421842,0.62926,-1.37845,0.0152699,0.853491,-1.23005,0.106259,0.57921,-1.14965,0.133697,0.650555,-1.49528
0.0421842,0.62926,-1.37845,0.0152699,0.853491,-1.23005,0.106259,0.57921,-1.14965,0.133697,0.650555,-1.49528
0.0421842,0.62926,-1.37845,0.0152699,0.853491,-1.23005,0.106259,0.57921,-1.14965,0.133697,0.650555,-1.49528
0.0421842,0.62926,-1.37845,0.0152699,0.853491,-1.23005,0.106259,0.57921,-1.14965,0.133697,0.650555,-1.49528
0.0421842,0.62926,-1.37845,0.0152699,0.853491,-1.23005,0.106259,0.57921,-1.14965,0.133697,0.650555,-1.49528
0.0421842,0.62926,-1.37845,0.0152699,0.853491,-1.23005,0.106259,0.57921,-1.14965,0.133697,0.650555,-1.49528
0.0421842,0.62926,-1.37845,0.0152699,0.853491,-1.23005,0.106259,0.57921,-1.14965,0.133697,0.650555,-1.49528
0.0421842,0.62926,-1.37845,0.0152699,0.853491,-1.23005,0.106259,0.57921,-1.14965,0.133697,0.650555,-1.49528
-0.0176883,0.846729,-1.65882,-0.073022,0.660206,-0.939298,0.251997,0.616383,-0.830913,0.229556,0.719661,-1.6967
-0.0176883,0.846729,-1.65882,-0.073022,0.660206,-0.939298,0.251997,0.616383,-0.830913,0.229556,0.719661,-1.6967
-0.0176883,0.846729,-1.65882,-0.073022,0.660206,-0.939298,0.251997,0.616383,-0.830913,0.229556,0.719661,-1.6967
-0.0176883,0.846729,-1.65882,-0.073022,0.660206,-0.939298,0.251997,0.616383,-0.830913,0.229556,0.719661,-1.6967
-0.0176883,0.846729,-1.65882,-0.073022,0.660206,-0.939298,0.251997,0.616383,-0.830913,0.229556,0.719661,-1.6967
-0.0176883,0.846729,-1.65882,-0.073022,0.660206,-0.939298,0.251997,0.616383,-0.830913,0.229556,0.719661,-1.6967
-0.0176883,0.846729,-1.65882,-0.073022,0.660206,-0.939298,0.251997,0.616383,-0.830913,0.229556,0.719661,-1.6967
-0.0176883,0.846729,-1.65882,-0.073022,0.660206,-0.939298,0.251997,0.616383,-0.830913,0.229556,0.719661,-1.6967
-0.0176883,0.846729,-1.65882,-0.073022,0.660206,-0.939298,0.251997,0.616383,-0.830913,0.229556,0.719661,-1.6967
-0.0176883,0.846729,-1.65882,-0.073022,0.660206,-0.939298,0.251997,0.616383,-0.830913,0.229556,0.719661,-1.6967
-0.0176883,0.846729,-1.65882,-0.073022,0.660206,-0.939298,0.251997,0.616383,-0.830913,0.229556,0.719661,-1.6967
-0.0532195,0.922218,-1.73509,-0.0796237,0.570046,-0.885227,0.276597,0.653607,-0.830411,0.269694,0.701242,-1.72446
-0.0532195,0.922218,-1.73509,-0.0796237,0.570046,-0.885227,0.276597,0.653607,-0.830411,0.269694,0.701242,-1.72446
-0.0532195,0.922218,-1.73509,-0.0796237,0.570046,-0.885227,0.276597,0.653607,-0.830411,0.269694,0.701242,-1.72446
-0.0532195,0.922218,-1.73509,-0.0796237,0.570046,-0.885227,0.276597,0.653607,-0.830411,0.269694,0.701242,-1.72446
-0.0532195,0.922218,-1.73509,-0.0796237,0.570046,-0.885227,0.276597,0.653607,-0.830411,0.269694,0.701242,-1.72446
-0.0532195,0.922218,-1.73509,-0.0796237,0.570046,-0.885227,0.276597,0.653607,-0.830411,0.269694,0.701242,-1.72446
-0.0532195,0.922218,-1.73509,-0.0796237,0.570046,-0.885227,0.276597,0.653607,-0.830411,0.269694,0.701242,-1.72446
-0.0532195,0.922218,-1.73509,-0.0796237,0.570046,-0.885227,0.276597,0.653607,-0.830411,0.269694,0.701242,-1.72446
-0.0532195,0.922218,-1.73509,-0.0796237,0.570046,-0.885227,0.276597,0.653607,-0.830411,0.269694,0.701242,-1.72446
-0.0532195,0.922218,-1.73509,-0.0796237,0.570046,-0.885227,0.276597,0.653607,-0.830411,0.269694,0.701242,-1.72446
-0.0653646,0.942949,-1.73114,-0.0702901,0.570557,-0.973588,0.282328,0.666354,-0.899775,0.301478,0.669068,-1.68746
-0.0653646,0.942949,-1.73114,-0.0702901,0.570557,-0.973588,0.282328,0.666354,-0.899775,0.301478,0.669068,-1.68746
-0.0653646,0.942949,-1.73114,-0.0702901,0.570557,-0.973588,0.282328,0.666354,-0.899775,0.301478,0.669068,-1.68746
-0.0653646,0.942949,-1.73114,-0.0702901,0.570557,-0.973588,0.282328,0.666354,-0.899775,0.301478,0.669068,-1.68746
-0.0653646,0.942949,-1.73114,-0.0702901,0.570557,-0.973588,0.282328,0.666354,-0.899775,0.301478,0.669068,-1.68746
-0.0653646,0.942949,-1.73114,-0.0702901,0.570557,-0.973588,0.282328,0.666354,-0.899775,0.301478,0.669068,-1.68746
-0.0653646,0.942949,-1.73114,-0.0702901,0.570557,-0.973588,0.282328,0.666354,-0.899775,0.301478,0.669068,-1.68746
-0.0653646,0.942949,-1.73114,-0.0702901,0.570557,-0.973588,0.282328,0.666354,-0.899775,0.301478,0.669068,-1.68746
-0.0653646,0.942949,-1.73114,-0.0702901,0.570557,-0.973588,0.282328,0.666354,-0.899775,0.301478,0.669068,-1.68746
-0.0653646,0.942949,-1.73114,-0.0702901,0.570557,-0.973588,0.282328,0.666354,-0.899775,0.301478,0.669068,-1.68746
-0.0653646,0.942949,-1.73114,-0.0702901,0.570557,-0.973588,0.282328,0.666354,-0.899775,0.301478,0.669068,-1.68746
-0.0569045,0.944559,-1.69818,-0.0324394,0.597043,-1.10548,0.257903,0.667548,-0.997261,0.294132,0.653824,-1.62653
-0.0569045,0.944559,-1.69818,-0.0324394,0.597043,-1.10548,0.257903,0.667548,-0.997261,0.294132,0.653824,-1.62653
-0.0569045,0.944559,-1.69818,-0.0324394,0.597043,-1.10548,0.257903,0.667548,-0.997261,0.294132,0.653824,-1.62653
-0.0569045,0.944559,-1.69818,-0.0324394,0.597043,-1.10548,0.257903,0.667548,-0.997261,0.294132,0.653824,-1.62653
-0.0569045,0.944559,-1.69818,-0.0324394,0.597043,-1.10548,0.257903,0.667548,-0.997261,0.294132,0.653824,-1.62653
-0.0569045,0.944559,-1.69818,-0.0324394,0.597043,-1.10548,0.257903,0.667548,-0.997261,0.294132,0.653824,-1.62653
-0.0569045,0.944559,-1.69818,-0.0324394,0.597043,-1.10548,0.257903,0.667548,-0.997261,0.294132,0.653824,-1.62653
-0.0569045,0.944559,-1.69818,-0.0324394,0.597043,-1.10548,0.257903,0.667548,-0.997261,0.294132,0.653824,-1.62653
-0.0569045,0.944559,-1.69818,-0.0324394,0.597043,-1.10548,0.257903,0.667548,-0.997261,0.294132,0.653824,-1.62653
-0.0582071,0.956846,-1.68496,0.010855,0.597263,-1.20283,0.230487,0.653171,-1.06505,0.272847,0.642042,-1.59171
-0.0582071,0.956846,-1.68496,0.010855,0.597263,-1.20283,0.230487,0.653171,-1.06505,0.272847,0.642042,-1.59171
-0.0582071,0.956846,-1.68496,0.010855,0.597263,-1.20283,0.230487,0.653171,-1.06505,0.272847,0.642042,-1.59171
-0.0582071,0.956846,-1.68496,0.010855,0.597263,-1.20283,0.230487,0.653171,-1.06505,0.272847,0.642042,-1.59171
-0.0582071,0.956846,-1.68496,0.010855,0.597263,-1.20283,0.230487,0.653171,-1.06505,0.272847,0.642042,-1.59171
-0.0582071,0.956846,-1.68496,0.010855,0.597263,-1.20283,0.230487,0.653171,-1.06505,0.272847,0.642042,-1.59171
-0.0582071,0.956846,-1.68496,0.010855,0.597263,-1.20283,0.230487,0.653171,-1.06505,0.272847,0.642042,-1.59171
-0.0582071,0.956846,-1.68496,0.010855,0.597263,-1.20283,0.230487,0.653171,-1.06505,0.272847,0.642042,-1.59171
-0.0582071,0.956846,-1.68496,0.010855,0.597263,-1.20283,0.230487,0.653171,-1.06505,0.272847,0.642042,-1.59171
-0.0582071,0.956846,-1.68496,0.010855,0.597263,-1.20283,0.230487,0.653171,-1.06505,0.272847,0.642042,-1.59171
-0.0582071,0.956846,-1.68496,0.010855,0.597263,-1.20283,0.230487,0.653171,-1.06505,0.272847,0.642042,-1.59171
-0.0653783,0.973743,-1.7017,0.0596094,0.570769,-1.20568,0.172908,0.635117,-1.08165,0.253687,0.623532,-1.59387
-0.0653783,0.973743,-1.7017,0.0596094,0.570769,-1.20568,0.172908,0.635117,-1.08165,0.253687,0.623532,-1.59387
-0.0653783,0.973743,-1.7017,0.0596094,0.570769,-1.20568,0.172908,0.635117,-1.08165,0.253687,0.623532,-1.59387
-0.0653783,0.973743,-1.7017,0.0596094,0.570769,-1.20568,0.172908,0.635117,-1.08165,0.253687,0.623532,-1.59387
-0.0653783,0.973743,-1.7017,0.0596094,0.570769,-1.20568,0.172908,0.635117,-1.08165,0.253687,0.623532,-1.59387
-0.0653783,0.973743,-1.7017,0.0596094,0.570769,-1.20568,0.172908,0.635117,-1.08165,0.253687,0.623532,-1.59387
-0.0653783,0.973743,-1.7017,0.0596094,0.570769,-1.20568,0.172908,0.635117,-1.08165,0.253687,0.623532,-1.59387
-0.0653783,0.973743,-1.7017,0.0596094,0.570769,-1.20568,0.172908,0.635117,-1.08165,0.253687,0.623532,-1.59387
-0.0653783,0.973743,-1.7017,0.0596094,0.570769,-1.20568,0.172908,0.635117,-1.08165,0.253687,0.623532,-1.59387
-0.0653783,0.973743,-1.7017,0.0596094,0.570769,-1.20568,0.172908,0.635117,-1.08165,0.253687,0.623532,-1.59387
-0.0696607,0.959285,-1.6839,0.11189,0.569327,-1.19159,0.0972758,0.636372,-1.1094,0.207618,0.59459,-1.57383
-0.0696607,0.959285,-1.6839,0.11189,0.569327,-1.19159,0.0972758,0.636372,-1.1094,0.207618,0.59459,-1.57383
-0.0696607,0.959285,-1.6839,0.11189,0.569327,-1.19159,0.0972758,0.636372,-1.1094,0.207618,0.59459,-1.57383
-0.0696607,0.959285,-1.6839,0.11189,0.569327,-1.19159,0.0972758,0.636372,-1.1094,0.207618,0.59459,-1.57383
-0.0696607,0.959285,-1.6839,0.11189,0.569327,-1.19159,0.0972758,0.636372,-1.1094,0.207618,0.59459,-1.57383
-0.0696607,0.959285,-1.6839,0.11189,0.569327,-1.19159,0.0972758,0.636372,-1.1094,0.207618,0.59459,-1.57383
-0.0696607,0.959285,-1.6839,0.11189,0.569327,-1.19159,0.0972758,0.636372,-1.1094,0.207618,0.59459,-1.57383
-0.0696607,0.959285,-1.6839,0.11189,0.569327,-1.19159,0.0972758,0.636372,-1.1094,0.207618,0.59459,-1.57383
-0.0696607,0.959285,-1.6839,0.11189,0.569327,-1.19159,0.0972758,0.636372,-1.1094,0.207618,0.59459,-1.57383
-0.0696607,0.959285,-1.6839,0.11189,0.569327,-1.19159,0.0972758,0.636372,-1.1094,0.207618,0.59459,-1.57383
-0.0282362,0.798429,-1.43938,0.0671025,0.718118,-1.44661,0.0132562,0.656088,-1.30934,-0.00046111,0.637398,-1.4913
-0.0282362,0.798429,-1.43938,0.0671025,0.718118,-1.44661,0.0132562,0.656088,-1.30934,-0.00046111,0.637398,-1.4913
-0.0282362,0.798429,-1.43938,0.0671025,0.718118,-1.44661,0.0132562,0.656088,-1.30934,-0.00046111,0.637398,-1.4913
-0.0282362,0.798429,-1.43938,0.0671025,0.718118,-1.44661,0.0132562,0.656088,-1.30934,-0.00046111,0.637398,-1.4913
-0.0282362,0.798429,-1.43938,0.0671025,0.718118,-1.44661,0.0132562,0.656088,-1.30934,-0.00046111,0.637398,-1.4913
-0.0282362,0.798429,-1.43938,0.0671025,0.718118,-1.44661,0.0132562,0.656088,-1.30934,-0.00046111,0.637398,-1.4913
-0.0282362,0.798429,-1.43938,0.0671025,0.718118,-1.44661,0.0132562,0.656088,-1.30934,-0.00046111,0.637398,-1.4913
-0.0282362,0.798429,-1.43938,0.0671025,0.718118,-1.44661,0.0132562,0.656088,-1.30934,-0.00046111,0.637398,-1.4913
-0.0282362,0.798429,-1.43938,0.0671025,0.718118,-1.44661,0.0132562,0.656088,-1.30934,-0.00046111,0.637398,-1.4913
0.0715495,0.581255,-1.02675,0.115701,0.852378,-1.73679,-0.0642282,0.695381,-1.52586,-0.0988194,0.56966,-1.15864
0.0715495,0.581255,-1.02675,0.115701,0.852378,-1.73679,-0.0642282,0.695381,-1.52586,-0.0988194,0.56966,-1.15864
0.0715495,0.581255,-1.02675,0.115701,0.852378,-1.73679,-0.0642282,0.695381,-1.52586,-0.0988194,0.56966,-1.15864
0.0715495,0.581255,-1.02675,0.115701,0.852378,-1.73679,-0.0642282,0.695381,-1.52586,-0.0988194,0.56966,-1.15864
0.0715495,0.581255,-1.02675,0.115701,0.852378,-1.73679,-0.0642282,0.695381,-1.52586,-0.0988194,0.56966,-1.15864
0.0715495,0.581255,-1.02675,0.115701,0.852378,-1.73679,-0.0642282,0.695381,-1.52586,-0.0988194,0.56966,-1.15864
0.0715495,0.581255,-1.02675,0.115701,0.852378,-1.73679,-0.0642282,0.695381,-1.52586,-0.0988194,0.56966,-1.15864
0.0715495,0.581255,-1.02675,0.115701,0.852378,-1.73679,-0.0642282,0.695381,-1.52586,-0.0988194,0.56966,-1.15864
0.0715495,0.581255,-1.02675,0.115701,0.852378,-1.73679,-0.0642282,0.695381,-1.52586,-0.0988194,0.56966,-1.15864
0.0715495,0.581255,-1.02675,0.115701,0.852378,-1.73679,-0.0642282,0.695381,-1.52586,-0.0988194,0.56966,-1.15864
0.0715495,0.581255,-1.02675,0.115701,0.852378,-1.73679,-0.0642282,0.695381,-1.52586,-0.0988194,0.56966,-1.15864
0.0715495,0.581255,-1.02675,0.115701,0.852378,-1.73679,-0.0642282,0.695381,-1.52586,-0.0988194,0.56966,-1.15864
0.172118,0.469889,-0.884579,0.149985,0.918075,-1.81153,-0.118697,0.721702,-1.61424,-0.146701,0.553291,-0.995028
0.172118,0.469889,-0.884579,0.149985,0.918075,-1.81153,-0.118697,0.721702,-1.61424,-0.146701,0.553291,-0.995028
0.172118,0.469889,-0.884579,0.149985,0.918075,-1.81153,-0.118697,0.721702,-1.61424,-0.146701,0.553291,-0.995028
0.172118,0.469889,-0.884579,0.149985,0.918075,-1.81153,-0.118697,0.721702,-1.61424,-0.146701,0.553291,-0.995028
0.172118,0.469889,-0.884579,0.149985,0.918075,-1.81153,-0.118697,0.721702,-1.61424,-0.146701,0.553291,-0.995028
0.172118,0.469889,-0.884579,0.149985,0.918075,-1.81153,-0.118697,0.721702,-1.61424,-0.146701,0.553291,-0.995028
0.172118,0.469889,-0.884579,0.149985,0.918075,-1.81153,-0.118697,0.721702,-1.61424,-0.146701,0.553291,-0.995028
0.172118,0.469889,-0.884579,0.149985,0.918075,-1.81153,-0.118697,0.721702,-1.61424,-0.146701,0.553291,-0.995028
0.172118,0.469889,-0.884579,0.149985,0.918075,-1.81153,-0.118697,0.721702,-1.61424,-0.146701,0.553291,-0.995028
0.172118,0.469889,-0.884579,0.149985,0.918075,-1.81153,-0.118697,0.721702,-1.61424,-0.146701,0.553291,-0.995028
0.172118,0.469889,-0.884579,0.149985,0.918075,-1.81153,-0.118697,0.721702,-1.61424,-0.146701,0.553291,-0.995028
0.257375,0.430551,-0.856451,0.133495,0.954086,-1.78643,-0.148269,0.73941,-1.65486,-0.185765,0.544622,-0.984636
0.257375,0.430551,-0.856451,0.133495,0.954086,-1.78643,-0.148269,0.73941,-1.65486,-0.185765,0.544622,-0.984636
0.257375,0.430551,-0.856451,0.133495,0.954086,-1.78643,-0.148269,0.73941,-1.65486,-0.185765,0.544622,-0.984636
0.257375,0.430551,-0.856451,0.133495,0.954086,-1.78643,-0.148269,0.73941,-1.65486,-0.185765,0.544622,-0.984636
0.257375,0.430551,-0.856451,0.133495,0.954086,-1.78643,-0.148269,0.73941,-1.65486,-0.185765,0.544622,-0.984636
0.257375,0.430551,-0.856451,0.133495,0.954086,-1.78643,-0.148269,0.73941,-1.65486,-0.185765,0.544622,-0.984636
0.257375,0.430551,-0.856451,0.133495,0.954086,-1.78643,-0.148269,0.73941,-1.65486,-0.185765,0.544622,-0.984636
0.257375,0.430551,-0.856451,0.133495,0.954086,-1.78643,-0.148269,0.73941,-1.65486,-0.185765,0.544622,-0.984636
0.27975,0.437452,-0.889472,0.112525,0.98504,-1.72459,-0.178396,0.741112,-1.65881,-0.199869,0.516118,-1.06933
0.27975,0.437452,-0.889472,0.112525,0.98504,-1.72459,-0.178396,0.741112,-1.65881,-0.199869,0.516118,-1.06933
0.27975,0.437452,-0.889472,0.112525,0.98504,-1.72459,-0.178396,0.741112,-1.65881,-0.199869,0.516118,-1.06933
0.27975,0.437452,-0.889472,0.112525,0.98504,-1.72459,-0.178396,0.741112,-1.65881,-0.199869,0.516118,-1.06933
0.27975,0.437452,-0.889472,0.112525,0.98504,-1.72459,-0.178396,0.741112,-1.65881,-0.199869,0.516118,-1.06933
0.27975,0.437452,-0.889472,0.112525,0.98504,-1.72459,-0.178396,0.741112,-1.65881,-0.199869,0.516118,-1.06933
0.27975,0.437452,-0.889472,0.112525,0.98504,-1.72459,-0.178396,0.741112,-1.65881,-0.199869,0.516118,-1.06933
0.27975,0.437452,-0.889472,0.112525,0.98504,-1.72459,-0.178396,0.741112,-1.65881,-0.199869,0.516118,-1.06933
0.27975,0.437452,-0.889472,0.112525,0.98504,-1.72459,-0.178396,0.741112,-1.65881,-0.199869,0.516118,-1.06933
0.27975,0.437452,-0.889472,0.112525,0.98504,-1.72459,-0.178396,0.741112,-1.65881,-0.199869,0.516118,-1.06933
0.259894,0.452744,-0.946737,0.0950217,0.9967,-1.69013,-0.180324,0.728908,-1.63043,-0.193265,0.50883,-1.17212
0.259894,0.452744,-0.946737,0.0950217,0.9967,-1.69013,-0.180324,0.728908,-1.63043,-0.193265,0.50883,-1.17212
0.259894,0.452744,-0.946737,0.0950217,0.9967,-1.69013,-0.180324,0.728908,-1.63043,-0.193265,0.50883,-1.17212
0.259894,0.452744,-0.946737,0.0950217,0.9967,-1.69013,-0.180324,0.728908,-1.63043,-0.193265,0.50883,-1.17212
0.259894,0.452744,-0.946737,0.0950217,0.9967,-1.69013,-0.180324,0.728908,-1.63043,-0.193265,0.50883,-1.17212
0.259894,0.452744,-0.946737,0.0950217,0.9967,-1.69013,-0.180324,0.728908,-1.63043,-0.193265,0.50883,-1.17212
0.259894,0.452744,-0.946737,0.0950217,0.9967,-1.69013,-0.180324,0.728908,-1.63043,-0.193265,0.50883,-1.17212
0.259894,0.452744,-0.946737,0.0950217,0.9967,-1.69013,-0.180324,0.728908,-1.63043,-0.193265,0.50883,-1.17212
0.259894,0.452744,-0.946737,0.0950217,0.9967,-1.69013,-0.180324,0.728908,-1.63043,-0.193265,0.50883,-1.17212
0.259894,0.452744,-0.946737,0.0950217,0.9967,-1.69013,-0.180324,0.728908,-1.63043,-0.193265,0.50883,-1.17212
0.259894,0.452744,-0.946737,0.0950217,0.9967,-1.69013,-0.180324,0.728908,-1.63043,-0.193265,0.50883,-1.17212
0.259894,0.452744,-0.946737,0.0950217,0.9967,-1.69013,-0.180324,0.728908,-1.63043,-0.193265,0.50883,-1.17212
0.23963,0.457438,-0.979732,0.0837737,0.970438,-1.65892,-0.176628,0.712322,-1.56849,-0.167608,0.547898,-1.19779
0.23963,0.457438,-0.979732,0.0837737,0.970438,-1.65892,-0.176628,0.712322,-1.56849,-0.167608,0.547898,-1.19779
0.23963,0.457438,-0.979732,0.0837737,0.970438,-1.65892,-0.176628,0.712322,-1.56849,-0.167608,0.547898,-1.19779
0.23963,0.457438,-0.979732,0.0837737,0.970438,-1.65892,-0.176628,0.712322,-1.56849,-0.167608,0.547898,-1.19779
0.23963,0.457438,-0.979732,0.0837737,0.970438,-1.65892,-0.176628,0.712322,-1.56849,-0.167608,0.547898,-1.19779
0.23963,0.457438,-0.979732,0.0837737,0.970438,-1.65892,-0.176628,0.712322,-1.56849,-0.167608,0.547898,-1.19779
0.23963,0.457438,-0.979732,0.0837737,0.970438,-1.65892,-0.176628,0.712322,-1.56849,-0.167608,0.547898,-1.19779
0.23963,0.457438,-0.979732,0.0837737,0.970438,-1.65892,-0.176628,0.712322,-1.56849,-0.167608,0.547898,-1.19779
0.23963,0.457438,-0.979732,0.0837737,0.970438,-1.65892,-0.176628,0.712322,-1.56849,-0.167608,0.547898,-1.19779
0.23963,0.457438,-0.979732,0.0837737,0.970438,-1.65892,-0.176628,0.712322,-1.56849,-0.167608,0.547898,-1.19779
0.23963,0.457542,-0.986316,0.0825972,0.922564,-1.63146,-0.166703,0.638625,-1.50014,-0.110441,0.616676,-1.15438
0.198331,0.457542,-0.986316,0.0825972,0.922564,-1.63146,-0.166703,0.638625,-1.50014,-0.110441,0.616676,-1.15438
0.198331,0.457542,-0.986316,0.0825972,0.922564,-1.63146,-0.166703,0.638625,-1.50014,-0.110441,0.616676,-1.15438
0.198331,0.457542,-0.986316,0.0825972,0.922564,-1.63146,-0.166703,0.638625,-1.50014,-0.110441,0.616676,-1.15438
0.198331,0.457542,-0.986316,0.0825972,0.922564,-1.63146,-0.166703,0.638625,-1.50014,-0.110441,0.616676,-1.15438
0.198331,0.457542,-0.986316,0.0825972,0.922564,-1.63146,-0.166703,0.638625,-1.50014,-0.110441,0.616676,-1.15438
0.198331,0.457542,-0.986316,0.0825972,0.922564,-1.63146,-0.166703,0.638625,-1.50014,-0.110441,0.616676,-1.15438
0.198331,0.457542,-0.986316,0.0825972,0.922564,-1.63146,-0.166703,0.638625,-1.50014,-0.110441,0.616676,-1.15438
0.15485,0.495326,-1.04992,0.105726,0.945752,-1.51755,-0.0678687,0.604688,-1.40893,-0.0167269,0.648001,-1.1586
0.15485,0.495326,-1.04992,0.105726,0.945752,-1.51755,-0.0678687,0.604688,-1.40893,-0.0167269,0.648001,-1.1586
0.15485,0.495326,-1.04992,0.105726,0.945752,-1.51755,-0.0678687,0.604688,-1.40893,-0.0167269,0.648001,-1.1586
0.15485,0.495326,-1.04992,0.105726,0.945752,-1.51755,-0.0678687,0.604688,-1.40893,-0.0167269,0.648001,-1.1586
0.15485,0.495326,-1.04992,0.105726,0.945752,-1.51755,-0.0678687,0.604688,-1.40893,-0.0167269,0.648001,-1.1586
0.15485,0.495326,-1.04992,0.105726,0.945752,-1.51755,-0.0678687,0.604688,-1.40893,-0.0167269,0.648001,-1.1586
0.15485,0.495326,-1.04992,0.105726,0.945752,-1.51755,-0.0678687,0.604688,-1.40893,-0.0167269,0.648001,-1.1586
0.15485,0.495326,-1.04992,0.105726,0.945752,-1.51755,-0.0678687,0.604688,-1.40893,-0.0167269,0.648001,-1.1586
0.15485,0.495326,-1.04992,0.105726,0.945752,-1.51755,-0.0678687,0.604688,-1.40893,-0.0167269,0.648001,-1.1586
0.15485,0.495326,-1.04992,0.105726,0.945752,-1.51755,-0.0678687,0.604688,-1.40893,-0.0167269,0.648001,-1.1586
0.15485,0.495326,-1.04992,0.105726,0.945752,-1.51755,-0.0678687,0.604688,-1.40893,-0.0167269,0.648001,-1.1586
0.0168864,0.696817,-1.51848,-0.0377946,0.762319,-1.0563,0.177041,0.560131,-0.929596,0.187162,0.664227,-1.5929
0.0168864,0.696817,-1.51848,-0.0377946,0.762319,-1.0563,0.177041,0.560131,-0.929596,0.187162,0.664227,-1.5929
0.0168864,0.696817,-1.51848,-0.0377946,0.762319,-1.0563,0.177041,0.560131,-0.929596,0.187162,0.664227,-1.5929
0.0168864,0.696817,-1.51848,-0.0377946,0.762319,-1.0563,0.177041,0.560131,-0.929596,0.187162,0.664227,-1.5929
0.0168864,0.696817,-1.51848,-0.0377946,0.762319,-1.0563,0.177041,0.560131,-0.929596,0.187162,0.664227,-1.5929
0.0168864,0.696817,-1.51848,-0.0377946,0.762319,-1.0563,0.177041,0.560131,-0.929596,0.187162,0.664227,-1.5929
0.0168864,0.696817,-1.51848,-0.0377946,0.762319,-1.0563,0.177041,0.560131,-0.929596,0.187162,0.664227,-1.5929
0.0168864,0.696817,-1.51848,-0.0377946,0.762319,-1.0563,0.177041,0.560131,-0.929596,0.187162,0.664227,-1.5929
0.0168864,0.696817,-1.51848,-0.0377946,0.762319,-1.0563,0.177041,0.560131,-0.929596,0.187162,0.664227,-1.5929
-0.0348265,0.873753,-1.70682,-0.0798268,0.615471,-0.865835,0.272873,0.632205,-0.773891,0.249719,0.711704,-1.71234
-0.0348265,0.873753,-1.70682,-0.0798268,0.615471,-0.865835,0.272873,0.632205,-0.773891,0.249719,0.711704,-1.71234
-0.0348265,0.873753,-1.70682,-0.0798268,0.615471,-0.865835,0.272873,0.632205,-0.773891,0.249719,0.711704,-1.71234
-0.0348265,0.873753,-1.70682,-0.0798268,0.615471,-0.865835,0.272873,0.632205,-0.773891,0.249719,0.711704,-1.71234
-0.0348265,0.873753,-1.70682,-0.0798268,0.615471,-0.865835,0.272873,0.632205,-0.773891,0.249719,0.711704,-1.71234
-0.0348265,0.873753,-1.70682,-0.0798268,0.615471,-0.865835,0.272873,0.632205,-0.773891,0.249719,0.711704,-1.71234
-0.0348265,0.873753,-1.70682,-0.0798268,0.615471,-0.865835,0.272873,0.632205,-0.773891,0.249719,0.711704,-1.71234
-0.0348265,0.873753,-1.70682,-0.0798268,0.615471,-0.865835,0.272873,0.632205,-0.773891,0.249719,0.711704,-1.71234
-0.0348265,0.873753,-1.70682,-0.0798268,0.615471,-0.865835,0.272873,0.632205,-0.773891,0.249719,0.711704,-1.71234
-0.0348265,0.873753,-1.70682,-0.0798268,0.615471,-0.865835,0.272873,0.632205,-0.773891,0.249719,0.711704,-1.71234
-0.0598341,0.928504,-1.7364,-0.0856293,0.556449,-0.884132,0.28995,0.674653,-0.839865,0.286493,0.679531,-1.71542
-0.0598341,0.928504,-1.7364,-0.0856293,0.556449,-0.884132,0.28995,0.674653,-0.839865,0.286493,0.679531,-1.71542
-0.0598341,0.928504,-1.7364,-0.0856293,0.556449,-0.884132,0.28995,0.674653,-0.839865,0.286493,0.679531,-1.71542
-0.0598341,0.928504,-1.7364,-0.0856293,0.556449,-0.884132,0.28995,0.674653,-0.839865,0.286493,0.679531,-1.71542
-0.0598341,0.928504,-1.7364,-0.0856293,0.556449,-0.884132,0.28995,0.674653,-0.839865,0.286493,0.679531,-1.71542
-0.0598341,0.928504,-1.7364,-0.0856293,0.556449,-0.884132,0.28995,0.674653,-0.839865,0.286493,0.679531,-1.71542
-0.0598341,0.928504,-1.7364,-0.0856293,0.556449,-0.884132,0.28995,0.674653,-0.839865,0.286493,0.679531,-1.71542
-0.0598341,0.928504,-1.7364,-0.0856293,0.556449,-0.884132,0.28995,0.674653,-0.839865,0.286493,0.679531,-1.71542
-0.0598341,0.928504,-1.7364,-0.0856293,0.556449,-0.884132,0.28995,0.674653,-0.839865,0.286493,0.679531,-1.71542
-0.0598341,0.928504,-1.7364,-0.0856293,0.556449,-0.884132,0.28995,0.674653,-0.839865,0.286493,0.679531,-1.71542
-0.0598341,0.928504,-1.7364,-0.0856293,0.556449,-0.884132,0.28995,0.674653,-0.839865,0.286493,0.679531,-1.71542
-0.0598341,0.928504,-1.7364,-0.0856293,0.556449,-0.884132,0.28995,0.674653,-0.839865,0.286493,0.679531,-1.71542
-0.063987,0.94245,-1.7162,-0.0657791,0.576492,-1.008,0.283072,0.676471,-0.92267,0.304515,0.660213,-1.66269
-0.063987,0.94245,-1.7162,-0.0657791,0.576492,-1.008,0.283072,0.676471,-0.92267,0.304515,0.660213,-1.66269
-0.063987,0.94245,-1.7162,-0.0657791,0.576492,-1.008,0.283072,0.676471,-0.92267,0.304515,0.660213,-1.66269
-0.063987,0.94245,-1.7162,-0.0657791,0.576492,-1.008,0.283072,0.676471,-0.92267,0.304515,0.660213,-1.66269
-0.063987,0.94245,-1.7162,-0.0657791,0.576492,-1.008,0.283072,0.676471,-0.92267,0.304515,0.660213,-1.66269
-0.063987,0.94245,-1.7162,-0.0657791,0.576492,-1.008,0.283072,0.676471,-0.92267,0.304515,0.660213,-1.66269
-0.063987,0.94245,-1.7162,-0.0657791,0.576492,-1.008,0.283072,0.676471,-0.92267,0.304515,0.660213,-1.66269
-0.063987,0.94245,-1.7162,-0.0657791,0.576492,-1.008,0.283072,0.676471,-0.92267,0.304515,0.660213,-1.66269
-0.063987,0.94245,-1.7162,-0.0657791,0.576492,-1.008,0.283072,0.676471,-0.92267,0.304515,0.660213,-1.66269
-0.063987,0.94245,-1.7162,-0.0657791,0.576492,-1.008,0.283072,0.676471,-0.92267,0.304515,0.660213,-1.66269
-0.063987,0.94245,-1.7162,-0.0657791,0.576492,-1.008,0.283072,0.676471,-0.92267,0.304515,0.660213,-1.66269
-0.0568479,0.9474,-1.68915,-0.0202982,0.600866,-1.14093,0.260451,0.671736,-1.01788,0.285385,0.647032,-1.60981
-0.0568479,0.9474,-1.68915,-0.0202982,0.600866,-1.14093,0.260451,0.671736,-1.01788,0.285385,0.647032,-1.60981
-0.0568479,0.9474,-1.68915,-0.0202982,0.600866,-1.14093,0.260451,0.671736,-1.01788,0.285385,0.647032,-1.60981
-0.0568479,0.9474,-1.68915,-0.0202982,0.600866,-1.14093,0.260451,0.671736,-1.01788,0.285385,0.647032,-1.60981
-0.0568479,0.9474,-1.68915,-0.0202982,0.600866,-1.14093,0.260451,0.671736,-1.01788,0.285385,0.647032,-1.60981
-0.0568479,0.9474,-1.68915,-0.0202982,0.600866,-1.14093,0.260451,0.671736,-1.01788,0.285385,0.647032,-1.60981
-0.0568479,0.9474,-1.68915,-0.0202982,0.600866,-1.14093,0.260451,0.671736,-1.01788,0.285385,0.647032,-1.60981
-0.0632192,0.964192,-1.69012,0.0234039,0.585717,-1.21237,0.220817,0.655542,-1.06752,0.267783,0.638607,-1.58982
-0.0632192,0.964192,-1.69012,0.0234039,0.585717,-1.21237,0.220817,0.655542,-1.06752,0.267783,0.638607,-1.58982
-0.0632192,0.964192,-1.69012,0.0234039,0.585717,-1.21237,0.220817,0.655542,-1.06752,0.267783,0.638607,-1.58982
-0.0632192,0.964192,-1.69012,0.0234039,0.585717,-1.21237,0.220817,0.655542,-1.06752,0.267783,0.638607,-1.58982
-0.0632192,0.964192,-1.69012,0.0234039,0.585717,-1.21237,0.220817,0.655542,-1.06752,0.267783,0.638607,-1.58982
-0.0632192,0.964192,-1.69012,0.0234039,0.585717,-1.21237,0.220817,0.655542,-1.06752,0.267783,0.638607,-1.58982
-0.0632192,0.964192,-1.69012,0.0234039,0.585717,-1.21237,0.220817,0.655542,-1.06752,0.267783,0.638607,-1.58982
-0.0632192,0.964192,-1.69012,0.0234039,0.585717,-1.21237,0.220817,0.655542,-1.06752,0.267783,0.638607,-1.58982
-0.0632192,0.964192,-1.69012,0.0234039,0.585717,-1.21237,0.220817,0.655542,-1.06752,0.267783,0.638607,-1.58982
-0.0632192,0.964192,-1.69012,0.0234039,0.585717,-1.21237,0.220817,0.655542,-1.06752,0.267783,0.638607,-1.58982
-0.0670201,0.975979,-1.6986,0.0773707,0.56495,-1.19697,0.148523,0.639648,-1.08293,0.24573,0.613282,-1.59361
-0.0670201,0.975979,-1.6986,0.0773707,0.56495,-1.19697,0.148523,0.639648,-1.08293,0.24573,0.613282,-1.59361
-0.0670201,0.975979,-1.6986,0.0773707,0.56495,-1.19697,0.148523,0.639648,-1.08293,0.24573,0.613282,-1.59361
-0.0670201,0.975979,-1.6986,0.0773707,0.56495,-1.19697,0.148523,0.639648,-1.08293,0.24573,0.613282,-1.59361
-0.0670201,0.975979,-1.6986,0.0773707,0.56495,-1.19697,0.148523,0.639648,-1.08293,0.24573,0.613282,-1.59361
-0.0670201,0.975979,-1.6986,0.0773707,0.56495,-1.19697,0.148523,0.639648,-1.08293,0.24573,0.613282,-1.59361
-0.0670201,0.975979,-1.6986,0.0773707,0.56495,-1.19697,0.148523,0.639648,-1.08293,0.24573,0.613282,-1.59361
-0.0670201,0.975979,-1.6986,0.0773707,0.56495,-1.19697,0.148523,0.639648,-1.08293,0.24573,0.613282,-1.59361
-0.0670201,0.975979,-1.6986,0.0773707,0.56495,-1.19697,0.148523,0.639648,-1.08293,0.24573,0.613282,-1.59361
-0.0808237,0.937278,-1.6549,0.114219,0.583245,-1.22183,0.0702931,0.632684,-1.13342,0.16247,0.613891,-1.53614
-0.0808237,0.937278,-1.6549,0.114219,0.583245,-1.22183,0.0702931,0.632684,-1.13342,0.16247,0.613891,-1.53614
-0.0808237,0.937278,-1.6549,0.114219,0.583245,-1.22183,0.0702931,0.632684,-1.13342,0.16247,0.613891,-1.53614
-0.0808237,0.937278,-1.6549,0.114219,0.583245,-1.22183,0.0702931,0.632684,-1.13342,0.16247,0.613891,-1.53614
-0.0808237,0.937278,-1.6549,0.114219,0.583245,-1.22183,0.0702931,0.632684,-1.13342,0.16247,0.613891,-1.53614
-0.0808237,0.937278,-1.6549,0.114219,0.583245,-1.22183,0.0702931,0.632684,-1.13342,0.16247,0.613891,-1.53614
-0.0808237,0.937278,-1.6549,0.114219,0.583245,-1.22183,0.0702931,0.632684,-1.13342,0.16247,0.613891,-1.53614
-0.0808237,0.937278,-1.6549,0.114219,0.583245,-1.22183,0.0702931,0.632684,-1.13342,0.16247,0.613891,-1.53614
-0.0808237,0.937278,-1.6549,0.114219,0.583245,-1.22183,0.0702931,0.632684,-1.13342,0.16247,0.613891,-1.53614
-0.0808237,0.937278,-1.6549,0.114219,0.583245,-1.22183,0.0702931,0.632684,-1.13342,0.16247,0.613891,-1.53614
-0.0808237,0.937278,-1.6549,0.114219,0.583245,-1.22183,0.0702931,0.632684,-1.13342,0.16247,0.613891,-1.53614
-0.0808237,0.937278,-1.6549,0.114219,0.583245,-1.22183,0.0702931,0.632684,-1.13342,0.16247,0.613891,-1.53614
-0.0808237,0.937278,-1.6549,0.114219,0.583245,-1.22183,0.0702931,0.632684,-1.13342,0.16247,0.613891,-1.53614
-0.0808237,0.937278,-1.6549,0.114219,0.583245,-1.22183,0.0702931,0.632684,-1.13342,0.16247,0.613891,-1.53614
0.0476895,0.686401,-1.21388,0.0921922,0.755294,-1.57355,-0.0254819,0.654791,-1.41253,-0.0514543,0.611859,-1.38404
0.0476895,0.686401,-1.21388,0.0921922,0.755294,-1.57355,-0.0254819,0.654791,-1.41253,-0.0514543,0.611859,-1.38404
0.0476895,0.686401,-1.21388,0.0921922,0.755294,-1.57355,-0.0254819,0.654791,-1.41253,-0.0514543,0.611859,-1.38404
0.0476895,0.686401,-1.21388,0.0921922,0.755294,-1.57355,-0.0254819,0.654791,-1.41253,-0.0514543,0.611859,-1.38404
0.0476895,0.686401,-1.21388,0.0921922,0.755294,-1.57355,-0.0254819,0.654791,-1.41253,-0.0514543,0.611859,-1.38404
0.0476895,0.686401,-1.21388,0.0921922,0.755294,-1.57355,-0.0254819,0.654791,-1.41253,-0.0514543,0.611859,-1.38404
0.0476895,0.686401,-1.21388,0.0921922,0.755294,-1.57355,-0.0254819,0.654791,-1.41253,-0.0514543,0.611859,-1.38404
0.0476895,0.686401,-1.21388,0.0921922,0.755294,-1.57355,-0.0254819,0.654791,-1.41253,-0.0514543,0.611859,-1.38404
0.0476895,0.686401,-1.21388,0.0921922,0.755294,-1.57355,-0.0254819,0.654791,-1.41253,-0.0514543,0.611859,-1.38404
0.109453,0.533891,-0.936145,0.145546,0.885964,-1.77364,-0.0742908,0.700499,-1.55793,-0.112788,0.556194,-1.08365
0.109453,0.533891,-0.936145,0.145546,0.885964,-1.77364,-0.0742908,0.700499,-1.55793,-0.112788,0.556194,-1.08365
0.109453,0.533891,-0.936145,0.145546,0.885964,-1.77364,-0.0742908,0.700499,-1.55793,-0.112788,0.556194,-1.08365
0.109453,0.533891,-0.936145,0.145546,0.885964,-1.77364,-0.0742908,0.700499,-1.55793,-0.112788,0.556194,-1.08365
0.109453,0.533891,-0.936145,0.145546,0.885964,-1.77364,-0.0742908,0.700499,-1.55793,-0.112788,0.556194,-1.08365
0.109453,0.533891,-0.936145,0.145546,0.885964,-1.77364,-0.0742908,0.700499,-1.55793,-0.112788,0.556194,-1.08365
0.109453,0.533891,-0.936145,0.145546,0.885964,-1.77364,-0.0742908,0.700499,-1.55793,-0.112788,0.556194,-1.08365
0.109453,0.533891,-0.936145,0.145546,0.885964,-1.77364,-0.0742908,0.700499,-1.55793,-0.112788,0.556194,-1.08365
0.109453,0.533891,-0.936145,0.145546,0.885964,-1.77364,-0.0742908,0.700499,-1.55793,-0.112788,0.556194,-1.08365
0.109453,0.533891,-0.936145,0.145546,0.885964,-1.77364,-0.0742908,0.700499,-1.55793,-0.112788,0.556194,-1.08365
0.109453,0.533891,-0.936145,0.145546,0.885964,-1.77364,-0.0742908,0.700499,-1.55793,-0.112788,0.556194,-1.08365
0.109453,0.533891,-0.936145,0.145546,0.885964,-1.77364,-0.0742908,0.700499,-1.55793,-0.112788,0.556194,-1.08365
0.210931,0.44272,-0.857441,0.160543,0.931115,-1.81008,-0.122981,0.72609,-1.63082,-0.162859,0.56034,-0.979252
0.210931,0.44272,-0.857441,0.160543,0.931115,-1.81008,-0.122981,0.72609,-1.63082,-0.162859,0.56034,-0.979252
0.210931,0.44272,-0.857441,0.160543,0.931115,-1.81008,-0.122981,0.72609,-1.63082,-0.162859,0.56034,-0.979252
0.210931,0.44272,-0.857441,0.160543,0.931115,-1.81008,-0.122981,0.72609,-1.63082,-0.162859,0.56034,-0.979252
0.210931,0.44272,-0.857441,0.160543,0.931115,-1.81008,-0.122981,0.72609,-1.63082,-0.162859,0.56034,-0.979252
0.210931,0.44272,-0.857441,0.160543,0.931115,-1.81008,-0.122981,0.72609,-1.63082,-0.162859,0.56034,-0.979252
0.210931,0.44272,-0.857441,0.160543,0.931115,-1.81008,-0.122981,0.72609,-1.63082,-0.162859,0.56034,-0.979252
0.210931,0.44272,-0.857441,0.160543,0.931115,-1.81008,-0.122981,0.72609,-1.63082,-0.162859,0.56034,-0.979252
0.274072,0.431198,-0.861219,0.135387,0.96378,-1.76277,-0.153691,0.741374,-1.65719,-0.192273,0.538513,-1.00925
0.274072,0.431198,-0.861219,0.135387,0.96378,-1.76277,-0.153691,0.741374,-1.65719,-0.192273,0.538513,-1.00925
0.274072,0.431198,-0.861219,0.135387,0.96378,-1.76277,-0.153691,0.741374,-1.65719,-0.192273,0.538513,-1.00925
0.274072,0.431198,-0.861219,0.135387,0.96378,-1.76277,-0.153691,0.741374,-1.65719,-0.192273,0.538513,-1.00925
0.274072,0.431198,-0.861219,0.135387,0.96378,-1.76277,-0.153691,0.741374,-1.65719,-0.192273,0.538513,-1.00925
0.274072,0.431198,-0.861219,0.135387,0.96378,-1.76277,-0.153691,0.741374,-1.65719,-0.192273,0.538513,-1.00925
0.274072,0.431198,-0.861219,0.135387,0.96378,-1.76277,-0.153691,0.741374,-1.65719,-0.192273,0.538513,-1.00925
0.274072,0.431198,-0.861219,0.135387,0.96378,-1.76277,-0.153691,0.741374,-1.65719,-0.192273,0.538513,-1.00925
0.274072,0.431198,-0.861219,0.135387,0.96378,-1.76277,-0.153691,0.741374,-1.65719,-0.192273,0.538513,-1.00925
0.276818,0.450302,-0.910137,0.111655,0.990885,-1.70985,-0.179089,0.739899,-1.65069,-0.198759,0.508395,-1.10933
0.276818,0.450302,-0.910137,0.111655,0.990885,-1.70985,-0.179089,0.739899,-1.65069,-0.198759,0.508395,-1.10933
0.276818,0.450302,-0.910137,0.111655,0.990885,-1.70985,-0.179089,0.739899,-1.65069,-0.198759,0.508395,-1.10933
0.276818,0.450302,-0.910137,0.111655,0.990885,-1.70985,-0.179089,0.739899,-1.65069,-0.198759,0.508395,-1.10933
0.276818,0.450302,-0.910137,0.111655,0.990885,-1.70985,-0.179089,0.739899,-1.65069,-0.198759,0.508395,-1.10933
0.276818,0.450302,-0.910137,0.111655,0.990885,-1.70985,-0.179089,0.739899,-1.65069,-0.198759,0.508395,-1.10933
0.276818,0.450302,-0.910137,0.111655,0.990885,-1.70985,-0.179089,0.739899,-1.65069,-0.198759,0.508395,-1.10933
0.276818,0.450302,-0.910137,0.111655,0.990885,-1.70985,-0.179089,0.739899,-1.65069,-0.198759,0.508395,-1.10933
0.276818,0.450302,-0.910137,0.111655,0.990885,-1.70985,-0.179089,0.739899,-1.65069,-0.198759,0.508395,-1.10933
0.276818,0.450302,-0.910137,0.111655,0.990885,-1.70985,-0.179089,0.739899,-1.65069,-0.198759,0.508395,-1.10933
0.258082,0.460802,-0.968652,0.092041,0.990394,-1.68011,-0.178639,0.731211,-1.61089,-0.184043,0.518859,-1.19549
0.258082,0.460802,-0.968652,0.092041,0.990394,-1.68011,-0.178639,0.731211,-1.61089,-0.184043,0.518859,-1.19549
0.258082,0.460802,-0.968652,0.092041,0.990394,-1.68011,-0.178639,0.731211,-1.61089,-0.184043,0.518859,-1.19549
0.258082,0.460802,-0.968652,0.092041,0.990394,-1.68011,-0.178639,0.731211,-1.61089,-0.184043,0.518859,-1.19549
0.258082,0.460802,-0.968652,0.092041,0.990394,-1.68011,-0.178639,0.731211,-1.61089,-0.184043,0.518859,-1.19549
0.258082,0.460802,-0.968652,0.092041,0.990394,-1.68011,-0.178639,0.731211,-1.61089,-0.184043,0.518859,-1.19549
0.258082,0.460802,-0.968652,0.092041,0.990394,-1.68011,-0.178639,0.731211,-1.61089,-0.184043,0.518859,-1.19549
0.258082,0.460802,-0.968652,0.092041,0.990394,-1.68011,-0.178639,0.731211,-1.61089,-0.184043,0.518859,-1.19549
0.258082,0.460802,-0.968652,0.092041,0.990394,-1.68011,-0.178639,0.731211,-1.61089,-0.184043,0.518859,-1.19549
0.231791,0.459437,-0.984527,0.0795901,0.954647,-1.6495,-0.177256,0.696886,-1.54819,-0.150965,0.571014,-1.19195
0.231791,0.459437,-0.984527,0.0795901,0.954647,-1.6495,-0.177256,0.696886,-1.54819,-0.150965,0.571014,-1.19195
0.231791,0.459437,-0.984527,0.0795901,0.954647,-1.6495,-0.177256,0.696886,-1.54819,-0.150965,0.571014,-1.19195
0.231791,0.459437,-0.984527,0.0795901,0.954647,-1.6495,-0.177256,0.696886,-1.54819,-0.150965,0.571014,-1.19195
0.231791,0.459437,-0.984527,0.0795901,0.954647,-1.6495,-0.177256,0.696886,-1.54819,-0.150965,0.571014,-1.19195
0.231791,0.459437,-0.984527,0.0795901,0.954647,-1.6495,-0.177256,0.696886,-1.54819,-0.150965,0.571014,-1.19195
0.231791,0.459437,-0.984527,0.0795901,0.954647,-1.6495,-0.177256,0.696886,-1.54819,-0.150965,0.571014,-1.19195
0.231791,0.459437,-0.984527,0.0795901,0.954647,-1.6495,-0.177256,0.696886,-1.54819,-0.150965,0.571014,-1.19195
0.231791,0.459437,-0.984527,0.0795901,0.954647,-1.6495,-0.177256,0.696886,-1.54819,-0.150965,0.571014,-1.19195
0.231791,0.459437,-0.984527,0.0795901,0.954647,-1.6495,-0.177256,0.696886,-1.54819,-0.150965,0.571014,-1.19195
0.186144,0.463203,-0.996786,0.089576,0.924492,-1.61199,-0.149777,0.617907,-1.47494,-0.0851798,0.635223,-1.13762
0.186144,0.463203,-0.996786,0.089576,0.924492,-1.61199,-0.149777,0.617907,-1.47494,-0.0851798,0.635223,-1.13762
0.186144,0.463203,-0.996786,0.089576,0.924492,-1.61199,-0.149777,0.617907,-1.47494,-0.0851798,0.635223,-1.13762
0.186144,0.463203,-0.996786,0.089576,0.924492,-1.61199,-0.149777,0.617907,-1.47494,-0.0851798,0.635223,-1.13762
0.186144,0.463203,-0.996786,0.089576,0.924492,-1.61199,-0.149777,0.617907,-1.47494,-0.0851798,0.635223,-1.13762
0.186144,0.463203,-0.996786,0.089576,0.924492,-1.61199,-0.149777,0.617907,-1.47494,-0.0851798,0.635223,-1.13762
0.186144,0.463203,-0.996786,0.089576,0.924492,-1.61199,-0.149777,0.617907,-1.47494,-0.0851798,0.635223,-1.13762
0.186144,0.463203,-0.996786,0.089576,0.924492,-1.61199,-0.149777,0.617907,-1.47494,-0.0851798,0.635223,-1.13762
0.186144,0.463203,-0.996786,0.089576,0.924492,-1.61199,-0.149777,0.617907,-1.47494,-0.0851798,0.635223,-1.13762
0.186144,0.463203,-0.996786,0.089576,0.924492,-1.61199,-0.149777,0.617907,-1.47494,-0.0851798,0.635223,-1.13762
0.186144,0.463203,-0.996786,0.089576,0.924492,-1.61199,-0.149777,0.617907,-1.47494,-0.0851798,0.635223,-1.13762
0.186144,0.463203,-0.996786,0.089576,0.924492,-1.61199,-0.149777,0.617907,-1.47494,-0.0851798,0.635223,-1.13762
0.186144,0.463203,-0.996786,0.089576,0.924492,-1.61199,-0.149777,0.617907,-1.47494,-0.0851798,0.635223,-1.13762
0.10355,0.559339,-1.19716,0.0811427,0.924967,-1.39672,0.00797982,0.599236,-1.32148,0.0542871,0.645243,-1.30096
0.10355,0.559339,-1.19716,0.0811427,0.924967,-1.39672,0.00797982,0.599236,-1.32148,0.0542871,0.645243,-1.30096
0.10355,0.559339,-1.19716,0.0811427,0.924967,-1.39672,0.00797982,0.599236,-1.32148,0.0542871,0.645243,-1.30096
0.10355,0.559339,-1.19716,0.0811427,0.924967,-1.39672,0.00797982,0.599236,-1.32148,0.0542871,0.645243,-1.30096
0.10355,0.559339,-1.19716,0.0811427,0.924967,-1.39672,0.00797982,0.599236,-1.32148,0.0542871,0.645243,-1.30096
0.10355,0.559339,-1.19716,0.0811427,0.924967,-1.39672,0.00797982,0.599236,-1.32148,0.0542871,0.645243,-1.30096
0.10355,0.559339,-1.19716,0.0811427,0.924967,-1.39672,0.00797982,0.599236,-1.32148,0.0542871,0.645243,-1.30096
0.10355,0.559339,-1.19716,0.0811427,0.924967,-1.39672,0.00797982,0.599236,-1.32148,0.0542871,0.645243,-1.30096
0.10355,0.559339,-1.19716,0.0811427,0.924967,-1.39672,0.00797982,0.599236,-1.32148,0.0542871,0.645243,-1.30096
0.10355,0.559339,-1.19716,0.0811427,0.924967,-1.39672,0.00797982,0.599236,-1.32148,0.0542871,0.645243,-1.30096
-0.00337772,0.775465,-1.60362,-0.0729671,0.702535,-0.995944,0.217238,0.573746,-0.845724,0.212754,0.690038,-1.64641
-0.00337772,0.775465,-1.60362,-0.0729671,0.702535,-0.995944,0.217238,0.573746,-0.845724,0.212754,0.690038,-1.64641
-0.00337772,0.775465,-1.60362,-0.0729671,0.702535,-0.995944,0.217238,0.573746,-0.845724,0.212754,0.690038,-1.64641
-0.00337772,0.775465,-1.60362,-0.0729671,0.702535,-0.995944,0.217238,0.573746,-0.845724,0.212754,0.690038,-1.64641
-0.00337772,0.775465,-1.60362,-0.0729671,0.702535,-0.995944,0.217238,0.573746,-0.845724,0.212754,0.690038,-1.64641
-0.00337772,0.775465,-1.60362,-0.0729671,0.702535,-0.995944,0.217238,0.573746,-0.845724,0.212754,0.690038,-1.64641
-0.00337772,0.775465,-1.60362,-0.0729671,0.702535,-0.995944,0.217238,0.573746,-0.845724,0.212754,0.690038,-1.64641
-0.00337772,0.775465,-1.60362,-0.0729671,0.702535,-0.995944,0.217238,0.573746,-0.845724,0.212754,0.690038,-1.64641
-0.00337772,0.775465,-1.60362,-0.0729671,0.702535,-0.995944,0.217238,0.573746,-0.845724,0.212754,0.690038,-1.64641
-0.00337772,0.775465,-1.60362,-0.0729671,0.702535,-0.995944,0.217238,0.573746,-0.845724,0.212754,0.690038,-1.64641
-0.00337772,0.775465,-1.60362,-0.0729671,0.702535,-0.862726,0.27228,0.639983,-0.781103,0.258942,0.706823,-1.72058
-0.0491823,0.89743,-1.73168,-0.0852808,0.585429,-0.862726,0.27228,0.639983,-0.781103,0.258942,0.706823,-1.72058
-0.0491823,0.89743,-1.73168,-0.0852808,0.585429,-0.862726,0.27228,0.639983,-0.781103,0.258942,0.706823,-1.72058
-0.0491823,0.89743,-1.73168,-0.0852808,0.585429,-0.862726,0.27228,0.639983,-0.781103,0.258942,0.706823,-1.72058
-0.0491823,0.89743,-1.73168,-0.0852808,0.585429,-0.862726,0.27228,0.639983,-0.781103,0.258942,0.706823,-1.72058
-0.0491823,0.89743,-1.73168,-0.0852808,0.585429,-0.862726,0.27228,0.639983,-0.781103,0.258942,0.706823,-1.72058
-0.0491823,0.89743,-1.73168,-0.0852808,0.585429,-0.862726,0.27228,0.639983,-0.781103,0.258942,0.706823,-1.72058
-0.0491823,0.89743,-1.73168,-0.0852808,0.585429,-0.862726,0.27228,0.639983,-0.781103,0.258942,0.706823,-1.72058
-0.0662466,0.936053,-1.73958,-0.0829357,0.557245,-0.91714,0.287756,0.676798,-0.85861,0.295238,0.670695,-1.70378
-0.0662466,0.936053,-1.73958,-0.0829357,0.557245,-0.91714,0.287756,0.676798,-0.85861,0.295238,0.670695,-1.70378
-0.0662466,0.936053,-1.73958,-0.0829357,0.557245,-0.91714,0.287756,0.676798,-0.85861,0.295238,0.670695,-1.70378
-0.0662466,0.936053,-1.73958,-0.0829357,0.557245,-0.91714,0.287756,0.676798,-0.85861,0.295238,0.670695,-1.70378
-0.0662466,0.936053,-1.73958,-0.0829357,0.557245,-0.91714,0.287756,0.676798,-0.85861,0.295238,0.670695,-1.70378
-0.0662466,0.936053,-1.73958,-0.0829357,0.557245,-0.91714,0.287756,0.676798,-0.85861,0.295238,0.670695,-1.70378
-0.0662466,0.936053,-1.73958,-0.0829357,0.557245,-0.91714,0.287756,0.676798,-0.85861,0.295238,0.670695,-1.70378
-0.0662466,0.936053,-1.73958,-0.0829357,0.557245,-0.91714,0.287756,0.676798,-0.85861,0.295238,0.670695,-1.70378
-0.0662466,0.936053,-1.73958,-0.0829357,0.557245,-0.91714,0.287756,0.676798,-0.85861,0.295238,0.670695,-1.70378
-0.0662466,0.936053,-1.73958,-0.0829357,0.557245,-0.91714,0.287756,0.676798,-0.85861,0.295238,0.670695,-1.70378
-0.0662466,0.936053,-1.73958,-0.0829357,0.557245,-0.91714,0.287756,0.676798,-0.85861,0.295238,0.670695,-1.70378
-0.0623363,0.942126,-1.70807,-0.0507578,0.584281,-1.04906,0.269969,0.677901,-0.953356,0.299116,0.656118,-1.64159
-0.0623363,0.942126,-1.70807,-0.0507578,0.584281,-1.04906,0.269969,0.677901,-0.953356,0.299116,0.656118,-1.64159
-0.0623363,0.942126,-1.70807,-0.0507578,0.584281,-1.04906,0.269969,0.677901,-0.953356,0.299116,0.656118,-1.64159
-0.0623363,0.942126,-1.70807,-0.0507578,0.584281,-1.04906,0.269969,0.677901,-0.953356,0.299116,0.656118,-1.64159
-0.0623363,0.942126,-1.70807,-0.0507578,0.584281,-1.04906,0.269969,0.677901,-0.953356,0.299116,0.656118,-1.64159
-0.0623363,0.942126,-1.70807,-0.0507578,0.584281,-1.04906,0.269969,0.677901,-0.953356,0.299116,0.656118,-1.64159
-0.0623363,0.942126,-1.70807,-0.0507578,0.584281,-1.04906,0.269969,0.677901,-0.953356,0.299116,0.656118,-1.64159
-0.0623363,0.942126,-1.70807,-0.0507578,0.584281,-1.04906,0.269969,0.677901,-0.953356,0.299116,0.656118,-1.64159
-0.0623363,0.942126,-1.70807,-0.0507578,0.584281,-1.04906,0.269969,0.677901,-0.953356,0.299116,0.656118,-1.64159
-0.0623363,0.942126,-1.70807,-0.0507578,0.584281,-1.04906,0.269969,0.677901,-0.953356,0.299116,0.656118,-1.64159
-0.0589563,0.950899,-1.6858,-0.00435626,0.602321,-1.17396,0.248878,0.66578,-1.04107,0.275544,0.6421,-1.59628
-0.0589563,0.950899,-1.6858,-0.00435626,0.602321,-1.17396,0.248878,0.66578,-1.04107,0.275544,0.6421,-1.59628
-0.0589563,0.950899,-1.6858,-0.00435626,0.602321,-1.17396,0.248878,0.66578,-1.04107,0.275544,0.6421,-1.59628
-0.0589563,0.950899,-1.6858,-0.00435626,0.602321,-1.17396,0.248878,0.66578,-1.04107,0.275544,0.6421,-1.59628
-0.0589563,0.950899,-1.6858,-0.00435626,0.602321,-1.17396,0.248878,0.66578,-1.04107,0.275544,0.6421,-1.59628
-0.0589563,0.950899,-1.6858,-0.00435626,0.602321,-1.17396,0.248878,0.66578,-1.04107,0.275544,0.6421,-1.59628
-0.0589563,0.950899,-1.6858,-0.00435626,0.602321,-1.17396,0.248878,0.66578,-1.04107,0.275544,0.6421,-1.59628
-0.0589563,0.950899,-1.6858,-0.00435626,0.602321,-1.17396,0.248878,0.66578,-1.04107,0.275544,0.6421,-1.59628
-0.0589563,0.950899,-1.6858,-0.00435626,0.602321,-1.17396,0.248878,0.66578,-1.04107,0.275544,0.6421,-1.59628
-0.0589563,0.950899,-1.6858,-0.00435626,0.602321,-1.17396,0.248878,0.66578,-1.04107,0.275544,0.6421,-1.59628
-0.0674793,0.969184,-1.69825,0.0403913,0.578656,-1.212,0.201424,0.646283,-1.07202,0.259413,0.630515,-1.58923
-0.0674793,0.969184,-1.69825,0.0403913,0.578656,-1.212,0.201424,0.646283,-1.07202,0.259413,0.630515,-1.58923
-0.0674793,0.969184,-1.69825,0.0403913,0.578656,-1.212,0.201424,0.646283,-1.07202,0.259413,0.630515,-1.58923
-0.0674793,0.969184,-1.69825,0.0403913,0.578656,-1.212,0.201424,0.646283,-1.07202,0.259413,0.630515,-1.58923
-0.0674793,0.969184,-1.69825,0.0403913,0.578656,-1.212,0.201424,0.646283,-1.07202,0.259413,0.630515,-1.58923
-0.0674793,0.969184,-1.69825,0.0403913,0.578656,-1.212,0.201424,0.646283,-1.07202,0.259413,0.630515,-1.58923
-0.0674793,0.969184,-1.69825,0.0403913,0.578656,-1.212,0.201424,0.646283,-1.07202,0.259413,0.630515,-1.58923
-0.0674793,0.969184,-1.69825,0.0403913,0.578656,-1.212,0.201424,0.646283,-1.07202,0.259413,0.630515,-1.58923
-0.0674793,0.969184,-1.69825,0.0403913,0.578656,-1.212,0.201424,0.646283,-1.07202,0.259413,0.630515,-1.58923
-0.0674793,0.969184,-1.69825,0.0403913,0.578656,-1.212,0.201424,0.646283,-1.07202,0.259413,0.630515,-1.58923
-0.0693823,0.971774,-1.69492,0.0954948,0.566089,-1.19058,0.126547,0.640679,-1.08729,0.231441,0.596987,-1.58789
-0.0693823,0.971774,-1.69492,0.0954948,0.566089,-1.19058,0.126547,0.640679,-1.08729,0.231441,0.596987,-1.58789
-0.0693823,0.971774,-1.69492,0.0954948,0.566089,-1.19058,0.126547,0.640679,-1.08729,0.231441,0.596987,-1.58789
-0.0693823,0.971774,-1.69492,0.0954948,0.566089,-1.19058,0.126547,0.640679,-1.08729,0.231441,0.596987,-1.58789
-0.0693823,0.971774,-1.69492,0.0954948,0.566089,-1.19058,0.126547,0.640679,-1.08729,0.231441,0.596987,-1.58789
-0.0693823,0.971774,-1.69492,0.0954948,0.566089,-1.19058,0.126547,0.640679,-1.08729,0.231441,0.596987,-1.58789
-0.0693823,0.971774,-1.69492,0.0954948,0.566089,-1.19058,0.126547,0.640679,-1.08729,0.231441,0.596987,-1.58789
-0.0693823,0.971774,-1.69492,0.0954948,0.566089,-1.19058,0.126547,0.640679,-1.08729,0.231441,0.596987,-1.58789
-0.0693823,0.971774,-1.69492,0.0954948,0.566089,-1.19058,0.126547,0.640679,-1.08729,0.231441,0.596987,-1.58789
-0.0748237,0.886996,-1.58796,0.0900157,0.644929,-1.31233,0.0407039,0.636129,-1.19064,0.0883479,0.63769,-1.49577
-0.0748237,0.886996,-1.58796,0.0900157,0.644929,-1.31233,0.0407039,0.636129,-1.19064,0.0883479,0.63769,-1.49577
-0.0748237,0.886996,-1.58796,0.0900157,0.644929,-1.31233,0.0407039,0.636129,-1.19064,0.0883479,0.63769,-1.49577
-0.0748237,0.886996,-1.58796,0.0900157,0.644929,-1.31233,0.0407039,0.636129,-1.19064,0.0883479,0.63769,-1.49577
-0.0748237,0.886996,-1.58796,0.0900157,0.644929,-1.31233,0.0407039,0.636129,-1.19064,0.0883479,0.63769,-1.49577
-0.0748237,0.886996,-1.58796,0.0900157,0.644929,-1.31233,0.0407039,0.636129,-1.19064,0.0883479,0.63769,-1.49577
-0.0748237,0.886996,-1.58796,0.0900157,0.644929,-1.31233,0.0407039,0.636129,-1.19064,0.0883479,0.63769,-1.49577
-0.0748237,0.886996,-1.58796,0.0900157,0.644929,-1.31233,0.0407039,0.636129,-1.19064,0.0883479,0.63769,-1.49577
-0.0748237,0.886996,-1.58796,0.0900157,0.644929,-1.31233,0.0407039,0.636129,-1.19064,0.0883479,0.63769,-1.49577
-0.0748237,0.886996,-1.58796,0.0900157,0.644929,-1.31233,0.0407039,0.636129,-1.19064,0.0883479,0.63769,-1.49577
-0.0748237,0.886996,-1.58796,0.0900157,0.644929,-1.31233,0.0407039,0.636129,-1.19064,0.0883479,0.63769,-1.49577
0.0707718,0.60024,-1.05857,0.112455,0.801825,-1.67964,-0.0563396,0.668708,-1.48869,-0.0854237,0.597653,-1.23398
0.0707718,0.60024,-1.05857,0.112455,0.801825,-1.67964,-0.0563396,0.668708,-1.48869,-0.0854237,0.597653,-1.23398
0.0707718,0.60024,-1.05857,0.112455,0.801825,-1.67964,-0.0563396,0.668708,-1.48869,-0.0854237,0.597653,-1.23398
0.0707718,0.60024,-1.05857,0.112455,0.801825,-1.67964,-0.0563396,0.668708,-1.48869,-0.0854237,0.597653,-1.23398
0.0707718,0.60024,-1.05857,0.112455,0.801825,-1.67964,-0.0563396,0.668708,-1.48869,-0.0854237,0.597653,-1.23398
0.0707718,0.60024,-1.05857,0.112455,0.801825,-1.67964,-0.0563396,0.668708,-1.48869,-0.0854237,0.597653,-1.23398
0.0707718,0.60024,-1.05857,0.112455,0.801825,-1.67964,-0.0563396,0.668708,-1.48869,-0.0854237,0.597653,-1.23398
0.0707718,0.60024,-1.05857,0.112455,0.801825,-1.67964,-0.0563396,0.668708,-1.48869,-0.0854237,0.597653,-1.23398
0.0707718,0.60024,-1.05857,0.112455,0.801825,-1.67964,-0.0563396,0.668708,-1.48869,-0.0854237,0.597653,-1.23398
0.151024,0.48517,-0.872444,0.154503,0.904056,-1.80069,-0.0961397,0.704891,-1.5961,-0.134326,0.558448,-1.01578
0.151024,0.48517,-0.872444,0.154503,0.904056,-1.80069,-0.0961397,0.704891,-1.5961,-0.134326,0.558448,-1.01578
0.151024,0.48517,-0.872444,0.154503,0.904056,-1.80069,-0.0961397,0.704891,-1.5961,-0.134326,0.558448,-1.01578
0.151024,0.48517,-0.872444,0.154503,0.904056,-1.80069,-0.0961397,0.704891,-1.5961,-0.134326,0.558448,-1.01578
0.151024,0.48517,-0.872444,0.154503,0.904056,-1.80069,-0.0961397,0.704891,-1.5961,-0.134326,0.558448,-1.01578
0.151024,0.48517,-0.872444,0.154503,0.904056,-1.80069,-0.0961397,0.704891,-1.5961,-0.134326,0.558448,-1.01578
0.151024,0.48517,-0.872444,0.154503,0.904056,-1.80069,-0.0961397,0.704891,-1.5961,-0.134326,0.558448,-1.01578
0.151024,0.48517,-0.872444,0.154503,0.904056,-1.80069,-0.0961397,0.704891,-1.5961,-0.134326,0.558448,-1.01578
0.151024,0.48517,-0.872444,0.154503,0.904056,-1.80069,-0.0961397,0.704891,-1.5961,-0.134326,0.558448,-1.01578
0.151024,0.48517,-0.872444,0.154503,0.904056,-1.80069,-0.0961397,0.704891,-1.5961,-0.134326,0.558448,-1.01578
0.243758,0.427659,-0.840905,0.150054,0.942459,-1.80054,-0.132258,0.730393,-1.64671,-0.179104,0.557669,-0.972811
0.243758,0.427659,-0.840905,0.150054,0.942459,-1.80054,-0.132258,0.730393,-1.64671,-0.179104,0.557669,-0.972811
0.243758,0.427659,-0.840905,0.150054,0.942459,-1.80054,-0.132258,0.730393,-1.64671,-0.179104,0.557669,-0.972811
0.243758,0.427659,-0.840905,0.150054,0.942459,-1.80054,-0.132258,0.730393,-1.64671,-0.179104,0.557669,-0.972811
0.243758,0.427659,-0.840905,0.150054,0.942459,-1.80054,-0.132258,0.730393,-1.64671,-0.179104,0.557669,-0.972811
0.243758,0.427659,-0.840905,0.150054,0.942459,-1.80054,-0.132258,0.730393,-1.64671,-0.179104,0.557669,-0.972811
0.243758,0.427659,-0.840905,0.150054,0.942459,-1.80054,-0.132258,0.730393,-1.64671,-0.179104,0.557669,-0.972811
0.243758,0.427659,-0.840905,0.150054,0.942459,-1.80054,-0.132258,0.730393,-1.64671,-0.179104,0.557669,-0.972811
0.243758,0.427659,-0.840905,0.150054,0.942459,-1.80054,-0.132258,0.730393,-1.64671,-0.179104,0.557669,-0.972811
0.243758,0.427659,-0.840905,0.150054,0.942459,-1.80054,-0.132258,0.730393,-1.64671,-0.179104,0.557669,-0.972811
0.281965,0.431074,-0.870331,0.126618,0.975841,-1.74032,-0.165861,0.741278,-1.66096,-0.19738,0.525815,-1.04062
0.281965,0.431074,-0.870331,0.126618,0.975841,-1.74032,-0.165861,0.741278,-1.66096,-0.19738,0.525815,-1.04062
0.281965,0.431074,-0.870331,0.126618,0.975841,-1.74032,-0.165861,0.741278,-1.66096,-0.19738,0.525815,-1.04062
0.281965,0.431074,-0.870331,0.126618,0.975841,-1.74032,-0.165861,0.741278,-1.66096,-0.19738,0.525815,-1.04062
0.281965,0.431074,-0.870331,0.126618,0.975841,-1.74032,-0.165861,0.741278,-1.66096,-0.19738,0.525815,-1.04062
0.281965,0.431074,-0.870331,0.126618,0.975841,-1.74032,-0.165861,0.741278,-1.66096,-0.19738,0.525815,-1.04062
0.281965,0.431074,-0.870331,0.126618,0.975841,-1.74032,-0.165861,0.741278,-1.66096,-0.19738,0.525815,-1.04062
0.281965,0.431074,-0.870331,0.126618,0.975841,-1.74032,-0.165861,0.741278,-1.66096,-0.19738,0.525815,-1.04062
0.281965,0.431074,-0.870331,0.126618,0.975841,-1.74032,-0.165861,0.741278,-1.66096,-0.19738,0.525815,-1.04062
0.281965,0.431074,-0.870331,0.126618,0.975841,-1.74032,-0.165861,0.741278,-1.66096,-0.19738,0.525815,-1.04062
0.267078,0.454592,-0.929686,0.105303,0.997103,-1.69946,-0.180011,0.734405,-1.64451,-0.195606,0.50162,-1.1497
0.267078,0.454592,-0.929686,0.105303,0.997103,-1.69946,-0.180011,0.734405,-1.64451,-0.195606,0.50162,-1.1497
0.267078,0.454592,-0.929686,0.105303,0.997103,-1.69946,-0.180011,0.734405,-1.64451,-0.195606,0.50162,-1.1497
0.267078,0.454592,-0.929686,0.105303,0.997103,-1.69946,-0.180011,0.734405,-1.64451,-0.195606,0.50162,-1.1497
0.267078,0.454592,-0.929686,0.105303,0.997103,-1.69946,-0.180011,0.734405,-1.64451,-0.195606,0.50162,-1.1497
0.267078,0.454592,-0.929686,0.105303,0.997103,-1.69946,-0.180011,0.734405,-1.64451,-0.195606,0.50162,-1.1497
0.267078,0.454592,-0.929686,0.105303,0.997103,-1.69946,-0.180011,0.734405,-1.64451,-0.195606,0.50162,-1.1497
0.267078,0.454592,-0.929686,0.105303,0.997103,-1.69946,-0.180011,0.734405,-1.64451,-0.195606,0.50162,-1.1497
0.267078,0.454592,-0.929686,0.105303,0.997103,-1.69946,-0.180011,0.734405,-1.64451,-0.195606,0.50162,-1.1497
0.267078,0.454592,-0.929686,0.105303,0.997103,-1.69946,-0.180011,0.734405,-1.64451,-0.195606,0.50162,-1.1497
0.267078,0.454592,-0.929686,0.105303,0.997103,-1.69946,-0.180011,0.734405,-1.64451,-0.195606,0.50162,-1.1497
0.249778,0.464116,-0.979772,0.089088,0.984199,-1.66977,-0.177448,0.726079,-1.59176,-0.174725,0.530091,-1.20508
0.249778,0.464116,-0.979772,0.089088,0.984199,-1.66977,-0.177448,0.726079,-1.59176,-0.174725,0.530091,-1.20508
0.249778,0.464116,-0.979772,0.089088,0.984199,-1.66977,-0.177448,0.726079,-1.59176,-0.174725,0.530091,-1.20508
0.249778,0.464116,-0.979772,0.089088,0.984199,-1.66977,-0.177448,0.726079,-1.59176,-0.174725,0.530091,-1.20508
0.249778,0.464116,-0.979772,0.089088,0.984199,-1.66977,-0.177448,0.726079,-1.59176,-0.174725,0.530091,-1.20508
0.249778,0.464116,-0.979772,0.089088,0.984199,-1.66977,-0.177448,0.726079,-1.59176,-0.174725,0.530091,-1.20508
0.249778,0.464116,-0.979772,0.089088,0.984199,-1.66977,-0.177448,0.726079,-1.59176,-0.174725,0.530091,-1.20508
0.249778,0.464116,-0.979772,0.089088,0.984199,-1.66977,-0.177448,0.726079,-1.59176,-0.174725,0.530091,-1.20508
0.249778,0.464116,-0.979772,0.089088,0.984199,-1.66977,-0.177448,0.726079,-1.59176,-0.174725,0.530091,-1.20508
0.249778,0.464116,-0.979772,0.089088,0.984199,-1.66977,-0.177448,0.726079,-1.59176,-0.174725,0.530091,-1.20508
0.216352,0.461631,-0.986307,0.0781147,0.937368,-1.64286,-0.175084,0.670481,-1.52674,-0.130706,0.595756,-1.17684
0.216352,0.461631,-0.986307,0.0781147,0.937368,-1.64286,-0.175084,0.670481,-1.52674,-0.130706,0.595756,-1.17684
0.216352,0.461631,-0.986307,0.0781147,0.937368,-1.64286,-0.175084,0.670481,-1.52674,-0.130706,0.595756,-1.17684
0.216352,0.461631,-0.986307,0.0781147,0.937368,-1.64286,-0.175084,0.670481,-1.52674,-0.130706,0.595756,-1.17684
0.216352,0.461631,-0.986307,0.0781147,0.937368,-1.64286,-0.175084,0.670481,-1.52674,-0.130706,0.595756,-1.17684
0.216352,0.461631,-0.986307,0.0781147,0.937368,-1.64286,-0.175084,0.670481,-1.52674,-0.130706,0.595756,-1.17684
0.216352,0.461631,-0.986307,0.0781147,0.937368,-1.64286,-0.175084,0.670481,-1.52674,-0.130706,0.595756,-1.17684
0.216352,0.461631,-0.986307,0.0781147,0.937368,-1.64286,-0.175084,0.670481,-1.52674,-0.130706,0.595756,-1.17684
0.216352,0.461631,-0.986307,0.0781147,0.937368,-1.64286,-0.175084,0.670481,-1.52674,-0.130706,0.595756,-1.17684
0.216352,0.461631,-0.986307,0.0781147,0.937368,-1.64286,-0.175084,0.670481,-1.52674,-0.130706,0.595756,-1.17684
0.17443,0.475055,-1.01428,0.100069,0.935289,-1.58084,-0.117514,0.609447,-1.44759,-0.0550011,0.6471,-1.13105
0.17443,0.475055,-1.01428,0.100069,0.935289,-1.58084,-0.117514,0.609447,-1.44759,-0.0550011,0.6471,-1.13105
0.17443,0.475055,-1.01428,0.100069,0.935289,-1.58084,-0.117514,0.609447,-1.44759,-0.0550011,0.6471,-1.13105
0.17443,0.475055,-1.01428,0.100069,0.935289,-1.58084,-0.117514,0.609447,-1.44759,-0.0550011,0.6471,-1.13105
0.17443,0.475055,-1.01428,0.100069,0.935289,-1.58084,-0.117514,0.609447,-1.44759,-0.0550011,0.6471,-1.13105
0.17443,0.475055,-1.01428,0.100069,0.935289,-1.58084,-0.117514,0.609447,-1.44759,-0.0550011,0.6471,-1.13105
0.17443,0.475055,-1.01428,0.100069,0.935289,-1.58084,-0.117514,0.609447,-1.44759,-0.0550011,0.6471,-1.13105
0.17443,0.475055,-1.01428,0.100069,0.935289,-1.58084,-0.117514,0.609447,-1.44759,-0.0550011,0.6471,-1.13105
0.17443,0.475055,-1.01428,0.100069,0.935289,-1.58084,-0.117514,0.609447,-1.44759,-0.0550011,0.6471,-1.13105
0.17443,0.475055,-1.01428,0.100069,0.935289,-1.58084,-0.117514,0.609447,-1.44759,-0.0550011,0.6471,-1.13105
0.042432,0.629282,-1.38004,0.0168027,0.850418,-1.22655,0.108016,0.577755,-1.14995,0.134728,0.65331,-1.49426
0.042432,0.629282,-1.38004,0.0168027,0.850418,-1.22655,0.108016,0.577755,-1.14995,0.134728,0.65331,-1.49426
0.042432,0.629282,-1.38004,0.0168027,0.850418,-1.22655,0.108016,0.577755,-1.14995,0.134728,0.65331,-1.49426
0.042432,0.629282,-1.38004,0.0168027,0.850418,-1.22655,0.108016,0.577755,-1.14995,0.134728,0.65331,-1.49426
0.042432,0.629282,-1.38004,0.0168027,0.850418,-1.22655,0.108016,0.577755,-1.14995,0.134728,0.65331,-1.49426
0.042432,0.629282,-1.38004,0.0168027,0.850418,-1.22655,0.108016,0.577755,-1.14995,0.134728,0.65331,-1.49426
0.042432,0.629282,-1.38004,0.0168027,0.850418,-1.22655,0.108016,0.577755,-1.14995,0.134728,0.65331,-1.49426
0.042432,0.629282,-1.38004,0.0168027,0.850418,-1.22655,0.108016,0.577755,-1.14995,0.134728,0.65331,-1.49426
0.042432,0.629282,-1.38004,0.0168027,0.850418,-1.22655,0.108016,0.577755,-1.14995,0.134728,0.65331,-1.49426
0.042432,0.629282,-1.38004,0.0168027,0.850418,-1.22655,0.108016,0.577755,-1.14995,0.134728,0.65331,-1.49426
0.042432,0.629282,-1.38004,0.0168027,0.850418,-1.22655,0.108016,0.577755,-1.14995,0.134728,0.65331,-1.49426
-0.0167802,0.847084,-1.65884,-0.0723386,0.657429,-0.936543,0.252473,0.616705,-0.832158,0.229621,0.720428,-1.69715
-0.0167802,0.847084,-1.65884,-0.0723386,0.657429,-0.936543,0.252473,0.616705,-0.832158,0.229621,0.720428,-1.69715
-0.0167802,0.847084,-1.65884,-0.0723386,0.657429,-0.936543,0.252473,0.616705,-0.832158,0.229621,0.720428,-1.69715
-0.0167802,0.847084,-1.65884,-0.0723386,0.657429,-0.936543,0.252473,0.616705,-0.832158,0.229621,0.720428,-1.69715
-0.0167802,0.847084,-1.65884,-0.0723386,0.657429,-0.936543,0.252473,0.616705,-0.832158,0.229621,0.720428,-1.69715
-0.0167802,0.847084,-1.65884,-0.0723386,0.657429,-0.936543,0.252473,0.616705,-0.832158,0.229621,0.720428,-1.69715
-0.0167802,0.847084,-1.65884,-0.0723386,0.657429,-0.936543,0.252473,0.616705,-0.832158,0.229621,0.720428,-1.69715
-0.0167802,0.847084,-1.65884,-0.0723386,0.657429,-0.936543,0.252473,0.616705,-0.832158,0.229621,0.720428,-1.69715
-0.0167802,0.847084,-1.65884,-0.0723386,0.657429,-0.936543,0.252473,0.616705,-0.832158,0.229621,0.720428,-1.69715
-0.051734,0.922358,-1.73404,-0.0794086,0.568052,-0.883279,0.276557,0.654681,-0.831935,0.270052,0.70064,-1.72559
-0.051734,0.922358,-1.73404,-0.0794086,0.568052,-0.883279,0.276557,0.654681,-0.831935,0.270052,0.70064,-1.72559
-0.051734,0.922358,-1.73404,-0.0794086,0.568052,-0.883279,0.276557,0.654681,-0.831935,0.270052,0.70064,-1.72559
-0.051734,0.922358,-1.73404,-0.0794086,0.568052,-0.883279,0.276557,0.654681,-0.831935,0.270052,0.70064,-1.72559
-0.051734,0.922358,-1.73404,-0.0794086,0.568052,-0.883279,0.276557,0.654681,-0.831935,0.270052,0.70064,-1.72559
-0.051734,0.922358,-1.73404,-0.0794086,0.568052,-0.883279,0.276557,0.654681,-0.831935,0.270052,0.70064,-1.72559
-0.051734,0.922358,-1.73404,-0.0794086,0.568052,-0.883279,0.276557,0.654681,-0.831935,0.270052,0.70064,-1.72559
-0.051734,0.922358,-1.73404,-0.0794086,0.568052,-0.883279,0.276557,0.654681,-0.831935,0.270052,0.70064,-1.72559
-0.051734,0.922358,-1.73404,-0.0794086,0.568052,-0.883279,0.276557,0.654681,-0.831935,0.270052,0.70064,-1.72559
-0.051734,0.922358,-1.73404,-0.0794086,0.568052,-0.883279,0.276557,0.654681,-0.831935,0.270052,0.70064,-1.72559
-0.0639823,0.943247,-1.72967,-0.0699582,0.569815,-0.973824,0.282069,0.666624,-0.902218,0.302157,0.669142,-1.68842
-0.0639823,0.943247,-1.72967,-0.0699582,0.569815,-0.973824,0.282069,0.666624,-0.902218,0.302157,0.669142,-1.68842
-0.0639823,0.943247,-1.72967,-0.0699582,0.569815,-0.973824,0.282069,0.666624,-0.902218,0.302157,0.669142,-1.68842
-0.0639823,0.943247,-1.72967,-0.0699582,0.569815,-0.973824,0.282069,0.666624,-0.902218,0.302157,0.669142,-1.68842
-0.0639823,0.943247,-1.72967,-0.0699582,0.569815,-0.973824,0.282069,0.666624,-0.902218,0.302157,0.669142,-1.68842
-0.0639823,0.943247,-1.72967,-0.0699582,0.569815,-0.973824,0.282069,0.666624,-0.902218,0.302157,0.669142,-1.68842
-0.0639823,0.943247,-1.72967,-0.0699582,0.569815,-0.973824,0.282069,0.666624,-0.902218,0.302157,0.669142,-1.68842
-0.0639823,0.943247,-1.72967,-0.0699582,0.569815,-0.973824,0.282069,0.666624,-0.902218,0.302157,0.669142,-1.68842
-0.0639823,0.943247,-1.72967,-0.0699582,0.569815,-0.973824,0.282069,0.666624,-0.902218,0.302157,0.669142,-1.68842
-0.0639823,0.943247,-1.72967,-0.0699582,0.569815,-0.973824,0.282069,0.666624,-0.902218,0.302157,0.669142,-1.68842
-0.0559731,0.944805,-1.69753,-0.0308482,0.596663,-1.10377,0.257256,0.667213,-0.998654,0.295,0.655248,-1.62741
-0.0559731,0.944805,-1.69753,-0.0308482,0.596663,-1.10377,0.257256,0.667213,-0.998654,0.295,0.655248,-1.62741
-0.0559731,0.944805,-1.69753,-0.0308482,0.596663,-1.10377,0.257256,0.667213,-0.998654,0.295,0.655248,-1.62741
-0.0559731,0.944805,-1.69753,-0.0308482,0.596663,-1.10377,0.257256,0.667213,-0.998654,0.295,0.655248,-1.62741
-0.0559731,0.944805,-1.69753,-0.0308482,0.596663,-1.10377,0.257256,0.667213,-0.998654,0.295,0.655248,-1.62741
-0.0559731,0.944805,-1.69753,-0.0308482,0.596663,-1.10377,0.257256,0.667213,-0.998654,0.295,0.655248,-1.62741
-0.0559731,0.944805,-1.69753,-0.0308482,0.596663,-1.10377,0.257256,0.667213,-0.998654,0.295,0.655248,-1.62741
-0.0559731,0.944805,-1.69753,-0.0308482,0.596663,-1.10377,0.257256,0.667213,-0.998654,0.295,0.655248,-1.62741
-0.0559731,0.944805,-1.69753,-0.0308482,0.596663,-1.10377,0.257256,0.667213,-0.998654,0.295,0.655248,-1.62741
-0.0559731,0.944805,-1.69753,-0.0308482,0.596663,-1.10377,0.257256,0.667213,-0.998654,0.295,0.655248,-1.62741
-0.0559731,0.944805,-1.69753,-0.0308482,0.596663,-1.10377,0.257256,0.667213,-0.998654,0.295,0.655248,-1.62741
-0.0579912,0.957588,-1.68479,0.0117319,0.597244,-1.20059,0.23085,0.654526,-1.06333,0.273799,0.644016,-1.59337
-0.0579912,0.957588,-1.68479,0.0117319,0.597244,-1.20059,0.23085,0.654526,-1.06333,0.273799,0.644016,-1.59337
-0.0579912,0.957588,-1.68479,0.0117319,0.597244,-1.20059,0.23085,0.654526,-1.06333,0.273799,0.644016,-1.59337
-0.0579912,0.957588,-1.68479,0.0117319,0.597244,-1.20059,0.23085,0.654526,-1.06333,0.273799,0.644016,-1.59337
-0.0579912,0.957588,-1.68479,0.0117319,0.597244,-1.20059,0.23085,0.654526,-1.06333,0.273799,0.644016,-1.59337
-0.0579912,0.957588,-1.68479,0.0117319,0.597244,-1.20059,0.23085,0.654526,-1.06333,0.273799,0.644016,-1.59337
-0.0579912,0.957588,-1.68479,0.0117319,0.597244,-1.20059,0.23085,0.654526,-1.06333,0.273799,0.644016,-1.59337
-0.0579912,0.957588,-1.68479,0.0117319,0.597244,-1.20059,0.23085,0.654526,-1.06333,0.273799,0.644016,-1.59337
-0.0579912,0.957588,-1.68479,0.0117319,0.597244,-1.20059,0.23085,0.654526,-1.06333,0.273799,0.644016,-1.59337
-0.0579912,0.957588,-1.68479,0.0117319,0.597244,-1.20059,0.23085,0.654526,-1.06333,0.273799,0.644016,-1.59337
-0.0579912,0.957588,-1.68479,0.0117319,0.597244,-1.20059,0.23085,0.654526,-1.06333,0.273799,0.644016,-1.59337
-0.0579912,0.957588,-1.68479,0.0117319,0.597244,-1.20059,0.23085,0.654526,-1.06333,0.273799,0.644016,-1.59337
-0.0649577,0.974554,-1.70083,0.0595927,0.571351,-1.20434,0.173818,0.637766,-1.07885,0.254689,0.625351,-1.59527
-0.0649577,0.974554,-1.70083,0.0595927,0.571351,-1.20434,0.173818,0.637766,-1.07885,0.254689,0.625351,-1.59527
-0.0649577,0.974554,-1.70083,0.0595927,0.571351,-1.20434,0.173818,0.637766,-1.07885,0.254689,0.625351,-1.59527
-0.0649577,0.974554,-1.70083,0.0595927,0.571351,-1.20434,0.173818,0.637766,-1.07885,0.254689,0.625351,-1.59527
-0.0649577,0.974554,-1.70083,0.0595927,0.571351,-1.20434,0.173818,0.637766,-1.07885,0.254689,0.625351,-1.59527
-0.0649577,0.974554,-1.70083,0.0595927,0.571351,-1.20434,0.173818,0.637766,-1.07885,0.254689,0.625351,-1.59527
-0.0649577,0.974554,-1.70083,0.0595927,0.571351,-1.20434,0.173818,0.637766,-1.07885,0.254689,0.625351,-1.59527
-0.0649577,0.974554,-1.70083,0.0595927,0.571351,-1.20434,0.173818,0.637766,-1.07885,0.254689,0.625351,-1.59527
-0.0649577,0.974554,-1.70083,0.0595927,0.571351,-1.20434,0.173818,0.637766,-1.07885,0.254689,0.625351,-1.59527
-0.0649577,0.974554,-1.70083,0.0595927,0.571351,-1.20434,0.173818,0.637766,-1.07885,0.254689,0.625351,-1.59527
-0.0691553,0.959246,-1.68296,0.1116,0.570737,-1.19268,0.0981057,0.638141,-1.10801,0.208372,0.595301,-1.57469
-0.0691553,0.959246,-1.68296,0.1116,0.570737,-1.19268,0.0981057,0.638141,-1.10801,0.208372,0.595301,-1.57469
-0.0691553,0.959246,-1.68296,0.1116,0.570737,-1.19268,0.0981057,0.638141,-1.10801,0.208372,0.595301,-1.57469
-0.0691553,0.959246,-1.68296,0.1116,0.570737,-1.19268,0.0981057,0.638141,-1.10801,0.208372,0.595301,-1.57469
-0.0691553,0.959246,-1.68296,0.1116,0.570737,-1.19268,0.0981057,0.638141,-1.10801,0.208372,0.595301,-1.57469
-0.0691553,0.959246,-1.68296,0.1116,0.570737,-1.19268,0.0981057,0.638141,-1.10801,0.208372,0.595301,-1.57469
-0.0691553,0.959246,-1.68296,0.1116,0.570737,-1.19268,0.0981057,0.638141,-1.10801,0.208372,0.595301,-1.57469
-0.028495,0.799009,-1.43613,0.0676092,0.718479,-1.44795,0.0132666,0.656638,-1.30765,-0.00143892,0.637723,-1.49233
-0.028495,0.799009,-1.43613,0.0676092,0.718479,-1.44795,0.0132666,0.656638,-1.30765,-0.00143892,0.637723,-1.49233
-0.028495,0.799009,-1.43613,0.0676092,0.718479,-1.44795,0.0132666,0.656638,-1.30765,-0.00143892,0.637723,-1.49233
-0.028495,0.799009,-1.43613,0.0676092,0.718479,-1.44795,0.0132666,0.656638,-1.30765,-0.00143892,0.637723,-1.49233
-0.028495,0.799009,-1.43613,0.0676092,0.718479,-1.44795,0.0132666,0.656638,-1.30765,-0.00143892,0.637723,-1.49233
-0.028495,0.799009,-1.43613,0.0676092,0.718479,-1.44795,0.0132666,0.656638,-1.30765,-0.00143892,0.637723,-1.49233
-0.028495,0.799009,-1.43613,0.0676092,0.718479,-1.44795,0.0132666,0.656638,-1.30765,-0.00143892,0.637723,-1.49233
-0.028495,0.799009,-1.43613,0.0676092,0.718479,-1.44795,0.0132666,0.656638,-1.30765,-0.00143892,0.637723,-1.49233
-0.028495,0.799009,-1.43613,0.0676092,0.718479,-1.44795,0.0132666,0.656638,-1.30765,-0.00143892,0.637723,-1.49233
-0.028495,0.799009,-1.43613,0.0676092,0.718479,-1.44795,0.0132666,0.656638,-1.30765,-0.00143892,0.637723,-1.49233
-0.028495,0.799009,-1.43613,0.0676092,0.718479,-1.44795,0.0132666,0.656638,-1.30765,-0.00143892,0.637723,-1.49233
-0.028495,0.799009,-1.43613,0.0676092,0.718479,-1.44795,0.0132666,0.656638,-1.30765,-0.00143892,0.637723,-1.49233
0.0705986,0.58164,-1.02588,0.115262,0.852624,-1.73659,-0.0641015,0.696025,-1.52566,-0.098426,0.568313,-1.15943
0.0705986,0.58164,-1.02588,0.115262,0.852624,-1.73659,-0.0641015,0.696025,-1.52566,-0.098426,0.568313,-1.15943
0.0705986,0.58164,-1.02588,0.115262,0.852624,-1.73659,-0.0641015,0.696025,-1.52566,-0.098426,0.568313,-1.15943
0.0705986,0.58164,-1.02588,0.115262,0.852624,-1.73659,-0.0641015,0.696025,-1.52566,-0.098426,0.568313,-1.15943
0.0705986,0.58164,-1.02588,0.115262,0.852624,-1.73659,-0.0641015,0.696025,-1.52566,-0.098426,0.568313,-1.15943
0.0705986,0.58164,-1.02588,0.115262,0.852624,-1.73659,-0.0641015,0.696025,-1.52566,-0.098426,0.568313,-1.15943
0.0705986,0.58164,-1.02588,0.115262,0.852624,-1.73659,-0.0641015,0.696025,-1.52566,-0.098426,0.568313,-1.15943
0.0705986,0.58164,-1.02588,0.115262,0.852624,-1.73659,-0.0641015,0.696025,-1.52566,-0.098426,0.568313,-1.15943
0.0705986,0.58164,-1.02588,0.115262,0.852624,-1.73659,-0.0641015,0.696025,-1.52566,-0.098426,0.568313,-1.15943
0.171764,0.470897,-0.884834,0.148993,0.917884,-1.81072,-0.119384,0.721985,-1.61506,-0.145472,0.552249,-0.998059
0.171764,0.470897,-0.884834,0.148993,0.917884,-1.81072,-0.119384,0.721985,-1.61506,-0.145472,0.552249,-0.998059
0.171764,0.470897,-0.884834,0.148993,0.917884,-1.81072,-0.119384,0.721985,-1.61506,-0.145472,0.552249,-0.998059
0.171764,0.470897,-0.884834,0.148993,0.917884,-1.81072,-0.119384,0.721985,-1.61506,-0.145472,0.552249,-0.998059
0.171764,0.470897,-0.884834,0.148993,0.917884,-1.81072,-0.119384,0.721985,-1.61506,-0.145472,0.552249,-0.998059
0.171764,0.470897,-0.884834,0.148993,0.917884,-1.81072,-0.119384,0.721985,-1.61506,-0.145472,0.552249,-0.998059
0.171764,0.470897,-0.884834,0.148993,0.917884,-1.81072,-0.119384,0.721985,-1.61506,-0.145472,0.552249,-0.998059
0.171764,0.470897,-0.884834,0.148993,0.917884,-1.81072,-0.119384,0.721985,-1.61506,-0.145472,0.552249,-0.998059
0.171764,0.470897,-0.884834,0.148993,0.917884,-1.81072,-0.119384,0.721985,-1.61506,-0.145472,0.552249,-0.998059
0.171764,0.470897,-0.884834,0.148993,0.917884,-1.81072,-0.119384,0.721985,-1.61506,-0.145472,0.552249,-0.998059
0.257834,0.43141,-0.858672,0.13147,0.953819,-1.78434,-0.150328,0.741724,-1.65724,-0.184297,0.543147,-0.98927
0.257834,0.43141,-0.858672,0.13147,0.953819,-1.78434,-0.150328,0.741724,-1.65724,-0.184297,0.543147,-0.98927
0.257834,0.43141,-0.858672,0.13147,0.953819,-1.78434,-0.150328,0.741724,-1.65724,-0.184297,0.543147,-0.98927
0.257834,0.43141,-0.858672,0.13147,0.953819,-1.78434,-0.150328,0.741724,-1.65724,-0.184297,0.543147,-0.98927
0.257834,0.43141,-0.858672,0.13147,0.953819,-1.78434,-0.150328,0.741724,-1.65724,-0.184297,0.543147,-0.98927
0.257834,0.43141,-0.858672,0.13147,0.953819,-1.78434,-0.150328,0.741724,-1.65724,-0.184297,0.543147,-0.98927
0.257834,0.43141,-0.858672,0.13147,0.953819,-1.78434,-0.150328,0.741724,-1.65724,-0.184297,0.543147,-0.98927
0.257834,0.43141,-0.858672,0.13147,0.953819,-1.78434,-0.150328,0.741724,-1.65724,-0.184297,0.543147,-0.98927
0.281024,0.438156,-0.892349,0.109539,0.98497,-1.72187,-0.181507,0.745144,-1.66189,-0.198579,0.514041,-1.07468
0.281024,0.438156,-0.892349,0.109539,0.98497,-1.72187,-0.181507,0.745144,-1.66189,-0.198579,0.514041,-1.07468
0.281024,0.438156,-0.892349,0.109539,0.98497,-1.72187,-0.181507,0.745144,-1.66189,-0.198579,0.514041,-1.07468
0.281024,0.438156,-0.892349,0.109539,0.98497,-1.72187,-0.181507,0.745144,-1.66189,-0.198579,0.514041,-1.07468
0.281024,0.438156,-0.892349,0.109539,0.98497,-1.72187,-0.181507,0.745144,-1.66189,-0.198579,0.514041,-1.07468
0.281024,0.438156,-0.892349,0.109539,0.98497,-1.72187,-0.181507,0.745144,-1.66189,-0.198579,0.514041,-1.07468
0.281024,0.438156,-0.892349,0.109539,0.98497,-1.72187,-0.181507,0.745144,-1.66189,-0.198579,0.514041,-1.07468
0.281024,0.438156,-0.892349,0.109539,0.98497,-1.72187,-0.181507,0.745144,-1.66189,-0.198579,0.514041,-1.07468
0.281024,0.438156,-0.892349,0.109539,0.98497,-1.72187,-0.181507,0.745144,-1.66189,-0.198579,0.514041,-1.07468
0.281024,0.438156,-0.892349,0.109539,0.98497,-1.72187,-0.181507,0.745144,-1.66189,-0.198579,0.514041,-1.07468
0.261662,0.453528,-0.947288,0.0911029,0.997285,-1.68773,-0.184511,0.733808,-1.63436,-0.192262,0.506695,-1.17583
0.261662,0.453528,-0.947288,0.0911029,0.997285,-1.68773,-0.184511,0.733808,-1.63436,-0.192262,0.506695,-1.17583
0.261662,0.453528,-0.947288,0.0911029,0.997285,-1.68773,-0.184511,0.733808,-1.63436,-0.192262,0.506695,-1.17583
0.261662,0.453528,-0.947288,0.0911029,0.997285,-1.68773,-0.184511,0.733808,-1.63436,-0.192262,0.506695,-1.17583
0.261662,0.453528,-0.947288,0.0911029,0.997285,-1.68773,-0.184511,0.733808,-1.63436,-0.192262,0.506695,-1.17583
0.261662,0.453528,-0.947288,0.0911029,0.997285,-1.68773,-0.184511,0.733808,-1.63436,-0.192262,0.506695,-1.17583
0.261662,0.453528,-0.947288,0.0911029,0.997285,-1.68773,-0.184511,0.733808,-1.63436,-0.192262,0.506695,-1.17583
0.261662,0.453528,-0.947288,0.0911029,0.997285,-1.68773,-0.184511,0.733808,-1.63436,-0.192262,0.506695,-1.17583
0.261662,0.453528,-0.947288,0.0911029,0.997285,-1.68773,-0.184511,0.733808,-1.63436,-0.192262,0.506695,-1.17583
0.261662,0.453528,-0.947288,0.0911029,0.997285,-1.68773,-0.184511,0.733808,-1.63436,-0.192262,0.506695,-1.17583
0.261662,0.453528,-0.947288,0.0911029,0.997285,-1.68773,-0.184511,0.733808,-1.63436,-0.192262,0.506695,-1.17583
0.261662,0.453528,-0.947288,0.0911029,0.997285,-1.68773,-0.184511,0.733808,-1.63436,-0.192262,0.506695,-1.17583
0.261662,0.453528,-0.947288,0.0911029,0.997285,-1.68773,-0.184511,0.733808,-1.63436,-0.192262,0.506695,-1.17583
0.261662,0.453528,-0.947288,0.0911029,0.997285,-1.68773,-0.184511,0.733808,-1.63436,-0.192262,0.506695,-1.17583
0.242308,0.458819,-0.978552,0.0785652,0.970782,-1.6566,-0.180758,0.717452,-1.57213,-0.167389,0.546435,-1.20106
0.242308,0.458819,-0.978552,0.0785652,0.970782,-1.6566,-0.180758,0.717452,-1.57213,-0.167389,0.546435,-1.20106
0.242308,0.458819,-0.978552,0.0785652,0.970782,-1.6566,-0.180758,0.717452,-1.57213,-0.167389,0.546435,-1.20106
0.242308,0.458819,-0.978552,0.0785652,0.970782,-1.6566,-0.180758,0.717452,-1.57213,-0.167389,0.546435,-1.20106
0.242308,0.458819,-0.978552,0.0785652,0.970782,-1.6566,-0.180758,0.717452,-1.57213,-0.167389,0.546435,-1.20106
0.242308,0.458819,-0.978552,0.0785652,0.970782,-1.6566,-0.180758,0.717452,-1.57213,-0.167389,0.546435,-1.20106
0.242308,0.458819,-0.978552,0.0785652,0.970782,-1.6566,-0.180758,0.717452,-1.57213,-0.167389,0.546435,-1.20106
0.242308,0.458819,-0.978552,0.0785652,0.970782,-1.6566,-0.180758,0.717452,-1.57213,-0.167389,0.546435,-1.20106
0.242308,0.458819,-0.978552,0.0785652,0.970782,-1.6566,-0.180758,0.717452,-1.57213,-0.167389,0.546435,-1.20106
0.242308,0.458819,-0.978552,0.0785652,0.970782,-1.6566,-0.180758,0.717452,-1.57213,-0.167389,0.546435,-1.20106
0.242308,0.458819,-0.978552,0.0785652,0.970782,-1.6566,-0.180758,0.717452,-1.57213,-0.167389,0.546435,-1.20106
0.200609,0.459083,-0.982735,0.0761545,0.92145,-1.62978,-0.171152,0.643503,-1.50269,-0.11056,0.615725,-1.15711
0.200609,0.459083,-0.982735,0.0761545,0.92145,-1.62978,-0.171152,0.643503,-1.50269,-0.11056,0.615725,-1.15711
0.200609,0.459083,-0.982735,0.0761545,0.92145,-1.62978,-0.171152,0.643503,-1.50269,-0.11056,0.615725,-1.15711
0.200609,0.459083,-0.982735,0.0761545,0.92145,-1.62978,-0.171152,0.643503,-1.50269,-0.11056,0.615725,-1.15711
0.200609,0.459083,-0.982735,0.0761545,0.92145,-1.62978,-0.171152,0.643503,-1.50269,-0.11056,0.615725,-1.15711
0.200609,0.459083,-0.982735,0.0761545,0.92145,-1.62978,-0.171152,0.643503,-1.50269,-0.11056,0.615725,-1.15711
0.200609,0.459083,-0.982735,0.0761545,0.92145,-1.62978,-0.171152,0.643503,-1.50269,-0.11056,0.615725,-1.15711
0.200609,0.459083,-0.982735,0.0761545,0.92145,-1.62978,-0.171152,0.643503,-1.50269,-0.11056,0.615725,-1.15711
0.200609,0.459083,-0.982735,0.0761545,0.92145,-1.62978,-0.171152,0.643503,-1.50269,-0.11056,0.615725,-1.15711
0.155322,0.496286,-1.04599,0.100517,0.945346,-1.51779,-0.0720669,0.608866,-1.40981,-0.0178177,0.646329,-1.15887
0.155322,0.496286,-1.04599,0.100517,0.945346,-1.51779,-0.0720669,0.608866,-1.40981,-0.0178177,0.646329,-1.15887
0.155322,0.496286,-1.04599,0.100517,0.945346,-1.51779,-0.0720669,0.608866,-1.40981,-0.0178177,0.646329,-1.15887
0.155322,0.496286,-1.04599,0.100517,0.945346,-1.51779,-0.0720669,0.608866,-1.40981,-0.0178177,0.646329,-1.15887
0.155322,0.496286,-1.04599,0.100517,0.945346,-1.51779,-0.0720669,0.608866,-1.40981,-0.0178177,0.646329,-1.15887
0.155322,0.496286,-1.04599,0.100517,0.945346,-1.51779,-0.0720669,0.608866,-1.40981,-0.0178177,0.646329,-1.15887
0.155322,0.496286,-1.04599,0.100517,0.945346,-1.51779,-0.0720669,0.608866,-1.40981,-0.0178177,0.646329,-1.15887
0.155322,0.496286,-1.04599,0.100517,0.945346,-1.51779,-0.0720669,0.608866,-1.40981,-0.0178177,0.646329,-1.15887
0.155322,0.496286,-1.04599,0.100517,0.945346,-1.51779,-0.0720669,0.608866,-1.40981,-0.0178177,0.646329,-1.15887
0.0145992,0.697484,-1.51826,-0.0399421,0.767714,-1.06084,0.176452,0.563213,-0.92679,0.185853,0.664565,-1.59363
0.0145992,0.697484,-1.51826,-0.0399421,0.767714,-1.06084,0.176452,0.563213,-0.92679,0.185853,0.664565,-1.59363
0.0145992,0.697484,-1.51826,-0.0399421,0.767714,-1.06084,0.176452,0.563213,-0.92679,0.185853,0.664565,-1.59363
0.0145992,0.697484,-1.51826,-0.0399421,0.767714,-1.06084,0.176452,0.563213,-0.92679,0.185853,0.664565,-1.59363
0.0145992,0.697484,-1.51826,-0.0399421,0.767714,-1.06084,0.176452,0.563213,-0.92679,0.185853,0.664565,-1.59363
0.0145992,0.697484,-1.51826,-0.0399421,0.767714,-1.06084,0.176452,0.563213,-0.92679,0.185853,0.664565,-1.59363
0.0145992,0.697484,-1.51826,-0.0399421,0.767714,-1.06084,0.176452,0.563213,-0.92679,0.185853,0.664565,-1.59363
0.0145992,0.697484,-1.51826,-0.0399421,0.767714,-1.06084,0.176452,0.563213,-0.92679,0.185853,0.664565,-1.59363
0.0145992,0.697484,-1.51826,-0.0399421,0.767714,-1.06084,0.176452,0.563213,-0.92679,0.185853,0.664565,-1.59363
0.0145992,0.874084,-1.7064,-0.082694,0.621929,-0.869387,0.273559,0.634215,-0.769665,0.249632,0.713803,-1.71348
-0.0351839,0.874084,-1.7064,-0.082694,0.621929,-0.869387,0.273559,0.634215,-0.769665,0.249632,0.713803,-1.71348
-0.0351839,0.874084,-1.7064,-0.082694,0.621929,-0.869387,0.273559,0.634215,-0.769665,0.249632,0.713803,-1.71348
-0.0351839,0.874084,-1.7064,-0.082694,0.621929,-0.869387,0.273559,0.634215,-0.769665,0.249632,0.713803,-1.71348
-0.0351839,0.874084,-1.7064,-0.082694,0.621929,-0.869387,0.273559,0.634215,-0.769665,0.249632,0.713803,-1.71348
-0.0351839,0.874084,-1.7064,-0.082694,0.621929,-0.869387,0.273559,0.634215,-0.769665,0.249632,0.713803,-1.71348
-0.0351839,0.874084,-1.7064,-0.082694,0.621929,-0.869387,0.273559,0.634215,-0.769665,0.249632,0.713803,-1.71348
-0.0351839,0.874084,-1.7064,-0.082694,0.621929,-0.869387,0.273559,0.634215,-0.769665,0.249632,0.713803,-1.71348
-0.0351839,0.874084,-1.7064,-0.082694,0.621929,-0.869387,0.273559,0.634215,-0.769665,0.249632,0.713803,-1.71348
-0.0351839,0.874084,-1.7064,-0.082694,0.621929,-0.869387,0.273559,0.634215,-0.769665,0.249632,0.713803,-1.71348
-0.0351839,0.874084,-1.7064,-0.082694,0.621929,-0.869387,0.273559,0.634215,-0.769665,0.249632,0.713803,-1.71348
-0.0595474,0.928502,-1.73553,-0.0877575,0.561405,-0.883742,0.289943,0.677097,-0.835694,0.286938,0.682621,-1.71693
-0.0595474,0.928502,-1.73553,-0.0877575,0.561405,-0.883742,0.289943,0.677097,-0.835694,0.286938,0.682621,-1.71693
-0.0595474,0.928502,-1.73553,-0.0877575,0.561405,-0.883742,0.289943,0.677097,-0.835694,0.286938,0.682621,-1.71693
-0.0595474,0.928502,-1.73553,-0.0877575,0.561405,-0.883742,0.289943,0.677097,-0.835694,0.286938,0.682621,-1.71693
-0.0595474,0.928502,-1.73553,-0.0877575,0.561405,-0.883742,0.289943,0.677097,-0.835694,0.286938,0.682621,-1.71693
-0.0595474,0.928502,-1.73553,-0.0877575,0.561405,-0.883742,0.289943,0.677097,-0.835694,0.286938,0.682621,-1.71693
-0.0595474,0.928502,-1.73553,-0.0877575,0.561405,-0.883742,0.289943,0.677097,-0.835694,0.286938,0.682621,-1.71693
-0.0595474,0.928502,-1.73553,-0.0877575,0.561405,-0.883742,0.289943,0.677097,-0.835694,0.286938,0.682621,-1.71693
-0.0595474,0.928502,-1.73553,-0.0877575,0.561405,-0.883742,0.289943,0.677097,-0.835694,0.286938,0.682621,-1.71693
-0.0595474,0.928502,-1.73553,-0.0877575,0.561405,-0.883742,0.289943,0.677097,-0.835694,0.286938,0.682621,-1.71693
-0.0626044,0.94184,-1.71372,-0.0667214,0.579208,-1.00604,0.281795,0.678044,-0.921,0.30559,0.663334,-1.66431
-0.0626044,0.94184,-1.71372,-0.0667214,0.579208,-1.00604,0.281795,0.678044,-0.921,0.30559,0.663334,-1.66431
-0.0626044,0.94184,-1.71372,-0.0667214,0.579208,-1.00604,0.281795,0.678044,-0.921,0.30559,0.663334,-1.66431
-0.0626044,0.94184,-1.71372,-0.0667214,0.579208,-1.00604,0.281795,0.678044,-0.921,0.30559,0.663334,-1.66431
-0.0626044,0.94184,-1.71372,-0.0667214,0.579208,-1.00604,0.281795,0.678044,-0.921,0.30559,0.663334,-1.66431
-0.0626044,0.94184,-1.71372,-0.0667214,0.579208,-1.00604,0.281795,0.678044,-0.921,0.30559,0.663334,-1.66431
-0.0626044,0.94184,-1.71372,-0.0667214,0.579208,-1.00604,0.281795,0.678044,-0.921,0.30559,0.663334,-1.66431
-0.0626044,0.94184,-1.71372,-0.0667214,0.579208,-1.00604,0.281795,0.678044,-0.921,0.30559,0.663334,-1.66431
-0.0626044,0.94184,-1.71372,-0.0667214,0.579208,-1.00604,0.281795,0.678044,-0.921,0.30559,0.663334,-1.66431
-0.0544027,0.947231,-1.68447,-0.0216914,0.602343,-1.13965,0.258593,0.673357,-1.01894,0.287417,0.650877,-1.6119
-0.0544027,0.947231,-1.68447,-0.0216914,0.602343,-1.13965,0.258593,0.673357,-1.01894,0.287417,0.650877,-1.6119
-0.0544027,0.947231,-1.68447,-0.0216914,0.602343,-1.13965,0.258593,0.673357,-1.01894,0.287417,0.650877,-1.6119
-0.0544027,0.947231,-1.68447,-0.0216914,0.602343,-1.13965,0.258593,0.673357,-1.01894,0.287417,0.650877,-1.6119
-0.0544027,0.947231,-1.68447,-0.0216914,0.602343,-1.13965,0.258593,0.673357,-1.01894,0.287417,0.650877,-1.6119
-0.0544027,0.947231,-1.68447,-0.0216914,0.602343,-1.13965,0.258593,0.673357,-1.01894,0.287417,0.650877,-1.6119
-0.0544027,0.947231,-1.68447,-0.0216914,0.602343,-1.13965,0.258593,0.673357,-1.01894,0.287417,0.650877,-1.6119
-0.0544027,0.947231,-1.68447,-0.0216914,0.602343,-1.13965,0.258593,0.673357,-1.01894,0.287417,0.650877,-1.6119
-0.0544027,0.947231,-1.68447,-0.0216914,0.602343,-1.13965,0.258593,0.673357,-1.01894,0.287417,0.650877,-1.6119
-0.0544027,0.947231,-1.68447,-0.0216914,0.602343,-1.13965,0.258593,0.673357,-1.01894,0.287417,0.650877,-1.6119
-0.0544027,0.947231,-1.68447,-0.0216914,0.602343,-1.13965,0.258593,0.673357,-1.01894,0.287417,0.650877,-1.6119
-0.060313,0.96497,-1.68478,0.0219718,0.585926,-1.2089,0.219371,0.658401,-1.06916,0.27094,0.643287,-1.59274
-0.060313,0.96497,-1.68478,0.0219718,0.585926,-1.2089,0.219371,0.658401,-1.06916,0.27094,0.643287,-1.59274
-0.060313,0.96497,-1.68478,0.0219718,0.585926,-1.2089,0.219371,0.658401,-1.06916,0.27094,0.643287,-1.59274
-0.060313,0.96497,-1.68478,0.0219718,0.585926,-1.2089,0.219371,0.658401,-1.06916,0.27094,0.643287,-1.59274
-0.060313,0.96497,-1.68478,0.0219718,0.585926,-1.2089,0.219371,0.658401,-1.06916,0.27094,0.643287,-1.59274
-0.060313,0.96497,-1.68478,0.0219718,0.585926,-1.2089,0.219371,0.658401,-1.06916,0.27094,0.643287,-1.59274
-0.060313,0.96497,-1.68478,0.0219718,0.585926,-1.2089,0.219371,0.658401,-1.06916,0.27094,0.643287,-1.59274
-0.060313,0.96497,-1.68478,0.0219718,0.585926,-1.2089,0.219371,0.658401,-1.06916,0.27094,0.643287,-1.59274
-0.060313,0.96497,-1.68478,0.0219718,0.585926,-1.2089,0.219371,0.658401,-1.06916,0.27094,0.643287,-1.59274
-0.060313,0.96497,-1.68478,0.0219718,0.585926,-1.2089,0.219371,0.658401,-1.06916,0.27094,0.643287,-1.59274
-0.0640126,0.976997,-1.69279,0.076096,0.565459,-1.19365,0.147418,0.642574,-1.08446,0.249422,0.619571,-1.59716
-0.0640126,0.976997,-1.69279,0.076096,0.565459,-1.19365,0.147418,0.642574,-1.08446,0.249422,0.619571,-1.59716
-0.0640126,0.976997,-1.69279,0.076096,0.565459,-1.19365,0.147418,0.642574,-1.08446,0.249422,0.619571,-1.59716
-0.0640126,0.976997,-1.69279,0.076096,0.565459,-1.19365,0.147418,0.642574,-1.08446,0.249422,0.619571,-1.59716
-0.0640126,0.976997,-1.69279,0.076096,0.565459,-1.19365,0.147418,0.642574,-1.08446,0.249422,0.619571,-1.59716
-0.0640126,0.976997,-1.69279,0.076096,0.565459,-1.19365,0.147418,0.642574,-1.08446,0.249422,0.619571,-1.59716
-0.0640126,0.976997,-1.69279,0.076096,0.565459,-1.19365,0.147418,0.642574,-1.08446,0.249422,0.619571,-1.59716
-0.0640126,0.976997,-1.69279,0.076096,0.565459,-1.19365,0.147418,0.642574,-1.08446,0.249422,0.619571,-1.59716
-0.0640126,0.976997,-1.69279,0.076096,0.565459,-1.19365,0.147418,0.642574,-1.08446,0.249422,0.619571,-1.59716
-0.0640126,0.976997,-1.69279,0.076096,0.565459,-1.19365,0.147418,0.642574,-1.08446,0.249422,0.619571,-1.59716
-0.0640126,0.976997,-1.69279,0.076096,0.565459,-1.19365,0.147418,0.642574,-1.08446,0.249422,0.619571,-1.59716
-0.0762946,0.938378,-1.64932,0.113585,0.583716,-1.2174,0.0697344,0.635824,-1.1327,0.167076,0.621216,-1.5396
-0.0762946,0.938378,-1.64932,0.113585,0.583716,-1.2174,0.0697344,0.635824,-1.1327,0.167076,0.621216,-1.5396
-0.0762946,0.938378,-1.64932,0.113585,0.583716,-1.2174,0.0697344,0.635824,-1.1327,0.167076,0.621216,-1.5396
-0.0762946,0.938378,-1.64932,0.113585,0.583716,-1.2174,0.0697344,0.635824,-1.1327,0.167076,0.621216,-1.5396
-0.0762946,0.938378,-1.64932,0.113585,0.583716,-1.2174,0.0697344,0.635824,-1.1327,0.167076,0.621216,-1.5396
-0.0762946,0.938378,-1.64932,0.113585,0.583716,-1.2174,0.0697344,0.635824,-1.1327,0.167076,0.621216,-1.5396
-0.0762946,0.938378,-1.64932,0.113585,0.583716,-1.2174,0.0697344,0.635824,-1.1327,0.167076,0.621216,-1.5396
-0.0762946,0.938378,-1.64932,0.113585,0.583716,-1.2174,0.0697344,0.635824,-1.1327,0.167076,0.621216,-1.5396
-0.0762946,0.938378,-1.64932,0.113585,0.583716,-1.2174,0.0697344,0.635824,-1.1327,0.167076,0.621216,-1.5396
-0.0762946,0.938378,-1.64932,0.113585,0.583716,-1.2174,0.0697344,0.635824,-1.1327,0.167076,0.621216,-1.5396
-0.0762946,0.938378,-1.64932,0.113585,0.583716,-1.2174,0.0697344,0.635824,-1.1327,0.167076,0.621216,-1.5396
-0.0762946,0.938378,-1.64932,0.113585,0.583716,-1.2174,0.0697344,0.635824,-1.1327,0.167076,0.621216,-1.5396
0.051605,0.692561,-1.21553,0.0935044,0.754952,-1.56683,-0.0239184,0.65964,-1.40988,-0.0499717,0.620057,-1.3801
0.051605,0.692561,-1.21553,0.0935044,0.754952,-1.56683,-0.0239184,0.65964,-1.40988,-0.0499717,0.620057,-1.3801
0.051605,0.692561,-1.21553,0.0935044,0.754952,-1.56683,-0.0239184,0.65964,-1.40988,-0.0499717,0.620057,-1.3801
0.051605,0.692561,-1.21553,0.0935044,0.754952,-1.56683,-0.0239184,0.65964,-1.40988,-0.0499717,0.620057,-1.3801
0.051605,0.692561,-1.21553,0.0935044,0.754952,-1.56683,-0.0239184,0.65964,-1.40988,-0.0499717,0.620057,-1.3801
0.051605,0.692561,-1.21553,0.0935044,0.754952,-1.56683,-0.0239184,0.65964,-1.40988,-0.0499717,0.620057,-1.3801
0.051605,0.692561,-1.21553,0.0935044,0.754952,-1.56683,-0.0239184,0.65964,-1.40988,-0.0499717,0.620057,-1.3801
0.051605,0.692561,-1.21553,0.0935044,0.754952,-1.56683,-0.0239184,0.65964,-1.40988,-0.0499717,0.620057,-1.3801
0.113621,0.542699,-0.936156,0.147652,0.883549,-1.76834,-0.0734167,0.703618,-1.55862,-0.111341,0.561381,-1.07668
0.113621,0.542699,-0.936156,0.147652,0.883549,-1.76834,-0.0734167,0.703618,-1.55862,-0.111341,0.561381,-1.07668
0.113621,0.542699,-0.936156,0.147652,0.883549,-1.76834,-0.0734167,0.703618,-1.55862,-0.111341,0.561381,-1.07668
0.113621,0.542699,-0.936156,0.147652,0.883549,-1.76834,-0.0734167,0.703618,-1.55862,-0.111341,0.561381,-1.07668
0.113621,0.542699,-0.936156,0.147652,0.883549,-1.76834,-0.0734167,0.703618,-1.55862,-0.111341,0.561381,-1.07668
0.113621,0.542699,-0.936156,0.147652,0.883549,-1.76834,-0.0734167,0.703618,-1.55862,-0.111341,0.561381,-1.07668
0.113621,0.542699,-0.936156,0.147652,0.883549,-1.76834,-0.0734167,0.703618,-1.55862,-0.111341,0.561381,-1.07668
0.113621,0.542699,-0.936156,0.147652,0.883549,-1.76834,-0.0734167,0.703618,-1.55862,-0.111341,0.561381,-1.07668
0.113621,0.542699,-0.936156,0.147652,0.883549,-1.76834,-0.0734167,0.703618,-1.55862,-0.111341,0.561381,-1.07668
0.113621,0.542699,-0.936156,0.147652,0.883549,-1.76834,-0.0734167,0.703618,-1.55862,-0.111341,0.561381,-1.07668
0.215374,0.451956,-0.856748,0.161864,0.928766,-1.80545,-0.122425,0.728095,-1.63324,-0.162001,0.566456,-0.973055
0.215374,0.451956,-0.856748,0.161864,0.928766,-1.80545,-0.122425,0.728095,-1.63324,-0.162001,0.566456,-0.973055
0.215374,0.451956,-0.856748,0.161864,0.928766,-1.80545,-0.122425,0.728095,-1.63324,-0.162001,0.566456,-0.973055
0.215374,0.451956,-0.856748,0.161864,0.928766,-1.80545,-0.122425,0.728095,-1.63324,-0.162001,0.566456,-0.973055
0.215374,0.451956,-0.856748,0.161864,0.928766,-1.80545,-0.122425,0.728095,-1.63324,-0.162001,0.566456,-0.973055
0.215374,0.451956,-0.856748,0.161864,0.928766,-1.80545,-0.122425,0.728095,-1.63324,-0.162001,0.566456,-0.973055
0.215374,0.451956,-0.856748,0.161864,0.928766,-1.80545,-0.122425,0.728095,-1.63324,-0.162001,0.566456,-0.973055
0.215374,0.451956,-0.856748,0.161864,0.928766,-1.80545,-0.122425,0.728095,-1.63324,-0.162001,0.566456,-0.973055
0.215374,0.451956,-0.856748,0.161864,0.928766,-1.80545,-0.122425,0.728095,-1.63324,-0.162001,0.566456,-0.973055
0.215374,0.451956,-0.856748,0.161864,0.928766,-1.80545,-0.122425,0.728095,-1.63324,-0.162001,0.566456,-0.973055
0.278468,0.44022,-0.861267,0.136693,0.963517,-1.76028,-0.153434,0.743707,-1.66113,-0.191729,0.545046,-1.00462
0.278468,0.44022,-0.861267,0.136693,0.963517,-1.76028,-0.153434,0.743707,-1.66113,-0.191729,0.545046,-1.00462
0.278468,0.44022,-0.861267,0.136693,0.963517,-1.76028,-0.153434,0.743707,-1.66113,-0.191729,0.545046,-1.00462
0.278468,0.44022,-0.861267,0.136693,0.963517,-1.76028,-0.153434,0.743707,-1.66113,-0.191729,0.545046,-1.00462
0.278468,0.44022,-0.861267,0.136693,0.963517,-1.76028,-0.153434,0.743707,-1.66113,-0.191729,0.545046,-1.00462
0.278468,0.44022,-0.861267,0.136693,0.963517,-1.76028,-0.153434,0.743707,-1.66113,-0.191729,0.545046,-1.00462
0.278468,0.44022,-0.861267,0.136693,0.963517,-1.76028,-0.153434,0.743707,-1.66113,-0.191729,0.545046,-1.00462
0.278468,0.44022,-0.861267,0.136693,0.963517,-1.76028,-0.153434,0.743707,-1.66113,-0.191729,0.545046,-1.00462
0.278468,0.44022,-0.861267,0.136693,0.963517,-1.76028,-0.153434,0.743707,-1.66113,-0.191729,0.545046,-1.00462
0.278468,0.44022,-0.861267,0.136693,0.963517,-1.76028,-0.153434,0.743707,-1.66113,-0.191729,0.545046,-1.00462
0.278468,0.44022,-0.861267,0.136693,0.963517,-1.76028,-0.153434,0.743707,-1.66113,-0.191729,0.545046,-1.00462
0.280416,0.458212,-0.910619,0.113068,0.992285,-1.70794,-0.179571,0.742952,-1.65603,-0.197928,0.513695,-1.1074
0.280416,0.458212,-0.910619,0.113068,0.992285,-1.70794,-0.179571,0.742952,-1.65603,-0.197928,0.513695,-1.1074
0.280416,0.458212,-0.910619,0.113068,0.992285,-1.70794,-0.179571,0.742952,-1.65603,-0.197928,0.513695,-1.1074
0.280416,0.458212,-0.910619,0.113068,0.992285,-1.70794,-0.179571,0.742952,-1.65603,-0.197928,0.513695,-1.1074
0.280416,0.458212,-0.910619,0.113068,0.992285,-1.70794,-0.179571,0.742952,-1.65603,-0.197928,0.513695,-1.1074
0.280416,0.458212,-0.910619,0.113068,0.992285,-1.70794,-0.179571,0.742952,-1.65603,-0.197928,0.513695,-1.1074
0.280416,0.458212,-0.910619,0.113068,0.992285,-1.70794,-0.179571,0.742952,-1.65603,-0.197928,0.513695,-1.1074
0.280416,0.458212,-0.910619,0.113068,0.992285,-1.70794,-0.179571,0.742952,-1.65603,-0.197928,0.513695,-1.1074
0.280416,0.458212,-0.910619,0.113068,0.992285,-1.70794,-0.179571,0.742952,-1.65603,-0.197928,0.513695,-1.1074
0.280416,0.458212,-0.910619,0.113068,0.992285,-1.70794,-0.179571,0.742952,-1.65603,-0.197928,0.513695,-1.1074
0.26156,0.468205,-0.969275,0.0927096,0.992799,-1.67684,-0.179934,0.735596,-1.61701,-0.183553,0.523491,-1.19568
0.26156,0.468205,-0.969275,0.0927096,0.992799,-1.67684,-0.179934,0.735596,-1.61701,-0.183553,0.523491,-1.19568
0.26156,0.468205,-0.969275,0.0927096,0.992799,-1.67684,-0.179934,0.735596,-1.61701,-0.183553,0.523491,-1.19568
0.26156,0.468205,-0.969275,0.0927096,0.992799,-1.67684,-0.179934,0.735596,-1.61701,-0.183553,0.523491,-1.19568
0.26156,0.468205,-0.969275,0.0927096,0.992799,-1.67684,-0.179934,0.735596,-1.61701,-0.183553,0.523491,-1.19568
0.26156,0.468205,-0.969275,0.0927096,0.992799,-1.67684,-0.179934,0.735596,-1.61701,-0.183553,0.523491,-1.19568
0.26156,0.468205,-0.969275,0.0927096,0.992799,-1.67684,-0.179934,0.735596,-1.61701,-0.183553,0.523491,-1.19568
0.26156,0.468205,-0.969275,0.0927096,0.992799,-1.67684,-0.179934,0.735596,-1.61701,-0.183553,0.523491,-1.19568
0.26156,0.468205,-0.969275,0.0927096,0.992799,-1.67684,-0.179934,0.735596,-1.61701,-0.183553,0.523491,-1.19568
0.26156,0.468205,-0.969275,0.0927096,0.992799,-1.67684,-0.179934,0.735596,-1.61701,-0.183553,0.523491,-1.19568
0.234078,0.466917,-0.985199,0.079127,0.955563,-1.64683,-0.178295,0.701881,-1.5534,-0.150588,0.574415,-1.19368
0.234078,0.466917,-0.985199,0.079127,0.955563,-1.64683,-0.178295,0.701881,-1.5534,-0.150588,0.574415,-1.19368
0.234078,0.466917,-0.985199,0.079127,0.955563,-1.64683,-0.178295,0.701881,-1.5534,-0.150588,0.574415,-1.19368
0.234078,0.466917,-0.985199,0.079127,0.955563,-1.64683,-0.178295,0.701881,-1.5534,-0.150588,0.574415,-1.19368
0.234078,0.466917,-0.985199,0.079127,0.955563,-1.64683,-0.178295,0.701881,-1.5534,-0.150588,0.574415,-1.19368
0.234078,0.466917,-0.985199,0.079127,0.955563,-1.64683,-0.178295,0.701881,-1.5534,-0.150588,0.574415,-1.19368
0.234078,0.466917,-0.985199,0.079127,0.955563,-1.64683,-0.178295,0.701881,-1.5534,-0.150588,0.574415,-1.19368
0.234078,0.466917,-0.985199,0.079127,0.955563,-1.64683,-0.178295,0.701881,-1.5534,-0.150588,0.574415,-1.19368
0.234078,0.466917,-0.985199,0.079127,0.955563,-1.64683,-0.178295,0.701881,-1.5534,-0.150588,0.574415,-1.19368
0.234078,0.466917,-0.985199,0.079127,0.955563,-1.64683,-0.178295,0.701881,-1.5534,-0.150588,0.574415,-1.19368
0.186643,0.471476,-0.998833,0.0879185,0.923116,-1.60914,-0.15034,0.622735,-1.47888,-0.08444,0.637052,-1.14192
0.186643,0.471476,-0.998833,0.0879185,0.923116,-1.60914,-0.15034,0.622735,-1.47888,-0.08444,0.637052,-1.14192
0.186643,0.471476,-0.998833,0.0879185,0.923116,-1.60914,-0.15034,0.622735,-1.47888,-0.08444,0.637052,-1.14192
0.186643,0.471476,-0.998833,0.0879185,0.923116,-1.60914,-0.15034,0.622735,-1.47888,-0.08444,0.637052,-1.14192
0.186643,0.471476,-0.998833,0.0879185,0.923116,-1.60914,-0.15034,0.622735,-1.47888,-0.08444,0.637052,-1.14192
0.186643,0.471476,-0.998833,0.0879185,0.923116,-1.60914,-0.15034,0.622735,-1.47888,-0.08444,0.637052,-1.14192
0.186643,0.471476,-0.998833,0.0879185,0.923116,-1.60914,-0.15034,0.622735,-1.47888,-0.08444,0.637052,-1.14192
0.186643,0.471476,-0.998833,0.0879185,0.923116,-1.60914,-0.15034,0.622735,-1.47888,-0.08444,0.637052,-1.14192
0.186643,0.471476,-0.998833,0.0879185,0.923116,-1.60914,-0.15034,0.622735,-1.47888,-0.08444,0.637052,-1.14192
0.186643,0.471476,-0.998833,0.0879185,0.923116,-1.60914,-0.15034,0.622735,-1.47888,-0.08444,0.637052,-1.14192
0.102606,0.566167,-1.20253,0.079504,0.925951,-1.39401,0.00983952,0.603943,-1.32145,0.0546398,0.646706,-1.30503
0.102606,0.566167,-1.20253,0.079504,0.925951,-1.39401,0.00983952,0.603943,-1.32145,0.0546398,0.646706,-1.30503
0.102606,0.566167,-1.20253,0.079504,0.925951,-1.39401,0.00983952,0.603943,-1.32145,0.0546398,0.646706,-1.30503
0.102606,0.566167,-1.20253,0.079504,0.925951,-1.39401,0.00983952,0.603943,-1.32145,0.0546398,0.646706,-1.30503
0.102606,0.566167,-1.20253,0.079504,0.925951,-1.39401,0.00983952,0.603943,-1.32145,0.0546398,0.646706,-1.30503
0.102606,0.566167,-1.20253,0.079504,0.925951,-1.39401,0.00983952,0.603943,-1.32145,0.0546398,0.646706,-1.30503
0.102606,0.566167,-1.20253,0.079504,0.925951,-1.39401,0.00983952,0.603943,-1.32145,0.0546398,0.646706,-1.30503
-0.00338142,0.776952,-1.60239,-0.0736887,0.70652,-0.994578,0.217667,0.577768,-0.840636,0.213131,0.694933,-1.64824
-0.00338142,0.776952,-1.60239,-0.0736887,0.70652,-0.994578,0.217667,0.577768,-0.840636,0.213131,0.694933,-1.64824
-0.00338142,0.776952,-1.60239,-0.0736887,0.70652,-0.994578,0.217667,0.577768,-0.840636,0.213131,0.694933,-1.64824
-0.00338142,0.776952,-1.60239,-0.0736887,0.70652,-0.994578,0.217667,0.577768,-0.840636,0.213131,0.694933,-1.64824
-0.00338142,0.776952,-1.60239,-0.0736887,0.70652,-0.994578,0.217667,0.577768,-0.840636,0.213131,0.694933,-1.64824
-0.00338142,0.776952,-1.60239,-0.0736887,0.70652,-0.994578,0.217667,0.577768,-0.840636,0.213131,0.694933,-1.64824
-0.00338142,0.776952,-1.60239,-0.0736887,0.70652,-0.994578,0.217667,0.577768,-0.840636,0.213131,0.694933,-1.64824
-0.00338142,0.776952,-1.60239,-0.0736887,0.70652,-0.994578,0.217667,0.577768,-0.840636,0.213131,0.694933,-1.64824
-0.00338142,0.776952,-1.60239,-0.0736887,0.70652,-0.994578,0.217667,0.577768,-0.840636,0.213131,0.694933,-1.64824
-0.00338142,0.776952,-1.60239,-0.0736887,0.70652,-0.994578,0.217667,0.577768,-0.840636,0.213131,0.694933,-1.64824
-0.00338142,0.776952,-1.60239,-0.0736887,0.70652,-0.994578,0.217667,0.577768,-0.840636,0.213131,0.694933,-1.64824
-0.0477206,0.897373,-1.72704,-0.0872019,0.58897,-0.863911,0.272354,0.642849,-0.779628,0.260523,0.710744,-1.72284
-0.0477206,0.897373,-1.72704,-0.0872019,0.58897,-0.863911,0.272354,0.642849,-0.779628,0.260523,0.710744,-1.72284
-0.0477206,0.897373,-1.72704,-0.0872019,0.58897,-0.863911,0.272354,0.642849,-0.779628,0.260523,0.710744,-1.72284
-0.0477206,0.897373,-1.72704,-0.0872019,0.58897,-0.863911,0.272354,0.642849,-0.779628,0.260523,0.710744,-1.72284
-0.0477206,0.897373,-1.72704,-0.0872019,0.58897,-0.863911,0.272354,0.642849,-0.779628,0.260523,0.710744,-1.72284
-0.0477206,0.897373,-1.72704,-0.0872019,0.58897,-0.863911,0.272354,0.642849,-0.779628,0.260523,0.710744,-1.72284
-0.0477206,0.897373,-1.72704,-0.0872019,0.58897,-0.863911,0.272354,0.642849,-0.779628,0.260523,0.710744,-1.72284
-0.0477206,0.897373,-1.72704,-0.0872019,0.58897,-0.863911,0.272354,0.642849,-0.779628,0.260523,0.710744,-1.72284
-0.0477206,0.897373,-1.72704,-0.0872019,0.58897,-0.863911,0.272354,0.642849,-0.779628,0.260523,0.710744,-1.72284
-0.0477206,0.897373,-1.72704,-0.0872019,0.58897,-0.863911,0.272354,0.642849,-0.779628,0.260523,0.710744,-1.72284
-0.0477206,0.897373,-1.72704,-0.0872019,0.58897,-0.863911,0.272354,0.642849,-0.779628,0.260523,0.710744,-1.72284
-0.0477206,0.897373,-1.72704,-0.0872019,0.58897,-0.863911,0.272354,0.642849,-0.779628,0.260523,0.710744,-1.72284
-0.0631697,0.934965,-1.73274,-0.0856086,0.560354,-0.919607,0.287261,0.677987,-0.860007,0.297282,0.675103,-1.70652
-0.0631697,0.934965,-1.73274,-0.0856086,0.560354,-0.919607,0.287261,0.677987,-0.860007,0.297282,0.675103,-1.70652
-0.0631697,0.934965,-1.73274,-0.0856086,0.560354,-0.919607,0.287261,0.677987,-0.860007,0.297282,0.675103,-1.70652
-0.0631697,0.934965,-1.73274,-0.0856086,0.560354,-0.919607,0.287261,0.677987,-0.860007,0.297282,0.675103,-1.70652
-0.0631697,0.934965,-1.73274,-0.0856086,0.560354,-0.919607,0.287261,0.677987,-0.860007,0.297282,0.675103,-1.70652
-0.0631697,0.934965,-1.73274,-0.0856086,0.560354,-0.919607,0.287261,0.677987,-0.860007,0.297282,0.675103,-1.70652
-0.0631697,0.934965,-1.73274,-0.0856086,0.560354,-0.919607,0.287261,0.677987,-0.860007,0.297282,0.675103,-1.70652
-0.0631697,0.934965,-1.73274,-0.0856086,0.560354,-0.919607,0.287261,0.677987,-0.860007,0.297282,0.675103,-1.70652
-0.0631697,0.934965,-1.73274,-0.0856086,0.560354,-0.919607,0.287261,0.677987,-0.860007,0.297282,0.675103,-1.70652
-0.0582525,0.941578,-1.70107,-0.0548791,0.584859,-1.05222,0.269719,0.678473,-0.956435,0.302164,0.662313,-1.64586
-0.0582525,0.941578,-1.70107,-0.0548791,0.584859,-1.05222,0.269719,0.678473,-0.956435,0.302164,0.662313,-1.64586
-0.0582525,0.941578,-1.70107,-0.0548791,0.584859,-1.05222,0.269719,0.678473,-0.956435,0.302164,0.662313,-1.64586
-0.0582525,0.941578,-1.70107,-0.0548791,0.584859,-1.05222,0.269719,0.678473,-0.956435,0.302164,0.662313,-1.64586
-0.0582525,0.941578,-1.70107,-0.0548791,0.584859,-1.05222,0.269719,0.678473,-0.956435,0.302164,0.662313,-1.64586
-0.0582525,0.941578,-1.70107,-0.0548791,0.584859,-1.05222,0.269719,0.678473,-0.956435,0.302164,0.662313,-1.64586
-0.0582525,0.941578,-1.70107,-0.0548791,0.584859,-1.05222,0.269719,0.678473,-0.956435,0.302164,0.662313,-1.64586
-0.0582525,0.941578,-1.70107,-0.0548791,0.584859,-1.05222,0.269719,0.678473,-0.956435,0.302164,0.662313,-1.64586
-0.0582525,0.941578,-1.70107,-0.0548791,0.584859,-1.05222,0.269719,0.678473,-0.956435,0.302164,0.662313,-1.64586
-0.0543461,0.951229,-1.67861,-0.0077778,0.60113,-1.1737,0.247653,0.666498,-1.04612,0.279979,0.650025,-1.60168
-0.0543461,0.951229,-1.67861,-0.0077778,0.60113,-1.1737,0.247653,0.666498,-1.04612,0.279979,0.650025,-1.60168
-0.0543461,0.951229,-1.67861,-0.0077778,0.60113,-1.1737,0.247653,0.666498,-1.04612,0.279979,0.650025,-1.60168
-0.0543461,0.951229,-1.67861,-0.0077778,0.60113,-1.1737,0.247653,0.666498,-1.04612,0.279979,0.650025,-1.60168
-0.0543461,0.951229,-1.67861,-0.0077778,0.60113,-1.1737,0.247653,0.666498,-1.04612,0.279979,0.650025,-1.60168
-0.0543461,0.951229,-1.67861,-0.0077778,0.60113,-1.1737,0.247653,0.666498,-1.04612,0.279979,0.650025,-1.60168
-0.0543461,0.951229,-1.67861,-0.0077778,0.60113,-1.1737,0.247653,0.666498,-1.04612,0.279979,0.650025,-1.60168
-0.0543461,0.951229,-1.67861,-0.0077778,0.60113,-1.1737,0.247653,0.666498,-1.04612,0.279979,0.650025,-1.60168
-0.0543461,0.951229,-1.67861,-0.0077778,0.60113,-1.1737,0.247653,0.666498,-1.04612,0.279979,0.650025,-1.60168
-0.0625756,0.970037,-1.6904,0.0386152,0.577392,-1.20834,0.19883,0.647487,-1.07727,0.264406,0.640133,-1.59519
-0.0625756,0.970037,-1.6904,0.0386152,0.577392,-1.20834,0.19883,0.647487,-1.07727,0.264406,0.640133,-1.59519
-0.0625756,0.970037,-1.6904,0.0386152,0.577392,-1.20834,0.19883,0.647487,-1.07727,0.264406,0.640133,-1.59519
-0.0625756,0.970037,-1.6904,0.0386152,0.577392,-1.20834,0.19883,0.647487,-1.07727,0.264406,0.640133,-1.59519
-0.0625756,0.970037,-1.6904,0.0386152,0.577392,-1.20834,0.19883,0.647487,-1.07727,0.264406,0.640133,-1.59519
-0.0625756,0.970037,-1.6904,0.0386152,0.577392,-1.20834,0.19883,0.647487,-1.07727,0.264406,0.640133,-1.59519
-0.0625756,0.970037,-1.6904,0.0386152,0.577392,-1.20834,0.19883,0.647487,-1.07727,0.264406,0.640133,-1.59519
-0.0625756,0.970037,-1.6904,0.0386152,0.577392,-1.20834,0.19883,0.647487,-1.07727,0.264406,0.640133,-1.59519
-0.0625756,0.970037,-1.6904,0.0386152,0.577392,-1.20834,0.19883,0.647487,-1.07727,0.264406,0.640133,-1.59519
-0.0625756,0.970037,-1.6904,0.0386152,0.577392,-1.20834,0.19883,0.647487,-1.07727,0.264406,0.640133,-1.59519
-0.0636003,0.972533,-1.68637,0.0943106,0.566462,-1.18579,0.123214,0.642233,-1.0906,0.236719,0.607229,-1.5943
-0.0636003,0.972533,-1.68637,0.0943106,0.566462,-1.18579,0.123214,0.642233,-1.0906,0.236719,0.607229,-1.5943
-0.0636003,0.972533,-1.68637,0.0943106,0.566462,-1.18579,0.123214,0.642233,-1.0906,0.236719,0.607229,-1.5943
-0.0636003,0.972533,-1.68637,0.0943106,0.566462,-1.18579,0.123214,0.642233,-1.0906,0.236719,0.607229,-1.5943
-0.0636003,0.972533,-1.68637,0.0943106,0.566462,-1.18579,0.123214,0.642233,-1.0906,0.236719,0.607229,-1.5943
-0.0636003,0.972533,-1.68637,0.0943106,0.566462,-1.18579,0.123214,0.642233,-1.0906,0.236719,0.607229,-1.5943
-0.0636003,0.972533,-1.68637,0.0943106,0.566462,-1.18579,0.123214,0.642233,-1.0906,0.236719,0.607229,-1.5943
-0.0636003,0.972533,-1.68637,0.0943106,0.566462,-1.18579,0.123214,0.642233,-1.0906,0.236719,0.607229,-1.5943
-0.0636003,0.972533,-1.68637,0.0943106,0.566462,-1.18579,0.123214,0.642233,-1.0906,0.236719,0.607229,-1.5943
-0.0636003,0.972533,-1.68637,0.0943106,0.566462,-1.18579,0.123214,0.642233,-1.0906,0.236719,0.607229,-1.5943
-0.0636003,0.972533,-1.68637,0.0943106,0.566462,-1.18579,0.123214,0.642233,-1.0906,0.236719,0.607229,-1.5943
-0.0686609,0.889459,-1.5854,0.0912119,0.644862,-1.30474,0.0406622,0.637887,-1.18972,0.0960625,0.6463,-1.49998
-0.0686609,0.889459,-1.5854,0.0912119,0.644862,-1.30474,0.0406622,0.637887,-1.18972,0.0960625,0.6463,-1.49998
-0.0686609,0.889459,-1.5854,0.0912119,0.644862,-1.30474,0.0406622,0.637887,-1.18972,0.0960625,0.6463,-1.49998
-0.0686609,0.889459,-1.5854,0.0912119,0.644862,-1.30474,0.0406622,0.637887,-1.18972,0.0960625,0.6463,-1.49998
-0.0686609,0.889459,-1.5854,0.0912119,0.644862,-1.30474,0.0406622,0.637887,-1.18972,0.0960625,0.6463,-1.49998
-0.0686609,0.889459,-1.5854,0.0912119,0.644862,-1.30474,0.0406622,0.637887,-1.18972,0.0960625,0.6463,-1.49998
-0.0686609,0.889459,-1.5854,0.0912119,0.644862,-1.30474,0.0406622,0.637887,-1.18972,0.0960625,0.6463,-1.49998
-0.0686609,0.889459,-1.5854,0.0912119,0.644862,-1.30474,0.0406622,0.637887,-1.18972,0.0960625,0.6463,-1.49998
-0.0686609,0.889459,-1.5854,0.0912119,0.644862,-1.30474,0.0406622,0.637887,-1.18972,0.0960625,0.6463,-1.49998
-0.0686609,0.889459,-1.5854,0.0912119,0.644862,-1.30474,0.0406622,0.637887,-1.18972,0.0960625,0.6463,-1.49998
0.0779291,0.610985,-1.06375,0.117774,0.802421,-1.67313,-0.0531098,0.671781,-1.48618,-0.0833882,0.60287,-1.22512
0.0779291,0.610985,-1.06375,0.117774,0.802421,-1.67313,-0.0531098,0.671781,-1.48618,-0.0833882,0.60287,-1.22512
0.0779291,0.610985,-1.06375,0.117774,0.802421,-1.67313,-0.0531098,0.671781,-1.48618,-0.0833882,0.60287,-1.22512
0.0779291,0.610985,-1.06375,0.117774,0.802421,-1.67313,-0.0531098,0.671781,-1.48618,-0.0833882,0.60287,-1.22512
0.0779291,0.610985,-1.06375,0.117774,0.802421,-1.67313,-0.0531098,0.671781,-1.48618,-0.0833882,0.60287,-1.22512
0.0779291,0.610985,-1.06375,0.117774,0.802421,-1.67313,-0.0531098,0.671781,-1.48618,-0.0833882,0.60287,-1.22512
0.0779291,0.610985,-1.06375,0.117774,0.802421,-1.67313,-0.0531098,0.671781,-1.48618,-0.0833882,0.60287,-1.22512
0.0779291,0.610985,-1.06375,0.117774,0.802421,-1.67313,-0.0531098,0.671781,-1.48618,-0.0833882,0.60287,-1.22512
0.0779291,0.610985,-1.06375,0.117774,0.802421,-1.67313,-0.0531098,0.671781,-1.48618,-0.0833882,0.60287,-1.22512
0.0779291,0.610985,-1.06375,0.117774,0.802421,-1.67313,-0.0531098,0.671781,-1.48618,-0.0833882,0.60287,-1.22512
0.0779291,0.610985,-1.06375,0.117774,0.802421,-1.67313,-0.0531098,0.671781,-1.48618,-0.0833882,0.60287,-1.22512
0.157328,0.49669,-0.870894,0.159749,0.901955,-1.7963,-0.0935963,0.705898,-1.59503,-0.133101,0.565966,-1.00287
0.157328,0.49669,-0.870894,0.159749,0.901955,-1.7963,-0.0935963,0.705898,-1.59503,-0.133101,0.565966,-1.00287
0.157328,0.49669,-0.870894,0.159749,0.901955,-1.7963,-0.0935963,0.705898,-1.59503,-0.133101,0.565966,-1.00287
0.157328,0.49669,-0.870894,0.159749,0.901955,-1.7963,-0.0935963,0.705898,-1.59503,-0.133101,0.565966,-1.00287
0.157328,0.49669,-0.870894,0.159749,0.901955,-1.7963,-0.0935963,0.705898,-1.59503,-0.133101,0.565966,-1.00287
0.157328,0.49669,-0.870894,0.159749,0.901955,-1.7963,-0.0935963,0.705898,-1.59503,-0.133101,0.565966,-1.00287
0.157328,0.49669,-0.870894,0.159749,0.901955,-1.7963,-0.0935963,0.705898,-1.59503,-0.133101,0.565966,-1.00287
0.157328,0.49669,-0.870894,0.159749,0.901955,-1.7963,-0.0935963,0.705898,-1.59503,-0.133101,0.565966,-1.00287
0.157328,0.49669,-0.870894,0.159749,0.901955,-1.7963,-0.0935963,0.705898,-1.59503,-0.133101,0.565966,-1.00287
0.157328,0.49669,-0.870894,0.159749,0.901955,-1.7963,-0.0935963,0.705898,-1.59503,-0.133101,0.565966,-1.00287
0.157328,0.49669,-0.870894,0.159749,0.901955,-1.7963,-0.0935963,0.705898,-1.59503,-0.133101,0.565966,-1.00287
0.249572,0.438979,-0.840468,0.154447,0.940418,-1.79791,-0.128498,0.730623,-1.6461,-0.179239,0.566867,-0.963061
0.249572,0.438979,-0.840468,0.154447,0.940418,-1.79791,-0.128498,0.730623,-1.6461,-0.179239,0.566867,-0.963061
0.249572,0.438979,-0.840468,0.154447,0.940418,-1.79791,-0.128498,0.730623,-1.6461,-0.179239,0.566867,-0.963061
0.249572,0.438979,-0.840468,0.154447,0.940418,-1.79791,-0.128498,0.730623,-1.6461,-0.179239,0.566867,-0.963061
0.249572,0.438979,-0.840468,0.154447,0.940418,-1.79791,-0.128498,0.730623,-1.6461,-0.179239,0.566867,-0.963061
0.249572,0.438979,-0.840468,0.154447,0.940418,-1.79791,-0.128498,0.730623,-1.6461,-0.179239,0.566867,-0.963061
0.249572,0.438979,-0.840468,0.154447,0.940418,-1.79791,-0.128498,0.730623,-1.6461,-0.179239,0.566867,-0.963061
0.249572,0.438979,-0.840468,0.154447,0.940418,-1.79791,-0.128498,0.730623,-1.6461,-0.179239,0.566867,-0.963061
0.249572,0.438979,-0.840468,0.154447,0.940418,-1.79791,-0.128498,0.730623,-1.6461,-0.179239,0.566867,-0.963061
0.287059,0.441017,-0.871902,0.130395,0.974737,-1.73797,-0.162429,0.741844,-1.66129,-0.197306,0.533858,-1.03612
0.287059,0.441017,-0.871902,0.130395,0.974737,-1.73797,-0.162429,0.741844,-1.66129,-0.197306,0.533858,-1.03612
0.287059,0.441017,-0.871902,0.130395,0.974737,-1.73797,-0.162429,0.741844,-1.66129,-0.197306,0.533858,-1.03612
0.287059,0.441017,-0.871902,0.130395,0.974737,-1.73797,-0.162429,0.741844,-1.66129,-0.197306,0.533858,-1.03612
0.287059,0.441017,-0.871902,0.130395,0.974737,-1.73797,-0.162429,0.741844,-1.66129,-0.197306,0.533858,-1.03612
0.287059,0.441017,-0.871902,0.130395,0.974737,-1.73797,-0.162429,0.741844,-1.66129,-0.197306,0.533858,-1.03612
0.287059,0.441017,-0.871902,0.130395,0.974737,-1.73797,-0.162429,0.741844,-1.66129,-0.197306,0.533858,-1.03612
0.287059,0.441017,-0.871902,0.130395,0.974737,-1.73797,-0.162429,0.741844,-1.66129,-0.197306,0.533858,-1.03612
0.287059,0.441017,-0.871902,0.130395,0.974737,-1.73797,-0.162429,0.741844,-1.66129,-0.197306,0.533858,-1.03612
0.287059,0.441017,-0.871902,0.130395,0.974737,-1.73797,-0.162429,0.741844,-1.66129,-0.197306,0.533858,-1.03612
0.287059,0.441017,-0.871902,0.130395,0.974737,-1.73797,-0.162429,0.741844,-1.66129,-0.197306,0.533858,-1.03612
0.271554,0.462149,-0.930401,0.109141,0.998194,-1.69777,-0.177934,0.736343,-1.64737,-0.195547,0.50857,-1.14676
0.271554,0.462149,-0.930401,0.109141,0.998194,-1.69777,-0.177934,0.736343,-1.64737,-0.195547,0.50857,-1.14676
0.271554,0.462149,-0.930401,0.109141,0.998194,-1.69777,-0.177934,0.736343,-1.64737,-0.195547,0.50857,-1.14676
0.271554,0.462149,-0.930401,0.109141,0.998194,-1.69777,-0.177934,0.736343,-1.64737,-0.195547,0.50857,-1.14676
0.271554,0.462149,-0.930401,0.109141,0.998194,-1.69777,-0.177934,0.736343,-1.64737,-0.195547,0.50857,-1.14676
0.271554,0.462149,-0.930401,0.109141,0.998194,-1.69777,-0.177934,0.736343,-1.64737,-0.195547,0.50857,-1.14676
0.271554,0.462149,-0.930401,0.109141,0.998194,-1.69777,-0.177934,0.736343,-1.64737,-0.195547,0.50857,-1.14676
0.271554,0.462149,-0.930401,0.109141,0.998194,-1.69777,-0.177934,0.736343,-1.64737,-0.195547,0.50857,-1.14676
0.271554,0.462149,-0.930401,0.109141,0.998194,-1.69777,-0.177934,0.736343,-1.64737,-0.195547,0.50857,-1.14676
0.253442,0.469232,-0.981505,0.091723,0.985066,-1.66701,-0.176866,0.730277,-1.59575,-0.174595,0.535237,-1.20499
0.253442,0.469232,-0.981505,0.091723,0.985066,-1.66701,-0.176866,0.730277,-1.59575,-0.174595,0.535237,-1.20499
0.253442,0.469232,-0.981505,0.091723,0.985066,-1.66701,-0.176866,0.730277,-1.59575,-0.174595,0.535237,-1.20499
0.253442,0.469232,-0.981505,0.091723,0.985066,-1.66701,-0.176866,0.730277,-1.59575,-0.174595,0.535237,-1.20499
0.253442,0.469232,-0.981505,0.091723,0.985066,-1.66701,-0.176866,0.730277,-1.59575,-0.174595,0.535237,-1.20499
0.253442,0.469232,-0.981505,0.091723,0.985066,-1.66701,-0.176866,0.730277,-1.59575,-0.174595,0.535237,-1.20499
0.253442,0.469232,-0.981505,0.091723,0.985066,-1.66701,-0.176866,0.730277,-1.59575,-0.174595,0.535237,-1.20499
0.253442,0.469232,-0.981505,0.091723,0.985066,-1.66701,-0.176866,0.730277,-1.59575,-0.174595,0.535237,-1.20499
0.253442,0.469232,-0.981505,0.091723,0.985066,-1.66701,-0.176866,0.730277,-1.59575,-0.174595,0.535237,-1.20499
0.253442,0.469232,-0.981505,0.091723,0.985066,-1.66701,-0.176866,0.730277,-1.59575,-0.174595,0.535237,-1.20499
0.253442,0.469232,-0.981505,0.091723,0.985066,-1.66701,-0.176866,0.730277,-1.59575,-0.174595,0.535237,-1.20499
0.217657,0.464878,-0.987629,0.0771962,0.935901,-1.63935,-0.175911,0.675433,-1.52922,-0.129374,0.597176,-1.18186
0.217657,0.464878,-0.987629,0.0771962,0.935901,-1.63935,-0.175911,0.675433,-1.52922,-0.129374,0.597176,-1.18186
0.217657,0.464878,-0.987629,0.0771962,0.935901,-1.63935,-0.175911,0.675433,-1.52922,-0.129374,0.597176,-1.18186
0.217657,0.464878,-0.987629,0.0771962,0.935901,-1.63935,-0.175911,0.675433,-1.52922,-0.129374,0.597176,-1.18186
0.217657,0.464878,-0.987629,0.0771962,0.935901,-1.63935,-0.175911,0.675433,-1.52922,-0.129374,0.597176,-1.18186
0.217657,0.464878,-0.987629,0.0771962,0.935901,-1.63935,-0.175911,0.675433,-1.52922,-0.129374,0.597176,-1.18186
0.217657,0.464878,-0.987629,0.0771962,0.935901,-1.63935,-0.175911,0.675433,-1.52922,-0.129374,0.597176,-1.18186
0.217657,0.464878,-0.987629,0.0771962,0.935901,-1.63935,-0.175911,0.675433,-1.52922,-0.129374,0.597176,-1.18186
0.217657,0.464878,-0.987629,0.0771962,0.935901,-1.63935,-0.175911,0.675433,-1.52922,-0.129374,0.597176,-1.18186
0.217657,0.464878,-0.987629,0.0771962,0.935901,-1.63935,-0.175911,0.675433,-1.52922,-0.129374,0.597176,-1.18186
0.217657,0.464878,-0.987629,0.0771962,0.935901,-1.63935,-0.175911,0.675433,-1.52922,-0.129374,0.597176,-1.18186
0.173307,0.479542,-1.01668,0.0970286,0.934892,-1.57691,-0.118073,0.613162,-1.44888,-0.0533346,0.646163,-1.13759
0.173307,0.479542,-1.01668,0.0970286,0.934892,-1.57691,-0.118073,0.613162,-1.44888,-0.0533346,0.646163,-1.13759
0.173307,0.479542,-1.01668,0.0970286,0.934892,-1.57691,-0.118073,0.613162,-1.44888,-0.0533346,0.646163,-1.13759
0.173307,0.479542,-1.01668,0.0970286,0.934892,-1.57691,-0.118073,0.613162,-1.44888,-0.0533346,0.646163,-1.13759
0.173307,0.479542,-1.01668,0.0970286,0.934892,-1.57691,-0.118073,0.613162,-1.44888,-0.0533346,0.646163,-1.13759
0.173307,0.479542,-1.01668,0.0970286,0.934892,-1.57691,-0.118073,0.613162,-1.44888,-0.0533346,0.646163,-1.13759
0.173307,0.479542,-1.01668,0.0970286,0.934892,-1.57691,-0.118073,0.613162,-1.44888,-0.0533346,0.646163,-1.13759
0.173307,0.479542,-1.01668,0.0970286,0.934892,-1.57691,-0.118073,0.613162,-1.44888,-0.0533346,0.646163,-1.13759
0.173307,0.479542,-1.01668,0.0970286,0.934892,-1.57691,-0.118073,0.613162,-1.44888,-0.0533346,0.646163,-1.13759
0.173307,0.479542,-1.01668,0.0970286,0.934892,-1.57691,-0.118073,0.613162,-1.44888,-0.0533346,0.646163,-1.13759
0.173307,0.479542,-1.01668,0.0970286,0.934892,-1.57691,-0.118073,0.613162,-1.44888,-0.0533346,0.646163,-1.13759
0.040652,0.634574,-1.38288,0.0133922,0.854662,-1.22756,0.108311,0.580366,-1.14776,0.134463,0.653636,-1.4975
0.040652,0.634574,-1.38288,0.0133922,0.854662,-1.22756,0.108311,0.580366,-1.14776,0.134463,0.653636,-1.4975
0.040652,0.634574,-1.38288,0.0133922,0.854662,-1.22756,0.108311,0.580366,-1.14776,0.134463,0.653636,-1.4975
0.040652,0.634574,-1.38288,0.0133922,0.854662,-1.22756,0.108311,0.580366,-1.14776,0.134463,0.653636,-1.4975
0.040652,0.634574,-1.38288,0.0133922,0.854662,-1.22756,0.108311,0.580366,-1.14776,0.134463,0.653636,-1.4975
0.040652,0.634574,-1.38288,0.0133922,0.854662,-1.22756,0.108311,0.580366,-1.14776,0.134463,0.653636,-1.4975
0.040652,0.634574,-1.38288,0.0133922,0.854662,-1.22756,0.108311,0.580366,-1.14776,0.134463,0.653636,-1.4975
0.040652,0.634574,-1.38288,0.0133922,0.854662,-1.22756,0.108311,0.580366,-1.14776,0.134463,0.653636,-1.4975
0.040652,0.634574,-1.38288,0.0133922,0.854662,-1.22756,0.108311,0.580366,-1.14776,0.134463,0.653636,-1.4975
-0.0175843,0.848776,-1.65519,-0.0745426,0.660219,-0.941398,0.251587,0.616379,-0.831062,0.23027,0.72279,-1.69912
-0.0175843,0.848776,-1.65519,-0.0745426,0.660219,-0.941398,0.251587,0.616379,-0.831062,0.23027,0.72279,-1.69912
-0.0175843,0.848776,-1.65519,-0.0745426,0.660219,-0.941398,0.251587,0.616379,-0.831062,0.23027,0.72279,-1.69912
-0.0175843,0.848776,-1.65519,-0.0745426,0.660219,-0.941398,0.251587,0.616379,-0.831062,0.23027,0.72279,-1.69912
-0.0175843,0.848776,-1.65519,-0.0745426,0.660219,-0.941398,0.251587,0.616379,-0.831062,0.23027,0.72279,-1.69912
-0.0175843,0.848776,-1.65519,-0.0745426,0.660219,-0.941398,0.251587,0.616379,-0.831062,0.23027,0.72279,-1.69912
-0.0175843,0.848776,-1.65519,-0.0745426,0.660219,-0.941398,0.251587,0.616379,-0.831062,0.23027,0.72279,-1.69912
-0.0175843,0.848776,-1.65519,-0.0745426,0.660219,-0.941398,0.251587,0.616379,-0.831062,0.23027,0.72279,-1.69912
-0.0175843,0.848776,-1.65519,-0.0745426,0.660219,-0.941398,0.251587,0.616379,-0.831062,0.23027,0.72279,-1.69912
-0.0175843,0.848776,-1.65519,-0.0745426,0.660219,-0.941398,0.251587,0.616379,-0.831062,0.23027,0.72279,-1.69912
-0.051371,0.922665,-1.73041,-0.082445,0.57116,-0.887952,0.276588,0.655561,-0.831067,0.27098,0.703728,-1.72759
-0.051371,0.922665,-1.73041,-0.082445,0.57116,-0.887952,0.276588,0.655561,-0.831067,0.27098,0.703728,-1.72759
-0.051371,0.922665,-1.73041,-0.082445,0.57116,-0.887952,0.276588,0.655561,-0.831067,0.27098,0.703728,-1.72759
-0.051371,0.922665,-1.73041,-0.082445,0.57116,-0.887952,0.276588,0.655561,-0.831067,0.27098,0.703728,-1.72759
-0.051371,0.922665,-1.73041,-0.082445,0.57116,-0.887952,0.276588,0.655561,-0.831067,0.27098,0.703728,-1.72759
-0.051371,0.922665,-1.73041,-0.082445,0.57116,-0.887952,0.276588,0.655561,-0.831067,0.27098,0.703728,-1.72759
-0.051371,0.922665,-1.73041,-0.082445,0.57116,-0.887952,0.276588,0.655561,-0.831067,0.27098,0.703728,-1.72759
-0.051371,0.922665,-1.73041,-0.082445,0.57116,-0.887952,0.276588,0.655561,-0.831067,0.27098,0.703728,-1.72759
-0.051371,0.922665,-1.73041,-0.082445,0.57116,-0.887952,0.276588,0.655561,-0.831067,0.27098,0.703728,-1.72759
-0.051371,0.922665,-1.73041,-0.082445,0.57116,-0.887952,0.276588,0.655561,-0.831067,0.27098,0.703728,-1.72759
-0.0626594,0.943541,-1.72755,-0.0722496,0.571854,-0.9743,0.281606,0.669496,-0.899273,0.303551,0.673589,-1.69177
-0.0626594,0.943541,-1.72755,-0.0722496,0.571854,-0.9743,0.281606,0.669496,-0.899273,0.303551,0.673589,-1.69177
-0.0626594,0.943541,-1.72755,-0.0722496,0.571854,-0.9743,0.281606,0.669496,-0.899273,0.303551,0.673589,-1.69177
-0.0626594,0.943541,-1.72755,-0.0722496,0.571854,-0.9743,0.281606,0.669496,-0.899273,0.303551,0.673589,-1.69177
-0.0626594,0.943541,-1.72755,-0.0722496,0.571854,-0.9743,0.281606,0.669496,-0.899273,0.303551,0.673589,-1.69177
-0.0626594,0.943541,-1.72755,-0.0722496,0.571854,-0.9743,0.281606,0.669496,-0.899273,0.303551,0.673589,-1.69177
-0.0626594,0.943541,-1.72755,-0.0722496,0.571854,-0.9743,0.281606,0.669496,-0.899273,0.303551,0.673589,-1.69177
-0.0626594,0.943541,-1.72755,-0.0722496,0.571854,-0.9743,0.281606,0.669496,-0.899273,0.303551,0.673589,-1.69177
-0.0626594,0.943541,-1.72755,-0.0722496,0.571854,-0.9743,0.281606,0.669496,-0.899273,0.303551,0.673589,-1.69177
-0.0626594,0.943541,-1.72755,-0.0722496,0.571854,-0.9743,0.281606,0.669496,-0.899273,0.303551,0.673589,-1.69177
-0.0626594,0.943541,-1.72755,-0.0722496,0.571854,-0.9743,0.281606,0.669496,-0.899273,0.303551,0.673589,-1.69177
-0.0542086,0.94549,-1.69479,-0.0330663,0.597818,-1.10274,0.256818,0.671712,-0.995734,0.296738,0.660742,-1.63169
-0.0542086,0.94549,-1.69479,-0.0330663,0.597818,-1.10274,0.256818,0.671712,-0.995734,0.296738,0.660742,-1.63169
-0.0542086,0.94549,-1.69479,-0.0330663,0.597818,-1.10274,0.256818,0.671712,-0.995734,0.296738,0.660742,-1.63169
-0.0542086,0.94549,-1.69479,-0.0330663,0.597818,-1.10274,0.256818,0.671712,-0.995734,0.296738,0.660742,-1.63169
-0.0542086,0.94549,-1.69479,-0.0330663,0.597818,-1.10274,0.256818,0.671712,-0.995734,0.296738,0.660742,-1.63169
-0.0542086,0.94549,-1.69479,-0.0330663,0.597818,-1.10274,0.256818,0.671712,-0.995734,0.296738,0.660742,-1.63169
-0.0542086,0.94549,-1.69479,-0.0330663,0.597818,-1.10274,0.256818,0.671712,-0.995734,0.296738,0.660742,-1.63169
-0.0542086,0.94549,-1.69479,-0.0330663,0.597818,-1.10274,0.256818,0.671712,-0.995734,0.296738,0.660742,-1.63169
-0.0542086,0.94549,-1.69479,-0.0330663,0.597818,-1.10274,0.256818,0.671712,-0.995734,0.296738,0.660742,-1.63169
-0.0551289,0.958217,-1.67945,0.00975509,0.598284,-1.19893,0.229584,0.659029,-1.06324,0.276009,0.650243,-1.59652
-0.0551289,0.958217,-1.67945,0.00975509,0.598284,-1.19893,0.229584,0.659029,-1.06324,0.276009,0.650243,-1.59652
-0.0551289,0.958217,-1.67945,0.00975509,0.598284,-1.19893,0.229584,0.659029,-1.06324,0.276009,0.650243,-1.59652
-0.0551289,0.958217,-1.67945,0.00975509,0.598284,-1.19893,0.229584,0.659029,-1.06324,0.276009,0.650243,-1.59652
-0.0551289,0.958217,-1.67945,0.00975509,0.598284,-1.19893,0.229584,0.659029,-1.06324,0.276009,0.650243,-1.59652
-0.0551289,0.958217,-1.67945,0.00975509,0.598284,-1.19893,0.229584,0.659029,-1.06324,0.276009,0.650243,-1.59652
-0.0551289,0.958217,-1.67945,0.00975509,0.598284,-1.19893,0.229584,0.659029,-1.06324,0.276009,0.650243,-1.59652
-0.0551289,0.958217,-1.67945,0.00975509,0.598284,-1.19893,0.229584,0.659029,-1.06324,0.276009,0.650243,-1.59652
-0.0551289,0.958217,-1.67945,0.00975509,0.598284,-1.19893,0.229584,0.659029,-1.06324,0.276009,0.650243,-1.59652
-0.0551289,0.958217,-1.67945,0.00975509,0.598284,-1.19893,0.229584,0.659029,-1.06324,0.276009,0.650243,-1.59652
-0.0621948,0.975127,-1.69435,0.0580722,0.57322,-1.20275,0.172256,0.641032,-1.08027,0.257317,0.630814,-1.59816
-0.0621948,0.975127,-1.69435,0.0580722,0.57322,-1.20275,0.172256,0.641032,-1.08027,0.257317,0.630814,-1.59816
-0.0621948,0.975127,-1.69435,0.0580722,0.57322,-1.20275,0.172256,0.641032,-1.08027,0.257317,0.630814,-1.59816
-0.0621948,0.975127,-1.69435,0.0580722,0.57322,-1.20275,0.172256,0.641032,-1.08027,0.257317,0.630814,-1.59816
-0.0621948,0.975127,-1.69435,0.0580722,0.57322,-1.20275,0.172256,0.641032,-1.08027,0.257317,0.630814,-1.59816
-0.0621948,0.975127,-1.69435,0.0580722,0.57322,-1.20275,0.172256,0.641032,-1.08027,0.257317,0.630814,-1.59816
-0.0621948,0.975127,-1.69435,0.0580722,0.57322,-1.20275,0.172256,0.641032,-1.08027,0.257317,0.630814,-1.59816
-0.0621948,0.975127,-1.69435,0.0580722,0.57322,-1.20275,0.172256,0.641032,-1.08027,0.257317,0.630814,-1.59816
-0.0621948,0.975127,-1.69435,0.0580722,0.57322,-1.20275,0.172256,0.641032,-1.08027,0.257317,0.630814,-1.59816
-0.0621948,0.975127,-1.69435,0.0580722,0.57322,-1.20275,0.172256,0.641032,-1.08027,0.257317,0.630814,-1.59816
-0.0621948,0.975127,-1.69435,0.0580722,0.57322,-1.20275,0.172256,0.641032,-1.08027,0.257317,0.630814,-1.59816
-0.0659641,0.960428,-1.67586,0.110027,0.572946,-1.19084,0.0972642,0.640736,-1.10614,0.211144,0.601808,-1.57804
-0.0659641,0.960428,-1.67586,0.110027,0.572946,-1.19084,0.0972642,0.640736,-1.10614,0.211144,0.601808,-1.57804
-0.0659641,0.960428,-1.67586,0.110027,0.572946,-1.19084,0.0972642,0.640736,-1.10614,0.211144,0.601808,-1.57804
-0.0659641,0.960428,-1.67586,0.110027,0.572946,-1.19084,0.0972642,0.640736,-1.10614,0.211144,0.601808,-1.57804
-0.0659641,0.960428,-1.67586,0.110027,0.572946,-1.19084,0.0972642,0.640736,-1.10614,0.211144,0.601808,-1.57804
-0.0659641,0.960428,-1.67586,0.110027,0.572946,-1.19084,0.0972642,0.640736,-1.10614,0.211144,0.601808,-1.57804
-0.0659641,0.960428,-1.67586,0.110027,0.572946,-1.19084,0.0972642,0.640736,-1.10614,0.211144,0.601808,-1.57804
-0.0659641,0.960428,-1.67586,0.110027,0.572946,-1.19084,0.0972642,0.640736,-1.10614,0.211144,0.601808,-1.57804
-0.0659641,0.960428,-1.67586,0.110027,0.572946,-1.19084,0.0972642,0.640736,-1.10614,0.211144,0.601808,-1.57804
-0.0659641,0.960428,-1.67586,0.110027,0.572946,-1.19084,0.0972642,0.640736,-1.10614,0.211144,0.601808,-1.57804
-0.0659641,0.960428,-1.67586,0.110027,0.572946,-1.19084,0.0972642,0.640736,-1.10614,0.211144,0.601808,-1.57804
-0.0271361,0.805019,-1.44038,0.0674591,0.719702,-1.4409,0.0148592,0.661661,-1.30365,0.00258178,0.647176,-1.4923
-0.0271361,0.805019,-1.44038,0.0674591,0.719702,-1.4409,0.0148592,0.661661,-1.30365,0.00258178,0.647176,-1.4923
-0.0271361,0.805019,-1.44038,0.0674591,0.719702,-1.4409,0.0148592,0.661661,-1.30365,0.00258178,0.647176,-1.4923
-0.0271361,0.805019,-1.44038,0.0674591,0.719702,-1.4409,0.0148592,0.661661,-1.30365,0.00258178,0.647176,-1.4923
-0.0271361,0.805019,-1.44038,0.0674591,0.719702,-1.4409,0.0148592,0.661661,-1.30365,0.00258178,0.647176,-1.4923
-0.0271361,0.805019,-1.44038,0.0674591,0.719702,-1.4409,0.0148592,0.661661,-1.30365,0.00258178,0.647176,-1.4923
-0.0271361,0.805019,-1.44038,0.0674591,0.719702,-1.4409,0.0148592,0.661661,-1.30365,0.00258178,0.647176,-1.4923
-0.0271361,0.805019,-1.44038,0.0674591,0.719702,-1.4409,0.0148592,0.661661,-1.30365,0.00258178,0.647176,-1.4923
-0.0271361,0.805019,-1.44038,0.0674591,0.719702,-1.4409,0.0148592,0.661661,-1.30365,0.00258178,0.647176,-1.4923
0.0741428,0.589457,-1.029,0.117959,0.850834,-1.73052,-0.0633953,0.69991,-1.52481,-0.0971968,0.574199,-1.15247
0.0741428,0.589457,-1.029,0.117959,0.850834,-1.73052,-0.0633953,0.69991,-1.52481,-0.0971968,0.574199,-1.15247
0.0741428,0.589457,-1.029,0.117959,0.850834,-1.73052,-0.0633953,0.69991,-1.52481,-0.0971968,0.574199,-1.15247
0.0741428,0.589457,-1.029,0.117959,0.850834,-1.73052,-0.0633953,0.69991,-1.52481,-0.0971968,0.574199,-1.15247
0.0741428,0.589457,-1.029,0.117959,0.850834,-1.73052,-0.0633953,0.69991,-1.52481,-0.0971968,0.574199,-1.15247
0.0741428,0.589457,-1.029,0.117959,0.850834,-1.73052,-0.0633953,0.69991,-1.52481,-0.0971968,0.574199,-1.15247
0.0741428,0.589457,-1.029,0.117959,0.850834,-1.73052,-0.0633953,0.69991,-1.52481,-0.0971968,0.574199,-1.15247
0.0741428,0.589457,-1.029,0.117959,0.850834,-1.73052,-0.0633953,0.69991,-1.52481,-0.0971968,0.574199,-1.15247
0.176092,0.479554,-0.883737,0.151309,0.915164,-1.80667,-0.118263,0.724436,-1.61685,-0.145145,0.558743,-0.98847
0.176092,0.479554,-0.883737,0.151309,0.915164,-1.80667,-0.118263,0.724436,-1.61685,-0.145145,0.558743,-0.98847
0.176092,0.479554,-0.883737,0.151309,0.915164,-1.80667,-0.118263,0.724436,-1.61685,-0.145145,0.558743,-0.98847
0.176092,0.479554,-0.883737,0.151309,0.915164,-1.80667,-0.118263,0.724436,-1.61685,-0.145145,0.558743,-0.98847
0.176092,0.479554,-0.883737,0.151309,0.915164,-1.80667,-0.118263,0.724436,-1.61685,-0.145145,0.558743,-0.98847
0.176092,0.479554,-0.883737,0.151309,0.915164,-1.80667,-0.118263,0.724436,-1.61685,-0.145145,0.558743,-0.98847
0.176092,0.479554,-0.883737,0.151309,0.915164,-1.80667,-0.118263,0.724436,-1.61685,-0.145145,0.558743,-0.98847
0.176092,0.479554,-0.883737,0.151309,0.915164,-1.80667,-0.118263,0.724436,-1.61685,-0.145145,0.558743,-0.98847
0.176092,0.479554,-0.883737,0.151309,0.915164,-1.80667,-0.118263,0.724436,-1.61685,-0.145145,0.558743,-0.98847
0.261636,0.438929,-0.854934,0.134228,0.952212,-1.78286,-0.147489,0.742607,-1.65779,-0.18511,0.551271,-0.978794
0.261636,0.438929,-0.854934,0.134228,0.952212,-1.78286,-0.147489,0.742607,-1.65779,-0.18511,0.551271,-0.978794
0.261636,0.438929,-0.854934,0.134228,0.952212,-1.78286,-0.147489,0.742607,-1.65779,-0.18511,0.551271,-0.978794
0.261636,0.438929,-0.854934,0.134228,0.952212,-1.78286,-0.147489,0.742607,-1.65779,-0.18511,0.551271,-0.978794
0.261636,0.438929,-0.854934,0.134228,0.952212,-1.78286,-0.147489,0.742607,-1.65779,-0.18511,0.551271,-0.978794
0.261636,0.438929,-0.854934,0.134228,0.952212,-1.78286,-0.147489,0.742607,-1.65779,-0.18511,0.551271,-0.978794
0.261636,0.438929,-0.854934,0.134228,0.952212,-1.78286,-0.147489,0.742607,-1.65779,-0.18511,0.551271,-0.978794
0.261636,0.438929,-0.854934,0.134228,0.952212,-1.78286,-0.147489,0.742607,-1.65779,-0.18511,0.551271,-0.978794
0.261636,0.438929,-0.854934,0.134228,0.952212,-1.78286,-0.147489,0.742607,-1.65779,-0.18511,0.551271,-0.978794
0.261636,0.438929,-0.854934,0.134228,0.952212,-1.78286,-0.147489,0.742607,-1.65779,-0.18511,0.551271,-0.978794
0.284406,0.443002,-0.889206,0.112479,0.983257,-1.7205,-0.177961,0.746214,-1.66134,-0.199813,0.521432,-1.06593
0.284406,0.443002,-0.889206,0.112479,0.983257,-1.7205,-0.177961,0.746214,-1.66134,-0.199813,0.521432,-1.06593
0.284406,0.443002,-0.889206,0.112479,0.983257,-1.7205,-0.177961,0.746214,-1.66134,-0.199813,0.521432,-1.06593
0.284406,0.443002,-0.889206,0.112479,0.983257,-1.7205,-0.177961,0.746214,-1.66134,-0.199813,0.521432,-1.06593
0.284406,0.443002,-0.889206,0.112479,0.983257,-1.7205,-0.177961,0.746214,-1.66134,-0.199813,0.521432,-1.06593
0.284406,0.443002,-0.889206,0.112479,0.983257,-1.7205,-0.177961,0.746214,-1.66134,-0.199813,0.521432,-1.06593
0.284406,0.443002,-0.889206,0.112479,0.983257,-1.7205,-0.177961,0.746214,-1.66134,-0.199813,0.521432,-1.06593
0.284406,0.443002,-0.889206,0.112479,0.983257,-1.7205,-0.177961,0.746214,-1.66134,-0.199813,0.521432,-1.06593
0.284406,0.443002,-0.889206,0.112479,0.983257,-1.7205,-0.177961,0.746214,-1.66134,-0.199813,0.521432,-1.06593
0.284406,0.443002,-0.889206,0.112479,0.983257,-1.7205,-0.177961,0.746214,-1.66134,-0.199813,0.521432,-1.06593
0.262778,0.455867,-0.946994,0.0940371,0.996484,-1.68632,-0.181119,0.733855,-1.6334,-0.193236,0.510702,-1.17315
0.262778,0.455867,-0.946994,0.0940371,0.996484,-1.68632,-0.181119,0.733855,-1.6334,-0.193236,0.510702,-1.17315
0.262778,0.455867,-0.946994,0.0940371,0.996484,-1.68632,-0.181119,0.733855,-1.6334,-0.193236,0.510702,-1.17315
0.262778,0.455867,-0.946994,0.0940371,0.996484,-1.68632,-0.181119,0.733855,-1.6334,-0.193236,0.510702,-1.17315
0.262778,0.455867,-0.946994,0.0940371,0.996484,-1.68632,-0.181119,0.733855,-1.6334,-0.193236,0.510702,-1.17315
0.262778,0.455867,-0.946994,0.0940371,0.996484,-1.68632,-0.181119,0.733855,-1.6334,-0.193236,0.510702,-1.17315
0.262778,0.455867,-0.946994,0.0940371,0.996484,-1.68632,-0.181119,0.733855,-1.6334,-0.193236,0.510702,-1.17315
0.262778,0.455867,-0.946994,0.0940371,0.996484,-1.68632,-0.181119,0.733855,-1.6334,-0.193236,0.510702,-1.17315
0.262778,0.455867,-0.946994,0.0940371,0.996484,-1.68632,-0.181119,0.733855,-1.6334,-0.193236,0.510702,-1.17315
0.262778,0.455867,-0.946994,0.0940371,0.996484,-1.68632,-0.181119,0.733855,-1.6334,-0.193236,0.510702,-1.17315
0.242105,0.459732,-0.978389,0.0823968,0.971336,-1.65544,-0.178133,0.716532,-1.57275,-0.167622,0.548805,-1.20009
0.242105,0.459732,-0.978389,0.0823968,0.971336,-1.65544,-0.178133,0.716532,-1.57275,-0.167622,0.548805,-1.20009
0.242105,0.459732,-0.978389,0.0823968,0.971336,-1.65544,-0.178133,0.716532,-1.57275,-0.167622,0.548805,-1.20009
0.242105,0.459732,-0.978389,0.0823968,0.971336,-1.65544,-0.178133,0.716532,-1.57275,-0.167622,0.548805,-1.20009
0.242105,0.459732,-0.978389,0.0823968,0.971336,-1.65544,-0.178133,0.716532,-1.57275,-0.167622,0.548805,-1.20009
0.242105,0.459732,-0.978389,0.0823968,0.971336,-1.65544,-0.178133,0.716532,-1.57275,-0.167622,0.548805,-1.20009
0.242105,0.459732,-0.978389,0.0823968,0.971336,-1.65544,-0.178133,0.716532,-1.57275,-0.167622,0.548805,-1.20009
0.242105,0.459732,-0.978389,0.0823968,0.971336,-1.65544,-0.178133,0.716532,-1.57275,-0.167622,0.548805,-1.20009
0.242105,0.459732,-0.978389,0.0823968,0.971336,-1.65544,-0.178133,0.716532,-1.57275,-0.167622,0.548805,-1.20009
0.242105,0.459732,-0.978389,0.0823968,0.971336,-1.65544,-0.178133,0.716532,-1.57275,-0.167622,0.548805,-1.20009
0.242105,0.459732,-0.978389,0.0823968,0.971336,-1.65544,-0.178133,0.716532,-1.57275,-0.167622,0.548805,-1.20009
0.200009,0.460594,-0.98612,0.0807198,0.922509,-1.62729,-0.167803,0.643765,-1.50273,-0.110191,0.616992,-1.15641
0.200009,0.460594,-0.98612,0.0807198,0.922509,-1.62729,-0.167803,0.643765,-1.50273,-0.110191,0.616992,-1.15641
0.200009,0.460594,-0.98612,0.0807198,0.922509,-1.62729,-0.167803,0.643765,-1.50273,-0.110191,0.616992,-1.15641
0.200009,0.460594,-0.98612,0.0807198,0.922509,-1.62729,-0.167803,0.643765,-1.50273,-0.110191,0.616992,-1.15641
0.200009,0.460594,-0.98612,0.0807198,0.922509,-1.62729,-0.167803,0.643765,-1.50273,-0.110191,0.616992,-1.15641
0.200009,0.460594,-0.98612,0.0807198,0.922509,-1.62729,-0.167803,0.643765,-1.50273,-0.110191,0.616992,-1.15641
0.200009,0.460594,-0.98612,0.0807198,0.922509,-1.62729,-0.167803,0.643765,-1.50273,-0.110191,0.616992,-1.15641
0.200009,0.460594,-0.98612,0.0807198,0.922509,-1.62729,-0.167803,0.643765,-1.50273,-0.110191,0.616992,-1.15641
0.200009,0.460594,-0.98612,0.0807198,0.922509,-1.62729,-0.167803,0.643765,-1.50273,-0.110191,0.616992,-1.15641
0.200009,0.460594,-0.98612,0.0807198,0.922509,-1.62729,-0.167803,0.643765,-1.50273,-0.110191,0.616992,-1.15641
0.154292,0.498787,-1.05248,0.102807,0.944887,-1.51488,-0.068875,0.60862,-1.40872,-0.0157772,0.647375,-1.16254
0.154292,0.498787,-1.05248,0.102807,0.944887,-1.51488,-0.068875,0.60862,-1.40872,-0.0157772,0.647375,-1.16254
0.154292,0.498787,-1.05248,0.102807,0.944887,-1.51488,-0.068875,0.60862,-1.40872,-0.0157772,0.647375,-1.16254
0.154292,0.498787,-1.05248,0.102807,0.944887,-1.51488,-0.068875,0.60862,-1.40872,-0.0157772,0.647375,-1.16254
0.154292,0.498787,-1.05248,0.102807,0.944887,-1.51488,-0.068875,0.60862,-1.40872,-0.0157772,0.647375,-1.16254
0.154292,0.498787,-1.05248,0.102807,0.944887,-1.51488,-0.068875,0.60862,-1.40872,-0.0157772,0.647375,-1.16254
0.154292,0.498787,-1.05248,0.102807,0.944887,-1.51488,-0.068875,0.60862,-1.40872,-0.0157772,0.647375,-1.16254
0.154292,0.498787,-1.05248,0.102807,0.944887,-1.51488,-0.068875,0.60862,-1.40872,-0.0157772,0.647375,-1.16254
0.154292,0.498787,-1.05248,0.102807,0.944887,-1.51488,-0.068875,0.60862,-1.40872,-0.0157772,0.647375,-1.16254
0.154292,0.498787,-1.05248,0.102807,0.944887,-1.51488,-0.068875,0.60862,-1.40872,-0.0157772,0.647375,-1.16254
0.154292,0.498787,-1.05248,0.102807,0.944887,-1.51488,-0.068875,0.60862,-1.40872,-0.0157772,0.647375,-1.16254
0.154292,0.498787,-1.05248,0.102807,0.944887,-1.51488,-0.068875,0.60862,-1.40872,-0.0157772,0.647375,-1.16254
0.154292,0.498787,-1.05248,0.102807,0.944887,-1.51488,-0.068875,0.60862,-1.40872,-0.0157772,0.647375,-1.16254
0.154292,0.498787,-1.05248,0.102807,0.944887,-1.51488,-0.068875,0.60862,-1.40872,-0.0157772,0.647375,-1.16254
0.0151601,0.699212,-1.51963,-0.0393842,0.766387,-1.05809,0.177587,0.564517,-0.927154,0.187478,0.666324,-1.59544
0.0151601,0.699212,-1.51963,-0.0393842,0.766387,-1.05809,0.177587,0.564517,-0.927154,0.187478,0.666324,-1.59544
0.0151601,0.699212,-1.51963,-0.0393842,0.766387,-1.05809,0.177587,0.564517,-0.927154,0.187478,0.666324,-1.59544
0.0151601,0.699212,-1.51963,-0.0393842,0.766387,-1.05809,0.177587,0.564517,-0.927154,0.187478,0.666324,-1.59544
0.0151601,0.699212,-1.51963,-0.0393842,0.766387,-1.05809,0.177587,0.564517,-0.927154,0.187478,0.666324,-1.59544
0.0151601,0.699212,-1.51963,-0.0393842,0.766387,-1.05809,0.177587,0.564517,-0.927154,0.187478,0.666324,-1.59544
0.0151601,0.699212,-1.51963,-0.0393842,0.766387,-1.05809,0.177587,0.564517,-0.927154,0.187478,0.666324,-1.59544
0.0151601,0.699212,-1.51963,-0.0393842,0.766387,-1.05809,0.177587,0.564517,-0.927154,0.187478,0.666324,-1.59544
0.0151601,0.699212,-1.51963,-0.0393842,0.766387,-1.05809,0.177587,0.564517,-0.927154,0.187478,0.666324,-1.59544
-0.0340525,0.874255,-1.70447,-0.0815556,0.618771,-0.867947,0.273216,0.634882,-0.772207,0.250423,0.71412,-1.71402
-0.0340525,0.874255,-1.70447,-0.0815556,0.618771,-0.867947,0.273216,0.634882,-0.772207,0.250423,0.71412,-1.71402
-0.0340525,0.874255,-1.70447,-0.0815556,0.618771,-0.867947,0.273216,0.634882,-0.772207,0.250423,0.71412,-1.71402
-0.0340525,0.874255,-1.70447,-0.0815556,0.618771,-0.867947,0.273216,0.634882,-0.772207,0.250423,0.71412,-1.71402
-0.0340525,0.874255,-1.70447,-0.0815556,0.618771,-0.867947,0.273216,0.634882,-0.772207,0.250423,0.71412,-1.71402
-0.0340525,0.874255,-1.70447,-0.0815556,0.618771,-0.867947,0.273216,0.634882,-0.772207,0.250423,0.71412,-1.71402
-0.0340525,0.874255,-1.70447,-0.0815556,0.618771,-0.867947,0.273216,0.634882,-0.772207,0.250423,0.71412,-1.71402
-0.0340525,0.874255,-1.70447,-0.0815556,0.618771,-0.867947,0.273216,0.634882,-0.772207,0.250423,0.71412,-1.71402
-0.0340525,0.874255,-1.70447,-0.0815556,0.618771,-0.867947,0.273216,0.634882,-0.772207,0.250423,0.71412,-1.71402
-0.0340525,0.874255,-1.70447,-0.0815556,0.618771,-0.867947,0.273216,0.634882,-0.772207,0.250423,0.71412,-1.71402
-0.0340525,0.874255,-1.70447,-0.0815556,0.618771,-0.867947,0.273216,0.634882,-0.772207,0.250423,0.71412,-1.71402
-0.0581496,0.9285,-1.73295,-0.0865834,0.558638,-0.883475,0.289399,0.677314,-0.837333,0.287648,0.683397,-1.71695
-0.0581496,0.9285,-1.73295,-0.0865834,0.558638,-0.883475,0.289399,0.677314,-0.837333,0.287648,0.683397,-1.71695
-0.0581496,0.9285,-1.73295,-0.0865834,0.558638,-0.883475,0.289399,0.677314,-0.837333,0.287648,0.683397,-1.71695
-0.0581496,0.9285,-1.73295,-0.0865834,0.558638,-0.883475,0.289399,0.677314,-0.837333,0.287648,0.683397,-1.71695
-0.0581496,0.9285,-1.73295,-0.0865834,0.558638,-0.883475,0.289399,0.677314,-0.837333,0.287648,0.683397,-1.71695
-0.0581496,0.9285,-1.73295,-0.0865834,0.558638,-0.883475,0.289399,0.677314,-0.837333,0.287648,0.683397,-1.71695
-0.0581496,0.9285,-1.73295,-0.0865834,0.558638,-0.883475,0.289399,0.677314,-0.837333,0.287648,0.683397,-1.71695
-0.0581496,0.9285,-1.73295,-0.0865834,0.558638,-0.883475,0.289399,0.677314,-0.837333,0.287648,0.683397,-1.71695
-0.0622624,0.941376,-1.71166,-0.0661745,0.578953,-1.00815,0.282022,0.678054,-0.921887,0.305656,0.664612,-1.6639
-0.0622624,0.941376,-1.71166,-0.0661745,0.578953,-1.00815,0.282022,0.678054,-0.921887,0.305656,0.664612,-1.6639
-0.0622624,0.941376,-1.71166,-0.0661745,0.578953,-1.00815,0.282022,0.678054,-0.921887,0.305656,0.664612,-1.6639
-0.0622624,0.941376,-1.71166,-0.0661745,0.578953,-1.00815,0.282022,0.678054,-0.921887,0.305656,0.664612,-1.6639
-0.0622624,0.941376,-1.71166,-0.0661745,0.578953,-1.00815,0.282022,0.678054,-0.921887,0.305656,0.664612,-1.6639
-0.0622624,0.941376,-1.71166,-0.0661745,0.578953,-1.00815,0.282022,0.678054,-0.921887,0.305656,0.664612,-1.6639
-0.0622624,0.941376,-1.71166,-0.0661745,0.578953,-1.00815,0.282022,0.678054,-0.921887,0.305656,0.664612,-1.6639
-0.0622624,0.941376,-1.71166,-0.0661745,0.578953,-1.00815,0.282022,0.678054,-0.921887,0.305656,0.664612,-1.6639
-0.0622624,0.941376,-1.71166,-0.0661745,0.578953,-1.00815,0.282022,0.678054,-0.921887,0.305656,0.664612,-1.6639
-0.0547894,0.947193,-1.68478,-0.0210351,0.602516,-1.13988,0.25926,0.673424,-1.01908,0.287518,0.650414,-1.6118
-0.0547894,0.947193,-1.68478,-0.0210351,0.602516,-1.13988,0.25926,0.673424,-1.01908,0.287518,0.650414,-1.6118
-0.0547894,0.947193,-1.68478,-0.0210351,0.602516,-1.13988,0.25926,0.673424,-1.01908,0.287518,0.650414,-1.6118
-0.0547894,0.947193,-1.68478,-0.0210351,0.602516,-1.13988,0.25926,0.673424,-1.01908,0.287518,0.650414,-1.6118
-0.0547894,0.947193,-1.68478,-0.0210351,0.602516,-1.13988,0.25926,0.673424,-1.01908,0.287518,0.650414,-1.6118
-0.0547894,0.947193,-1.68478,-0.0210351,0.602516,-1.13988,0.25926,0.673424,-1.01908,0.287518,0.650414,-1.6118
-0.0547894,0.947193,-1.68478,-0.0210351,0.602516,-1.13988,0.25926,0.673424,-1.01908,0.287518,0.650414,-1.6118
-0.0547894,0.947193,-1.68478,-0.0210351,0.602516,-1.13988,0.25926,0.673424,-1.01908,0.287518,0.650414,-1.6118
-0.0547894,0.947193,-1.68478,-0.0210351,0.602516,-1.13988,0.25926,0.673424,-1.01908,0.287518,0.650414,-1.6118
-0.0614768,0.965466,-1.68744,0.0232799,0.586655,-1.20783,0.220489,0.658895,-1.06694,0.270515,0.642065,-1.59294
-0.0614768,0.965466,-1.68744,0.0232799,0.586655,-1.20783,0.220489,0.658895,-1.06694,0.270515,0.642065,-1.59294
-0.0614768,0.965466,-1.68744,0.0232799,0.586655,-1.20783,0.220489,0.658895,-1.06694,0.270515,0.642065,-1.59294
-0.0614768,0.965466,-1.68744,0.0232799,0.586655,-1.20783,0.220489,0.658895,-1.06694,0.270515,0.642065,-1.59294
-0.0614768,0.965466,-1.68744,0.0232799,0.586655,-1.20783,0.220489,0.658895,-1.06694,0.270515,0.642065,-1.59294
-0.0614768,0.965466,-1.68744,0.0232799,0.586655,-1.20783,0.220489,0.658895,-1.06694,0.270515,0.642065,-1.59294
-0.0614768,0.965466,-1.68744,0.0232799,0.586655,-1.20783,0.220489,0.658895,-1.06694,0.270515,0.642065,-1.59294
-0.0614768,0.965466,-1.68744,0.0232799,0.586655,-1.20783,0.220489,0.658895,-1.06694,0.270515,0.642065,-1.59294
-0.0614768,0.965466,-1.68744,0.0232799,0.586655,-1.20783,0.220489,0.658895,-1.06694,0.270515,0.642065,-1.59294
-0.0614768,0.965466,-1.68744,0.0232799,0.586655,-1.20783,0.220489,0.658895,-1.06694,0.270515,0.642065,-1.59294
-0.0614768,0.965466,-1.68744,0.0232799,0.586655,-1.20783,0.220489,0.658895,-1.06694,0.270515,0.642065,-1.59294
-0.0649899,0.977316,-1.69636,0.0780166,0.565704,-1.19111,0.148743,0.644162,-1.08144,0.248607,0.617575,-1.59682
-0.0649899,0.977316,-1.69636,0.0780166,0.565704,-1.19111,0.148743,0.644162,-1.08144,0.248607,0.617575,-1.59682
-0.0649899,0.977316,-1.69636,0.0780166,0.565704,-1.19111,0.148743,0.644162,-1.08144,0.248607,0.617575,-1.59682
-0.0649899,0.977316,-1.69636,0.0780166,0.565704,-1.19111,0.148743,0.644162,-1.08144,0.248607,0.617575,-1.59682
-0.0649899,0.977316,-1.69636,0.0780166,0.565704,-1.19111,0.148743,0.644162,-1.08144,0.248607,0.617575,-1.59682
-0.0649899,0.977316,-1.69636,0.0780166,0.565704,-1.19111,0.148743,0.644162,-1.08144,0.248607,0.617575,-1.59682
-0.0649899,0.977316,-1.69636,0.0780166,0.565704,-1.19111,0.148743,0.644162,-1.08144,0.248607,0.617575,-1.59682
-0.0649899,0.977316,-1.69636,0.0780166,0.565704,-1.19111,0.148743,0.644162,-1.08144,0.248607,0.617575,-1.59682
-0.0649899,0.977316,-1.69636,0.0780166,0.565704,-1.19111,0.148743,0.644162,-1.08144,0.248607,0.617575,-1.59682
-0.0778639,0.937299,-1.65233,0.114663,0.584509,-1.21932,0.0705301,0.635671,-1.13286,0.165804,0.618221,-1.53859
-0.0778639,0.937299,-1.65233,0.114663,0.584509,-1.21932,0.0705301,0.635671,-1.13286,0.165804,0.618221,-1.53859
-0.0778639,0.937299,-1.65233,0.114663,0.584509,-1.21932,0.0705301,0.635671,-1.13286,0.165804,0.618221,-1.53859
-0.0778639,0.937299,-1.65233,0.114663,0.584509,-1.21932,0.0705301,0.635671,-1.13286,0.165804,0.618221,-1.53859
-0.0778639,0.937299,-1.65233,0.114663,0.584509,-1.21932,0.0705301,0.635671,-1.13286,0.165804,0.618221,-1.53859
-0.0778639,0.937299,-1.65233,0.114663,0.584509,-1.21932,0.0705301,0.635671,-1.13286,0.165804,0.618221,-1.53859
-0.0778639,0.937299,-1.65233,0.114663,0.584509,-1.21932,0.0705301,0.635671,-1.13286,0.165804,0.618221,-1.53859
-0.0778639,0.937299,-1.65233,0.114663,0.584509,-1.21932,0.0705301,0.635671,-1.13286,0.165804,0.618221,-1.53859
-0.0778639,0.937299,-1.65233,0.114663,0.584509,-1.21932,0.0705301,0.635671,-1.13286,0.165804,0.618221,-1.53859
-0.0778639,0.937299,-1.65233,0.114663,0.584509,-1.21932,0.0705301,0.635671,-1.13286,0.165804,0.618221,-1.53859
-0.0778639,0.937299,-1.65233,0.114663,0.584509,-1.21932,0.0705301,0.635671,-1.13286,0.165804,0.618221,-1.53859
0.0505995,0.68844,-1.21037,0.0940289,0.754313,-1.57122,-0.024803,0.656936,-1.412,-0.0508615,0.616274,-1.38247
0.0505995,0.68844,-1.21037,0.0940289,0.754313,-1.57122,-0.024803,0.656936,-1.412,-0.0508615,0.616274,-1.38247
0.0505995,0.68844,-1.21037,0.0940289,0.754313,-1.57122,-0.024803,0.656936,-1.412,-0.0508615,0.616274,-1.38247
0.0505995,0.68844,-1.21037,0.0940289,0.754313,-1.57122,-0.024803,0.656936,-1.412,-0.0508615,0.616274,-1.38247
0.0505995,0.68844,-1.21037,0.0940289,0.754313,-1.57122,-0.024803,0.656936,-1.412,-0.0508615,0.616274,-1.38247
0.0505995,0.68844,-1.21037,0.0940289,0.754313,-1.57122,-0.024803,0.656936,-1.412,-0.0508615,0.616274,-1.38247
0.0505995,0.68844,-1.21037,0.0940289,0.754313,-1.57122,-0.024803,0.656936,-1.412,-0.0508615,0.616274,-1.38247
0.0505995,0.68844,-1.21037,0.0940289,0.754313,-1.57122,-0.024803,0.656936,-1.412,-0.0508615,0.616274,-1.38247
0.0505995,0.68844,-1.21037,0.0940289,0.754313,-1.57122,-0.024803,0.656936,-1.412,-0.0508615,0.616274,-1.38247
0.0505995,0.68844,-1.21037,0.0940289,0.754313,-1.57122,-0.024803,0.656936,-1.412,-0.0508615,0.616274,-1.38247
0.0505995,0.68844,-1.21037,0.0940289,0.754313,-1.57122,-0.024803,0.656936,-1.412,-0.0508615,0.616274,-1.38247
0.0505995,0.68844,-1.21037,0.0940289,0.754313,-1.57122,-0.024803,0.656936,-1.412,-0.0508615,0.616274,-1.38247
0.111449,0.53887,-0.93636,0.146637,0.88462,-1.77121,-0.0729655,0.702189,-1.55842,-0.111685,0.557029,-1.08289
0.111449,0.53887,-0.93636,0.146637,0.88462,-1.77121,-0.0729655,0.702189,-1.55842,-0.111685,0.557029,-1.08289
0.111449,0.53887,-0.93636,0.146637,0.88462,-1.77121,-0.0729655,0.702189,-1.55842,-0.111685,0.557029,-1.08289
0.111449,0.53887,-0.93636,0.146637,0.88462,-1.77121,-0.0729655,0.702189,-1.55842,-0.111685,0.557029,-1.08289
0.111449,0.53887,-0.93636,0.146637,0.88462,-1.77121,-0.0729655,0.702189,-1.55842,-0.111685,0.557029,-1.08289
0.111449,0.53887,-0.93636,0.146637,0.88462,-1.77121,-0.0729655,0.702189,-1.55842,-0.111685,0.557029,-1.08289
0.111449,0.53887,-0.93636,0.146637,0.88462,-1.77121,-0.0729655,0.702189,-1.55842,-0.111685,0.557029,-1.08289
0.111449,0.53887,-0.93636,0.146637,0.88462,-1.77121,-0.0729655,0.702189,-1.55842,-0.111685,0.557029,-1.08289
0.111449,0.53887,-0.93636,0.146637,0.88462,-1.77121,-0.0729655,0.702189,-1.55842,-0.111685,0.557029,-1.08289
0.111449,0.53887,-0.93636,0.146637,0.88462,-1.77121,-0.0729655,0.702189,-1.55842,-0.111685,0.557029,-1.08289
0.212534,0.44841,-0.860395,0.160594,0.930534,-1.80715,-0.122144,0.727295,-1.63143,-0.161764,0.559732,-0.98088
0.212534,0.44841,-0.860395,0.160594,0.930534,-1.80715,-0.122144,0.727295,-1.63143,-0.161764,0.559732,-0.98088
0.212534,0.44841,-0.860395,0.160594,0.930534,-1.80715,-0.122144,0.727295,-1.63143,-0.161764,0.559732,-0.98088
0.212534,0.44841,-0.860395,0.160594,0.930534,-1.80715,-0.122144,0.727295,-1.63143,-0.161764,0.559732,-0.98088
0.212534,0.44841,-0.860395,0.160594,0.930534,-1.80715,-0.122144,0.727295,-1.63143,-0.161764,0.559732,-0.98088
0.212534,0.44841,-0.860395,0.160594,0.930534,-1.80715,-0.122144,0.727295,-1.63143,-0.161764,0.559732,-0.98088
0.212534,0.44841,-0.860395,0.160594,0.930534,-1.80715,-0.122144,0.727295,-1.63143,-0.161764,0.559732,-0.98088
0.212534,0.44841,-0.860395,0.160594,0.930534,-1.80715,-0.122144,0.727295,-1.63143,-0.161764,0.559732,-0.98088
0.212534,0.44841,-0.860395,0.160594,0.930534,-1.80715,-0.122144,0.727295,-1.63143,-0.161764,0.559732,-0.98088
0.212534,0.44841,-0.860395,0.160594,0.930534,-1.80715,-0.122144,0.727295,-1.63143,-0.161764,0.559732,-0.98088
0.276488,0.436431,-0.862698,0.135974,0.965164,-1.76102,-0.154147,0.742178,-1.65987,-0.191692,0.539874,-1.00859
0.276488,0.436431,-0.862698,0.135974,0.965164,-1.76102,-0.154147,0.742178,-1.65987,-0.191692,0.539874,-1.00859
0.276488,0.436431,-0.862698,0.135974,0.965164,-1.76102,-0.154147,0.742178,-1.65987,-0.191692,0.539874,-1.00859
0.276488,0.436431,-0.862698,0.135974,0.965164,-1.76102,-0.154147,0.742178,-1.65987,-0.191692,0.539874,-1.00859
0.276488,0.436431,-0.862698,0.135974,0.965164,-1.76102,-0.154147,0.742178,-1.65987,-0.191692,0.539874,-1.00859
0.276488,0.436431,-0.862698,0.135974,0.965164,-1.76102,-0.154147,0.742178,-1.65987,-0.191692,0.539874,-1.00859
0.276488,0.436431,-0.862698,0.135974,0.965164,-1.76102,-0.154147,0.742178,-1.65987,-0.191692,0.539874,-1.00859
0.276488,0.436431,-0.862698,0.135974,0.965164,-1.76102,-0.154147,0.742178,-1.65987,-0.191692,0.539874,-1.00859
0.276488,0.436431,-0.862698,0.135974,0.965164,-1.76102,-0.154147,0.742178,-1.65987,-0.191692,0.539874,-1.00859
0.276488,0.436431,-0.862698,0.135974,0.965164,-1.76102,-0.154147,0.742178,-1.65987,-0.191692,0.539874,-1.00859
0.276488,0.436431,-0.862698,0.135974,0.965164,-1.76102,-0.154147,0.742178,-1.65987,-0.191692,0.539874,-1.00859
0.279652,0.455276,-0.91005,0.113307,0.992776,-1.70984,-0.178927,0.740404,-1.65385,-0.198968,0.512694,-1.10561
0.279652,0.455276,-0.91005,0.113307,0.992776,-1.70984,-0.178927,0.740404,-1.65385,-0.198968,0.512694,-1.10561
0.279652,0.455276,-0.91005,0.113307,0.992776,-1.70984,-0.178927,0.740404,-1.65385,-0.198968,0.512694,-1.10561
0.279652,0.455276,-0.91005,0.113307,0.992776,-1.70984,-0.178927,0.740404,-1.65385,-0.198968,0.512694,-1.10561
0.279652,0.455276,-0.91005,0.113307,0.992776,-1.70984,-0.178927,0.740404,-1.65385,-0.198968,0.512694,-1.10561
0.279652,0.455276,-0.91005,0.113307,0.992776,-1.70984,-0.178927,0.740404,-1.65385,-0.198968,0.512694,-1.10561
0.279652,0.455276,-0.91005,0.113307,0.992776,-1.70984,-0.178927,0.740404,-1.65385,-0.198968,0.512694,-1.10561
0.279652,0.455276,-0.91005,0.113307,0.992776,-1.70984,-0.178927,0.740404,-1.65385,-0.198968,0.512694,-1.10561
0.279652,0.455276,-0.91005,0.113307,0.992776,-1.70984,-0.178927,0.740404,-1.65385,-0.198968,0.512694,-1.10561
0.260852,0.466049,-0.969316,0.0935253,0.99138,-1.67966,-0.178593,0.732962,-1.61362,-0.184322,0.524163,-1.19213
0.260852,0.466049,-0.969316,0.0935253,0.99138,-1.67966,-0.178593,0.732962,-1.61362,-0.184322,0.524163,-1.19213
0.260852,0.466049,-0.969316,0.0935253,0.99138,-1.67966,-0.178593,0.732962,-1.61362,-0.184322,0.524163,-1.19213
0.260852,0.466049,-0.969316,0.0935253,0.99138,-1.67966,-0.178593,0.732962,-1.61362,-0.184322,0.524163,-1.19213
0.260852,0.466049,-0.969316,0.0935253,0.99138,-1.67966,-0.178593,0.732962,-1.61362,-0.184322,0.524163,-1.19213
0.260852,0.466049,-0.969316,0.0935253,0.99138,-1.67966,-0.178593,0.732962,-1.61362,-0.184322,0.524163,-1.19213
0.260852,0.466049,-0.969316,0.0935253,0.99138,-1.67966,-0.178593,0.732962,-1.61362,-0.184322,0.524163,-1.19213
0.260852,0.466049,-0.969316,0.0935253,0.99138,-1.67966,-0.178593,0.732962,-1.61362,-0.184322,0.524163,-1.19213
0.260852,0.466049,-0.969316,0.0935253,0.99138,-1.67966,-0.178593,0.732962,-1.61362,-0.184322,0.524163,-1.19213
0.260852,0.466049,-0.969316,0.0935253,0.99138,-1.67966,-0.178593,0.732962,-1.61362,-0.184322,0.524163,-1.19213
0.260852,0.466049,-0.969316,0.0935253,0.99138,-1.67966,-0.178593,0.732962,-1.61362,-0.184322,0.524163,-1.19213
0.232918,0.464982,-0.985013,0.0804004,0.95477,-1.65021,-0.177021,0.698233,-1.55068,-0.150847,0.575005,-1.19051
0.232918,0.464982,-0.985013,0.0804004,0.95477,-1.65021,-0.177021,0.698233,-1.55068,-0.150847,0.575005,-1.19051
0.232918,0.464982,-0.985013,0.0804004,0.95477,-1.65021,-0.177021,0.698233,-1.55068,-0.150847,0.575005,-1.19051
0.232918,0.464982,-0.985013,0.0804004,0.95477,-1.65021,-0.177021,0.698233,-1.55068,-0.150847,0.575005,-1.19051
0.232918,0.464982,-0.985013,0.0804004,0.95477,-1.65021,-0.177021,0.698233,-1.55068,-0.150847,0.575005,-1.19051
0.232918,0.464982,-0.985013,0.0804004,0.95477,-1.65021,-0.177021,0.698233,-1.55068,-0.150847,0.575005,-1.19051
0.232918,0.464982,-0.985013,0.0804004,0.95477,-1.65021,-0.177021,0.698233,-1.55068,-0.150847,0.575005,-1.19051
0.232918,0.464982,-0.985013,0.0804004,0.95477,-1.65021,-0.177021,0.698233,-1.55068,-0.150847,0.575005,-1.19051
0.232918,0.464982,-0.985013,0.0804004,0.95477,-1.65021,-0.177021,0.698233,-1.55068,-0.150847,0.575005,-1.19051
0.232918,0.464982,-0.985013,0.0804004,0.95477,-1.65021,-0.177021,0.698233,-1.55068,-0.150847,0.575005,-1.19051
0.186344,0.469059,-0.998644,0.0906541,0.924182,-1.6124,-0.148963,0.61886,-1.4777,-0.0849933,0.637445,-1.13834
0.186344,0.469059,-0.998644,0.0906541,0.924182,-1.6124,-0.148963,0.61886,-1.4777,-0.0849933,0.637445,-1.13834
0.186344,0.469059,-0.998644,0.0906541,0.924182,-1.6124,-0.148963,0.61886,-1.4777,-0.0849933,0.637445,-1.13834
0.186344,0.469059,-0.998644,0.0906541,0.924182,-1.6124,-0.148963,0.61886,-1.4777,-0.0849933,0.637445,-1.13834
0.186344,0.469059,-0.998644,0.0906541,0.924182,-1.6124,-0.148963,0.61886,-1.4777,-0.0849933,0.637445,-1.13834
0.186344,0.469059,-0.998644,0.0906541,0.924182,-1.6124,-0.148963,0.61886,-1.4777,-0.0849933,0.637445,-1.13834
0.186344,0.469059,-0.998644,0.0906541,0.924182,-1.6124,-0.148963,0.61886,-1.4777,-0.0849933,0.637445,-1.13834
0.186344,0.469059,-0.998644,0.0906541,0.924182,-1.6124,-0.148963,0.61886,-1.4777,-0.0849933,0.637445,-1.13834
0.186344,0.469059,-0.998644,0.0906541,0.924182,-1.6124,-0.148963,0.61886,-1.4777,-0.0849933,0.637445,-1.13834
0.186344,0.469059,-0.998644,0.0906541,0.924182,-1.6124,-0.148963,0.61886,-1.4777,-0.0849933,0.637445,-1.13834
0.103046,0.564329,-1.20262,0.0813343,0.924349,-1.39583,0.010132,0.599601,-1.3221,0.0551288,0.64562,-1.3048
0.103046,0.564329,-1.20262,0.0813343,0.924349,-1.39583,0.010132,0.599601,-1.3221,0.0551288,0.64562,-1.3048
0.103046,0.564329,-1.20262,0.0813343,0.924349,-1.39583,0.010132,0.599601,-1.3221,0.0551288,0.64562,-1.3048
0.103046,0.564329,-1.20262,0.0813343,0.924349,-1.39583,0.010132,0.599601,-1.3221,0.0551288,0.64562,-1.3048
0.103046,0.564329,-1.20262,0.0813343,0.924349,-1.39583,0.010132,0.599601,-1.3221,0.0551288,0.64562,-1.3048
0.103046,0.564329,-1.20262,0.0813343,0.924349,-1.39583,0.010132,0.599601,-1.3221,0.0551288,0.64562,-1.3048
0.103046,0.564329,-1.20262,0.0813343,0.924349,-1.39583,0.010132,0.599601,-1.3221,0.0551288,0.64562,-1.3048
0.103046,0.564329,-1.20262,0.0813343,0.924349,-1.39583,0.010132,0.599601,-1.3221,0.0551288,0.64562,-1.3048
0.103046,0.564329,-1.20262,0.0813343,0.924349,-1.39583,0.010132,0.599601,-1.3221,0.0551288,0.64562,-1.3048
-0.0022635,0.775753,-1.60472,-0.0726573,0.703542,-0.992897,0.217856,0.574514,-0.842267,0.213158,0.691499,-1.64776
-0.0022635,0.775753,-1.60472,-0.0726573,0.703542,-0.992897,0.217856,0.574514,-0.842267,0.213158,0.691499,-1.64776