0,0.0219295,0.835241,1.15551,-1.45286,-2.00792,0,-0.0084098,0.835241,1.15703,-1.45286,-2.01053,0,0.0220247,0.835241,1.14913,-1.45286,-2.01866,0,-0.0101258,0.835241,1.14553,-1.45286,-2.02422
0,0.0219295,0.829283,1.15551,-1.44392,-2.00792,0,-0.0084098,0.829283,1.15703,-1.44392,-2.01053,0,0.0220247,0.829283,1.14913,-1.44392,-2.01866,0,-0.0101258,0.829283,1.14553,-1.44392,-2.02422
0,0.0219295,0.823385,1.15551,-1.43508,-2.00792,0,-0.0084098,0.823385,1.15703,-1.43508,-2.01053,0,0.0220247,0.823385,1.14913,-1.43508,-2.01866,0,-0.0101258,0.823385,1.14553,-1.43508,-2.02422
0,0.0219295,0.817545,1.15551,-1.42632,-2.00792,0,-0.0084098,0.817545,1.15703,-1.42632,-2.01053,0,0.0220247,0.817545,1.14913,-1.42632,-2.01866,0,-0.0101258,0.817545,1.14553,-1.42632,-2.02422
0,0.0219295,0.811765,1.15551,-1.41765,-2.00792,0,-0.0084098,0.811765,1.15703,-1.41765,-2.01053,0,0.0220247,0.811765,1.14913,-1.41765,-2.01866,0,-0.0101258,0.811765,1.14553,-1.41765,-2.02422
0,0.0219295,0.806048,1.15551,-1.40907,-2.00792,0,-0.0084098,0.806048,1.15703,-1.40907,-2.01053,0,0.0220247,0.806048,1.14913,-1.40907,-2.01866,0,-0.0101258,0.806048,1.14553,-1.40907,-2.02422
0,0.0219295,0.800392,1.15551,-1.40059,-2.00792,0,-0.0084098,0.800392,1.15703,-1.40059,-2.01053,0,0.0220247,0.800392,1.14913,-1.40059,-2.01866,0,-0.0101258,0.800392,1.14553,-1.40059,-2.02422
0,0.0219295,0.7948,1.15551,-1.3922,-2.00792,0,-0.0084098,0.7948,1.15703,-1.3922,-2.01053,0,0.0220247,0.7948,1.14913,-1.3922,-2.01866,0,-0.0101258,0.7948,1.14553,-1.3922,-2.02422
0,0.0219295,0.789271,1.15551,-1.38391,-2.00792,0,-0.0084098,0.789271,1.15703,-1.38391,-2.01053,0,0.0220247,0.789271,1.14913,-1.38391,-2.01866,0,-0.0101258,0.789271,1.14553,-1.38391,-2.02422
0,0.0219295,0.783807,1.15551,-1.37571,-2.00792,0,-0.0084098,0.783807,1.15703,-1.37571,-2.01053,0,0.0220247,0.783807,1.14913,-1.37571,-2.01866,0,-0.0101258,0.783807,1.14553,-1.37571,-2.02422
0,0.0219295,0.778409,1.15551,-1.36761,-2.00792,0,-0.0084098,0.778409,1.15703,-1.36761,-2.01053,0,0.0220247,0.778409,1.14913,-1.36761,-2.01866,0,-0.0101258,0.778409,1.14553,-1.36761,-2.02422
0,0.0219295,0.773078,1.15551,-1.35962,-2.00792,0,-0.0084098,0.773078,1.15703,-1.35962,-2.01053,0,0.0220247,0.773078,1.14913,-1.35962,-2.01866,0,-0.0101258,0.773078,1.14553,-1.35962,-2.02422
0,0.0219295,0.767815,1.15551,-1.35172,-2.00792,0,-0.0084098,0.767815,1.15703,-1.35172,-2.01053,0,0.0220247,0.767815,1.14913,-1.35172,-2.01866,0,-0.0101258,0.767815,1.14553,-1.35172,-2.02422
0,0.0219295,0.762618,1.15551,-1.34393,-2.00792,0,-0.0084098,0.762618,1.15703,-1.34393,-2.01053,0,0.0220247,0.762618,1.14913,-1.34393,-2.01866,0,-0.0101258,0.762618,1.14553,-1.34393,-2.02422
0,0.0219295,0.757491,1.15551,-1.33624,-2.00792,0,-0.0084098,0.757491,1.15703,-1.33624,-2.01053,0,0.0220247,0.757491,1.14913,-1.33624,-2.01866,0,-0.0101258,0.757491,1.14553,-1.33624,-2.02422
0,0.0219295,0.752435,1.15551,-1.32865,-2.00792,0,-0.0084098,0.752435,1.15703,-1.32865,-2.01053,0,0.0220247,0.752435,1.14913,-1.32865,-2.01866,0,-0.0101258,0.752435,1.14553,-1.32865,-2.02422
0,0.0219295,0.747449,1.15551,-1.32117,-2.00792,0,-0.0084098,0.747449,1.15703,-1.32117,-2.01053,0,0.0220247,0.747449,1.14913,-1.32117,-2.01866,0,-0.0101258,0.747449,1.14553,-1.32117,-2.02422
0,0.0219295,0.742535,1.15551,-1.3138,-2.00792,0,-0.0084098,0.742535,1.15703,-1.3138,-2.01053,0,0.0220247,0.742535,1.14913,-1.3138,-2.01866,0,-0.0101258,0.742535,1.14553,-1.3138,-2.02422
0,0.0219295,0.737692,1.15551,-1.30654,-2.00792,0,-0.0084098,0.737692,1.15703,-1.30654,-2.01053,0,0.0220247,0.737692,1.14913,-1.30654,-2.01866,0,-0.0101258,0.737692,1.14553,-1.30654,-2.02422
0,0.0219295,0.732922,1.15551,-1.29938,-2.00792,0,-0.0084098,0.732922,1.15703,-1.29938,-2.01053,0,0.0220247,0.732922,1.14913,-1.29938,-2.01866,0,-0.0101258,0.732922,1.14553,-1.29938,-2.02422
0,0.0219295,0.728226,1.15551,-1.29234,-2.00792,0,-0.0084098,0.728226,1.15703,-1.29234,-2.01053,0,0.0220247,0.728226,1.14913,-1.29234,-2.01866,0,-0.0101258,0.728226,1.14553,-1.29234,-2.02422
0,0.0219295,0.723606,1.15551,-1.28541,-2.00792,0,-0.0084098,0.723606,1.15703,-1.28541,-2.01053,0,0.0220247,0.723606,1.14913,-1.28541,-2.01866,0,-0.0101258,0.723606,1.14553,-1.28541,-2.02422
0,0.0219295,0.719059,1.15551,-1.27859,-2.00792,0,-0.0084098,0.719059,1.15703,-1.27859,-2.01053,0,0.0220247,0.719059,1.14913,-1.27859,-2.01866,0,-0.0101258,0.719059,1.14553,-1.27859,-2.02422
0,0.0219295,0.714589,1.15551,-1.27188,-2.00792,0,-0.0084098,0.714589,1.15703,-1.27188,-2.01053,0,0.0220247,0.714589,1.14913,-1.27188,-2.01866,0,-0.0101258,0.714589,1.14553,-1.27188,-2.02422
0,0.0219295,0.710196,1.15551,-1.26529,-2.00792,0,-0.0084098,0.710196,1.15703,-1.26529,-2.01053,0,0.0220247,0.710196,1.14913,-1.26529,-2.01866,0,-0.0101258,0.710196,1.14553,-1.26529,-2.02422
0,0.0219295,0.70588,1.15551,-1.25882,-2.00792,0,-0.0084098,0.70588,1.15703,-1.25882,-2.01053,0,0.0220247,0.70588,1.14913,-1.25882,-2.01866,0,-0.0101258,0.70588,1.14553,-1.25882,-2.02422
0,0.0219295,0.701642,1.15551,-1.25246,-2.00792,0,-0.0084098,0.701642,1.15703,-1.25246,-2.01053,0,0.0220247,0.701642,1.14913,-1.25246,-2.01866,0,-0.0101258,0.701642,1.14553,-1.25246,-2.02422
0,0.0219295,0.697483,1.15551,-1.24622,-2.00792,0,-0.0084098,0.697483,1.15703,-1.24622,-2.01053,0,0.0220247,0.697483,1.14913,-1.24622,-2.01866,0,-0.0101258,0.697483,1.14553,-1.24622,-2.02422
0,0.0219295,0.693403,1.15551,-1.2401,-2.00792,0,-0.0084098,0.693403,1.15703,-1.2401,-2.01053,0,0.0220247,0.693403,1.14913,-1.2401,-2.01866,0,-0.0101258,0.693403,1.14553,-1.2401,-2.02422
0,0.0219295,0.689403,1.15551,-1.2341,-2.00792,0,-0.0084098,0.689403,1.15703,-1.2341,-2.01053,0,0.0220247,0.689403,1.14913,-1.2341,-2.01866,0,-0.0101258,0.689403,1.14553,-1.2341,-2.02422
0,0.0219295,0.685484,1.15551,-1.22823,-2.00792,0,-0.0084098,0.685484,1.15703,-1.22823,-2.01053,0,0.0220247,0.685484,1.14913,-1.22823,-2.01866,0,-0.0101258,0.685484,1.14553,-1.22823,-2.02422
0,0.0219295,0.681646,1.15551,-1.22247,-2.00792,0,-0.0084098,0.681646,1.15703,-1.22247,-2.01053,0,0.0220247,0.681646,1.14913,-1.22247,-2.01866,0,-0.0101258,0.681646,1.14553,-1.22247,-2.02422
0,0.0219295,0.677889,1.15551,-1.21683,-2.00792,0,-0.0084098,0.677889,1.15703,-1.21683,-2.01053,0,0.0220247,0.677889,1.14913,-1.21683,-2.01866,0,-0.0101258,0.677889,1.14553,-1.21683,-2.02422
0,0.0219295,0.674216,1.15551,-1.21132,-2.00792,0,-0.0084098,0.674216,1.15703,-1.21132,-2.01053,0,0.0220247,0.674216,1.14913,-1.21132,-2.01866,0,-0.0101258,0.674216,1.14553,-1.21132,-2.02422
0,0.0219295,0.670625,1.15551,-1.20594,-2.00792,0,-0.0084098,0.670625,1.15703,-1.20594,-2.01053,0,0.0220247,0.670625,1.14913,-1.20594,-2.01866,0,-0.0101258,0.670625,1.14553,-1.20594,-2.02422
0,0.0219295,0.667118,1.15551,-1.20068,-2.00792,0,-0.0084098,0.667118,1.15703,-1.20068,-2.01053,0,0.0220247,0.667118,1.14913,-1.20068,-2.01866,0,-0.0101258,0.667118,1.14553,-1.20068,-2.02422
0,0.0219295,0.663695,1.15551,-1.19554,-2.00792,0,-0.0084098,0.663695,1.15703,-1.19554,-2.01053,0,0.0220247,0.663695,1.14913,-1.19554,-2.01866,0,-0.0101258,0.663695,1.14553,-1.19554,-2.02422
0,0.0219295,0.660356,1.15551,-1.19053,-2.00792,0,-0.0084098,0.660356,1.15703,-1.19053,-2.01053,0,0.0220247,0.660356,1.14913,-1.19053,-2.01866,0,-0.0101258,0.660356,1.14553,-1.19053,-2.02422
0,0.0219295,0.657104,1.15551,-1.18566,-2.00792,0,-0.0084098,0.657104,1.15703,-1.18566,-2.01053,0,0.0220247,0.657104,1.14913,-1.18566,-2.01866,0,-0.0101258,0.657104,1.14553,-1.18566,-2.02422
0,0.0219295,0.653936,1.15551,-1.1809,-2.00792,0,-0.0084098,0.653936,1.15703,-1.1809,-2.01053,0,0.0220247,0.653936,1.14913,-1.1809,-2.01866,0,-0.0101258,0.653936,1.14553,-1.1809,-2.02422
0,0.0219295,0.650855,1.15551,-1.17628,-2.00792,0,-0.0084098,0.650855,1.15703,-1.17628,-2.01053,0,0.0220247,0.650855,1.14913,-1.17628,-2.01866,0,-0.0101258,0.650855,1.14553,-1.17628,-2.02422
0,0.0219295,0.647861,1.15551,-1.17179,-2.00792,0,-0.0084098,0.647861,1.15703,-1.17179,-2.01053,0,0.0220247,0.647861,1.14913,-1.17179,-2.01866,0,-0.0101258,0.647861,1.14553,-1.17179,-2.02422
0,0.0219295,0.644953,1.15551,-1.16743,-2.00792,0,-0.0084098,0.644953,1.15703,-1.16743,-2.01053,0,0.0220247,0.644953,1.14913,-1.16743,-2.01866,0,-0.0101258,0.644953,1.14553,-1.16743,-2.02422
0,0.0219295,0.642134,1.15551,-1.1632,-2.00792,0,-0.0084098,0.642134,1.15703,-1.1632,-2.01053,0,0.0220247,0.642134,1.14913,-1.1632,-2.01866,0,-0.0101258,0.642134,1.14553,-1.1632,-2.02422
0,0.0219295,0.639402,1.15551,-1.1591,-2.00792,0,-0.0084098,0.639402,1.15703,-1.1591,-2.01053,0,0.0220247,0.639402,1.14913,-1.1591,-2.01866,0,-0.0101258,0.639402,1.14553,-1.1591,-2.02422
0,0.0219295,0.636759,1.15551,-1.15514,-2.00792,0,-0.0084098,0.636759,1.15703,-1.15514,-2.01053,0,0.0220247,0.636759,1.14913,-1.15514,-2.01866,0,-0.0101258,0.636759,1.14553,-1.15514,-2.02422
0,0.0219295,0.634206,1.15551,-1.15131,-2.00792,0,-0.0084098,0.634206,1.15703,-1.15131,-2.01053,0,0.0220247,0.634206,1.14913,-1.15131,-2.01866,0,-0.0101258,0.634206,1.14553,-1.15131,-2.02422
0,0.0219295,0.631741,1.15551,-1.14761,-2.00792,0,-0.0084098,0.631741,1.15703,-1.14761,-2.01053,0,0.0220247,0.631741,1.14913,-1.14761,-2.01866,0,-0.0101258,0.631741,1.14553,-1.14761,-2.02422
0,0.0219295,0.629366,1.15551,-1.14405,-2.00792,0,-0.0084098,0.629366,1.15703,-1.14405,-2.01053,0,0.0220247,0.629366,1.14913,-1.14405,-2.01866,0,-0.0101258,0.629366,1.14553,-1.14405,-2.02422
0,0.0219295,0.627081,1.15551,-1.14062,-2.00792,0,-0.0084098,0.627081,1.15703,-1.14062,-2.01053,0,0.0220247,0.627081,1.14913,-1.14062,-2.01866,0,-0.0101258,0.627081,1.14553,-1.14062,-2.02422
0,0.0219295,0.624887,1.15551,-1.13733,-2.00792,0,-0.0084098,0.624887,1.15703,-1.13733,-2.01053,0,0.0220247,0.624887,1.14913,-1.13733,-2.01866,0,-0.0101258,0.624887,1.14553,-1.13733,-2.02422
0,0.0219295,0.622783,1.15551,-1.13417,-2.00792,0,-0.0084098,0.622783,1.15703,-1.13417,-2.01053,0,0.0220247,0.622783,1.14913,-1.13417,-2.01866,0,-0.0101258,0.622783,1.14553,-1.13417,-2.02422
0,0.0219295,0.620771,1.15551,-1.13116,-2.00792,0,-0.0084098,0.620771,1.15703,-1.13116,-2.01053,0,0.0220247,0.620771,1.14913,-1.13116,-2.01866,0,-0.0101258,0.620771,1.14553,-1.13116,-2.02422
0,0.0219295,0.61885,1.15551,-1.12827,-2.00792,0,-0.0084098,0.61885,1.15703,-1.12827,-2.01053,0,0.0220247,0.61885,1.14913,-1.12827,-2.01866,0,-0.0101258,0.61885,1.14553,-1.12827,-2.02422
0,0.0219295,0.617021,1.15551,-1.12553,-2.00792,0,-0.0084098,0.617021,1.15703,-1.12553,-2.01053,0,0.0220247,0.617021,1.14913,-1.12553,-2.01866,0,-0.0101258,0.617021,1.14553,-1.12553,-2.02422
0,0.0219295,0.615284,1.15551,-1.12293,-2.00792,0,-0.0084098,0.615284,1.15703,-1.12293,-2.01053,0,0.0220247,0.615284,1.14913,-1.12293,-2.01866,0,-0.0101258,0.615284,1.14553,-1.12293,-2.02422
0,0.0219295,0.613639,1.15551,-1.12046,-2.00792,0,-0.0084098,0.613639,1.15703,-1.12046,-2.01053,0,0.0220247,0.613639,1.14913,-1.12046,-2.01866,0,-0.0101258,0.613639,1.14553,-1.12046,-2.02422
0,0.0219295,0.612087,1.15551,-1.11813,-2.00792,0,-0.0084098,0.612087,1.15703,-1.11813,-2.01053,0,0.0220247,0.612087,1.14913,-1.11813,-2.01866,0,-0.0101258,0.612087,1.14553,-1.11813,-2.02422
0,0.0219295,0.610628,1.15551,-1.11594,-2.00792,0,-0.0084098,0.610628,1.15703,-1.11594,-2.01053,0,0.0220247,0.610628,1.14913,-1.11594,-2.01866,0,-0.0101258,0.610628,1.14553,-1.11594,-2.02422
0,0.0219295,0.609261,1.15551,-1.11389,-2.00792,0,-0.0084098,0.609261,1.15703,-1.11389,-2.01053,0,0.0220247,0.609261,1.14913,-1.11389,-2.01866,0,-0.0101258,0.609261,1.14553,-1.11389,-2.02422
0,0.0219295,0.607988,1.15551,-1.11198,-2.00792,0,-0.0084098,0.607988,1.15703,-1.11198,-2.01053,0,0.0220247,0.607988,1.14913,-1.11198,-2.01866,0,-0.0101258,0.607988,1.14553,-1.11198,-2.02422
0,0.0219295,0.606809,1.15551,-1.11021,-2.00792,0,-0.0084098,0.606809,1.15703,-1.11021,-2.01053,0,0.0220247,0.606809,1.14913,-1.11021,-2.01866,0,-0.0101258,0.606809,1.14553,-1.11021,-2.02422
0,0.0219295,0.605723,1.15551,-1.10858,-2.00792,0,-0.0084098,0.605723,1.15703,-1.10858,-2.01053,0,0.0220247,0.605723,1.14913,-1.10858,-2.01866,0,-0.0101258,0.605723,1.14553,-1.10858,-2.02422
0,0.0219295,0.604731,1.15551,-1.1071,-2.00792,0,-0.0084098,0.604731,1.15703,-1.1071,-2.01053,0,0.0220247,0.604731,1.14913,-1.1071,-2.01866,0,-0.0101258,0.604731,1.14553,-1.1071,-2.02422
0,0.0219295,0.603833,1.15551,-1.10575,-2.00792,0,-0.0084098,0.603833,1.15703,-1.10575,-2.01053,0,0.0220247,0.603833,1.14913,-1.10575,-2.01866,0,-0.0101258,0.603833,1.14553,-1.10575,-2.02422
0,0.0219295,0.603029,1.15551,-1.10454,-2.00792,0,-0.0084098,0.603029,1.15703,-1.10454,-2.01053,0,0.0220247,0.603029,1.14913,-1.10454,-2.01866,0,-0.0101258,0.603029,1.14553,-1.10454,-2.02422
0,0.0219295,0.60232,1.15551,-1.10348,-2.00792,0,-0.0084098,0.60232,1.15703,-1.10348,-2.01053,0,0.0220247,0.60232,1.14913,-1.10348,-2.01866,0,-0.0101258,0.60232,1.14553,-1.10348,-2.02422
0,0.0219295,0.601705,1.15551,-1.10256,-2.00792,0,-0.0084098,0.601705,1.15703,-1.10256,-2.01053,0,0.0220247,0.601705,1.14913,-1.10256,-2.01866,0,-0.0101258,0.601705,1.14553,-1.10256,-2.02422
0,0.0219295,0.601184,1.15551,-1.10178,-2.00792,0,-0.0084098,0.601184,1.15703,-1.10178,-2.01053,0,0.0220247,0.601184,1.14913,-1.10178,-2.01866,0,-0.0101258,0.601184,1.14553,-1.10178,-2.02422
0,0.0219295,0.600758,1.15551,-1.10114,-2.00792,0,-0.0084098,0.600758,1.15703,-1.10114,-2.01053,0,0.0220247,0.600758,1.14913,-1.10114,-2.01866,0,-0.0101258,0.600758,1.14553,-1.10114,-2.02422
0,0.0219295,0.600426,1.15551,-1.10064,-2.00792,0,-0.0084098,0.600426,1.15703,-1.10064,-2.01053,0,0.0220247,0.600426,1.14913,-1.10064,-2.01866,0,-0.0101258,0.600426,1.14553,-1.10064,-2.02422
0,0.0219295,0.60019,1.15551,-1.10028,-2.00792,0,-0.0084098,0.60019,1.15703,-1.10028,-2.01053,0,0.0220247,0.60019,1.14913,-1.10028,-2.01866,0,-0.0101258,0.60019,1.14553,-1.10028,-2.02422
0,0.0219295,0.600047,1.15551,-1.10007,-2.00792,0,-0.0084098,0.600047,1.15703,-1.10007,-2.01053,0,0.0220247,0.600047,1.14913,-1.10007,-2.01866,0,-0.0101258,0.600047,1.14553,-1.10007,-2.02422
0,0.0219295,0.6,1.15551,-1.1,-2.00792,0,-0.0084098,0.6,1.15703,-1.1,-2.01053,0,0.0220247,0.6,1.14913,-1.1,-2.01866,0,-0.0101258,0.6,1.14553,-1.1,-2.02422
0,0.0219295,0.600047,1.15551,-1.10007,-2.00792,0,-0.0084098,0.600047,1.15703,-1.10007,-2.01053,0,0.0220247,0.600047,1.14913,-1.10007,-2.01866,0,-0.0101258,0.600047,1.14553,-1.10007,-2.02422
0,0.0219295,0.60019,1.15551,-1.10028,-2.00792,0,-0.0084098,0.60019,1.15703,-1.10028,-2.01053,0,0.0220247,0.60019,1.14913,-1.10028,-2.01866,0,-0.0101258,0.60019,1.14553,-1.10028,-2.02422
0,0.0219295,0.600426,1.15551,-1.10064,-2.00792,0,-0.0084098,0.600426,1.15703,-1.10064,-2.01053,0,0.0220247,0.600426,1.14913,-1.10064,-2.01866,0,-0.0101258,0.600426,1.14553,-1.10064,-2.02422
0,0.0219295,0.600758,1.15551,-1.10114,-2.00792,0,-0.0084098,0.600758,1.15703,-1.10114,-2.01053,0,0.0220247,0.600758,1.14913,-1.10114,-2.01866,0,-0.0101258,0.600758,1.14553,-1.10114,-2.02422
0,0.0219295,0.601184,1.15551,-1.10178,-2.00792,0,-0.0084098,0.601184,1.15703,-1.10178,-2.01053,0,0.0220247,0.601184,1.14913,-1.10178,-2.01866,0,-0.0101258,0.601184,1.14553,-1.10178,-2.02422
0,0.0219295,0.601705,1.15551,-1.10256,-2.00792,0,-0.0084098,0.601705,1.15703,-1.10256,-2.01053,0,0.0220247,0.601705,1.14913,-1.10256,-2.01866,0,-0.0101258,0.601705,1.14553,-1.10256,-2.02422
0,0.0219295,0.60232,1.15551,-1.10348,-2.00792,0,-0.0084098,0.60232,1.15703,-1.10348,-2.01053,0,0.0220247,0.60232,1.14913,-1.10348,-2.01866,0,-0.0101258,0.60232,1.14553,-1.10348,-2.02422
0,0.0219295,0.603029,1.15551,-1.10454,-2.00792,0,-0.0084098,0.603029,1.15703,-1.10454,-2.01053,0,0.0220247,0.603029,1.14913,-1.10454,-2.01866,0,-0.0101258,0.603029,1.14553,-1.10454,-2.02422
0,0.0219295,0.603833,1.15551,-1.10575,-2.00792,0,-0.0084098,0.603833,1.15703,-1.10575,-2.01053,0,0.0220247,0.603833,1.14913,-1.10575,-2.01866,0,-0.0101258,0.603833,1.14553,-1.10575,-2.02422
0,0.0219295,0.604731,1.15551,-1.1071,-2.00792,0,-0.0084098,0.604731,1.15703,-1.1071,-2.01053,0,0.0220247,0.604731,1.14913,-1.1071,-2.01866,0,-0.0101258,0.604731,1.14553,-1.1071,-2.02422
0,0.0219295,0.605723,1.15551,-1.10858,-2.00792,0,-0.0084098,0.605723,1.15703,-1.10858,-2.01053,0,0.0220247,0.605723,1.14913,-1.10858,-2.01866,0,-0.0101258,0.605723,1.14553,-1.10858,-2.02422
0,0.0219295,0.606809,1.15551,-1.11021,-2.00792,0,-0.0084098,0.606809,1.15703,-1.11021,-2.01053,0,0.0220247,0.606809,1.14913,-1.11021,-2.01866,0,-0.0101258,0.606809,1.14553,-1.11021,-2.02422
0,0.0219295,0.607989,1.15551,-1.11198,-2.00792,0,-0.0084098,0.607989,1.15703,-1.11198,-2.01053,0,0.0220247,0.607989,1.14913,-1.11198,-2.01866,0,-0.0101258,0.607989,1.14553,-1.11198,-2.02422
0,0.0219295,0.609262,1.15551,-1.11389,-2.00792,0,-0.0084098,0.609262,1.15703,-1.11389,-2.01053,0,0.0220247,0.609262,1.14913,-1.11389,-2.01866,0,-0.0101258,0.609262,1.14553,-1.11389,-2.02422
0,0.0219295,0.610628,1.15551,-1.11594,-2.00792,0,-0.0084098,0.610628,1.15703,-1.11594,-2.01053,0,0.0220247,0.610628,1.14913,-1.11594,-2.01866,0,-0.0101258,0.610628,1.14553,-1.11594,-2.02422
0,0.0219295,0.612087,1.15551,-1.11813,-2.00792,0,-0.0084098,0.612087,1.15703,-1.11813,-2.01053,0,0.0220247,0.612087,1.14913,-1.11813,-2.01866,0,-0.0101258,0.612087,1.14553,-1.11813,-2.02422
0,0.0219295,0.613639,1.15551,-1.12046,-2.00792,0,-0.0084098,0.613639,1.15703,-1.12046,-2.01053,0,0.0220247,0.613639,1.14913,-1.12046,-2.01866,0,-0.0101258,0.613639,1.14553,-1.12046,-2.02422
0,0.0219295,0.615284,1.15551,-1.12293,-2.00792,0,-0.0084098,0.615284,1.15703,-1.12293,-2.01053,0,0.0220247,0.615284,1.14913,-1.12293,-2.01866,0,-0.0101258,0.615284,1.14553,-1.12293,-2.02422
0,0.0219295,0.617021,1.15551,-1.12553,-2.00792,0,-0.0084098,0.617021,1.15703,-1.12553,-2.01053,0,0.0220247,0.617021,1.14913,-1.12553,-2.01866,0,-0.0101258,0.617021,1.14553,-1.12553,-2.02422
0,0.0219295,0.61885,1.15551,-1.12828,-2.00792,0,-0.0084098,0.61885,1.15703,-1.12828,-2.01053,0,0.0220247,0.61885,1.14913,-1.12828,-2.01866,0,-0.0101258,0.61885,1.14553,-1.12828,-2.02422
0,0.0219295,0.620771,1.15551,-1.13116,-2.00792,0,-0.0084098,0.620771,1.15703,-1.13116,-2.01053,0,0.0220247,0.620771,1.14913,-1.13116,-2.01866,0,-0.0101258,0.620771,1.14553,-1.13116,-2.02422
0,0.0219295,0.622784,1.15551,-1.13418,-2.00792,0,-0.0084098,0.622784,1.15703,-1.13418,-2.01053,0,0.0220247,0.622784,1.14913,-1.13418,-2.01866,0,-0.0101258,0.622784,1.14553,-1.13418,-2.02422
0,0.0219295,0.624887,1.15551,-1.13733,-2.00792,0,-0.0084098,0.624887,1.15703,-1.13733,-2.01053,0,0.0220247,0.624887,1.14913,-1.13733,-2.01866,0,-0.0101258,0.624887,1.14553,-1.13733,-2.02422
0,0.0219295,0.627081,1.15551,-1.14062,-2.00792,0,-0.0084098,0.627081,1.15703,-1.14062,-2.01053,0,0.0220247,0.627081,1.14913,-1.14062,-2.01866,0,-0.0101258,0.627081,1.14553,-1.14062,-2.02422
0,0.0219295,0.629366,1.15551,-1.14405,-2.00792,0,-0.0084098,0.629366,1.15703,-1.14405,-2.01053,0,0.0220247,0.629366,1.14913,-1.14405,-2.01866,0,-0.0101258,0.629366,1.14553,-1.14405,-2.02422
0,0.0219295,0.631741,1.15551,-1.14761,-2.00792,0,-0.0084098,0.631741,1.15703,-1.14761,-2.01053,0,0.0220247,0.631741,1.14913,-1.14761,-2.01866,0,-0.0101258,0.631741,1.14553,-1.14761,-2.02422
0,0.0219295,0.634206,1.15551,-1.15131,-2.00792,0,-0.0084098,0.634206,1.15703,-1.15131,-2.01053,0,0.0220247,0.634206,1.14913,-1.15131,-2.01866,0,-0.0101258,0.634206,1.14553,-1.15131,-2.02422
0,0.0219295,0.63676,1.15551,-1.15514,-2.00792,0,-0.0084098,0.63676,1.15703,-1.15514,-2.01053,0,0.0220247,0.63676,1.14913,-1.15514,-2.01866,0,-0.0101258,0.63676,1.14553,-1.15514,-2.02422
0,0.0219295,0.639403,1.15551,-1.1591,-2.00792,0,-0.0084098,0.639403,1.15703,-1.1591,-2.01053,0,0.0220247,0.639403,1.14913,-1.1591,-2.01866,0,-0.0101258,0.639403,1.14553,-1.1591,-2.02422
0,0.0219295,0.642134,1.15551,-1.1632,-2.00792,0,-0.0084098,0.642134,1.15703,-1.1632,-2.01053,0,0.0220247,0.642134,1.14913,-1.1632,-2.01866,0,-0.0101258,0.642134,1.14553,-1.1632,-2.02422
0,0.0219295,0.644954,1.15551,-1.16743,-2.00792,0,-0.0084098,0.644954,1.15703,-1.16743,-2.01053,0,0.0220247,0.644954,1.14913,-1.16743,-2.01866,0,-0.0101258,0.644954,1.14553,-1.16743,-2.02422
0,0.0219295,0.647861,1.15551,-1.17179,-2.00792,0,-0.0084098,0.647861,1.15703,-1.17179,-2.01053,0,0.0220247,0.647861,1.14913,-1.17179,-2.01866,0,-0.0101258,0.647861,1.14553,-1.17179,-2.02422
0,0.0219295,0.650856,1.15551,-1.17628,-2.00792,0,-0.0084098,0.650856,1.15703,-1.17628,-2.01053,0,0.0220247,0.650856,1.14913,-1.17628,-2.01866,0,-0.0101258,0.650856,1.14553,-1.17628,-2.02422
0,0.0219295,0.653937,1.15551,-1.1809,-2.00792,0,-0.0084098,0.653937,1.15703,-1.1809,-2.01053,0,0.0220247,0.653937,1.14913,-1.1809,-2.01866,0,-0.0101258,0.653937,1.14553,-1.1809,-2.02422
0,0.0219295,0.657104,1.15551,-1.18566,-2.00792,0,-0.0084098,0.657104,1.15703,-1.18566,-2.01053,0,0.0220247,0.657104,1.14913,-1.18566,-2.01866,0,-0.0101258,0.657104,1.14553,-1.18566,-2.02422
0,0.0219295,0.660357,1.15551,-1.19054,-2.00792,0,-0.0084098,0.660357,1.15703,-1.19054,-2.01053,0,0.0220247,0.660357,1.14913,-1.19054,-2.01866,0,-0.0101258,0.660357,1.14553,-1.19054,-2.02422
0,0.0219295,0.663696,1.15551,-1.19554,-2.00792,0,-0.0084098,0.663696,1.15703,-1.19554,-2.01053,0,0.0220247,0.663696,1.14913,-1.19554,-2.01866,0,-0.0101258,0.663696,1.14553,-1.19554,-2.02422
0,0.0219295,0.667118,1.15551,-1.20068,-2.00792,0,-0.0084098,0.667118,1.15703,-1.20068,-2.01053,0,0.0220247,0.667118,1.14913,-1.20068,-2.01866,0,-0.0101258,0.667118,1.14553,-1.20068,-2.02422
0,0.0219295,0.670625,1.15551,-1.20594,-2.00792,0,-0.0084098,0.670625,1.15703,-1.20594,-2.01053,0,0.0220247,0.670625,1.14913,-1.20594,-2.01866,0,-0.0101258,0.670625,1.14553,-1.20594,-2.02422
0,0.0219295,0.674217,1.15551,-1.21132,-2.00792,0,-0.0084098,0.674217,1.15703,-1.21132,-2.01053,0,0.0220247,0.674217,1.14913,-1.21132,-2.01866,0,-0.0101258,0.674217,1.14553,-1.21132,-2.02422
0,0.0219295,0.67789,1.15551,-1.21683,-2.00792,0,-0.0084098,0.67789,1.15703,-1.21683,-2.01053,0,0.0220247,0.67789,1.14913,-1.21683,-2.01866,0,-0.0101258,0.67789,1.14553,-1.21683,-2.02422
0,0.0219295,0.681647,1.15551,-1.22247,-2.00792,0,-0.0084098,0.681647,1.15703,-1.22247,-2.01053,0,0.0220247,0.681647,1.14913,-1.22247,-2.01866,0,-0.0101258,0.681647,1.14553,-1.22247,-2.02422
0,0.0219295,0.685484,1.15551,-1.22823,-2.00792,0,-0.0084098,0.685484,1.15703,-1.22823,-2.01053,0,0.0220247,0.685484,1.14913,-1.22823,-2.01866,0,-0.0101258,0.685484,1.14553,-1.22823,-2.02422
0,0.0219295,0.689403,1.15551,-1.23411,-2.00792,0,-0.0084098,0.689403,1.15703,-1.23411,-2.01053,0,0.0220247,0.689403,1.14913,-1.23411,-2.01866,0,-0.0101258,0.689403,1.14553,-1.23411,-2.02422
0,0.0219295,0.693404,1.15551,-1.24011,-2.00792,0,-0.0084098,0.693404,1.15703,-1.24011,-2.01053,0,0.0220247,0.693404,1.14913,-1.24011,-2.01866,0,-0.0101258,0.693404,1.14553,-1.24011,-2.02422
0,0.0219295,0.697484,1.15551,-1.24623,-2.00792,0,-0.0084098,0.697484,1.15703,-1.24623,-2.01053,0,0.0220247,0.697484,1.14913,-1.24623,-2.01866,0,-0.0101258,0.697484,1.14553,-1.24623,-2.02422
0,0.0219295,0.701643,1.15551,-1.25246,-2.00792,0,-0.0084098,0.701643,1.15703,-1.25246,-2.01053,0,0.0220247,0.701643,1.14913,-1.25246,-2.01866,0,-0.0101258,0.701643,1.14553,-1.25246,-2.02422
0,0.0219295,0.705881,1.15551,-1.25882,-2.00792,0,-0.0084098,0.705881,1.15703,-1.25882,-2.01053,0,0.0220247,0.705881,1.14913,-1.25882,-2.01866,0,-0.0101258,0.705881,1.14553,-1.25882,-2.02422
0,0.0219295,0.710197,1.15551,-1.26529,-2.00792,0,-0.0084098,0.710197,1.15703,-1.26529,-2.01053,0,0.0220247,0.710197,1.14913,-1.26529,-2.01866,0,-0.0101258,0.710197,1.14553,-1.26529,-2.02422
0,0.0219295,0.71459,1.15551,-1.27189,-2.00792,0,-0.0084098,0.71459,1.15703,-1.27189,-2.01053,0,0.0220247,0.71459,1.14913,-1.27189,-2.01866,0,-0.0101258,0.71459,1.14553,-1.27189,-2.02422
0,0.0219295,0.719061,1.15551,-1.27859,-2.00792,0,-0.0084098,0.719061,1.15703,-1.27859,-2.01053,0,0.0220247,0.719061,1.14913,-1.27859,-2.01866,0,-0.0101258,0.719061,1.14553,-1.27859,-2.02422
0,0.0219295,0.723607,1.15551,-1.28541,-2.00792,0,-0.0084098,0.723607,1.15703,-1.28541,-2.01053,0,0.0220247,0.723607,1.14913,-1.28541,-2.01866,0,-0.0101258,0.723607,1.14553,-1.28541,-2.02422
0,0.0219295,0.728227,1.15551,-1.29234,-2.00792,0,-0.0084098,0.728227,1.15703,-1.29234,-2.01053,0,0.0220247,0.728227,1.14913,-1.29234,-2.01866,0,-0.0101258,0.728227,1.14553,-1.29234,-2.02422
0,0.0219295,0.732923,1.15551,-1.29938,-2.00792,0,-0.0084098,0.732923,1.15703,-1.29938,-2.01053,0,0.0220247,0.732923,1.14913,-1.29938,-2.01866,0,-0.0101258,0.732923,1.14553,-1.29938,-2.02422
0,0.0219295,0.737693,1.15551,-1.30654,-2.00792,0,-0.0084098,0.737693,1.15703,-1.30654,-2.01053,0,0.0220247,0.737693,1.14913,-1.30654,-2.01866,0,-0.0101258,0.737693,1.14553,-1.30654,-2.02422
0,0.0219295,0.742536,1.15551,-1.3138,-2.00792,0,-0.0084098,0.742536,1.15703,-1.3138,-2.01053,0,0.0220247,0.742536,1.14913,-1.3138,-2.01866,0,-0.0101258,0.742536,1.14553,-1.3138,-2.02422
0,0.0219295,0.747449,1.15551,-1.32117,-2.00792,0,-0.0084098,0.747449,1.15703,-1.32117,-2.01053,0,0.0220247,0.747449,1.14913,-1.32117,-2.01866,0,-0.0101258,0.747449,1.14553,-1.32117,-2.02422
0,0.0219295,0.752436,1.15551,-1.32865,-2.00792,0,-0.0084098,0.752436,1.15703,-1.32865,-2.01053,0,0.0220247,0.752436,1.14913,-1.32865,-2.01866,0,-0.0101258,0.752436,1.14553,-1.32865,-2.02422
0,0.0219295,0.757492,1.15551,-1.33624,-2.00792,0,-0.0084098,0.757492,1.15703,-1.33624,-2.01053,0,0.0220247,0.757492,1.14913,-1.33624,-2.01866,0,-0.0101258,0.757492,1.14553,-1.33624,-2.02422
0,0.0219295,0.76262,1.15551,-1.34393,-2.00792,0,-0.0084098,0.76262,1.15703,-1.34393,-2.01053,0,0.0220247,0.76262,1.14913,-1.34393,-2.01866,0,-0.0101258,0.76262,1.14553,-1.34393,-2.02422
0,0.0219295,0.767816,1.15551,-1.35172,-2.00792,0,-0.0084098,0.767816,1.15703,-1.35172,-2.01053,0,0.0220247,0.767816,1.14913,-1.35172,-2.01866,0,-0.0101258,0.767816,1.14553,-1.35172,-2.02422
0,0.0219295,0.773079,1.15551,-1.35962,-2.00792,0,-0.0084098,0.773079,1.15703,-1.35962,-2.01053,0,0.0220247,0.773079,1.14913,-1.35962,-2.01866,0,-0.0101258,0.773079,1.14553,-1.35962,-2.02422
0,0.0219295,0.778411,1.15551,-1.36762,-2.00792,0,-0.0084098,0.778411,1.15703,-1.36762,-2.01053,0,0.0220247,0.778411,1.14913,-1.36762,-2.01866,0,-0.0101258,0.778411,1.14553,-1.36762,-2.02422
0,0.0219295,0.783808,1.15551,-1.37571,-2.00792,0,-0.0084098,0.783808,1.15703,-1.37571,-2.01053,0,0.0220247,0.783808,1.14913,-1.37571,-2.01866,0,-0.0101258,0.783808,1.14553,-1.37571,-2.02422
0,0.0219295,0.789272,1.15551,-1.38391,-2.00792,0,-0.0084098,0.789272,1.15703,-1.38391,-2.01053,0,0.0220247,0.789272,1.14913,-1.38391,-2.01866,0,-0.0101258,0.789272,1.14553,-1.38391,-2.02422
0,0.0219295,0.794801,1.15551,-1.3922,-2.00792,0,-0.0084098,0.794801,1.15703,-1.3922,-2.01053,0,0.0220247,0.794801,1.14913,-1.3922,-2.01866,0,-0.0101258,0.794801,1.14553,-1.3922,-2.02422
0,0.0219295,0.800393,1.15551,-1.40059,-2.00792,0,-0.0084098,0.800393,1.15703,-1.40059,-2.01053,0,0.0220247,0.800393,1.14913,-1.40059,-2.01866,0,-0.0101258,0.800393,1.14553,-1.40059,-2.02422
0,0.0219295,0.806049,1.15551,-1.40907,-2.00792,0,-0.0084098,0.806049,1.15703,-1.40907,-2.01053,0,0.0220247,0.806049,1.14913,-1.40907,-2.01866,0,-0.0101258,0.806049,1.14553,-1.40907,-2.02422
0,0.0219295,0.811768,1.15551,-1.41765,-2.00792,0,-0.0084098,0.811768,1.15703,-1.41765,-2.01053,0,0.0220247,0.811768,1.14913,-1.41765,-2.01866,0,-0.0101258,0.811768,1.14553,-1.41765,-2.02422
0,0.0219295,0.817546,1.15551,-1.42632,-2.00792,0,-0.0084098,0.817546,1.15703,-1.42632,-2.01053,0,0.0220247,0.817546,1.14913,-1.42632,-2.01866,0,-0.0101258,0.817546,1.14553,-1.42632,-2.02422
0,0.0219295,0.823386,1.15551,-1.43508,-2.00792,0,-0.0084098,0.823386,1.15703,-1.43508,-2.01053,0,0.0220247,0.823386,1.14913,-1.43508,-2.01866,0,-0.0101258,0.823386,1.14553,-1.43508,-2.02422
0,0.0219295,0.829284,1.15551,-1.44393,-2.00792,0,-0.0084098,0.829284,1.15703,-1.44393,-2.01053,0,0.0220247,0.829284,1.14913,-1.44393,-2.01866,0,-0.0101258,0.829284,1.14553,-1.44393,-2.02422
0,0.0219295,0.835242,1.15551,-1.45286,-2.00792,0,-0.0084098,0.835242,1.15703,-1.45286,-2.01053,0,0.0220247,0.835242,1.14913,-1.45286,-2.01866,0,-0.0101258,0.835242,1.14553,-1.45286,-2.02422
0,0.0219295,0.841258,1.15551,-1.46189,-2.00792,0,-0.0084098,0.841258,1.15703,-1.46189,-2.01053,0,0.0220247,0.841258,1.14913,-1.46189,-2.01866,0,-0.0101258,0.841258,1.14553,-1.46189,-2.02422
0,0.0219295,0.84733,1.15551,-1.47099,-2.00792,0,-0.0084098,0.84733,1.15703,-1.47099,-2.01053,0,0.0220247,0.84733,1.14913,-1.47099,-2.01866,0,-0.0101258,0.84733,1.14553,-1.47099,-2.02422
0,0.0219295,0.853457,1.15551,-1.48019,-2.00792,0,-0.0084098,0.853457,1.15703,-1.48019,-2.01053,0,0.0220247,0.853457,1.14913,-1.48019,-2.01866,0,-0.0101258,0.853457,1.14553,-1.48019,-2.02422
0,0.0219295,0.859639,1.15551,-1.48946,-2.00792,0,-0.0084098,0.859639,1.15703,-1.48946,-2.01053,0,0.0220247,0.859639,1.14913,-1.48946,-2.01866,0,-0.0101258,0.859639,1.14553,-1.48946,-2.02422
0,0.0219295,0.865875,1.15551,-1.49881,-2.00792,0,-0.0084098,0.865875,1.15703,-1.49881,-2.01053,0,0.0220247,0.865875,1.14913,-1.49881,-2.01866,0,-0.0101258,0.865875,1.14553,-1.49881,-2.02422
0,0.0219295,0.872165,1.15551,-1.50825,-2.00792,0,-0.0084098,0.872165,1.15703,-1.50825,-2.01053,0,0.0220247,0.872165,1.14913,-1.50825,-2.01866,0,-0.0101258,0.872165,1.14553,-1.50825,-2.02422
0,0.0219295,0.878505,1.15551,-1.51776,-2.00792,0,-0.0084098,0.878505,1.15703,-1.51776,-2.01053,0,0.0220247,0.878505,1.14913,-1.51776,-2.01866,0,-0.0101258,0.878505,1.14553,-1.51776,-2.02422
0,0.0219295,0.884896,1.15551,-1.52734,-2.00792,0,-0.0084098,0.884896,1.15703,-1.52734,-2.01053,0,0.0220247,0.884896,1.14913,-1.52734,-2.01866,0,-0.0101258,0.884896,1.14553,-1.52734,-2.02422
0,0.0219295,0.891336,1.15551,-1.537,-2.00792,0,-0.0084098,0.891336,1.15703,-1.537,-2.01053,0,0.0220247,0.891336,1.14913,-1.537,-2.01866,0,-0.0101258,0.891336,1.14553,-1.537,-2.02422
0,0.0219295,0.897827,1.15551,-1.54674,-2.00792,0,-0.0084098,0.897827,1.15703,-1.54674,-2.01053,0,0.0220247,0.897827,1.14913,-1.54674,-2.01866,0,-0.0101258,0.897827,1.14553,-1.54674,-2.02422
0,0.0219295,0.904365,1.15551,-1.55655,-2.00792,0,-0.0084098,0.904365,1.15703,-1.55655,-2.01053,0,0.0220247,0.904365,1.14913,-1.55655,-2.01866,0,-0.0101258,0.904365,1.14553,-1.55655,-2.02422
0,0.0219295,0.910949,1.15551,-1.56642,-2.00792,0,-0.0084098,0.910949,1.15703,-1.56642,-2.01053,0,0.0220247,0.910949,1.14913,-1.56642,-2.01866,0,-0.0101258,0.910949,1.14553,-1.56642,-2.02422
0,0.0219295,0.917578,1.15551,-1.57637,-2.00792,0,-0.0084098,0.917578,1.15703,-1.57637,-2.01053,0,0.0220247,0.917578,1.14913,-1.57637,-2.01866,0,-0.0101258,0.917578,1.14553,-1.57637,-2.02422
0,0.0219295,0.924252,1.15551,-1.58638,-2.00792,0,-0.0084098,0.924252,1.15703,-1.58638,-2.01053,0,0.0220247,0.924252,1.14913,-1.58638,-2.01866,0,-0.0101258,0.924252,1.14553,-1.58638,-2.02422
0,0.0219295,0.930971,1.15551,-1.59646,-2.00792,0,-0.0084098,0.930971,1.15703,-1.59646,-2.01053,0,0.0220247,0.930971,1.14913,-1.59646,-2.01866,0,-0.0101258,0.930971,1.14553,-1.59646,-2.02422
0,0.0219295,0.937732,1.15551,-1.6066,-2.00792,0,-0.0084098,0.937732,1.15703,-1.6066,-2.01053,0,0.0220247,0.937732,1.14913,-1.6066,-2.01866,0,-0.0101258,0.937732,1.14553,-1.6066,-2.02422
0,0.0219295,0.944533,1.15551,-1.6168,-2.00792,0,-0.0084098,0.944533,1.15703,-1.6168,-2.01053,0,0.0220247,0.944533,1.14913,-1.6168,-2.01866,0,-0.0101258,0.944533,1.14553,-1.6168,-2.02422
0,0.0219295,0.951375,1.15551,-1.62706,-2.00792,0,-0.0084098,0.951375,1.15703,-1.62706,-2.01053,0,0.0220247,0.951375,1.14913,-1.62706,-2.01866,0,-0.0101258,0.951375,1.14553,-1.62706,-2.02422
0,0.0219295,0.958257,1.15551,-1.63739,-2.00792,0,-0.0084098,0.958257,1.15703,-1.63739,-2.01053,0,0.0220247,0.958257,1.14913,-1.63739,-2.01866,0,-0.0101258,0.958257,1.14553,-1.63739,-2.02422
0,0.0219295,0.965177,1.15551,-1.64776,-2.00792,0,-0.0084098,0.965177,1.15703,-1.64776,-2.01053,0,0.0220247,0.965177,1.14913,-1.64776,-2.01866,0,-0.0101258,0.965177,1.14553,-1.64776,-2.02422
0,0.0219295,0.972134,1.15551,-1.6582,-2.00792,0,-0.0084098,0.972134,1.15703,-1.6582,-2.01053,0,0.0220247,0.972134,1.14913,-1.6582,-2.01866,0,-0.0101258,0.972134,1.14553,-1.6582,-2.02422
0,0.0219295,0.979126,1.15551,-1.66869,-2.00792,0,-0.0084098,0.979126,1.15703,-1.66869,-2.01053,0,0.0220247,0.979126,1.14913,-1.66869,-2.01866,0,-0.0101258,0.979126,1.14553,-1.66869,-2.02422
0,0.0219295,0.986153,1.15551,-1.67923,-2.00792,0,-0.0084098,0.986153,1.15703,-1.67923,-2.01053,0,0.0220247,0.986153,1.14913,-1.67923,-2.01866,0,-0.0101258,0.986153,1.14553,-1.67923,-2.02422
0,0.0219295,0.993216,1.15551,-1.68982,-2.00792,0,-0.0084098,0.993216,1.15703,-1.68982,-2.01053,0,0.0220247,0.993216,1.14913,-1.68982,-2.01866,0,-0.0101258,0.993216,1.14553,-1.68982,-2.02422
0,0.0219295,1.00031,1.15551,-1.70046,-2.00792,0,-0.0084098,1.00031,1.15703,-1.70046,-2.01053,0,0.0220247,1.00031,1.14913,-1.70046,-2.01866,0,-0.0101258,1.00031,1.14553,-1.70046,-2.02422
0,0.0219295,1.00744,1.15551,-1.71115,-2.00792,0,-0.0084098,1.00744,1.15703,-1.71115,-2.01053,0,0.0220247,1.00744,1.14913,-1.71115,-2.01866,0,-0.0101258,1.00744,1.14553,-1.71115,-2.02422
0,0.0219295,1.01459,1.15551,-1.72188,-2.00792,0,-0.0084098,1.01459,1.15703,-1.72188,-2.01053,0,0.0220247,1.01459,1.14913,-1.72188,-2.01866,0,-0.0101258,1.01459,1.14553,-1.72188,-2.02422
0,0.0219295,1.02178,1.15551,-1.73266,-2.00792,0,-0.0084098,1.02178,1.15703,-1.73266,-2.01053,0,0.0220247,1.02178,1.14913,-1.73266,-2.01866,0,-0.0101258,1.02178,1.14553,-1.73266,-2.02422
0,0.0219295,1.02899,1.15551,-1.74348,-2.00792,0,-0.0084098,1.02899,1.15703,-1.74348,-2.01053,0,0.0220247,1.02899,1.14913,-1.74348,-2.01866,0,-0.0101258,1.02899,1.14553,-1.74348,-2.02422
0,0.0219295,1.03623,1.15551,-1.75434,-2.00792,0,-0.0084098,1.03623,1.15703,-1.75434,-2.01053,0,0.0220247,1.03623,1.14913,-1.75434,-2.01866,0,-0.0101258,1.03623,1.14553,-1.75434,-2.02422
0,0.0219295,1.0435,1.15551,-1.76524,-2.00792,0,-0.0084098,1.0435,1.15703,-1.76524,-2.01053,0,0.0220247,1.0435,1.14913,-1.76524,-2.01866,0,-0.0101258,1.0435,1.14553,-1.76524,-2.02422
0,0.0219295,1.05079,1.15551,-1.77618,-2.00792,0,-0.0084098,1.05079,1.15703,-1.77618,-2.01053,0,0.0220247,1.05079,1.14913,-1.77618,-2.01866,0,-0.0101258,1.05079,1.14553,-1.77618,-2.02422
0,0.0219295,1.0581,1.15551,-1.78715,-2.00792,0,-0.0084098,1.0581,1.15703,-1.78715,-2.01053,0,0.0220247,1.0581,1.14913,-1.78715,-2.01866,0,-0.0101258,1.0581,1.14553,-1.78715,-2.02422
0,0.0219295,1.06544,1.15551,-1.79816,-2.00792,0,-0.0084098,1.06544,1.15703,-1.79816,-2.01053,0,0.0220247,1.06544,1.14913,-1.79816,-2.01866,0,-0.0101258,1.06544,1.14553,-1.79816,-2.02422
0,0.0219295,1.0728,1.15551,-1.80919,-2.00792,0,-0.0084098,1.0728,1.15703,-1.80919,-2.01053,0,0.0220247,1.0728,1.14913,-1.80919,-2.01866,0,-0.0101258,1.0728,1.14553,-1.80919,-2.02422
0,0.0219295,1.08017,1.15551,-1.82026,-2.00792,0,-0.0084098,1.08017,1.15703,-1.82026,-2.01053,0,0.0220247,1.08017,1.14913,-1.82026,-2.01866,0,-0.0101258,1.08017,1.14553,-1.82026,-2.02422
0,0.0219295,1.08757,1.15551,-1.83136,-2.00792,0,-0.0084098,1.08757,1.15703,-1.83136,-2.01053,0,0.0220247,1.08757,1.14913,-1.83136,-2.01866,0,-0.0101258,1.08757,1.14553,-1.83136,-2.02422
0,0.0219295,1.09499,1.15551,-1.84248,-2.00792,0,-0.0084098,1.09499,1.15703,-1.84248,-2.01053,0,0.0220247,1.09499,1.14913,-1.84248,-2.01866,0,-0.0101258,1.09499,1.14553,-1.84248,-2.02422
0,0.0219295,1.10242,1.15551,-1.85363,-2.00792,0,-0.0084098,1.10242,1.15703,-1.85363,-2.01053,0,0.0220247,1.10242,1.14913,-1.85363,-2.01866,0,-0.0101258,1.10242,1.14553,-1.85363,-2.02422
0,0.0219295,1.10987,1.15551,-1.8648,-2.00792,0,-0.0084098,1.10987,1.15703,-1.8648,-2.01053,0,0.0220247,1.10987,1.14913,-1.8648,-2.01866,0,-0.0101258,1.10987,1.14553,-1.8648,-2.02422
0,0.0219295,1.11733,1.15551,-1.87599,-2.00792,0,-0.0084098,1.11733,1.15703,-1.87599,-2.01053,0,0.0220247,1.11733,1.14913,-1.87599,-2.01866,0,-0.0101258,1.11733,1.14553,-1.87599,-2.02422
0,0.0219295,1.1248,1.15551,-1.8872,-2.00792,0,-0.0084098,1.1248,1.15703,-1.8872,-2.01053,0,0.0220247,1.1248,1.14913,-1.8872,-2.01866,0,-0.0101258,1.1248,1.14553,-1.8872,-2.02422
0,0.0219295,1.13229,1.15551,-1.89843,-2.00792,0,-0.0084098,1.13229,1.15703,-1.89843,-2.01053,0,0.0220247,1.13229,1.14913,-1.89843,-2.01866,0,-0.0101258,1.13229,1.14553,-1.89843,-2.02422
0,0.0219295,1.13978,1.15551,-1.90968,-2.00792,0,-0.0084098,1.13978,1.15703,-1.90968,-2.01053,0,0.0220247,1.13978,1.14913,-1.90968,-2.01866,0,-0.0101258,1.13978,1.14553,-1.90968,-2.02422
0,0.0219295,1.14729,1.15551,-1.92094,-2.00792,0,-0.0084098,1.14729,1.15703,-1.92094,-2.01053,0,0.0220247,1.14729,1.14913,-1.92094,-2.01866,0,-0.0101258,1.14729,1.14553,-1.92094,-2.02422
0,0.0219295,1.1548,1.15551,-1.93221,-2.00792,0,-0.0084098,1.1548,1.15703,-1.93221,-2.01053,0,0.0220247,1.1548,1.14913,-1.93221,-2.01866,0,-0.0101258,1.1548,1.14553,-1.93221,-2.02422
0,0.0219295,1.16233,1.15551,-1.94349,-2.00792,0,-0.0084098,1.16233,1.15703,-1.94349,-2.01053,0,0.0220247,1.16233,1.14913,-1.94349,-2.01866,0,-0.0101258,1.16233,1.14553,-1.94349,-2.02422
0,0.0219295,1.16985,1.15551,-1.95478,-2.00792,0,-0.0084098,1.16985,1.15703,-1.95478,-2.01053,0,0.0220247,1.16985,1.14913,-1.95478,-2.01866,0,-0.0101258,1.16985,1.14553,-1.95478,-2.02422
0,0.0219295,1.17739,1.15551,-1.96608,-2.00792,0,-0.0084098,1.17739,1.15703,-1.96608,-2.01053,0,0.0220247,1.17739,1.14913,-1.96608,-2.01866,0,-0.0101258,1.17739,1.14553,-1.96608,-2.02422
0,0.0219295,1.18492,1.15551,-1.97738,-2.00792,0,-0.0084098,1.18492,1.15703,-1.97738,-2.01053,0,0.0220247,1.18492,1.14913,-1.97738,-2.01866,0,-0.0101258,1.18492,1.14553,-1.97738,-2.02422
0,0.0219295,1.19246,1.15551,-1.98869,-2.00792,0,-0.0084098,1.19246,1.15703,-1.98869,-2.01053,0,0.0220247,1.19246,1.14913,-1.98869,-2.01866,0,-0.0101258,1.19246,1.14553,-1.98869,-2.02422
0,0.0219295,1.2,1.15551,-2,-2.00792,0,-0.0084098,1.2,1.15703,-2,-2.01053,0,0.0220247,1.2,1.14913,-2,-2.01866,0,-0.0101258,1.2,1.14553,-2,-2.02422
0,0.0219295,1.20754,1.15551,-2.01131,-2.00792,0,-0.0084098,1.20754,1.15703,-2.01131,-2.01053,0,0.0220247,1.20754,1.14913,-2.01131,-2.01866,0,-0.0101258,1.20754,1.14553,-2.01131,-2.02422
0,0.0219295,1.21508,1.15551,-2.02262,-2.00792,0,-0.0084098,1.21508,1.15703,-2.02262,-2.01053,0,0.0220247,1.21508,1.14913,-2.02262,-2.01866,0,-0.0101258,1.21508,1.14553,-2.02262,-2.02422
0,0.0219295,1.22262,1.15551,-2.03392,-2.00792,0,-0.0084098,1.22262,1.15703,-2.03392,-2.01053,0,0.0220247,1.22262,1.14913,-2.03392,-2.01866,0,-0.0101258,1.22262,1.14553,-2.03392,-2.02422
0,0.0219295,1.23015,1.15551,-2.04522,-2.00792,0,-0.0084098,1.23015,1.15703,-2.04522,-2.01053,0,0.0220247,1.23015,1.14913,-2.04522,-2.01866,0,-0.0101258,1.23015,1.14553,-2.04522,-2.02422
0,0.0219295,1.23768,1.15551,-2.05651,-2.00792,0,-0.0084098,1.23768,1.15703,-2.05651,-2.01053,0,0.0220247,1.23768,1.14913,-2.05651,-2.01866,0,-0.0101258,1.23768,1.14553,-2.05651,-2.02422
0,0.0219295,1.2452,1.15551,-2.0678,-2.00792,0,-0.0084098,1.2452,1.15703,-2.0678,-2.01053,0,0.0220247,1.2452,1.14913,-2.0678,-2.01866,0,-0.0101258,1.2452,1.14553,-2.0678,-2.02422
0,0.0219295,1.25271,1.15551,-2.07907,-2.00792,0,-0.0084098,1.25271,1.15703,-2.07907,-2.01053,0,0.0220247,1.25271,1.14913,-2.07907,-2.01866,0,-0.0101258,1.25271,1.14553,-2.07907,-2.02422
0,0.0219295,1.26022,1.15551,-2.09033,-2.00792,0,-0.0084098,1.26022,1.15703,-2.09033,-2.01053,0,0.0220247,1.26022,1.14913,-2.09033,-2.01866,0,-0.0101258,1.26022,1.14553,-2.09033,-2.02422
0,0.0219295,1.26771,1.15551,-2.10157,-2.00792,0,-0.0084098,1.26771,1.15703,-2.10157,-2.01053,0,0.0220247,1.26771,1.14913,-2.10157,-2.01866,0,-0.0101258,1.26771,1.14553,-2.10157,-2.02422
0,0.0219295,1.2752,1.15551,-2.1128,-2.00792,0,-0.0084098,1.2752,1.15703,-2.1128,-2.01053,0,0.0220247,1.2752,1.14913,-2.1128,-2.01866,0,-0.0101258,1.2752,1.14553,-2.1128,-2.02422
0,0.0219295,1.28267,1.15551,-2.12401,-2.00792,0,-0.0084098,1.28267,1.15703,-2.12401,-2.01053,0,0.0220247,1.28267,1.14913,-2.12401,-2.01866,0,-0.0101258,1.28267,1.14553,-2.12401,-2.02422
0,0.0219295,1.29014,1.15551,-2.13521,-2.00792,0,-0.0084098,1.29014,1.15703,-2.13521,-2.01053,0,0.0220247,1.29014,1.14913,-2.13521,-2.01866,0,-0.0101258,1.29014,1.14553,-2.13521,-2.02422
0,0.0219295,1.29758,1.15551,-2.14637,-2.00792,0,-0.0084098,1.29758,1.15703,-2.14637,-2.01053,0,0.0220247,1.29758,1.14913,-2.14637,-2.01866,0,-0.0101258,1.29758,1.14553,-2.14637,-2.02422
0,0.0219295,1.30501,1.15551,-2.15752,-2.00792,0,-0.0084098,1.30501,1.15703,-2.15752,-2.01053,0,0.0220247,1.30501,1.14913,-2.15752,-2.01866,0,-0.0101258,1.30501,1.14553,-2.15752,-2.02422
0,0.0219295,1.31243,1.15551,-2.16864,-2.00792,0,-0.0084098,1.31243,1.15703,-2.16864,-2.01053,0,0.0220247,1.31243,1.14913,-2.16864,-2.01866,0,-0.0101258,1.31243,1.14553,-2.16864,-2.02422
0,0.0219295,1.31983,1.15551,-2.17974,-2.00792,0,-0.0084098,1.31983,1.15703,-2.17974,-2.01053,0,0.0220247,1.31983,1.14913,-2.17974,-2.01866,0,-0.0101258,1.31983,1.14553,-2.17974,-2.02422
0,0.0219295,1.32721,1.15551,-2.19081,-2.00792,0,-0.0084098,1.32721,1.15703,-2.19081,-2.01053,0,0.0220247,1.32721,1.14913,-2.19081,-2.01866,0,-0.0101258,1.32721,1.14553,-2.19081,-2.02422
0,0.0219295,1.33456,1.15551,-2.20185,-2.00792,0,-0.0084098,1.33456,1.15703,-2.20185,-2.01053,0,0.0220247,1.33456,1.14913,-2.20185,-2.01866,0,-0.0101258,1.33456,1.14553,-2.20185,-2.02422
0,0.0219295,1.3419,1.15551,-2.21285,-2.00792,0,-0.0084098,1.3419,1.15703,-2.21285,-2.01053,0,0.0220247,1.3419,1.14913,-2.21285,-2.01866,0,-0.0101258,1.3419,1.14553,-2.21285,-2.02422
0,0.0219295,1.34922,1.15551,-2.22382,-2.00792,0,-0.0084098,1.34922,1.15703,-2.22382,-2.01053,0,0.0220247,1.34922,1.14913,-2.22382,-2.01866,0,-0.0101258,1.34922,1.14553,-2.22382,-2.02422
0,0.0219295,1.35651,1.15551,-2.23476,-2.00792,0,-0.0084098,1.35651,1.15703,-2.23476,-2.01053,0,0.0220247,1.35651,1.14913,-2.23476,-2.01866,0,-0.0101258,1.35651,1.14553,-2.23476,-2.02422
0,0.0219295,1.36377,1.15551,-2.24566,-2.00792,0,-0.0084098,1.36377,1.15703,-2.24566,-2.01053,0,0.0220247,1.36377,1.14913,-2.24566,-2.01866,0,-0.0101258,1.36377,1.14553,-2.24566,-2.02422
0,0.0219295,1.37101,1.15551,-2.25652,-2.00792,0,-0.0084098,1.37101,1.15703,-2.25652,-2.01053,0,0.0220247,1.37101,1.14913,-2.25652,-2.01866,0,-0.0101258,1.37101,1.14553,-2.25652,-2.02422
0,0.0219295,1.37823,1.15551,-2.26734,-2.00792,0,-0.0084098,1.37823,1.15703,-2.26734,-2.01053,0,0.0220247,1.37823,1.14913,-2.26734,-2.01866,0,-0.0101258,1.37823,1.14553,-2.26734,-2.02422
0,0.0219295,1.38541,1.15551,-2.27812,-2.00792,0,-0.0084098,1.38541,1.15703,-2.27812,-2.01053,0,0.0220247,1.38541,1.14913,-2.27812,-2.01866,0,-0.0101258,1.38541,1.14553,-2.27812,-2.02422
0,0.0219295,1.39257,1.15551,-2.28885,-2.00792,0,-0.0084098,1.39257,1.15703,-2.28885,-2.01053,0,0.0220247,1.39257,1.14913,-2.28885,-2.01866,0,-0.0101258,1.39257,1.14553,-2.28885,-2.02422
0,0.0219295,1.39969,1.15551,-2.29954,-2.00792,0,-0.0084098,1.39969,1.15703,-2.29954,-2.01053,0,0.0220247,1.39969,1.14913,-2.29954,-2.01866,0,-0.0101258,1.39969,1.14553,-2.29954,-2.02422
0,0.0219295,1.40679,1.15551,-2.31018,-2.00792,0,-0.0084098,1.40679,1.15703,-2.31018,-2.01053,0,0.0220247,1.40679,1.14913,-2.31018,-2.01866,0,-0.0101258,1.40679,1.14553,-2.31018,-2.02422
0,0.0219295,1.41385,1.15551,-2.32077,-2.00792,0,-0.0084098,1.41385,1.15703,-2.32077,-2.01053,0,0.0220247,1.41385,1.14913,-2.32077,-2.01866,0,-0.0101258,1.41385,1.14553,-2.32077,-2.02422
0,0.0219295,1.42088,1.15551,-2.33131,-2.00792,0,-0.0084098,1.42088,1.15703,-2.33131,-2.01053,0,0.0220247,1.42088,1.14913,-2.33131,-2.01866,0,-0.0101258,1.42088,1.14553,-2.33131,-2.02422
0,0.0219295,1.42787,1.15551,-2.3418,-2.00792,0,-0.0084098,1.42787,1.15703,-2.3418,-2.01053,0,0.0220247,1.42787,1.14913,-2.3418,-2.01866,0,-0.0101258,1.42787,1.14553,-2.3418,-2.02422
0,0.0219295,1.43482,1.15551,-2.35224,-2.00792,0,-0.0084098,1.43482,1.15703,-2.35224,-2.01053,0,0.0220247,1.43482,1.14913,-2.35224,-2.01866,0,-0.0101258,1.43482,1.14553,-2.35224,-2.02422
0,0.0219295,1.44174,1.15551,-2.36262,-2.00792,0,-0.0084098,1.44174,1.15703,-2.36262,-2.01053,0,0.0220247,1.44174,1.14913,-2.36262,-2.01866,0,-0.0101258,1.44174,1.14553,-2.36262,-2.02422
0,0.0219295,1.44863,1.15551,-2.37294,-2.00792,0,-0.0084098,1.44863,1.15703,-2.37294,-2.01053,0,0.0220247,1.44863,1.14913,-2.37294,-2.01866,0,-0.0101258,1.44863,1.14553,-2.37294,-2.02422
0,0.0219295,1.45547,1.15551,-2.3832,-2.00792,0,-0.0084098,1.45547,1.15703,-2.3832,-2.01053,0,0.0220247,1.45547,1.14913,-2.3832,-2.01866,0,-0.0101258,1.45547,1.14553,-2.3832,-2.02422
0,0.0219295,1.46227,1.15551,-2.39341,-2.00792,0,-0.0084098,1.46227,1.15703,-2.39341,-2.01053,0,0.0220247,1.46227,1.14913,-2.39341,-2.01866,0,-0.0101258,1.46227,1.14553,-2.39341,-2.02422
0,0.0219295,1.46903,1.15551,-2.40355,-2.00792,0,-0.0084098,1.46903,1.15703,-2.40355,-2.01053,0,0.0220247,1.46903,1.14913,-2.40355,-2.01866,0,-0.0101258,1.46903,1.14553,-2.40355,-2.02422
0,0.0219295,1.47575,1.15551,-2.41362,-2.00792,0,-0.0084098,1.47575,1.15703,-2.41362,-2.01053,0,0.0220247,1.47575,1.14913,-2.41362,-2.01866,0,-0.0101258,1.47575,1.14553,-2.41362,-2.02422
0,0.0219295,1.48242,1.15551,-2.42363,-2.00792,0,-0.0084098,1.48242,1.15703,-2.42363,-2.01053,0,0.0220247,1.48242,1.14913,-2.42363,-2.01866,0,-0.0101258,1.48242,1.14553,-2.42363,-2.02422
0,0.0219295,1.48905,1.15551,-2.43358,-2.00792,0,-0.0084098,1.48905,1.15703,-2.43358,-2.01053,0,0.0220247,1.48905,1.14913,-2.43358,-2.01866,0,-0.0101258,1.48905,1.14553,-2.43358,-2.02422
0,0.0219295,1.49564,1.15551,-2.44346,-2.00792,0,-0.0084098,1.49564,1.15703,-2.44346,-2.01053,0,0.0220247,1.49564,1.14913,-2.44346,-2.01866,0,-0.0101258,1.49564,1.14553,-2.44346,-2.02422
0,0.0219295,1.50217,1.15551,-2.45326,-2.00792,0,-0.0084098,1.50217,1.15703,-2.45326,-2.01053,0,0.0220247,1.50217,1.14913,-2.45326,-2.01866,0,-0.0101258,1.50217,1.14553,-2.45326,-2.02422
0,0.0219295,1.50866,1.15551,-2.463,-2.00792,0,-0.0084098,1.50866,1.15703,-2.463,-2.01053,0,0.0220247,1.50866,1.14913,-2.463,-2.01866,0,-0.0101258,1.50866,1.14553,-2.463,-2.02422
0,0.0219295,1.51511,1.15551,-2.47266,-2.00792,0,-0.0084098,1.51511,1.15703,-2.47266,-2.01053,0,0.0220247,1.51511,1.14913,-2.47266,-2.01866,0,-0.0101258,1.51511,1.14553,-2.47266,-2.02422
0,0.0219295,1.5215,1.15551,-2.48225,-2.00792,0,-0.0084098,1.5215,1.15703,-2.48225,-2.01053,0,0.0220247,1.5215,1.14913,-2.48225,-2.01866,0,-0.0101258,1.5215,1.14553,-2.48225,-2.02422
0,0.0219295,1.52784,1.15551,-2.49176,-2.00792,0,-0.0084098,1.52784,1.15703,-2.49176,-2.01053,0,0.0220247,1.52784,1.14913,-2.49176,-2.01866,0,-0.0101258,1.52784,1.14553,-2.49176,-2.02422
0,0.0219295,1.53413,1.15551,-2.50119,-2.00792,0,-0.0084098,1.53413,1.15703,-2.50119,-2.01053,0,0.0220247,1.53413,1.14913,-2.50119,-2.01866,0,-0.0101258,1.53413,1.14553,-2.50119,-2.02422
0,0.0219295,1.54036,1.15551,-2.51054,-2.00792,0,-0.0084098,1.54036,1.15703,-2.51054,-2.01053,0,0.0220247,1.54036,1.14913,-2.51054,-2.01866,0,-0.0101258,1.54036,1.14553,-2.51054,-2.02422
0,0.0219295,1.54654,1.15551,-2.51982,-2.00792,0,-0.0084098,1.54654,1.15703,-2.51982,-2.01053,0,0.0220247,1.54654,1.14913,-2.51982,-2.01866,0,-0.0101258,1.54654,1.14553,-2.51982,-2.02422
0,0.0219295,1.55267,1.15551,-2.52901,-2.00792,0,-0.0084098,1.55267,1.15703,-2.52901,-2.01053,0,0.0220247,1.55267,1.14913,-2.52901,-2.01866,0,-0.0101258,1.55267,1.14553,-2.52901,-2.02422
0,0.0219295,1.55874,1.15551,-2.53812,-2.00792,0,-0.0084098,1.55874,1.15703,-2.53812,-2.01053,0,0.0220247,1.55874,1.14913,-2.53812,-2.01866,0,-0.0101258,1.55874,1.14553,-2.53812,-2.02422
0,0.0219295,1.56476,1.15551,-2.54714,-2.00792,0,-0.0084098,1.56476,1.15703,-2.54714,-2.01053,0,0.0220247,1.56476,1.14913,-2.54714,-2.01866,0,-0.0101258,1.56476,1.14553,-2.54714,-2.02422
0,0.0219295,1.57072,1.15551,-2.55608,-2.00792,0,-0.0084098,1.57072,1.15703,-2.55608,-2.01053,0,0.0220247,1.57072,1.14913,-2.55608,-2.01866,0,-0.0101258,1.57072,1.14553,-2.55608,-2.02422
0,0.0219295,1.57662,1.15551,-2.56492,-2.00792,0,-0.0084098,1.57662,1.15703,-2.56492,-2.01053,0,0.0220247,1.57662,1.14913,-2.56492,-2.01866,0,-0.0101258,1.57662,1.14553,-2.56492,-2.02422
0,0.0219295,1.58246,1.15551,-2.57368,-2.00792,0,-0.0084098,1.58246,1.15703,-2.57368,-2.01053,0,0.0220247,1.58246,1.14913,-2.57368,-2.01866,0,-0.0101258,1.58246,1.14553,-2.57368,-2.02422
0,0.0219295,1.58823,1.15551,-2.58235,-2.00792,0,-0.0084098,1.58823,1.15703,-2.58235,-2.01053,0,0.0220247,1.58823,1.14913,-2.58235,-2.01866,0,-0.0101258,1.58823,1.14553,-2.58235,-2.02422
0,0.0219295,1.59395,1.15551,-2.59093,-2.00792,0,-0.0084098,1.59395,1.15703,-2.59093,-2.01053,0,0.0220247,1.59395,1.14913,-2.59093,-2.01866,0,-0.0101258,1.59395,1.14553,-2.59093,-2.02422
0,0.0219295,1.59961,1.15551,-2.59941,-2.00792,0,-0.0084098,1.59961,1.15703,-2.59941,-2.01053,0,0.0220247,1.59961,1.14913,-2.59941,-2.01866,0,-0.0101258,1.59961,1.14553,-2.59941,-2.02422
0,0.0219295,1.6052,1.15551,-2.6078,-2.00792,0,-0.0084098,1.6052,1.15703,-2.6078,-2.01053,0,0.0220247,1.6052,1.14913,-2.6078,-2.01866,0,-0.0101258,1.6052,1.14553,-2.6078,-2.02422
0,0.0219295,1.61073,1.15551,-2.61609,-2.00792,0,-0.0084098,1.61073,1.15703,-2.61609,-2.01053,0,0.0220247,1.61073,1.14913,-2.61609,-2.01866,0,-0.0101258,1.61073,1.14553,-2.61609,-2.02422
0,0.0219295,1.61619,1.15551,-2.62429,-2.00792,0,-0.0084098,1.61619,1.15703,-2.62429,-2.01053,0,0.0220247,1.61619,1.14913,-2.62429,-2.01866,0,-0.0101258,1.61619,1.14553,-2.62429,-2.02422
0,0.0219295,1.62159,1.15551,-2.63239,-2.00792,0,-0.0084098,1.62159,1.15703,-2.63239,-2.01053,0,0.0220247,1.62159,1.14913,-2.63239,-2.01866,0,-0.0101258,1.62159,1.14553,-2.63239,-2.02422
0,0.0219295,1.62692,1.15551,-2.64038,-2.00792,0,-0.0084098,1.62692,1.15703,-2.64038,-2.01053,0,0.0220247,1.62692,1.14913,-2.64038,-2.01866,0,-0.0101258,1.62692,1.14553,-2.64038,-2.02422
0,0.0219295,1.63219,1.15551,-2.64828,-2.00792,0,-0.0084098,1.63219,1.15703,-2.64828,-2.01053,0,0.0220247,1.63219,1.14913,-2.64828,-2.01866,0,-0.0101258,1.63219,1.14553,-2.64828,-2.02422
0,0.0219295,1.63738,1.15551,-2.65607,-2.00792,0,-0.0084098,1.63738,1.15703,-2.65607,-2.01053,0,0.0220247,1.63738,1.14913,-2.65607,-2.01866,0,-0.0101258,1.63738,1.14553,-2.65607,-2.02422
0,0.0219295,1.64251,1.15551,-2.66376,-2.00792,0,-0.0084098,1.64251,1.15703,-2.66376,-2.01053,0,0.0220247,1.64251,1.14913,-2.66376,-2.01866,0,-0.0101258,1.64251,1.14553,-2.66376,-2.02422
0,0.0219295,1.64757,1.15551,-2.67135,-2.00792,0,-0.0084098,1.64757,1.15703,-2.67135,-2.01053,0,0.0220247,1.64757,1.14913,-2.67135,-2.01866,0,-0.0101258,1.64757,1.14553,-2.67135,-2.02422
0,0.0219295,1.65255,1.15551,-2.67883,-2.00792,0,-0.0084098,1.65255,1.15703,-2.67883,-2.01053,0,0.0220247,1.65255,1.14913,-2.67883,-2.01866,0,-0.0101258,1.65255,1.14553,-2.67883,-2.02422
0,0.0219295,1.65747,1.15551,-2.6862,-2.00792,0,-0.0084098,1.65747,1.15703,-2.6862,-2.01053,0,0.0220247,1.65747,1.14913,-2.6862,-2.01866,0,-0.0101258,1.65747,1.14553,-2.6862,-2.02422
0,0.0219295,1.66231,1.15551,-2.69346,-2.00792,0,-0.0084098,1.66231,1.15703,-2.69346,-2.01053,0,0.0220247,1.66231,1.14913,-2.69346,-2.01866,0,-0.0101258,1.66231,1.14553,-2.69346,-2.02422
0,0.0219295,1.66708,1.15551,-2.70062,-2.00792,0,-0.0084098,1.66708,1.15703,-2.70062,-2.01053,0,0.0220247,1.66708,1.14913,-2.70062,-2.01866,0,-0.0101258,1.66708,1.14553,-2.70062,-2.02422
0,0.0219295,1.67177,1.15551,-2.70766,-2.00792,0,-0.0084098,1.67177,1.15703,-2.70766,-2.01053,0,0.0220247,1.67177,1.14913,-2.70766,-2.01866,0,-0.0101258,1.67177,1.14553,-2.70766,-2.02422
0,0.0219295,1.67639,1.15551,-2.71459,-2.00792,0,-0.0084098,1.67639,1.15703,-2.71459,-2.01053,0,0.0220247,1.67639,1.14913,-2.71459,-2.01866,0,-0.0101258,1.67639,1.14553,-2.71459,-2.02422
0,0.0219295,1.68094,1.15551,-2.72141,-2.00792,0,-0.0084098,1.68094,1.15703,-2.72141,-2.01053,0,0.0220247,1.68094,1.14913,-2.72141,-2.01866,0,-0.0101258,1.68094,1.14553,-2.72141,-2.02422
0,0.0219295,1.68541,1.15551,-2.72812,-2.00792,0,-0.0084098,1.68541,1.15703,-2.72812,-2.01053,0,0.0220247,1.68541,1.14913,-2.72812,-2.01866,0,-0.0101258,1.68541,1.14553,-2.72812,-2.02422
0,0.0219295,1.6898,1.15551,-2.73471,-2.00792,0,-0.0084098,1.6898,1.15703,-2.73471,-2.01053,0,0.0220247,1.6898,1.14913,-2.73471,-2.01866,0,-0.0101258,1.6898,1.14553,-2.73471,-2.02422
0,0.0219295,1.69412,1.15551,-2.74118,-2.00792,0,-0.0084098,1.69412,1.15703,-2.74118,-2.01053,0,0.0220247,1.69412,1.14913,-2.74118,-2.01866,0,-0.0101258,1.69412,1.14553,-2.74118,-2.02422
0,0.0219295,1.69836,1.15551,-2.74754,-2.00792,0,-0.0084098,1.69836,1.15703,-2.74754,-2.01053,0,0.0220247,1.69836,1.14913,-2.74754,-2.01866,0,-0.0101258,1.69836,1.14553,-2.74754,-2.02422
0,0.0219295,1.70252,1.15551,-2.75378,-2.00792,0,-0.0084098,1.70252,1.15703,-2.75378,-2.01053,0,0.0220247,1.70252,1.14913,-2.75378,-2.01866,0,-0.0101258,1.70252,1.14553,-2.75378,-2.02422
0,0.0219295,1.7066,1.15551,-2.7599,-2.00792,0,-0.0084098,1.7066,1.15703,-2.7599,-2.01053,0,0.0220247,1.7066,1.14913,-2.7599,-2.01866,0,-0.0101258,1.7066,1.14553,-2.7599,-2.02422
0,0.0219295,1.7106,1.15551,-2.7659,-2.00792,0,-0.0084098,1.7106,1.15703,-2.7659,-2.01053,0,0.0220247,1.7106,1.14913,-2.7659,-2.01866,0,-0.0101258,1.7106,1.14553,-2.7659,-2.02422
0,0.0219295,1.71452,1.15551,-2.77177,-2.00792,0,-0.0084098,1.71452,1.15703,-2.77177,-2.01053,0,0.0220247,1.71452,1.14913,-2.77177,-2.01866,0,-0.0101258,1.71452,1.14553,-2.77177,-2.02422
0,0.0219295,1.71835,1.15551,-2.77753,-2.00792,0,-0.0084098,1.71835,1.15703,-2.77753,-2.01053,0,0.0220247,1.71835,1.14913,-2.77753,-2.01866,0,-0.0101258,1.71835,1.14553,-2.77753,-2.02422
0,0.0219295,1.72211,1.15551,-2.78317,-2.00792,0,-0.0084098,1.72211,1.15703,-2.78317,-2.01053,0,0.0220247,1.72211,1.14913,-2.78317,-2.01866,0,-0.0101258,1.72211,1.14553,-2.78317,-2.02422
0,0.0219295,1.72578,1.15551,-2.78868,-2.00792,0,-0.0084098,1.72578,1.15703,-2.78868,-2.01053,0,0.0220247,1.72578,1.14913,-2.78868,-2.01866,0,-0.0101258,1.72578,1.14553,-2.78868,-2.02422
0,0.0219295,1.72938,1.15551,-2.79406,-2.00792,0,-0.0084098,1.72938,1.15703,-2.79406,-2.01053,0,0.0220247,1.72938,1.14913,-2.79406,-2.01866,0,-0.0101258,1.72938,1.14553,-2.79406,-2.02422
0,0.0219295,1.73288,1.15551,-2.79932,-2.00792,0,-0.0084098,1.73288,1.15703,-2.79932,-2.01053,0,0.0220247,1.73288,1.14913,-2.79932,-2.01866,0,-0.0101258,1.73288,1.14553,-2.79932,-2.02422
0,0.0219295,1.73631,1.15551,-2.80446,-2.00792,0,-0.0084098,1.73631,1.15703,-2.80446,-2.01053,0,0.0220247,1.73631,1.14913,-2.80446,-2.01866,0,-0.0101258,1.73631,1.14553,-2.80446,-2.02422
0,0.0219295,1.73964,1.15551,-2.80947,-2.00792,0,-0.0084098,1.73964,1.15703,-2.80947,-2.01053,0,0.0220247,1.73964,1.14913,-2.80947,-2.01866,0,-0.0101258,1.73964,1.14553,-2.80947,-2.02422
0,0.0219295,1.7429,1.15551,-2.81434,-2.00792,0,-0.0084098,1.7429,1.15703,-2.81434,-2.01053,0,0.0220247,1.7429,1.14913,-2.81434,-2.01866,0,-0.0101258,1.7429,1.14553,-2.81434,-2.02422
0,0.0219295,1.74606,1.15551,-2.8191,-2.00792,0,-0.0084098,1.74606,1.15703,-2.8191,-2.01053,0,0.0220247,1.74606,1.14913,-2.8191,-2.01866,0,-0.0101258,1.74606,1.14553,-2.8191,-2.02422
0,0.0219295,1.74915,1.15551,-2.82372,-2.00792,0,-0.0084098,1.74915,1.15703,-2.82372,-2.01053,0,0.0220247,1.74915,1.14913,-2.82372,-2.01866,0,-0.0101258,1.74915,1.14553,-2.82372,-2.02422
0,0.0219295,1.75214,1.15551,-2.82821,-2.00792,0,-0.0084098,1.75214,1.15703,-2.82821,-2.01053,0,0.0220247,1.75214,1.14913,-2.82821,-2.01866,0,-0.0101258,1.75214,1.14553,-2.82821,-2.02422
0,0.0219295,1.75505,1.15551,-2.83257,-2.00792,0,-0.0084098,1.75505,1.15703,-2.83257,-2.01053,0,0.0220247,1.75505,1.14913,-2.83257,-2.01866,0,-0.0101258,1.75505,1.14553,-2.83257,-2.02422
0,0.0219295,1.75787,1.15551,-2.8368,-2.00792,0,-0.0084098,1.75787,1.15703,-2.8368,-2.01053,0,0.0220247,1.75787,1.14913,-2.8368,-2.01866,0,-0.0101258,1.75787,1.14553,-2.8368,-2.02422
0,0.0219295,1.7606,1.15551,-2.8409,-2.00792,0,-0.0084098,1.7606,1.15703,-2.8409,-2.01053,0,0.0220247,1.7606,1.14913,-2.8409,-2.01866,0,-0.0101258,1.7606,1.14553,-2.8409,-2.02422
0,0.0219295,1.76324,1.15551,-2.84486,-2.00792,0,-0.0084098,1.76324,1.15703,-2.84486,-2.01053,0,0.0220247,1.76324,1.14913,-2.84486,-2.01866,0,-0.0101258,1.76324,1.14553,-2.84486,-2.02422
0,0.0219295,1.76579,1.15551,-2.84869,-2.00792,0,-0.0084098,1.76579,1.15703,-2.84869,-2.01053,0,0.0220247,1.76579,1.14913,-2.84869,-2.01866,0,-0.0101258,1.76579,1.14553,-2.84869,-2.02422
0,0.0219295,1.76826,1.15551,-2.85239,-2.00792,0,-0.0084098,1.76826,1.15703,-2.85239,-2.01053,0,0.0220247,1.76826,1.14913,-2.85239,-2.01866,0,-0.0101258,1.76826,1.14553,-2.85239,-2.02422
0,0.0219295,1.77063,1.15551,-2.85595,-2.00792,0,-0.0084098,1.77063,1.15703,-2.85595,-2.01053,0,0.0220247,1.77063,1.14913,-2.85595,-2.01866,0,-0.0101258,1.77063,1.14553,-2.85595,-2.02422
0,0.0219295,1.77292,1.15551,-2.85938,-2.00792,0,-0.0084098,1.77292,1.15703,-2.85938,-2.01053,0,0.0220247,1.77292,1.14913,-2.85938,-2.01866,0,-0.0101258,1.77292,1.14553,-2.85938,-2.02422
0,0.0219295,1.77511,1.15551,-2.86267,-2.00792,0,-0.0084098,1.77511,1.15703,-2.86267,-2.01053,0,0.0220247,1.77511,1.14913,-2.86267,-2.01866,0,-0.0101258,1.77511,1.14553,-2.86267,-2.02422
0,0.0219295,1.77722,1.15551,-2.86582,-2.00792,0,-0.0084098,1.77722,1.15703,-2.86582,-2.01053,0,0.0220247,1.77722,1.14913,-2.86582,-2.01866,0,-0.0101258,1.77722,1.14553,-2.86582,-2.02422
0,0.0219295,1.77923,1.15551,-2.86884,-2.00792,0,-0.0084098,1.77923,1.15703,-2.86884,-2.01053,0,0.0220247,1.77923,1.14913,-2.86884,-2.01866,0,-0.0101258,1.77923,1.14553,-2.86884,-2.02422
0,0.0219295,1.78115,1.15551,-2.87172,-2.00792,0,-0.0084098,1.78115,1.15703,-2.87172,-2.01053,0,0.0220247,1.78115,1.14913,-2.87172,-2.01866,0,-0.0101258,1.78115,1.14553,-2.87172,-2.02422
0,0.0219295,1.78298,1.15551,-2.87447,-2.00792,0,-0.0084098,1.78298,1.15703,-2.87447,-2.01053,0,0.0220247,1.78298,1.14913,-2.87447,-2.01866,0,-0.0101258,1.78298,1.14553,-2.87447,-2.02422
0,0.0219295,1.78472,1.15551,-2.87707,-2.00792,0,-0.0084098,1.78472,1.15703,-2.87707,-2.01053,0,0.0220247,1.78472,1.14913,-2.87707,-2.01866,0,-0.0101258,1.78472,1.14553,-2.87707,-2.02422
0,0.0219295,1.78636,1.15551,-2.87954,-2.00792,0,-0.0084098,1.78636,1.15703,-2.87954,-2.01053,0,0.0220247,1.78636,1.14913,-2.87954,-2.01866,0,-0.0101258,1.78636,1.14553,-2.87954,-2.02422
0,0.0219295,1.78791,1.15551,-2.88187,-2.00792,0,-0.0084098,1.78791,1.15703,-2.88187,-2.01053,0,0.0220247,1.78791,1.14913,-2.88187,-2.01866,0,-0.0101258,1.78791,1.14553,-2.88187,-2.02422
0,0.0219295,1.78937,1.15551,-2.88406,-2.00792,0,-0.0084098,1.78937,1.15703,-2.88406,-2.01053,0,0.0220247,1.78937,1.14913,-2.88406,-2.01866,0,-0.0101258,1.78937,1.14553,-2.88406,-2.02422
0,0.0219295,1.79074,1.15551,-2.88611,-2.00792,0,-0.0084098,1.79074,1.15703,-2.88611,-2.01053,0,0.0220247,1.79074,1.14913,-2.88611,-2.01866,0,-0.0101258,1.79074,1.14553,-2.88611,-2.02422
0,0.0219295,1.79201,1.15551,-2.88802,-2.00792,0,-0.0084098,1.79201,1.15703,-2.88802,-2.01053,0,0.0220247,1.79201,1.14913,-2.88802,-2.01866,0,-0.0101258,1.79201,1.14553,-2.88802,-2.02422
0,0.0219295,1.79319,1.15551,-2.88979,-2.00792,0,-0.0084098,1.79319,1.15703,-2.88979,-2.01053,0,0.0220247,1.79319,1.14913,-2.88979,-2.01866,0,-0.0101258,1.79319,1.14553,-2.88979,-2.02422
0,0.0219295,1.79428,1.15551,-2.89142,-2.00792,0,-0.0084098,1.79428,1.15703,-2.89142,-2.01053,0,0.0220247,1.79428,1.14913,-2.89142,-2.01866,0,-0.0101258,1.79428,1.14553,-2.89142,-2.02422
0,0.0219295,1.79527,1.15551,-2.8929,-2.00792,0,-0.0084098,1.79527,1.15703,-2.8929,-2.01053,0,0.0220247,1.79527,1.14913,-2.8929,-2.01866,0,-0.0101258,1.79527,1.14553,-2.8929,-2.02422
0,0.0219295,1.79617,1.15551,-2.89425,-2.00792,0,-0.0084098,1.79617,1.15703,-2.89425,-2.01053,0,0.0220247,1.79617,1.14913,-2.89425,-2.01866,0,-0.0101258,1.79617,1.14553,-2.89425,-2.02422
0,0.0219295,1.79697,1.15551,-2.89546,-2.00792,0,-0.0084098,1.79697,1.15703,-2.89546,-2.01053,0,0.0220247,1.79697,1.14913,-2.89546,-2.01866,0,-0.0101258,1.79697,1.14553,-2.89546,-2.02422
0,0.0219295,1.79768,1.15551,-2.89652,-2.00792,0,-0.0084098,1.79768,1.15703,-2.89652,-2.01053,0,0.0220247,1.79768,1.14913,-2.89652,-2.01866,0,-0.0101258,1.79768,1.14553,-2.89652,-2.02422
0,0.0219295,1.7983,1.15551,-2.89744,-2.00792,0,-0.0084098,1.7983,1.15703,-2.89744,-2.01053,0,0.0220247,1.7983,1.14913,-2.89744,-2.01866,0,-0.0101258,1.7983,1.14553,-2.89744,-2.02422
0,0.0219295,1.79882,1.15551,-2.89822,-2.00792,0,-0.0084098,1.79882,1.15703,-2.89822,-2.01053,0,0.0220247,1.79882,1.14913,-2.89822,-2.01866,0,-0.0101258,1.79882,1.14553,-2.89822,-2.02422
0,0.0219295,1.79924,1.15551,-2.89886,-2.00792,0,-0.0084098,1.79924,1.15703,-2.89886,-2.01053,0,0.0220247,1.79924,1.14913,-2.89886,-2.01866,0,-0.0101258,1.79924,1.14553,-2.89886,-2.02422
0,0.0219295,1.79957,1.15551,-2.89936,-2.00792,0,-0.0084098,1.79957,1.15703,-2.89936,-2.01053,0,0.0220247,1.79957,1.14913,-2.89936,-2.01866,0,-0.0101258,1.79957,1.14553,-2.89936,-2.02422
0,0.0219295,1.79981,1.15551,-2.89972,-2.00792,0,-0.0084098,1.79981,1.15703,-2.89972,-2.01053,0,0.0220247,1.79981,1.14913,-2.89972,-2.01866,0,-0.0101258,1.79981,1.14553,-2.89972,-2.02422
0,0.0219295,1.79995,1.15551,-2.89993,-2.00792,0,-0.0084098,1.79995,1.15703,-2.89993,-2.01053,0,0.0220247,1.79995,1.14913,-2.89993,-2.01866,0,-0.0101258,1.79995,1.14553,-2.89993,-2.02422
0,0.0219295,1.8,1.15551,-2.9,-2.00792,0,-0.0084098,1.8,1.15703,-2.9,-2.01053,0,0.0220247,1.8,1.14913,-2.9,-2.01866,0,-0.0101258,1.8,1.14553,-2.9,-2.02422
0,0.0219295,1.79995,1.15551,-2.89993,-2.00792,0,-0.0084098,1.79995,1.15703,-2.89993,-2.01053,0,0.0220247,1.79995,1.14913,-2.89993,-2.01866,0,-0.0101258,1.79995,1.14553,-2.89993,-2.02422
0,0.0219295,1.79981,1.15551,-2.89972,-2.00792,0,-0.0084098,1.79981,1.15703,-2.89972,-2.01053,0,0.0220247,1.79981,1.14913,-2.89972,-2.01866,0,-0.0101258,1.79981,1.14553,-2.89972,-2.02422
0,0.0219295,1.79957,1.15551,-2.89936,-2.00792,0,-0.0084098,1.79957,1.15703,-2.89936,-2.01053,0,0.0220247,1.79957,1.14913,-2.89936,-2.01866,0,-0.0101258,1.79957,1.14553,-2.89936,-2.02422
0,0.0219295,1.79924,1.15551,-2.89886,-2.00792,0,-0.0084098,1.79924,1.15703,-2.89886,-2.01053,0,0.0220247,1.79924,1.14913,-2.89886,-2.01866,0,-0.0101258,1.79924,1.14553,-2.89886,-2.02422
0,0.0219295,1.79882,1.15551,-2.89822,-2.00792,0,-0.0084098,1.79882,1.15703,-2.89822,-2.01053,0,0.0220247,1.79882,1.14913,-2.89822,-2.01866,0,-0.0101258,1.79882,1.14553,-2.89822,-2.02422
0,0.0219295,1.7983,1.15551,-2.89744,-2.00792,0,-0.0084098,1.7983,1.15703,-2.89744,-2.01053,0,0.0220247,1.7983,1.14913,-2.89744,-2.01866,0,-0.0101258,1.7983,1.14553,-2.89744,-2.02422
0,0.0219295,1.79768,1.15551,-2.89652,-2.00792,0,-0.0084098,1.79768,1.15703,-2.89652,-2.01053,0,0.0220247,1.79768,1.14913,-2.89652,-2.01866,0,-0.0101258,1.79768,1.14553,-2.89652,-2.02422
0,0.0219295,1.79697,1.15551,-2.89546,-2.00792,0,-0.0084098,1.79697,1.15703,-2.89546,-2.01053,0,0.0220247,1.79697,1.14913,-2.89546,-2.01866,0,-0.0101258,1.79697,1.14553,-2.89546,-2.02422
0,0.0219295,1.79617,1.15551,-2.89425,-2.00792,0,-0.0084098,1.79617,1.15703,-2.89425,-2.01053,0,0.0220247,1.79617,1.14913,-2.89425,-2.01866,0,-0.0101258,1.79617,1.14553,-2.89425,-2.02422
0,0.0219295,1.79527,1.15551,-2.8929,-2.00792,0,-0.0084098,1.79527,1.15703,-2.8929,-2.01053,0,0.0220247,1.79527,1.14913,-2.8929,-2.01866,0,-0.0101258,1.79527,1.14553,-2.8929,-2.02422
0,0.0219295,1.79428,1.15551,-2.89142,-2.00792,0,-0.0084098,1.79428,1.15703,-2.89142,-2.01053,0,0.0220247,1.79428,1.14913,-2.89142,-2.01866,0,-0.0101258,1.79428,1.14553,-2.89142,-2.02422
0,0.0219295,1.79319,1.15551,-2.88979,-2.00792,0,-0.0084098,1.79319,1.15703,-2.88979,-2.01053,0,0.0220247,1.79319,1.14913,-2.88979,-2.01866,0,-0.0101258,1.79319,1.14553,-2.88979,-2.02422
0,0.0219295,1.79201,1.15551,-2.88802,-2.00792,0,-0.0084098,1.79201,1.15703,-2.88802,-2.01053,0,0.0220247,1.79201,1.14913,-2.88802,-2.01866,0,-0.0101258,1.79201,1.14553,-2.88802,-2.02422
0,0.0219295,1.79074,1.15551,-2.88611,-2.00792,0,-0.0084098,1.79074,1.15703,-2.88611,-2.01053,0,0.0220247,1.79074,1.14913,-2.88611,-2.01866,0,-0.0101258,1.79074,1.14553,-2.88611,-2.02422
0,0.0219295,1.78937,1.15551,-2.88406,-2.00792,0,-0.0084098,1.78937,1.15703,-2.88406,-2.01053,0,0.0220247,1.78937,1.14913,-2.88406,-2.01866,0,-0.0101258,1.78937,1.14553,-2.88406,-2.02422
0,0.0219295,1.78791,1.15551,-2.88187,-2.00792,0,-0.0084098,1.78791,1.15703,-2.88187,-2.01053,0,0.0220247,1.78791,1.14913,-2.88187,-2.01866,0,-0.0101258,1.78791,1.14553,-2.88187,-2.02422
0,0.0219295,1.78636,1.15551,-2.87954,-2.00792,0,-0.0084098,1.78636,1.15703,-2.87954,-2.01053,0,0.0220247,1.78636,1.14913,-2.87954,-2.01866,0,-0.0101258,1.78636,1.14553,-2.87954,-2.02422
0,0.0219295,1.78472,1.15551,-2.87707,-2.00792,0,-0.0084098,1.78472,1.15703,-2.87707,-2.01053,0,0.0220247,1.78472,1.14913,-2.87707,-2.01866,0,-0.0101258,1.78472,1.14553,-2.87707,-2.02422
0,0.0219295,1.78298,1.15551,-2.87447,-2.00792,0,-0.0084098,1.78298,1.15703,-2.87447,-2.01053,0,0.0220247,1.78298,1.14913,-2.87447,-2.01866,0,-0.0101258,1.78298,1.14553,-2.87447,-2.02422
0,0.0219295,1.78115,1.15551,-2.87172,-2.00792,0,-0.0084098,1.78115,1.15703,-2.87172,-2.01053,0,0.0220247,1.78115,1.14913,-2.87172,-2.01866,0,-0.0101258,1.78115,1.14553,-2.87172,-2.02422
0,0.0219295,1.77923,1.15551,-2.86884,-2.00792,0,-0.0084098,1.77923,1.15703,-2.86884,-2.01053,0,0.0220247,1.77923,1.14913,-2.86884,-2.01866,0,-0.0101258,1.77923,1.14553,-2.86884,-2.02422
0,0.0219295,1.77722,1.15551,-2.86582,-2.00792,0,-0.0084098,1.77722,1.15703,-2.86582,-2.01053,0,0.0220247,1.77722,1.14913,-2.86582,-2.01866,0,-0.0101258,1.77722,1.14553,-2.86582,-2.02422
0,0.0219295,1.77511,1.15551,-2.86267,-2.00792,0,-0.0084098,1.77511,1.15703,-2.86267,-2.01053,0,0.0220247,1.77511,1.14913,-2.86267,-2.01866,0,-0.0101258,1.77511,1.14553,-2.86267,-2.02422
0,0.0219295,1.77292,1.15551,-2.85938,-2.00792,0,-0.0084098,1.77292,1.15703,-2.85938,-2.01053,0,0.0220247,1.77292,1.14913,-2.85938,-2.01866,0,-0.0101258,1.77292,1.14553,-2.85938,-2.02422
0,0.0219295,1.77063,1.15551,-2.85595,-2.00792,0,-0.0084098,1.77063,1.15703,-2.85595,-2.01053,0,0.0220247,1.77063,1.14913,-2.85595,-2.01866,0,-0.0101258,1.77063,1.14553,-2.85595,-2.02422
0,0.0219295,1.76826,1.15551,-2.85239,-2.00792,0,-0.0084098,1.76826,1.15703,-2.85239,-2.01053,0,0.0220247,1.76826,1.14913,-2.85239,-2.01866,0,-0.0101258,1.76826,1.14553,-2.85239,-2.02422
0,0.0219295,1.76579,1.15551,-2.84869,-2.00792,0,-0.0084098,1.76579,1.15703,-2.84869,-2.01053,0,0.0220247,1.76579,1.14913,-2.84869,-2.01866,0,-0.0101258,1.76579,1.14553,-2.84869,-2.02422
0,0.0219295,1.76324,1.15551,-2.84486,-2.00792,0,-0.0084098,1.76324,1.15703,-2.84486,-2.01053,0,0.0220247,1.76324,1.14913,-2.84486,-2.01866,0,-0.0101258,1.76324,1.14553,-2.84486,-2.02422
0,0.0219295,1.7606,1.15551,-2.8409,-2.00792,0,-0.0084098,1.7606,1.15703,-2.8409,-2.01053,0,0.0220247,1.7606,1.14913,-2.8409,-2.01866,0,-0.0101258,1.7606,1.14553,-2.8409,-2.02422
0,0.0219295,1.75787,1.15551,-2.8368,-2.00792,0,-0.0084098,1.75787,1.15703,-2.8368,-2.01053,0,0.0220247,1.75787,1.14913,-2.8368,-2.01866,0,-0.0101258,1.75787,1.14553,-2.8368,-2.02422
0,0.0219295,1.75505,1.15551,-2.83257,-2.00792,0,-0.0084098,1.75505,1.15703,-2.83257,-2.01053,0,0.0220247,1.75505,1.14913,-2.83257,-2.01866,0,-0.0101258,1.75505,1.14553,-2.83257,-2.02422
0,0.0219295,1.75214,1.15551,-2.82821,-2.00792,0,-0.0084098,1.75214,1.15703,-2.82821,-2.01053,0,0.0220247,1.75214,1.14913,-2.82821,-2.01866,0,-0.0101258,1.75214,1.14553,-2.82821,-2.02422
0,0.0219295,1.74914,1.15551,-2.82372,-2.00792,0,-0.0084098,1.74914,1.15703,-2.82372,-2.01053,0,0.0220247,1.74914,1.14913,-2.82372,-2.01866,0,-0.0101258,1.74914,1.14553,-2.82372,-2.02422
0,0.0219295,1.74606,1.15551,-2.81909,-2.00792,0,-0.0084098,1.74606,1.15703,-2.81909,-2.01053,0,0.0220247,1.74606,1.14913,-2.81909,-2.01866,0,-0.0101258,1.74606,1.14553,-2.81909,-2.02422
0,0.0219295,1.7429,1.15551,-2.81434,-2.00792,0,-0.0084098,1.7429,1.15703,-2.81434,-2.01053,0,0.0220247,1.7429,1.14913,-2.81434,-2.01866,0,-0.0101258,1.7429,1.14553,-2.81434,-2.02422
0,0.0219295,1.73964,1.15551,-2.80946,-2.00792,0,-0.0084098,1.73964,1.15703,-2.80946,-2.01053,0,0.0220247,1.73964,1.14913,-2.80946,-2.01866,0,-0.0101258,1.73964,1.14553,-2.80946,-2.02422
0,0.0219295,1.7363,1.15551,-2.80446,-2.00792,0,-0.0084098,1.7363,1.15703,-2.80446,-2.01053,0,0.0220247,1.7363,1.14913,-2.80446,-2.01866,0,-0.0101258,1.7363,1.14553,-2.80446,-2.02422
0,0.0219295,1.73288,1.15551,-2.79932,-2.00792,0,-0.0084098,1.73288,1.15703,-2.79932,-2.01053,0,0.0220247,1.73288,1.14913,-2.79932,-2.01866,0,-0.0101258,1.73288,1.14553,-2.79932,-2.02422
0,0.0219295,1.72937,1.15551,-2.79406,-2.00792,0,-0.0084098,1.72937,1.15703,-2.79406,-2.01053,0,0.0220247,1.72937,1.14913,-2.79406,-2.01866,0,-0.0101258,1.72937,1.14553,-2.79406,-2.02422
0,0.0219295,1.72578,1.15551,-2.78868,-2.00792,0,-0.0084098,1.72578,1.15703,-2.78868,-2.01053,0,0.0220247,1.72578,1.14913,-2.78868,-2.01866,0,-0.0101258,1.72578,1.14553,-2.78868,-2.02422
0,0.0219295,1.72211,1.15551,-2.78316,-2.00792,0,-0.0084098,1.72211,1.15703,-2.78316,-2.01053,0,0.0220247,1.72211,1.14913,-2.78316,-2.01866,0,-0.0101258,1.72211,1.14553,-2.78316,-2.02422
0,0.0219295,1.71835,1.15551,-2.77753,-2.00792,0,-0.0084098,1.71835,1.15703,-2.77753,-2.01053,0,0.0220247,1.71835,1.14913,-2.77753,-2.01866,0,-0.0101258,1.71835,1.14553,-2.77753,-2.02422
0,0.0219295,1.71452,1.15551,-2.77177,-2.00792,0,-0.0084098,1.71452,1.15703,-2.77177,-2.01053,0,0.0220247,1.71452,1.14913,-2.77177,-2.01866,0,-0.0101258,1.71452,1.14553,-2.77177,-2.02422
0,0.0219295,1.7106,1.15551,-2.76589,-2.00792,0,-0.0084098,1.7106,1.15703,-2.76589,-2.01053,0,0.0220247,1.7106,1.14913,-2.76589,-2.01866,0,-0.0101258,1.7106,1.14553,-2.76589,-2.02422
0,0.0219295,1.7066,1.15551,-2.75989,-2.00792,0,-0.0084098,1.7066,1.15703,-2.75989,-2.01053,0,0.0220247,1.7066,1.14913,-2.75989,-2.01866,0,-0.0101258,1.7066,1.14553,-2.75989,-2.02422
0,0.0219295,1.70252,1.15551,-2.75377,-2.00792,0,-0.0084098,1.70252,1.15703,-2.75377,-2.01053,0,0.0220247,1.70252,1.14913,-2.75377,-2.01866,0,-0.0101258,1.70252,1.14553,-2.75377,-2.02422
0,0.0219295,1.69836,1.15551,-2.74754,-2.00792,0,-0.0084098,1.69836,1.15703,-2.74754,-2.01053,0,0.0220247,1.69836,1.14913,-2.74754,-2.01866,0,-0.0101258,1.69836,1.14553,-2.74754,-2.02422
0,0.0219295,1.69412,1.15551,-2.74118,-2.00792,0,-0.0084098,1.69412,1.15703,-2.74118,-2.01053,0,0.0220247,1.69412,1.14913,-2.74118,-2.01866,0,-0.0101258,1.69412,1.14553,-2.74118,-2.02422
0,0.0219295,1.6898,1.15551,-2.7347,-2.00792,0,-0.0084098,1.6898,1.15703,-2.7347,-2.01053,0,0.0220247,1.6898,1.14913,-2.7347,-2.01866,0,-0.0101258,1.6898,1.14553,-2.7347,-2.02422
0,0.0219295,1.68541,1.15551,-2.72811,-2.00792,0,-0.0084098,1.68541,1.15703,-2.72811,-2.01053,0,0.0220247,1.68541,1.14913,-2.72811,-2.01866,0,-0.0101258,1.68541,1.14553,-2.72811,-2.02422
0,0.0219295,1.68094,1.15551,-2.72141,-2.00792,0,-0.0084098,1.68094,1.15703,-2.72141,-2.01053,0,0.0220247,1.68094,1.14913,-2.72141,-2.01866,0,-0.0101258,1.68094,1.14553,-2.72141,-2.02422
0,0.0219295,1.67639,1.15551,-2.71459,-2.00792,0,-0.0084098,1.67639,1.15703,-2.71459,-2.01053,0,0.0220247,1.67639,1.14913,-2.71459,-2.01866,0,-0.0101258,1.67639,1.14553,-2.71459,-2.02422
0,0.0219295,1.67177,1.15551,-2.70766,-2.00792,0,-0.0084098,1.67177,1.15703,-2.70766,-2.01053,0,0.0220247,1.67177,1.14913,-2.70766,-2.01866,0,-0.0101258,1.67177,1.14553,-2.70766,-2.02422
0,0.0219295,1.66708,1.15551,-2.70062,-2.00792,0,-0.0084098,1.66708,1.15703,-2.70062,-2.01053,0,0.0220247,1.66708,1.14913,-2.70062,-2.01866,0,-0.0101258,1.66708,1.14553,-2.70062,-2.02422
0,0.0219295,1.66231,1.15551,-2.69346,-2.00792,0,-0.0084098,1.66231,1.15703,-2.69346,-2.01053,0,0.0220247,1.66231,1.14913,-2.69346,-2.01866,0,-0.0101258,1.66231,1.14553,-2.69346,-2.02422
0,0.0219295,1.65746,1.15551,-2.6862,-2.00792,0,-0.0084098,1.65746,1.15703,-2.6862,-2.01053,0,0.0220247,1.65746,1.14913,-2.6862,-2.01866,0,-0.0101258,1.65746,1.14553,-2.6862,-2.02422
0,0.0219295,1.65255,1.15551,-2.67883,-2.00792,0,-0.0084098,1.65255,1.15703,-2.67883,-2.01053,0,0.0220247,1.65255,1.14913,-2.67883,-2.01866,0,-0.0101258,1.65255,1.14553,-2.67883,-2.02422
0,0.0219295,1.64756,1.15551,-2.67135,-2.00792,0,-0.0084098,1.64756,1.15703,-2.67135,-2.01053,0,0.0220247,1.64756,1.14913,-2.67135,-2.01866,0,-0.0101258,1.64756,1.14553,-2.67135,-2.02422
0,0.0219295,1.64251,1.15551,-2.66376,-2.00792,0,-0.0084098,1.64251,1.15703,-2.66376,-2.01053,0,0.0220247,1.64251,1.14913,-2.66376,-2.01866,0,-0.0101258,1.64251,1.14553,-2.66376,-2.02422
0,0.0219295,1.63738,1.15551,-2.65607,-2.00792,0,-0.0084098,1.63738,1.15703,-2.65607,-2.01053,0,0.0220247,1.63738,1.14913,-2.65607,-2.01866,0,-0.0101258,1.63738,1.14553,-2.65607,-2.02422
0,0.0219295,1.63218,1.15551,-2.64828,-2.00792,0,-0.0084098,1.63218,1.15703,-2.64828,-2.01053,0,0.0220247,1.63218,1.14913,-2.64828,-2.01866,0,-0.0101258,1.63218,1.14553,-2.64828,-2.02422
0,0.0219295,1.62692,1.15551,-2.64038,-2.00792,0,-0.0084098,1.62692,1.15703,-2.64038,-2.01053,0,0.0220247,1.62692,1.14913,-2.64038,-2.01866,0,-0.0101258,1.62692,1.14553,-2.64038,-2.02422
0,0.0219295,1.62159,1.15551,-2.63238,-2.00792,0,-0.0084098,1.62159,1.15703,-2.63238,-2.01053,0,0.0220247,1.62159,1.14913,-2.63238,-2.01866,0,-0.0101258,1.62159,1.14553,-2.63238,-2.02422
0,0.0219295,1.61619,1.15551,-2.62429,-2.00792,0,-0.0084098,1.61619,1.15703,-2.62429,-2.01053,0,0.0220247,1.61619,1.14913,-2.62429,-2.01866,0,-0.0101258,1.61619,1.14553,-2.62429,-2.02422
0,0.0219295,1.61073,1.15551,-2.61609,-2.00792,0,-0.0084098,1.61073,1.15703,-2.61609,-2.01053,0,0.0220247,1.61073,1.14913,-2.61609,-2.01866,0,-0.0101258,1.61073,1.14553,-2.61609,-2.02422
0,0.0219295,1.6052,1.15551,-2.6078,-2.00792,0,-0.0084098,1.6052,1.15703,-2.6078,-2.01053,0,0.0220247,1.6052,1.14913,-2.6078,-2.01866,0,-0.0101258,1.6052,1.14553,-2.6078,-2.02422
0,0.0219295,1.59961,1.15551,-2.59941,-2.00792,0,-0.0084098,1.59961,1.15703,-2.59941,-2.01053,0,0.0220247,1.59961,1.14913,-2.59941,-2.01866,0,-0.0101258,1.59961,1.14553,-2.59941,-2.02422
0,0.0219295,1.59395,1.15551,-2.59093,-2.00792,0,-0.0084098,1.59395,1.15703,-2.59093,-2.01053,0,0.0220247,1.59395,1.14913,-2.59093,-2.01866,0,-0.0101258,1.59395,1.14553,-2.59093,-2.02422
0,0.0219295,1.58823,1.15551,-2.58235,-2.00792,0,-0.0084098,1.58823,1.15703,-2.58235,-2.01053,0,0.0220247,1.58823,1.14913,-2.58235,-2.01866,0,-0.0101258,1.58823,1.14553,-2.58235,-2.02422
0,0.0219295,1.58245,1.15551,-2.57368,-2.00792,0,-0.0084098,1.58245,1.15703,-2.57368,-2.01053,0,0.0220247,1.58245,1.14913,-2.57368,-2.01866,0,-0.0101258,1.58245,1.14553,-2.57368,-2.02422
0,0.0219295,1.57661,1.15551,-2.56492,-2.00792,0,-0.0084098,1.57661,1.15703,-2.56492,-2.01053,0,0.0220247,1.57661,1.14913,-2.56492,-2.01866,0,-0.0101258,1.57661,1.14553,-2.56492,-2.02422
0,0.0219295,1.57072,1.15551,-2.55607,-2.00792,0,-0.0084098,1.57072,1.15703,-2.55607,-2.01053,0,0.0220247,1.57072,1.14913,-2.55607,-2.01866,0,-0.0101258,1.57072,1.14553,-2.55607,-2.02422
0,0.0219295,1.56476,1.15551,-2.54714,-2.00792,0,-0.0084098,1.56476,1.15703,-2.54714,-2.01053,0,0.0220247,1.56476,1.14913,-2.54714,-2.01866,0,-0.0101258,1.56476,1.14553,-2.54714,-2.02422
0,0.0219295,1.55874,1.15551,-2.53811,-2.00792,0,-0.0084098,1.55874,1.15703,-2.53811,-2.01053,0,0.0220247,1.55874,1.14913,-2.53811,-2.01866,0,-0.0101258,1.55874,1.14553,-2.53811,-2.02422
0,0.0219295,1.55267,1.15551,-2.52901,-2.00792,0,-0.0084098,1.55267,1.15703,-2.52901,-2.01053,0,0.0220247,1.55267,1.14913,-2.52901,-2.01866,0,-0.0101258,1.55267,1.14553,-2.52901,-2.02422
0,0.0219295,1.54654,1.15551,-2.51981,-2.00792,0,-0.0084098,1.54654,1.15703,-2.51981,-2.01053,0,0.0220247,1.54654,1.14913,-2.51981,-2.01866,0,-0.0101258,1.54654,1.14553,-2.51981,-2.02422
0,0.0219295,1.54036,1.15551,-2.51054,-2.00792,0,-0.0084098,1.54036,1.15703,-2.51054,-2.01053,0,0.0220247,1.54036,1.14913,-2.51054,-2.01866,0,-0.0101258,1.54036,1.14553,-2.51054,-2.02422
0,0.0219295,1.53413,1.15551,-2.50119,-2.00792,0,-0.0084098,1.53413,1.15703,-2.50119,-2.01053,0,0.0220247,1.53413,1.14913,-2.50119,-2.01866,0,-0.0101258,1.53413,1.14553,-2.50119,-2.02422
0,0.0219295,1.52784,1.15551,-2.49175,-2.00792,0,-0.0084098,1.52784,1.15703,-2.49175,-2.01053,0,0.0220247,1.52784,1.14913,-2.49175,-2.01866,0,-0.0101258,1.52784,1.14553,-2.49175,-2.02422
0,0.0219295,1.5215,1.15551,-2.48224,-2.00792,0,-0.0084098,1.5215,1.15703,-2.48224,-2.01053,0,0.0220247,1.5215,1.14913,-2.48224,-2.01866,0,-0.0101258,1.5215,1.14553,-2.48224,-2.02422
0,0.0219295,1.5151,1.15551,-2.47266,-2.00792,0,-0.0084098,1.5151,1.15703,-2.47266,-2.01053,0,0.0220247,1.5151,1.14913,-2.47266,-2.01866,0,-0.0101258,1.5151,1.14553,-2.47266,-2.02422
0,0.0219295,1.50866,1.15551,-2.46299,-2.00792,0,-0.0084098,1.50866,1.15703,-2.46299,-2.01053,0,0.0220247,1.50866,1.14913,-2.46299,-2.01866,0,-0.0101258,1.50866,1.14553,-2.46299,-2.02422
0,0.0219295,1.50217,1.15551,-2.45326,-2.00792,0,-0.0084098,1.50217,1.15703,-2.45326,-2.01053,0,0.0220247,1.50217,1.14913,-2.45326,-2.01866,0,-0.0101258,1.50217,1.14553,-2.45326,-2.02422
0,0.0219295,1.49564,1.15551,-2.44345,-2.00792,0,-0.0084098,1.49564,1.15703,-2.44345,-2.01053,0,0.0220247,1.49564,1.14913,-2.44345,-2.01866,0,-0.0101258,1.49564,1.14553,-2.44345,-2.02422
0,0.0219295,1.48905,1.15551,-2.43358,-2.00792,0,-0.0084098,1.48905,1.15703,-2.43358,-2.01053,0,0.0220247,1.48905,1.14913,-2.43358,-2.01866,0,-0.0101258,1.48905,1.14553,-2.43358,-2.02422
0,0.0219295,1.48242,1.15551,-2.42363,-2.00792,0,-0.0084098,1.48242,1.15703,-2.42363,-2.01053,0,0.0220247,1.48242,1.14913,-2.42363,-2.01866,0,-0.0101258,1.48242,1.14553,-2.42363,-2.02422
0,0.0219295,1.47575,1.15551,-2.41362,-2.00792,0,-0.0084098,1.47575,1.15703,-2.41362,-2.01053,0,0.0220247,1.47575,1.14913,-2.41362,-2.01866,0,-0.0101258,1.47575,1.14553,-2.41362,-2.02422
0,0.0219295,1.46903,1.15551,-2.40354,-2.00792,0,-0.0084098,1.46903,1.15703,-2.40354,-2.01053,0,0.0220247,1.46903,1.14913,-2.40354,-2.01866,0,-0.0101258,1.46903,1.14553,-2.40354,-2.02422
0,0.0219295,1.46227,1.15551,-2.3934,-2.00792,0,-0.0084098,1.46227,1.15703,-2.3934,-2.01053,0,0.0220247,1.46227,1.14913,-2.3934,-2.01866,0,-0.0101258,1.46227,1.14553,-2.3934,-2.02422
0,0.0219295,1.45547,1.15551,-2.3832,-2.00792,0,-0.0084098,1.45547,1.15703,-2.3832,-2.01053,0,0.0220247,1.45547,1.14913,-2.3832,-2.01866,0,-0.0101258,1.45547,1.14553,-2.3832,-2.02422
0,0.0219295,1.44862,1.15551,-2.37294,-2.00792,0,-0.0084098,1.44862,1.15703,-2.37294,-2.01053,0,0.0220247,1.44862,1.14913,-2.37294,-2.01866,0,-0.0101258,1.44862,1.14553,-2.37294,-2.02422
0,0.0219295,1.44174,1.15551,-2.36261,-2.00792,0,-0.0084098,1.44174,1.15703,-2.36261,-2.01053,0,0.0220247,1.44174,1.14913,-2.36261,-2.01866,0,-0.0101258,1.44174,1.14553,-2.36261,-2.02422
0,0.0219295,1.43482,1.15551,-2.35224,-2.00792,0,-0.0084098,1.43482,1.15703,-2.35224,-2.01053,0,0.0220247,1.43482,1.14913,-2.35224,-2.01866,0,-0.0101258,1.43482,1.14553,-2.35224,-2.02422
0,0.0219295,1.42787,1.15551,-2.3418,-2.00792,0,-0.0084098,1.42787,1.15703,-2.3418,-2.01053,0,0.0220247,1.42787,1.14913,-2.3418,-2.01866,0,-0.0101258,1.42787,1.14553,-2.3418,-2.02422
0,0.0219295,1.42087,1.15551,-2.33131,-2.00792,0,-0.0084098,1.42087,1.15703,-2.33131,-2.01053,0,0.0220247,1.42087,1.14913,-2.33131,-2.01866,0,-0.0101258,1.42087,1.14553,-2.33131,-2.02422
0,0.0219295,1.41385,1.15551,-2.32077,-2.00792,0,-0.0084098,1.41385,1.15703,-2.32077,-2.01053,0,0.0220247,1.41385,1.14913,-2.32077,-2.01866,0,-0.0101258,1.41385,1.14553,-2.32077,-2.02422
0,0.0219295,1.40678,1.15551,-2.31018,-2.00792,0,-0.0084098,1.40678,1.15703,-2.31018,-2.01053,0,0.0220247,1.40678,1.14913,-2.31018,-2.01866,0,-0.0101258,1.40678,1.14553,-2.31018,-2.02422
0,0.0219295,1.39969,1.15551,-2.29954,-2.00792,0,-0.0084098,1.39969,1.15703,-2.29954,-2.01053,0,0.0220247,1.39969,1.14913,-2.29954,-2.01866,0,-0.0101258,1.39969,1.14553,-2.29954,-2.02422
0,0.0219295,1.39257,1.15551,-2.28885,-2.00792,0,-0.0084098,1.39257,1.15703,-2.28885,-2.01053,0,0.0220247,1.39257,1.14913,-2.28885,-2.01866,0,-0.0101258,1.39257,1.14553,-2.28885,-2.02422
0,0.0219295,1.38541,1.15551,-2.27811,-2.00792,0,-0.0084098,1.38541,1.15703,-2.27811,-2.01053,0,0.0220247,1.38541,1.14913,-2.27811,-2.01866,0,-0.0101258,1.38541,1.14553,-2.27811,-2.02422
0,0.0219295,1.37822,1.15551,-2.26734,-2.00792,0,-0.0084098,1.37822,1.15703,-2.26734,-2.01053,0,0.0220247,1.37822,1.14913,-2.26734,-2.01866,0,-0.0101258,1.37822,1.14553,-2.26734,-2.02422
0,0.0219295,1.37101,1.15551,-2.25652,-2.00792,0,-0.0084098,1.37101,1.15703,-2.25652,-2.01053,0,0.0220247,1.37101,1.14913,-2.25652,-2.01866,0,-0.0101258,1.37101,1.14553,-2.25652,-2.02422
0,0.0219295,1.36377,1.15551,-2.24566,-2.00792,0,-0.0084098,1.36377,1.15703,-2.24566,-2.01053,0,0.0220247,1.36377,1.14913,-2.24566,-2.01866,0,-0.0101258,1.36377,1.14553,-2.24566,-2.02422
0,0.0219295,1.3565,1.15551,-2.23476,-2.00792,0,-0.0084098,1.3565,1.15703,-2.23476,-2.01053,0,0.0220247,1.3565,1.14913,-2.23476,-2.01866,0,-0.0101258,1.3565,1.14553,-2.23476,-2.02422
0,0.0219295,1.34921,1.15551,-2.22382,-2.00792,0,-0.0084098,1.34921,1.15703,-2.22382,-2.01053,0,0.0220247,1.34921,1.14913,-2.22382,-2.01866,0,-0.0101258,1.34921,1.14553,-2.22382,-2.02422
0,0.0219295,1.3419,1.15551,-2.21285,-2.00792,0,-0.0084098,1.3419,1.15703,-2.21285,-2.01053,0,0.0220247,1.3419,1.14913,-2.21285,-2.01866,0,-0.0101258,1.3419,1.14553,-2.21285,-2.02422
0,0.0219295,1.33456,1.15551,-2.20184,-2.00792,0,-0.0084098,1.33456,1.15703,-2.20184,-2.01053,0,0.0220247,1.33456,1.14913,-2.20184,-2.01866,0,-0.0101258,1.33456,1.14553,-2.20184,-2.02422
0,0.0219295,1.3272,1.15551,-2.19081,-2.00792,0,-0.0084098,1.3272,1.15703,-2.19081,-2.01053,0,0.0220247,1.3272,1.14913,-2.19081,-2.01866,0,-0.0101258,1.3272,1.14553,-2.19081,-2.02422
0,0.0219295,1.31982,1.15551,-2.17974,-2.00792,0,-0.0084098,1.31982,1.15703,-2.17974,-2.01053,0,0.0220247,1.31982,1.14913,-2.17974,-2.01866,0,-0.0101258,1.31982,1.14553,-2.17974,-2.02422
0,0.0219295,1.31243,1.15551,-2.16864,-2.00792,0,-0.0084098,1.31243,1.15703,-2.16864,-2.01053,0,0.0220247,1.31243,1.14913,-2.16864,-2.01866,0,-0.0101258,1.31243,1.14553,-2.16864,-2.02422
0,0.0219295,1.30501,1.15551,-2.15752,-2.00792,0,-0.0084098,1.30501,1.15703,-2.15752,-2.01053,0,0.0220247,1.30501,1.14913,-2.15752,-2.01866,0,-0.0101258,1.30501,1.14553,-2.15752,-2.02422
0,0.0219295,1.29758,1.15551,-2.14637,-2.00792,0,-0.0084098,1.29758,1.15703,-2.14637,-2.01053,0,0.0220247,1.29758,1.14913,-2.14637,-2.01866,0,-0.0101258,1.29758,1.14553,-2.14637,-2.02422
0,0.0219295,1.29013,1.15551,-2.1352,-2.00792,0,-0.0084098,1.29013,1.15703,-2.1352,-2.01053,0,0.0220247,1.29013,1.14913,-2.1352,-2.01866,0,-0.0101258,1.29013,1.14553,-2.1352,-2.02422
0,0.0219295,1.28267,1.15551,-2.12401,-2.00792,0,-0.0084098,1.28267,1.15703,-2.12401,-2.01053,0,0.0220247,1.28267,1.14913,-2.12401,-2.01866,0,-0.0101258,1.28267,1.14553,-2.12401,-2.02422
0,0.0219295,1.2752,1.15551,-2.1128,-2.00792,0,-0.0084098,1.2752,1.15703,-2.1128,-2.01053,0,0.0220247,1.2752,1.14913,-2.1128,-2.01866,0,-0.0101258,1.2752,1.14553,-2.1128,-2.02422
0,0.0219295,1.26771,1.15551,-2.10157,-2.00792,0,-0.0084098,1.26771,1.15703,-2.10157,-2.01053,0,0.0220247,1.26771,1.14913,-2.10157,-2.01866,0,-0.0101258,1.26771,1.14553,-2.10157,-2.02422
0,0.0219295,1.26022,1.15551,-2.09032,-2.00792,0,-0.0084098,1.26022,1.15703,-2.09032,-2.01053,0,0.0220247,1.26022,1.14913,-2.09032,-2.01866,0,-0.0101258,1.26022,1.14553,-2.09032,-2.02422
0,0.0219295,1.25271,1.15551,-2.07907,-2.00792,0,-0.0084098,1.25271,1.15703,-2.07907,-2.01053,0,0.0220247,1.25271,1.14913,-2.07907,-2.01866,0,-0.0101258,1.25271,1.14553,-2.07907,-2.02422
0,0.0219295,1.24519,1.15551,-2.06779,-2.00792,0,-0.0084098,1.24519,1.15703,-2.06779,-2.01053,0,0.0220247,1.24519,1.14913,-2.06779,-2.01866,0,-0.0101258,1.24519,1.14553,-2.06779,-2.02422
0,0.0219295,1.23767,1.15551,-2.05651,-2.00792,0,-0.0084098,1.23767,1.15703,-2.05651,-2.01053,0,0.0220247,1.23767,1.14913,-2.05651,-2.01866,0,-0.0101258,1.23767,1.14553,-2.05651,-2.02422
0,0.0219295,1.23015,1.15551,-2.04522,-2.00792,0,-0.0084098,1.23015,1.15703,-2.04522,-2.01053,0,0.0220247,1.23015,1.14913,-2.04522,-2.01866,0,-0.0101258,1.23015,1.14553,-2.04522,-2.02422
0,0.0219295,1.22261,1.15551,-2.03392,-2.00792,0,-0.0084098,1.22261,1.15703,-2.03392,-2.01053,0,0.0220247,1.22261,1.14913,-2.03392,-2.01866,0,-0.0101258,1.22261,1.14553,-2.03392,-2.02422
0,0.0219295,1.21508,1.15551,-2.02262,-2.00792,0,-0.0084098,1.21508,1.15703,-2.02262,-2.01053,0,0.0220247,1.21508,1.14913,-2.02262,-2.01866,0,-0.0101258,1.21508,1.14553,-2.02262,-2.02422
0,0.0219295,1.20754,1.15551,-2.01131,-2.00792,0,-0.0084098,1.20754,1.15703,-2.01131,-2.01053,0,0.0220247,1.20754,1.14913,-2.01131,-2.01866,0,-0.0101258,1.20754,1.14553,-2.01131,-2.02422
0,0.0219295,1.2,1.15551,-2,-2.00792,0,-0.0084098,1.2,1.15703,-2,-2.01053,0,0.0220247,1.2,1.14913,-2,-2.01866,0,-0.0101258,1.2,1.14553,-2,-2.02422
0,0.0219295,1.19246,1.15551,-1.98869,-2.00792,0,-0.0084098,1.19246,1.15703,-1.98869,-2.01053,0,0.0220247,1.19246,1.14913,-1.98869,-2.01866,0,-0.0101258,1.19246,1.14553,-1.98869,-2.02422
0,0.0219295,1.18492,1.15551,-1.97738,-2.00792,0,-0.0084098,1.18492,1.15703,-1.97738,-2.01053,0,0.0220247,1.18492,1.14913,-1.97738,-2.01866,0,-0.0101258,1.18492,1.14553,-1.97738,-2.02422
0,0.0219295,1.17738,1.15551,-1.96608,-2.00792,0,-0.0084098,1.17738,1.15703,-1.96608,-2.01053,0,0.0220247,1.17738,1.14913,-1.96608,-2.01866,0,-0.0101258,1.17738,1.14553,-1.96608,-2.02422
0,0.0219295,1.16985,1.15551,-1.95478,-2.00792,0,-0.0084098,1.16985,1.15703,-1.95478,-2.01053,0,0.0220247,1.16985,1.14913,-1.95478,-2.01866,0,-0.0101258,1.16985,1.14553,-1.95478,-2.02422
0,0.0219295,1.16232,1.15551,-1.94349,-2.00792,0,-0.0084098,1.16232,1.15703,-1.94349,-2.01053,0,0.0220247,1.16232,1.14913,-1.94349,-2.01866,0,-0.0101258,1.16232,1.14553,-1.94349,-2.02422
0,0.0219295,1.1548,1.15551,-1.93221,-2.00792,0,-0.0084098,1.1548,1.15703,-1.93221,-2.01053,0,0.0220247,1.1548,1.14913,-1.93221,-2.01866,0,-0.0101258,1.1548,1.14553,-1.93221,-2.02422
0,0.0219295,1.14729,1.15551,-1.92093,-2.00792,0,-0.0084098,1.14729,1.15703,-1.92093,-2.01053,0,0.0220247,1.14729,1.14913,-1.92093,-2.01866,0,-0.0101258,1.14729,1.14553,-1.92093,-2.02422
0,0.0219295,1.13978,1.15551,-1.90967,-2.00792,0,-0.0084098,1.13978,1.15703,-1.90967,-2.01053,0,0.0220247,1.13978,1.14913,-1.90967,-2.01866,0,-0.0101258,1.13978,1.14553,-1.90967,-2.02422
0,0.0219295,1.13228,1.15551,-1.89843,-2.00792,0,-0.0084098,1.13228,1.15703,-1.89843,-2.01053,0,0.0220247,1.13228,1.14913,-1.89843,-2.01866,0,-0.0101258,1.13228,1.14553,-1.89843,-2.02422
0,0.0219295,1.1248,1.15551,-1.8872,-2.00792,0,-0.0084098,1.1248,1.15703,-1.8872,-2.01053,0,0.0220247,1.1248,1.14913,-1.8872,-2.01866,0,-0.0101258,1.1248,1.14553,-1.8872,-2.02422
0,0.0219295,1.11733,1.15551,-1.87599,-2.00792,0,-0.0084098,1.11733,1.15703,-1.87599,-2.01053,0,0.0220247,1.11733,1.14913,-1.87599,-2.01866,0,-0.0101258,1.11733,1.14553,-1.87599,-2.02422
0,0.0219295,1.10986,1.15551,-1.8648,-2.00792,0,-0.0084098,1.10986,1.15703,-1.8648,-2.01053,0,0.0220247,1.10986,1.14913,-1.8648,-2.01866,0,-0.0101258,1.10986,1.14553,-1.8648,-2.02422
0,0.0219295,1.10242,1.15551,-1.85362,-2.00792,0,-0.0084098,1.10242,1.15703,-1.85362,-2.01053,0,0.0220247,1.10242,1.14913,-1.85362,-2.01866,0,-0.0101258,1.10242,1.14553,-1.85362,-2.02422
0,0.0219295,1.09498,1.15551,-1.84248,-2.00792,0,-0.0084098,1.09498,1.15703,-1.84248,-2.01053,0,0.0220247,1.09498,1.14913,-1.84248,-2.01866,0,-0.0101258,1.09498,1.14553,-1.84248,-2.02422
0,0.0219295,1.08757,1.15551,-1.83136,-2.00792,0,-0.0084098,1.08757,1.15703,-1.83136,-2.01053,0,0.0220247,1.08757,1.14913,-1.83136,-2.01866,0,-0.0101258,1.08757,1.14553,-1.83136,-2.02422
0,0.0219295,1.08017,1.15551,-1.82026,-2.00792,0,-0.0084098,1.08017,1.15703,-1.82026,-2.01053,0,0.0220247,1.08017,1.14913,-1.82026,-2.01866,0,-0.0101258,1.08017,1.14553,-1.82026,-2.02422
0,0.0219295,1.07279,1.15551,-1.80919,-2.00792,0,-0.0084098,1.07279,1.15703,-1.80919,-2.01053,0,0.0220247,1.07279,1.14913,-1.80919,-2.01866,0,-0.0101258,1.07279,1.14553,-1.80919,-2.02422
0,0.0219295,1.06544,1.15551,-1.79815,-2.00792,0,-0.0084098,1.06544,1.15703,-1.79815,-2.01053,0,0.0220247,1.06544,1.14913,-1.79815,-2.01866,0,-0.0101258,1.06544,1.14553,-1.79815,-2.02422
0,0.0219295,1.0581,1.15551,-1.78715,-2.00792,0,-0.0084098,1.0581,1.15703,-1.78715,-2.01053,0,0.0220247,1.0581,1.14913,-1.78715,-2.01866,0,-0.0101258,1.0581,1.14553,-1.78715,-2.02422
0,0.0219295,1.05079,1.15551,-1.77618,-2.00792,0,-0.0084098,1.05079,1.15703,-1.77618,-2.01053,0,0.0220247,1.05079,1.14913,-1.77618,-2.01866,0,-0.0101258,1.05079,1.14553,-1.77618,-2.02422
0,0.0219295,1.04349,1.15551,-1.76524,-2.00792,0,-0.0084098,1.04349,1.15703,-1.76524,-2.01053,0,0.0220247,1.04349,1.14913,-1.76524,-2.01866,0,-0.0101258,1.04349,1.14553,-1.76524,-2.02422
0,0.0219295,1.03623,1.15551,-1.75434,-2.00792,0,-0.0084098,1.03623,1.15703,-1.75434,-2.01053,0,0.0220247,1.03623,1.14913,-1.75434,-2.01866,0,-0.0101258,1.03623,1.14553,-1.75434,-2.02422
0,0.0219295,1.02899,1.15551,-1.74348,-2.00792,0,-0.0084098,1.02899,1.15703,-1.74348,-2.01053,0,0.0220247,1.02899,1.14913,-1.74348,-2.01866,0,-0.0101258,1.02899,1.14553,-1.74348,-2.02422
0,0.0219295,1.02177,1.15551,-1.73266,-2.00792,0,-0.0084098,1.02177,1.15703,-1.73266,-2.01053,0,0.0220247,1.02177,1.14913,-1.73266,-2.01866,0,-0.0101258,1.02177,1.14553,-1.73266,-2.02422
0,0.0219295,1.01459,1.15551,-1.72188,-2.00792,0,-0.0084098,1.01459,1.15703,-1.72188,-2.01053,0,0.0220247,1.01459,1.14913,-1.72188,-2.01866,0,-0.0101258,1.01459,1.14553,-1.72188,-2.02422
0,0.0219295,1.00743,1.15551,-1.71115,-2.00792,0,-0.0084098,1.00743,1.15703,-1.71115,-2.01053,0,0.0220247,1.00743,1.14913,-1.71115,-2.01866,0,-0.0101258,1.00743,1.14553,-1.71115,-2.02422
0,0.0219295,1.00031,1.15551,-1.70046,-2.00792,0,-0.0084098,1.00031,1.15703,-1.70046,-2.01053,0,0.0220247,1.00031,1.14913,-1.70046,-2.01866,0,-0.0101258,1.00031,1.14553,-1.70046,-2.02422
0,0.0219295,0.993213,1.15551,-1.68982,-2.00792,0,-0.0084098,0.993213,1.15703,-1.68982,-2.01053,0,0.0220247,0.993213,1.14913,-1.68982,-2.01866,0,-0.0101258,0.993213,1.14553,-1.68982,-2.02422
0,0.0219295,0.986153,1.15551,-1.67923,-2.00792,0,-0.0084098,0.986153,1.15703,-1.67923,-2.01053,0,0.0220247,0.986153,1.14913,-1.67923,-2.01866,0,-0.0101258,0.986153,1.14553,-1.67923,-2.02422
0,0.0219295,0.979124,1.15551,-1.66869,-2.00792,0,-0.0084098,0.979124,1.15703,-1.66869,-2.01053,0,0.0220247,0.979124,1.14913,-1.66869,-2.01866,0,-0.0101258,0.979124,1.14553,-1.66869,-2.02422
0,0.0219295,0.972131,1.15551,-1.6582,-2.00792,0,-0.0084098,0.972131,1.15703,-1.6582,-2.01053,0,0.0220247,0.972131,1.14913,-1.6582,-2.01866,0,-0.0101258,0.972131,1.14553,-1.6582,-2.02422
0,0.0219295,0.965175,1.15551,-1.64776,-2.00792,0,-0.0084098,0.965175,1.15703,-1.64776,-2.01053,0,0.0220247,0.965175,1.14913,-1.64776,-2.01866,0,-0.0101258,0.965175,1.14553,-1.64776,-2.02422
0,0.0219295,0.958256,1.15551,-1.63738,-2.00792,0,-0.0084098,0.958256,1.15703,-1.63738,-2.01053,0,0.0220247,0.958256,1.14913,-1.63738,-2.01866,0,-0.0101258,0.958256,1.14553,-1.63738,-2.02422
0,0.0219295,0.951375,1.15551,-1.62706,-2.00792,0,-0.0084098,0.951375,1.15703,-1.62706,-2.01053,0,0.0220247,0.951375,1.14913,-1.62706,-2.01866,0,-0.0101258,0.951375,1.14553,-1.62706,-2.02422
0,0.0219295,0.944532,1.15551,-1.6168,-2.00792,0,-0.0084098,0.944532,1.15703,-1.6168,-2.01053,0,0.0220247,0.944532,1.14913,-1.6168,-2.01866,0,-0.0101258,0.944532,1.14553,-1.6168,-2.02422
0,0.0219295,0.937729,1.15551,-1.60659,-2.00792,0,-0.0084098,0.937729,1.15703,-1.60659,-2.01053,0,0.0220247,0.937729,1.14913,-1.60659,-2.01866,0,-0.0101258,0.937729,1.14553,-1.60659,-2.02422
0,0.0219295,0.930969,1.15551,-1.59645,-2.00792,0,-0.0084098,0.930969,1.15703,-1.59645,-2.01053,0,0.0220247,0.930969,1.14913,-1.59645,-2.01866,0,-0.0101258,0.930969,1.14553,-1.59645,-2.02422
0,0.0219295,0.924252,1.15551,-1.58638,-2.00792,0,-0.0084098,0.924252,1.15703,-1.58638,-2.01053,0,0.0220247,0.924252,1.14913,-1.58638,-2.01866,0,-0.0101258,0.924252,1.14553,-1.58638,-2.02422
0,0.0219295,0.917578,1.15551,-1.57637,-2.00792,0,-0.0084098,0.917578,1.15703,-1.57637,-2.01053,0,0.0220247,0.917578,1.14913,-1.57637,-2.01866,0,-0.0101258,0.917578,1.14553,-1.57637,-2.02422
0,0.0219295,0.910947,1.15551,-1.56642,-2.00792,0,-0.0084098,0.910947,1.15703,-1.56642,-2.01053,0,0.0220247,0.910947,1.14913,-1.56642,-2.01866,0,-0.0101258,0.910947,1.14553,-1.56642,-2.02422
0,0.0219295,0.904362,1.15551,-1.55654,-2.00792,0,-0.0084098,0.904362,1.15703,-1.55654,-2.01053,0,0.0220247,0.904362,1.14913,-1.55654,-2.01866,0,-0.0101258,0.904362,1.14553,-1.55654,-2.02422
0,0.0219295,0.897825,1.15551,-1.54674,-2.00792,0,-0.0084098,0.897825,1.15703,-1.54674,-2.01053,0,0.0220247,0.897825,1.14913,-1.54674,-2.01866,0,-0.0101258,0.897825,1.14553,-1.54674,-2.02422
0,0.0219295,0.891336,1.15551,-1.537,-2.00792,0,-0.0084098,0.891336,1.15703,-1.537,-2.01053,0,0.0220247,0.891336,1.14913,-1.537,-2.01866,0,-0.0101258,0.891336,1.14553,-1.537,-2.02422
0,0.0219295,0.884895,1.15551,-1.52734,-2.00792,0,-0.0084098,0.884895,1.15703,-1.52734,-2.01053,0,0.0220247,0.884895,1.14913,-1.52734,-2.01866,0,-0.0101258,0.884895,1.14553,-1.52734,-2.02422
0,0.0219295,0.878503,1.15551,-1.51775,-2.00792,0,-0.0084098,0.878503,1.15703,-1.51775,-2.01053,0,0.0220247,0.878503,1.14913,-1.51775,-2.01866,0,-0.0101258,0.878503,1.14553,-1.51775,-2.02422
0,0.0219295,0.872162,1.15551,-1.50824,-2.00792,0,-0.0084098,0.872162,1.15703,-1.50824,-2.01053,0,0.0220247,0.872162,1.14913,-1.50824,-2.01866,0,-0.0101258,0.872162,1.14553,-1.50824,-2.02422
0,0.0219295,0.865874,1.15551,-1.49881,-2.00792,0,-0.0084098,0.865874,1.15703,-1.49881,-2.01053,0,0.0220247,0.865874,1.14913,-1.49881,-2.01866,0,-0.0101258,0.865874,1.14553,-1.49881,-2.02422
0,0.0219295,0.859638,1.15551,-1.48946,-2.00792,0,-0.0084098,0.859638,1.15703,-1.48946,-2.01053,0,0.0220247,0.859638,1.14913,-1.48946,-2.01866,0,-0.0101258,0.859638,1.14553,-1.48946,-2.02422
0,0.0219295,0.853455,1.15551,-1.48018,-2.00792,0,-0.0084098,0.853455,1.15703,-1.48018,-2.01053,0,0.0220247,0.853455,1.14913,-1.48018,-2.01866,0,-0.0101258,0.853455,1.14553,-1.48018,-2.02422
0,0.0219295,0.847328,1.15551,-1.47099,-2.00792,0,-0.0084098,0.847328,1.15703,-1.47099,-2.01053,0,0.0220247,0.847328,1.14913,-1.47099,-2.01866,0,-0.0101258,0.847328,1.14553,-1.47099,-2.02422
0,0.0219295,0.841256,1.15551,-1.46188,-2.00792,0,-0.0084098,0.841256,1.15703,-1.46188,-2.01053,0,0.0220247,0.841256,1.14913,-1.46188,-2.01866,0,-0.0101258,0.841256,1.14553,-1.46188,-2.02422
0,0.0219295,0.835241,1.15551,-1.45286,-2.00792,0,-0.0084098,0.835241,1.15703,-1.45286,-2.01053,0,0.0220247,0.835241,1.14913,-1.45286,-2.01866,0,-0.0101258,0.835241,1.14553,-1.45286,-2.02422
0,0.0219295,0.829284,1.15551,-1.44393,-2.00792,0,-0.0084098,0.829284,1.15703,-1.44393,-2.01053,0,0.0220247,0.829284,1.14913,-1.44393,-2.01866,0,-0.0101258,0.829284,1.14553,-1.44393,-2.02422
0,0.0219295,0.823384,1.15551,-1.43508,-2.00792,0,-0.0084098,0.823384,1.15703,-1.43508,-2.01053,0,0.0220247,0.823384,1.14913,-1.43508,-2.01866,0,-0.0101258,0.823384,1.14553,-1.43508,-2.02422
0,0.0219295,0.817545,1.15551,-1.42632,-2.00792,0,-0.0084098,0.817545,1.15703,-1.42632,-2.01053,0,0.0220247,0.817545,1.14913,-1.42632,-2.01866,0,-0.0101258,0.817545,1.14553,-1.42632,-2.02422
0,0.0219295,0.811765,1.15551,-1.41765,-2.00792,0,-0.0084098,0.811765,1.15703,-1.41765,-2.01053,0,0.0220247,0.811765,1.14913,-1.41765,-2.01866,0,-0.0101258,0.811765,1.14553,-1.41765,-2.02422
0,0.0219295,0.806048,1.15551,-1.40907,-2.00792,0,-0.0084098,0.806048,1.15703,-1.40907,-2.01053,0,0.0220247,0.806048,1.14913,-1.40907,-2.01866,0,-0.0101258,0.806048,1.14553,-1.40907,-2.02422
0,0.0219295,0.800392,1.15551,-1.40059,-2.00792,0,-0.0084098,0.800392,1.15703,-1.40059,-2.01053,0,0.0220247,0.800392,1.14913,-1.40059,-2.01866,0,-0.0101258,0.800392,1.14553,-1.40059,-2.02422
0,0.0219295,0.794799,1.15551,-1.3922,-2.00792,0,-0.0084098,0.794799,1.15703,-1.3922,-2.01053,0,0.0220247,0.794799,1.14913,-1.3922,-2.01866,0,-0.0101258,0.794799,1.14553,-1.3922,-2.02422
0,0.0219295,0.789271,1.15551,-1.38391,-2.00792,0,-0.0084098,0.789271,1.15703,-1.38391,-2.01053,0,0.0220247,0.789271,1.14913,-1.38391,-2.01866,0,-0.0101258,0.789271,1.14553,-1.38391,-2.02422
0,0.0219295,0.783807,1.15551,-1.37571,-2.00792,0,-0.0084098,0.783807,1.15703,-1.37571,-2.01053,0,0.0220247,0.783807,1.14913,-1.37571,-2.01866,0,-0.0101258,0.783807,1.14553,-1.37571,-2.02422
0,0.0219295,0.778409,1.15551,-1.36761,-2.00792,0,-0.0084098,0.778409,1.15703,-1.36761,-2.01053,0,0.0220247,0.778409,1.14913,-1.36761,-2.01866,0,-0.0101258,0.778409,1.14553,-1.36761,-2.02422
0,0.0219295,0.773078,1.15551,-1.35962,-2.00792,0,-0.0084098,0.773078,1.15703,-1.35962,-2.01053,0,0.0220247,0.773078,1.14913,-1.35962,-2.01866,0,-0.0101258,0.773078,1.14553,-1.35962,-2.02422
0,0.0219295,0.767814,1.15551,-1.35172,-2.00792,0,-0.0084098,0.767814,1.15703,-1.35172,-2.01053,0,0.0220247,0.767814,1.14913,-1.35172,-2.01866,0,-0.0101258,0.767814,1.14553,-1.35172,-2.02422
0,0.0219295,0.762618,1.15551,-1.34393,-2.00792,0,-0.0084098,0.762618,1.15703,-1.34393,-2.01053,0,0.0220247,0.762618,1.14913,-1.34393,-2.01866,0,-0.0101258,0.762618,1.14553,-1.34393,-2.02422
0,0.0219295,0.757491,1.15551,-1.33624,-2.00792,0,-0.0084098,0.757491,1.15703,-1.33624,-2.01053,0,0.0220247,0.757491,1.14913,-1.33624,-2.01866,0,-0.0101258,0.757491,1.14553,-1.33624,-2.02422
0,0.0219295,0.752435,1.15551,-1.32865,-2.00792,0,-0.0084098,0.752435,1.15703,-1.32865,-2.01053,0,0.0220247,0.752435,1.14913,-1.32865,-2.01866,0,-0.0101258,0.752435,1.14553,-1.32865,-2.02422
0,0.0219295,0.747449,1.15551,-1.32117,-2.00792,0,-0.0084098,0.747449,1.15703,-1.32117,-2.01053,0,0.0220247,0.747449,1.14913,-1.32117,-2.01866,0,-0.0101258,0.747449,1.14553,-1.32117,-2.02422
0,0.0219295,0.742534,1.15551,-1.3138,-2.00792,0,-0.0084098,0.742534,1.15703,-1.3138,-2.01053,0,0.0220247,0.742534,1.14913,-1.3138,-2.01866,0,-0.0101258,0.742534,1.14553,-1.3138,-2.02422
0,0.0219295,0.737691,1.15551,-1.30654,-2.00792,0,-0.0084098,0.737691,1.15703,-1.30654,-2.01053,0,0.0220247,0.737691,1.14913,-1.30654,-2.01866,0,-0.0101258,0.737691,1.14553,-1.30654,-2.02422
0,0.0219295,0.732922,1.15551,-1.29938,-2.00792,0,-0.0084098,0.732922,1.15703,-1.29938,-2.01053,0,0.0220247,0.732922,1.14913,-1.29938,-2.01866,0,-0.0101258,0.732922,1.14553,-1.29938,-2.02422
0,0.0219295,0.728226,1.15551,-1.29234,-2.00792,0,-0.0084098,0.728226,1.15703,-1.29234,-2.01053,0,0.0220247,0.728226,1.14913,-1.29234,-2.01866,0,-0.0101258,0.728226,1.14553,-1.29234,-2.02422
0,0.0219295,0.723605,1.15551,-1.28541,-2.00792,0,-0.0084098,0.723605,1.15703,-1.28541,-2.01053,0,0.0220247,0.723605,1.14913,-1.28541,-2.01866,0,-0.0101258,0.723605,1.14553,-1.28541,-2.02422
0,0.0219295,0.719059,1.15551,-1.27859,-2.00792,0,-0.0084098,0.719059,1.15703,-1.27859,-2.01053,0,0.0220247,0.719059,1.14913,-1.27859,-2.01866,0,-0.0101258,0.719059,1.14553,-1.27859,-2.02422
0,0.0219295,0.714589,1.15551,-1.27188,-2.00792,0,-0.0084098,0.714589,1.15703,-1.27188,-2.01053,0,0.0220247,0.714589,1.14913,-1.27188,-2.01866,0,-0.0101258,0.714589,1.14553,-1.27188,-2.02422
0,0.0219295,0.710196,1.15551,-1.26529,-2.00792,0,-0.0084098,0.710196,1.15703,-1.26529,-2.01053,0,0.0220247,0.710196,1.14913,-1.26529,-2.01866,0,-0.0101258,0.710196,1.14553,-1.26529,-2.02422
0,0.0219295,0.70588,1.15551,-1.25882,-2.00792,0,-0.0084098,0.70588,1.15703,-1.25882,-2.01053,0,0.0220247,0.70588,1.14913,-1.25882,-2.01866,0,-0.0101258,0.70588,1.14553,-1.25882,-2.02422
0,0.0219295,0.701642,1.15551,-1.25246,-2.00792,0,-0.0084098,0.701642,1.15703,-1.25246,-2.01053,0,0.0220247,0.701642,1.14913,-1.25246,-2.01866,0,-0.0101258,0.701642,1.14553,-1.25246,-2.02422
0,0.0219295,0.697482,1.15551,-1.24622,-2.00792,0,-0.0084098,0.697482,1.15703,-1.24622,-2.01053,0,0.0220247,0.697482,1.14913,-1.24622,-2.01866,0,-0.0101258,0.697482,1.14553,-1.24622,-2.02422
0,0.0219295,0.693403,1.15551,-1.2401,-2.00792,0,-0.0084098,0.693403,1.15703,-1.2401,-2.01053,0,0.0220247,0.693403,1.14913,-1.2401,-2.01866,0,-0.0101258,0.693403,1.14553,-1.2401,-2.02422
0,0.0219295,0.689403,1.15551,-1.2341,-2.00792,0,-0.0084098,0.689403,1.15703,-1.2341,-2.01053,0,0.0220247,0.689403,1.14913,-1.2341,-2.01866,0,-0.0101258,0.689403,1.14553,-1.2341,-2.02422
0,0.0219295,0.685483,1.15551,-1.22822,-2.00792,0,-0.0084098,0.685483,1.15703,-1.22822,-2.01053,0,0.0220247,0.685483,1.14913,-1.22822,-2.01866,0,-0.0101258,0.685483,1.14553,-1.22822,-2.02422
0,0.0219295,0.681646,1.15551,-1.22247,-2.00792,0,-0.0084098,0.681646,1.15703,-1.22247,-2.01053,0,0.0220247,0.681646,1.14913,-1.22247,-2.01866,0,-0.0101258,0.681646,1.14553,-1.22247,-2.02422
0,0.0219295,0.677889,1.15551,-1.21683,-2.00792,0,-0.0084098,0.677889,1.15703,-1.21683,-2.01053,0,0.0220247,0.677889,1.14913,-1.21683,-2.01866,0,-0.0101258,0.677889,1.14553,-1.21683,-2.02422
0,0.0219295,0.674215,1.15551,-1.21132,-2.00792,0,-0.0084098,0.674215,1.15703,-1.21132,-2.01053,0,0.0220247,0.674215,1.14913,-1.21132,-2.01866,0,-0.0101258,0.674215,1.14553,-1.21132,-2.02422
0,0.0219295,0.670625,1.15551,-1.20594,-2.00792,0,-0.0084098,0.670625,1.15703,-1.20594,-2.01053,0,0.0220247,0.670625,1.14913,-1.20594,-2.01866,0,-0.0101258,0.670625,1.14553,-1.20594,-2.02422
0,0.0219295,0.667118,1.15551,-1.20068,-2.00792,0,-0.0084098,0.667118,1.15703,-1.20068,-2.01053,0,0.0220247,0.667118,1.14913,-1.20068,-2.01866,0,-0.0101258,0.667118,1.14553,-1.20068,-2.02422
0,0.0219295,0.663695,1.15551,-1.19554,-2.00792,0,-0.0084098,0.663695,1.15703,-1.19554,-2.01053,0,0.0220247,0.663695,1.14913,-1.19554,-2.01866,0,-0.0101258,0.663695,1.14553,-1.19554,-2.02422
0,0.0219295,0.660356,1.15551,-1.19053,-2.00792,0,-0.0084098,0.660356,1.15703,-1.19053,-2.01053,0,0.0220247,0.660356,1.14913,-1.19053,-2.01866,0,-0.0101258,0.660356,1.14553,-1.19053,-2.02422
0,0.0219295,0.657103,1.15551,-1.18565,-2.00792,0,-0.0084098,0.657103,1.15703,-1.18565,-2.01053,0,0.0220247,0.657103,1.14913,-1.18565,-2.01866,0,-0.0101258,0.657103,1.14553,-1.18565,-2.02422
0,0.0219295,0.653936,1.15551,-1.1809,-2.00792,0,-0.0084098,0.653936,1.15703,-1.1809,-2.01053,0,0.0220247,0.653936,1.14913,-1.1809,-2.01866,0,-0.0101258,0.653936,1.14553,-1.1809,-2.02422
0,0.0219295,0.650855,1.15551,-1.17628,-2.00792,0,-0.0084098,0.650855,1.15703,-1.17628,-2.01053,0,0.0220247,0.650855,1.14913,-1.17628,-2.01866,0,-0.0101258,0.650855,1.14553,-1.17628,-2.02422
0,0.0219295,0.647861,1.15551,-1.17179,-2.00792,0,-0.0084098,0.647861,1.15703,-1.17179,-2.01053,0,0.0220247,0.647861,1.14913,-1.17179,-2.01866,0,-0.0101258,0.647861,1.14553,-1.17179,-2.02422
0,0.0219295,0.644953,1.15551,-1.16743,-2.00792,0,-0.0084098,0.644953,1.15703,-1.16743,-2.01053,0,0.0220247,0.644953,1.14913,-1.16743,-2.01866,0,-0.0101258,0.644953,1.14553,-1.16743,-2.02422
0,0.0219295,0.642134,1.15551,-1.1632,-2.00792,0,-0.0084098,0.642134,1.15703,-1.1632,-2.01053,0,0.0220247,0.642134,1.14913,-1.1632,-2.01866,0,-0.0101258,0.642134,1.14553,-1.1632,-2.02422
0,0.0219295,0.639402,1.15551,-1.1591,-2.00792,0,-0.0084098,0.639402,1.15703,-1.1591,-2.01053,0,0.0220247,0.639402,1.14913,-1.1591,-2.01866,0,-0.0101258,0.639402,1.14553,-1.1591,-2.02422
0,0.0219295,0.636759,1.15551,-1.15514,-2.00792,0,-0.0084098,0.636759,1.15703,-1.15514,-2.01053,0,0.0220247,0.636759,1.14913,-1.15514,-2.01866,0,-0.0101258,0.636759,1.14553,-1.15514,-2.02422
0,0.0219295,0.634205,1.15551,-1.15131,-2.00792,0,-0.0084098,0.634205,1.15703,-1.15131,-2.01053,0,0.0220247,0.634205,1.14913,-1.15131,-2.01866,0,-0.0101258,0.634205,1.14553,-1.15131,-2.02422
0,0.0219295,0.631741,1.15551,-1.14761,-2.00792,0,-0.0084098,0.631741,1.15703,-1.14761,-2.01053,0,0.0220247,0.631741,1.14913,-1.14761,-2.01866,0,-0.0101258,0.631741,1.14553,-1.14761,-2.02422
0,0.0219295,0.629366,1.15551,-1.14405,-2.00792,0,-0.0084098,0.629366,1.15703,-1.14405,-2.01053,0,0.0220247,0.629366,1.14913,-1.14405,-2.01866,0,-0.0101258,0.629366,1.14553,-1.14405,-2.02422
0,0.0219295,0.627081,1.15551,-1.14062,-2.00792,0,-0.0084098,0.627081,1.15703,-1.14062,-2.01053,0,0.0220247,0.627081,1.14913,-1.14062,-2.01866,0,-0.0101258,0.627081,1.14553,-1.14062,-2.02422
0,0.0219295,0.624887,1.15551,-1.13733,-2.00792,0,-0.0084098,0.624887,1.15703,-1.13733,-2.01053,0,0.0220247,0.624887,1.14913,-1.13733,-2.01866,0,-0.0101258,0.624887,1.14553,-1.13733,-2.02422
0,0.0219295,0.622783,1.15551,-1.13417,-2.00792,0,-0.0084098,0.622783,1.15703,-1.13417,-2.01053,0,0.0220247,0.622783,1.14913,-1.13417,-2.01866,0,-0.0101258,0.622783,1.14553,-1.13417,-2.02422
0,0.0219295,0.620771,1.15551,-1.13116,-2.00792,0,-0.0084098,0.620771,1.15703,-1.13116,-2.01053,0,0.0220247,0.620771,1.14913,-1.13116,-2.01866,0,-0.0101258,0.620771,1.14553,-1.13116,-2.02422
0,0.0219295,0.61885,1.15551,-1.12827,-2.00792,0,-0.0084098,0.61885,1.15703,-1.12827,-2.01053,0,0.0220247,0.61885,1.14913,-1.12827,-2.01866,0,-0.0101258,0.61885,1.14553,-1.12827,-2.02422
0,0.0219295,0.617021,1.15551,-1.12553,-2.00792,0,-0.0084098,0.617021,1.15703,-1.12553,-2.01053,0,0.0220247,0.617021,1.14913,-1.12553,-2.01866,0,-0.0101258,0.617021,1.14553,-1.12553,-2.02422
0,0.0219295,0.615284,1.15551,-1.12293,-2.00792,0,-0.0084098,0.615284,1.15703,-1.12293,-2.01053,0,0.0220247,0.615284,1.14913,-1.12293,-2.01866,0,-0.0101258,0.615284,1.14553,-1.12293,-2.02422
0,0.0219295,0.613639,1.15551,-1.12046,-2.00792,0,-0.0084098,0.613639,1.15703,-1.12046,-2.01053,0,0.0220247,0.613639,1.14913,-1.12046,-2.01866,0,-0.0101258,0.613639,1.14553,-1.12046,-2.02422
0,0.0219295,0.612087,1.15551,-1.11813,-2.00792,0,-0.0084098,0.612087,1.15703,-1.11813,-2.01053,0,0.0220247,0.612087,1.14913,-1.11813,-2.01866,0,-0.0101258,0.612087,1.14553,-1.11813,-2.02422
0,0.0219295,0.610627,1.15551,-1.11594,-2.00792,0,-0.0084098,0.610627,1.15703,-1.11594,-2.01053,0,0.0220247,0.610627,1.14913,-1.11594,-2.01866,0,-0.0101258,0.610627,1.14553,-1.11594,-2.02422
0,0.0219295,0.609261,1.15551,-1.11389,-2.00792,0,-0.0084098,0.609261,1.15703,-1.11389,-2.01053,0,0.0220247,0.609261,1.14913,-1.11389,-2.01866,0,-0.0101258,0.609261,1.14553,-1.11389,-2.02422
0,0.0219295,0.607988,1.15551,-1.11198,-2.00792,0,-0.0084098,0.607988,1.15703,-1.11198,-2.01053,0,0.0220247,0.607988,1.14913,-1.11198,-2.01866,0,-0.0101258,0.607988,1.14553,-1.11198,-2.02422
0,0.0219295,0.606809,1.15551,-1.11021,-2.00792,0,-0.0084098,0.606809,1.15703,-1.11021,-2.01053,0,0.0220247,0.606809,1.14913,-1.11021,-2.01866,0,-0.0101258,0.606809,1.14553,-1.11021,-2.02422
0,0.0219295,0.605723,1.15551,-1.10858,-2.00792,0,-0.0084098,0.605723,1.15703,-1.10858,-2.01053,0,0.0220247,0.605723,1.14913,-1.10858,-2.01866,0,-0.0101258,0.605723,1.14553,-1.10858,-2.02422
0,0.0219295,0.604731,1.15551,-1.1071,-2.00792,0,-0.0084098,0.604731,1.15703,-1.1071,-2.01053,0,0.0220247,0.604731,1.14913,-1.1071,-2.01866,0,-0.0101258,0.604731,1.14553,-1.1071,-2.02422
0,0.0219295,0.603833,1.15551,-1.10575,-2.00792,0,-0.0084098,0.603833,1.15703,-1.10575,-2.01053,0,0.0220247,0.603833,1.14913,-1.10575,-2.01866,0,-0.0101258,0.603833,1.14553,-1.10575,-2.02422
0,0.0219295,0.603029,1.15551,-1.10454,-2.00792,0,-0.0084098,0.603029,1.15703,-1.10454,-2.01053,0,0.0220247,0.603029,1.14913,-1.10454,-2.01866,0,-0.0101258,0.603029,1.14553,-1.10454,-2.02422
0,0.0219295,0.60232,1.15551,-1.10348,-2.00792,0,-0.0084098,0.60232,1.15703,-1.10348,-2.01053,0,0.0220247,0.60232,1.14913,-1.10348,-2.01866,0,-0.0101258,0.60232,1.14553,-1.10348,-2.02422
0,0.0219295,0.601705,1.15551,-1.10256,-2.00792,0,-0.0084098,0.601705,1.15703,-1.10256,-2.01053,0,0.0220247,0.601705,1.14913,-1.10256,-2.01866,0,-0.0101258,0.601705,1.14553,-1.10256,-2.02422
0,0.0219295,0.601184,1.15551,-1.10178,-2.00792,0,-0.0084098,0.601184,1.15703,-1.10178,-2.01053,0,0.0220247,0.601184,1.14913,-1.10178,-2.01866,0,-0.0101258,0.601184,1.14553,-1.10178,-2.02422
0,0.0219295,0.600758,1.15551,-1.10114,-2.00792,0,-0.0084098,0.600758,1.15703,-1.10114,-2.01053,0,0.0220247,0.600758,1.14913,-1.10114,-2.01866,0,-0.0101258,0.600758,1.14553,-1.10114,-2.02422
0,0.0219295,0.600426,1.15551,-1.10064,-2.00792,0,-0.0084098,0.600426,1.15703,-1.10064,-2.01053,0,0.0220247,0.600426,1.14913,-1.10064,-2.01866,0,-0.0101258,0.600426,1.14553,-1.10064,-2.02422
0,0.0219295,0.60019,1.15551,-1.10028,-2.00792,0,-0.0084098,0.60019,1.15703,-1.10028,-2.01053,0,0.0220247,0.60019,1.14913,-1.10028,-2.01866,0,-0.0101258,0.60019,1.14553,-1.10028,-2.02422
0,0.0219295,0.600047,1.15551,-1.10007,-2.00792,0,-0.0084098,0.600047,1.15703,-1.10007,-2.01053,0,0.0220247,0.600047,1.14913,-1.10007,-2.01866,0,-0.0101258,0.600047,1.14553,-1.10007,-2.02422
0,0.0219295,0.6,1.15551,-1.1,-2.00792,0,-0.0084098,0.6,1.15703,-1.1,-2.01053,0,0.0220247,0.6,1.14913,-1.1,-2.01866,0,-0.0101258,0.6,1.14553,-1.1,-2.02422
0,0.0219295,0.600047,1.15551,-1.10007,-2.00792,0,-0.0084098,0.600047,1.15703,-1.10007,-2.01053,0,0.0220247,0.600047,1.14913,-1.10007,-2.01866,0,-0.0101258,0.600047,1.14553,-1.10007,-2.02422
0,0.0219295,0.60019,1.15551,-1.10028,-2.00792,0,-0.0084098,0.60019,1.15703,-1.10028,-2.01053,0,0.0220247,0.60019,1.14913,-1.10028,-2.01866,0,-0.0101258,0.60019,1.14553,-1.10028,-2.02422
0,0.0219295,0.600426,1.15551,-1.10064,-2.00792,0,-0.0084098,0.600426,1.15703,-1.10064,-2.01053,0,0.0220247,0.600426,1.14913,-1.10064,-2.01866,0,-0.0101258,0.600426,1.14553,-1.10064,-2.02422
0,0.0219295,0.600758,1.15551,-1.10114,-2.00792,0,-0.0084098,0.600758,1.15703,-1.10114,-2.01053,0,0.0220247,0.600758,1.14913,-1.10114,-2.01866,0,-0.0101258,0.600758,1.14553,-1.10114,-2.02422
0,0.0219295,0.601184,1.15551,-1.10178,-2.00792,0,-0.0084098,0.601184,1.15703,-1.10178,-2.01053,0,0.0220247,0.601184,1.14913,-1.10178,-2.01866,0,-0.0101258,0.601184,1.14553,-1.10178,-2.02422
0,0.0219295,0.601705,1.15551,-1.10256,-2.00792,0,-0.0084098,0.601705,1.15703,-1.10256,-2.01053,0,0.0220247,0.601705,1.14913,-1.10256,-2.01866,0,-0.0101258,0.601705,1.14553,-1.10256,-2.02422
0,0.0219295,0.60232,1.15551,-1.10348,-2.00792,0,-0.0084098,0.60232,1.15703,-1.10348,-2.01053,0,0.0220247,0.60232,1.14913,-1.10348,-2.01866,0,-0.0101258,0.60232,1.14553,-1.10348,-2.02422
0,0.0219295,0.60303,1.15551,-1.10454,-2.00792,0,-0.0084098,0.60303,1.15703,-1.10454,-2.01053,0,0.0220247,0.60303,1.14913,-1.10454,-2.01866,0,-0.0101258,0.60303,1.14553,-1.10454,-2.02422
0,0.0219295,0.603833,1.15551,-1.10575,-2.00792,0,-0.0084098,0.603833,1.15703,-1.10575,-2.01053,0,0.0220247,0.603833,1.14913,-1.10575,-2.01866,0,-0.0101258,0.603833,1.14553,-1.10575,-2.02422
0,0.0219295,0.604731,1.15551,-1.1071,-2.00792,0,-0.0084098,0.604731,1.15703,-1.1071,-2.01053,0,0.0220247,0.604731,1.14913,-1.1071,-2.01866,0,-0.0101258,0.604731,1.14553,-1.1071,-2.02422
0,0.0219295,0.605723,1.15551,-1.10858,-2.00792,0,-0.0084098,0.605723,1.15703,-1.10858,-2.01053,0,0.0220247,0.605723,1.14913,-1.10858,-2.01866,0,-0.0101258,0.605723,1.14553,-1.10858,-2.02422
0,0.0219295,0.606809,1.15551,-1.11021,-2.00792,0,-0.0084098,0.606809,1.15703,-1.11021,-2.01053,0,0.0220247,0.606809,1.14913,-1.11021,-2.01866,0,-0.0101258,0.606809,1.14553,-1.11021,-2.02422
0,0.0219295,0.607989,1.15551,-1.11198,-2.00792,0,-0.0084098,0.607989,1.15703,-1.11198,-2.01053,0,0.0220247,0.607989,1.14913,-1.11198,-2.01866,0,-0.0101258,0.607989,1.14553,-1.11198,-2.02422
0,0.0219295,0.609262,1.15551,-1.11389,-2.00792,0,-0.0084098,0.609262,1.15703,-1.11389,-2.01053,0,0.0220247,0.609262,1.14913,-1.11389,-2.01866,0,-0.0101258,0.609262,1.14553,-1.11389,-2.02422
0,0.0219295,0.610628,1.15551,-1.11594,-2.00792,0,-0.0084098,0.610628,1.15703,-1.11594,-2.01053,0,0.0220247,0.610628,1.14913,-1.11594,-2.01866,0,-0.0101258,0.610628,1.14553,-1.11594,-2.02422
0,0.0219295,0.612087,1.15551,-1.11813,-2.00792,0,-0.0084098,0.612087,1.15703,-1.11813,-2.01053,0,0.0220247,0.612087,1.14913,-1.11813,-2.01866,0,-0.0101258,0.612087,1.14553,-1.11813,-2.02422
0,0.0219295,0.613639,1.15551,-1.12046,-2.00792,0,-0.0084098,0.613639,1.15703,-1.12046,-2.01053,0,0.0220247,0.613639,1.14913,-1.12046,-2.01866,0,-0.0101258,0.613639,1.14553,-1.12046,-2.02422
0,0.0219295,0.615284,1.15551,-1.12293,-2.00792,0,-0.0084098,0.615284,1.15703,-1.12293,-2.01053,0,0.0220247,0.615284,1.14913,-1.12293,-2.01866,0,-0.0101258,0.615284,1.14553,-1.12293,-2.02422
0,0.0219295,0.617021,1.15551,-1.12553,-2.00792,0,-0.0084098,0.617021,1.15703,-1.12553,-2.01053,0,0.0220247,0.617021,1.14913,-1.12553,-2.01866,0,-0.0101258,0.617021,1.14553,-1.12553,-2.02422
0,0.0219295,0.61885,1.15551,-1.12828,-2.00792,0,-0.0084098,0.61885,1.15703,-1.12828,-2.01053,0,0.0220247,0.61885,1.14913,-1.12828,-2.01866,0,-0.0101258,0.61885,1.14553,-1.12828,-2.02422
0,0.0219295,0.620772,1.15551,-1.13116,-2.00792,0,-0.0084098,0.620772,1.15703,-1.13116,-2.01053,0,0.0220247,0.620772,1.14913,-1.13116,-2.01866,0,-0.0101258,0.620772,1.14553,-1.13116,-2.02422
0,0.0219295,0.622784,1.15551,-1.13418,-2.00792,0,-0.0084098,0.622784,1.15703,-1.13418,-2.01053,0,0.0220247,0.622784,1.14913,-1.13418,-2.01866,0,-0.0101258,0.622784,1.14553,-1.13418,-2.02422
0,0.0219295,0.624887,1.15551,-1.13733,-2.00792,0,-0.0084098,0.624887,1.15703,-1.13733,-2.01053,0,0.0220247,0.624887,1.14913,-1.13733,-2.01866,0,-0.0101258,0.624887,1.14553,-1.13733,-2.02422
0,0.0219295,0.627082,1.15551,-1.14062,-2.00792,0,-0.0084098,0.627082,1.15703,-1.14062,-2.01053,0,0.0220247,0.627082,1.14913,-1.14062,-2.01866,0,-0.0101258,0.627082,1.14553,-1.14062,-2.02422
0,0.0219295,0.629367,1.15551,-1.14405,-2.00792,0,-0.0084098,0.629367,1.15703,-1.14405,-2.01053,0,0.0220247,0.629367,1.14913,-1.14405,-2.01866,0,-0.0101258,0.629367,1.14553,-1.14405,-2.02422
0,0.0219295,0.631742,1.15551,-1.14761,-2.00792,0,-0.0084098,0.631742,1.15703,-1.14761,-2.01053,0,0.0220247,0.631742,1.14913,-1.14761,-2.01866,0,-0.0101258,0.631742,1.14553,-1.14761,-2.02422
0,0.0219295,0.634206,1.15551,-1.15131,-2.00792,0,-0.0084098,0.634206,1.15703,-1.15131,-2.01053,0,0.0220247,0.634206,1.14913,-1.15131,-2.01866,0,-0.0101258,0.634206,1.14553,-1.15131,-2.02422
0,0.0219295,0.63676,1.15551,-1.15514,-2.00792,0,-0.0084098,0.63676,1.15703,-1.15514,-2.01053,0,0.0220247,0.63676,1.14913,-1.15514,-2.01866,0,-0.0101258,0.63676,1.14553,-1.15514,-2.02422
0,0.0219295,0.639403,1.15551,-1.1591,-2.00792,0,-0.0084098,0.639403,1.15703,-1.1591,-2.01053,0,0.0220247,0.639403,1.14913,-1.1591,-2.01866,0,-0.0101258,0.639403,1.14553,-1.1591,-2.02422
0,0.0219295,0.642135,1.15551,-1.1632,-2.00792,0,-0.0084098,0.642135,1.15703,-1.1632,-2.01053,0,0.0220247,0.642135,1.14913,-1.1632,-2.01866,0,-0.0101258,0.642135,1.14553,-1.1632,-2.02422
0,0.0219295,0.644955,1.15551,-1.16743,-2.00792,0,-0.0084098,0.644955,1.15703,-1.16743,-2.01053,0,0.0220247,0.644955,1.14913,-1.16743,-2.01866,0,-0.0101258,0.644955,1.14553,-1.16743,-2.02422
0,0.0219295,0.647861,1.15551,-1.17179,-2.00792,0,-0.0084098,0.647861,1.15703,-1.17179,-2.01053,0,0.0220247,0.647861,1.14913,-1.17179,-2.01866,0,-0.0101258,0.647861,1.14553,-1.17179,-2.02422
0,0.0219295,0.650856,1.15551,-1.17628,-2.00792,0,-0.0084098,0.650856,1.15703,-1.17628,-2.01053,0,0.0220247,0.650856,1.14913,-1.17628,-2.01866,0,-0.0101258,0.650856,1.14553,-1.17628,-2.02422
0,0.0219295,0.653937,1.15551,-1.1809,-2.00792,0,-0.0084098,0.653937,1.15703,-1.1809,-2.01053,0,0.0220247,0.653937,1.14913,-1.1809,-2.01866,0,-0.0101258,0.653937,1.14553,-1.1809,-2.02422
0,0.0219295,0.657104,1.15551,-1.18566,-2.00792,0,-0.0084098,0.657104,1.15703,-1.18566,-2.01053,0,0.0220247,0.657104,1.14913,-1.18566,-2.01866,0,-0.0101258,0.657104,1.14553,-1.18566,-2.02422
0,0.0219295,0.660357,1.15551,-1.19054,-2.00792,0,-0.0084098,0.660357,1.15703,-1.19054,-2.01053,0,0.0220247,0.660357,1.14913,-1.19054,-2.01866,0,-0.0101258,0.660357,1.14553,-1.19054,-2.02422
0,0.0219295,0.663695,1.15551,-1.19554,-2.00792,0,-0.0084098,0.663695,1.15703,-1.19554,-2.01053,0,0.0220247,0.663695,1.14913,-1.19554,-2.01866,0,-0.0101258,0.663695,1.14553,-1.19554,-2.02422
0,0.0219295,0.667119,1.15551,-1.20068,-2.00792,0,-0.0084098,0.667119,1.15703,-1.20068,-2.01053,0,0.0220247,0.667119,1.14913,-1.20068,-2.01866,0,-0.0101258,0.667119,1.14553,-1.20068,-2.02422
0,0.0219295,0.670626,1.15551,-1.20594,-2.00792,0,-0.0084098,0.670626,1.15703,-1.20594,-2.01053,0,0.0220247,0.670626,1.14913,-1.20594,-2.01866,0,-0.0101258,0.670626,1.14553,-1.20594,-2.02422
0,0.0219295,0.674217,1.15551,-1.21132,-2.00792,0,-0.0084098,0.674217,1.15703,-1.21132,-2.01053,0,0.0220247,0.674217,1.14913,-1.21132,-2.01866,0,-0.0101258,0.674217,1.14553,-1.21132,-2.02422
0,0.0219295,0.67789,1.15551,-1.21684,-2.00792,0,-0.0084098,0.67789,1.15703,-1.21684,-2.01053,0,0.0220247,0.67789,1.14913,-1.21684,-2.01866,0,-0.0101258,0.67789,1.14553,-1.21684,-2.02422
0,0.0219295,0.681646,1.15551,-1.22247,-2.00792,0,-0.0084098,0.681646,1.15703,-1.22247,-2.01053,0,0.0220247,0.681646,1.14913,-1.22247,-2.01866,0,-0.0101258,0.681646,1.14553,-1.22247,-2.02422
0,0.0219295,0.685485,1.15551,-1.22823,-2.00792,0,-0.0084098,0.685485,1.15703,-1.22823,-2.01053,0,0.0220247,0.685485,1.14913,-1.22823,-2.01866,0,-0.0101258,0.685485,1.14553,-1.22823,-2.02422
0,0.0219295,0.689404,1.15551,-1.23411,-2.00792,0,-0.0084098,0.689404,1.15703,-1.23411,-2.01053,0,0.0220247,0.689404,1.14913,-1.23411,-2.01866,0,-0.0101258,0.689404,1.14553,-1.23411,-2.02422
0,0.0219295,0.693404,1.15551,-1.24011,-2.00792,0,-0.0084098,0.693404,1.15703,-1.24011,-2.01053,0,0.0220247,0.693404,1.14913,-1.24011,-2.01866,0,-0.0101258,0.693404,1.14553,-1.24011,-2.02422
0,0.0219295,0.697484,1.15551,-1.24623,-2.00792,0,-0.0084098,0.697484,1.15703,-1.24623,-2.01053,0,0.0220247,0.697484,1.14913,-1.24623,-2.01866,0,-0.0101258,0.697484,1.14553,-1.24623,-2.02422
0,0.0219295,0.701643,1.15551,-1.25246,-2.00792,0,-0.0084098,0.701643,1.15703,-1.25246,-2.01053,0,0.0220247,0.701643,1.14913,-1.25246,-2.01866,0,-0.0101258,0.701643,1.14553,-1.25246,-2.02422
0,0.0219295,0.705881,1.15551,-1.25882,-2.00792,0,-0.0084098,0.705881,1.15703,-1.25882,-2.01053,0,0.0220247,0.705881,1.14913,-1.25882,-2.01866,0,-0.0101258,0.705881,1.14553,-1.25882,-2.02422
0,0.0219295,0.710198,1.15551,-1.2653,-2.00792,0,-0.0084098,0.710198,1.15703,-1.2653,-2.01053,0,0.0220247,0.710198,1.14913,-1.2653,-2.01866,0,-0.0101258,0.710198,1.14553,-1.2653,-2.02422
0,0.0219295,0.714591,1.15551,-1.27189,-2.00792,0,-0.0084098,0.714591,1.15703,-1.27189,-2.01053,0,0.0220247,0.714591,1.14913,-1.27189,-2.01866,0,-0.0101258,0.714591,1.14553,-1.27189,-2.02422
0,0.0219295,0.71906,1.15551,-1.27859,-2.00792,0,-0.0084098,0.71906,1.15703,-1.27859,-2.01053,0,0.0220247,0.71906,1.14913,-1.27859,-2.01866,0,-0.0101258,0.71906,1.14553,-1.27859,-2.02422
0,0.0219295,0.723606,1.15551,-1.28541,-2.00792,0,-0.0084098,0.723606,1.15703,-1.28541,-2.01053,0,0.0220247,0.723606,1.14913,-1.28541,-2.01866,0,-0.0101258,0.723606,1.14553,-1.28541,-2.02422
0,0.0219295,0.728228,1.15551,-1.29234,-2.00792,0,-0.0084098,0.728228,1.15703,-1.29234,-2.01053,0,0.0220247,0.728228,1.14913,-1.29234,-2.01866,0,-0.0101258,0.728228,1.14553,-1.29234,-2.02422
0,0.0219295,0.732924,1.15551,-1.29939,-2.00792,0,-0.0084098,0.732924,1.15703,-1.29939,-2.01053,0,0.0220247,0.732924,1.14913,-1.29939,-2.01866,0,-0.0101258,0.732924,1.14553,-1.29939,-2.02422
0,0.0219295,0.737693,1.15551,-1.30654,-2.00792,0,-0.0084098,0.737693,1.15703,-1.30654,-2.01053,0,0.0220247,0.737693,1.14913,-1.30654,-2.01866,0,-0.0101258,0.737693,1.14553,-1.30654,-2.02422
0,0.0219295,0.742535,1.15551,-1.3138,-2.00792,0,-0.0084098,0.742535,1.15703,-1.3138,-2.01053,0,0.0220247,0.742535,1.14913,-1.3138,-2.01866,0,-0.0101258,0.742535,1.14553,-1.3138,-2.02422
0,0.0219295,0.74745,1.15551,-1.32117,-2.00792,0,-0.0084098,0.74745,1.15703,-1.32117,-2.01053,0,0.0220247,0.74745,1.14913,-1.32117,-2.01866,0,-0.0101258,0.74745,1.14553,-1.32117,-2.02422
0,0.0219295,0.752436,1.15551,-1.32865,-2.00792,0,-0.0084098,0.752436,1.15703,-1.32865,-2.01053,0,0.0220247,0.752436,1.14913,-1.32865,-2.01866,0,-0.0101258,0.752436,1.14553,-1.32865,-2.02422
0,0.0219295,0.757493,1.15551,-1.33624,-2.00792,0,-0.0084098,0.757493,1.15703,-1.33624,-2.01053,0,0.0220247,0.757493,1.14913,-1.33624,-2.01866,0,-0.0101258,0.757493,1.14553,-1.33624,-2.02422
0,0.0219295,0.76262,1.15551,-1.34393,-2.00792,0,-0.0084098,0.76262,1.15703,-1.34393,-2.01053,0,0.0220247,0.76262,1.14913,-1.34393,-2.01866,0,-0.0101258,0.76262,1.14553,-1.34393,-2.02422
0,0.0219295,0.767815,1.15551,-1.35172,-2.00792,0,-0.0084098,0.767815,1.15703,-1.35172,-2.01053,0,0.0220247,0.767815,1.14913,-1.35172,-2.01866,0,-0.0101258,0.767815,1.14553,-1.35172,-2.02422
0,0.0219295,0.773079,1.15551,-1.35962,-2.00792,0,-0.0084098,0.773079,1.15703,-1.35962,-2.01053,0,0.0220247,0.773079,1.14913,-1.35962,-2.01866,0,-0.0101258,0.773079,1.14553,-1.35962,-2.02422
0,0.0219295,0.778411,1.15551,-1.36762,-2.00792,0,-0.0084098,0.778411,1.15703,-1.36762,-2.01053,0,0.0220247,0.778411,1.14913,-1.36762,-2.01866,0,-0.0101258,0.778411,1.14553,-1.36762,-2.02422
0,0.0219295,0.783809,1.15551,-1.37571,-2.00792,0,-0.0084098,0.783809,1.15703,-1.37571,-2.01053,0,0.0220247,0.783809,1.14913,-1.37571,-2.01866,0,-0.0101258,0.783809,1.14553,-1.37571,-2.02422
0,0.0219295,0.789273,1.15551,-1.38391,-2.00792,0,-0.0084098,0.789273,1.15703,-1.38391,-2.01053,0,0.0220247,0.789273,1.14913,-1.38391,-2.01866,0,-0.0101258,0.789273,1.14553,-1.38391,-2.02422
0,0.0219295,0.794801,1.15551,-1.3922,-2.00792,0,-0.0084098,0.794801,1.15703,-1.3922,-2.01053,0,0.0220247,0.794801,1.14913,-1.3922,-2.01866,0,-0.0101258,0.794801,1.14553,-1.3922,-2.02422
0,0.0219295,0.800394,1.15551,-1.40059,-2.00792,0,-0.0084098,0.800394,1.15703,-1.40059,-2.01053,0,0.0220247,0.800394,1.14913,-1.40059,-2.01866,0,-0.0101258,0.800394,1.14553,-1.40059,-2.02422
0,0.0219295,0.806049,1.15551,-1.40907,-2.00792,0,-0.0084098,0.806049,1.15703,-1.40907,-2.01053,0,0.0220247,0.806049,1.14913,-1.40907,-2.01866,0,-0.0101258,0.806049,1.14553,-1.40907,-2.02422
0,0.0219295,0.811768,1.15551,-1.41765,-2.00792,0,-0.0084098,0.811768,1.15703,-1.41765,-2.01053,0,0.0220247,0.811768,1.14913,-1.41765,-2.01866,0,-0.0101258,0.811768,1.14553,-1.41765,-2.02422
0,0.0219295,0.817546,1.15551,-1.42632,-2.00792,0,-0.0084098,0.817546,1.15703,-1.42632,-2.01053,0,0.0220247,0.817546,1.14913,-1.42632,-2.01866,0,-0.0101258,0.817546,1.14553,-1.42632,-2.02422
0,0.0219295,0.823386,1.15551,-1.43508,-2.00792,0,-0.0084098,0.823386,1.15703,-1.43508,-2.01053,0,0.0220247,0.823386,1.14913,-1.43508,-2.01866,0,-0.0101258,0.823386,1.14553,-1.43508,-2.02422
0,0.0219295,0.829286,1.15551,-1.44393,-2.00792,0,-0.0084098,0.829286,1.15703,-1.44393,-2.01053,0,0.0220247,0.829286,1.14913,-1.44393,-2.01866,0,-0.0101258,0.829286,1.14553,-1.44393,-2.02422
0,0.0219295,0.835243,1.15551,-1.45286,-2.00792,0,-0.0084098,0.835243,1.15703,-1.45286,-2.01053,0,0.0220247,0.835243,1.14913,-1.45286,-2.01866,0,-0.0101258,0.835243,1.14553,-1.45286,-2.02422
0,0.0219295,0.841259,1.15551,-1.46189,-2.00792,0,-0.0084098,0.841259,1.15703,-1.46189,-2.01053,0,0.0220247,0.841259,1.14913,-1.46189,-2.01866,0,-0.0101258,0.841259,1.14553,-1.46189,-2.02422
0,0.0219295,0.847329,1.15551,-1.47099,-2.00792,0,-0.0084098,0.847329,1.15703,-1.47099,-2.01053,0,0.0220247,0.847329,1.14913,-1.47099,-2.01866,0,-0.0101258,0.847329,1.14553,-1.47099,-2.02422
0,0.0219295,0.853457,1.15551,-1.48019,-2.00792,0,-0.0084098,0.853457,1.15703,-1.48019,-2.01053,0,0.0220247,0.853457,1.14913,-1.48019,-2.01866,0,-0.0101258,0.853457,1.14553,-1.48019,-2.02422
0,0.0219295,0.85964,1.15551,-1.48946,-2.00792,0,-0.0084098,0.85964,1.15703,-1.48946,-2.01053,0,0.0220247,0.85964,1.14913,-1.48946,-2.01866,0,-0.0101258,0.85964,1.14553,-1.48946,-2.02422
0,0.0219295,0.865876,1.15551,-1.49881,-2.00792,0,-0.0084098,0.865876,1.15703,-1.49881,-2.01053,0,0.0220247,0.865876,1.14913,-1.49881,-2.01866,0,-0.0101258,0.865876,1.14553,-1.49881,-2.02422
0,0.0219295,0.872164,1.15551,-1.50825,-2.00792,0,-0.0084098,0.872164,1.15703,-1.50825,-2.01053,0,0.0220247,0.872164,1.14913,-1.50825,-2.01866,0,-0.0101258,0.872164,1.14553,-1.50825,-2.02422
0,0.0219295,0.878504,1.15551,-1.51776,-2.00792,0,-0.0084098,0.878504,1.15703,-1.51776,-2.01053,0,0.0220247,0.878504,1.14913,-1.51776,-2.01866,0,-0.0101258,0.878504,1.14553,-1.51776,-2.02422
0,0.0219295,0.884896,1.15551,-1.52734,-2.00792,0,-0.0084098,0.884896,1.15703,-1.52734,-2.01053,0,0.0220247,0.884896,1.14913,-1.52734,-2.01866,0,-0.0101258,0.884896,1.14553,-1.52734,-2.02422
0,0.0219295,0.891338,1.15551,-1.53701,-2.00792,0,-0.0084098,0.891338,1.15703,-1.53701,-2.01053,0,0.0220247,0.891338,1.14913,-1.53701,-2.01866,0,-0.0101258,0.891338,1.14553,-1.53701,-2.02422
0,0.0219295,0.897827,1.15551,-1.54674,-2.00792,0,-0.0084098,0.897827,1.15703,-1.54674,-2.01053,0,0.0220247,0.897827,1.14913,-1.54674,-2.01866,0,-0.0101258,0.897827,1.14553,-1.54674,-2.02422
0,0.0219295,0.904364,1.15551,-1.55655,-2.00792,0,-0.0084098,0.904364,1.15703,-1.55655,-2.01053,0,0.0220247,0.904364,1.14913,-1.55655,-2.01866,0,-0.0101258,0.904364,1.14553,-1.55655,-2.02422
0,0.0219295,0.910948,1.15551,-1.56642,-2.00792,0,-0.0084098,0.910948,1.15703,-1.56642,-2.01053,0,0.0220247,0.910948,1.14913,-1.56642,-2.01866,0,-0.0101258,0.910948,1.14553,-1.56642,-2.02422
0,0.0219295,0.917579,1.15551,-1.57637,-2.00792,0,-0.0084098,0.917579,1.15703,-1.57637,-2.01053,0,0.0220247,0.917579,1.14913,-1.57637,-2.01866,0,-0.0101258,0.917579,1.14553,-1.57637,-2.02422
0,0.0219295,0.924254,1.15551,-1.58638,-2.00792,0,-0.0084098,0.924254,1.15703,-1.58638,-2.01053,0,0.0220247,0.924254,1.14913,-1.58638,-2.01866,0,-0.0101258,0.924254,1.14553,-1.58638,-2.02422
0,0.0219295,0.930971,1.15551,-1.59646,-2.00792,0,-0.0084098,0.930971,1.15703,-1.59646,-2.01053,0,0.0220247,0.930971,1.14913,-1.59646,-2.01866,0,-0.0101258,0.930971,1.14553,-1.59646,-2.02422
0,0.0219295,0.937731,1.15551,-1.6066,-2.00792,0,-0.0084098,0.937731,1.15703,-1.6066,-2.01053,0,0.0220247,0.937731,1.14913,-1.6066,-2.01866,0,-0.0101258,0.937731,1.14553,-1.6066,-2.02422
0,0.0219295,0.944534,1.15551,-1.6168,-2.00792,0,-0.0084098,0.944534,1.15703,-1.6168,-2.01053,0,0.0220247,0.944534,1.14913,-1.6168,-2.01866,0,-0.0101258,0.944534,1.14553,-1.6168,-2.02422
0,0.0219295,0.951376,1.15551,-1.62706,-2.00792,0,-0.0084098,0.951376,1.15703,-1.62706,-2.01053,0,0.0220247,0.951376,1.14913,-1.62706,-2.01866,0,-0.0101258,0.951376,1.14553,-1.62706,-2.02422
0,0.0219295,0.958258,1.15551,-1.63739,-2.00792,0,-0.0084098,0.958258,1.15703,-1.63739,-2.01053,0,0.0220247,0.958258,1.14913,-1.63739,-2.01866,0,-0.0101258,0.958258,1.14553,-1.63739,-2.02422
0,0.0219295,0.965177,1.15551,-1.64777,-2.00792,0,-0.0084098,0.965177,1.15703,-1.64777,-2.01053,0,0.0220247,0.965177,1.14913,-1.64777,-2.01866,0,-0.0101258,0.965177,1.14553,-1.64777,-2.02422
0,0.0219295,0.972133,1.15551,-1.6582,-2.00792,0,-0.0084098,0.972133,1.15703,-1.6582,-2.01053,0,0.0220247,0.972133,1.14913,-1.6582,-2.01866,0,-0.0101258,0.972133,1.14553,-1.6582,-2.02422
0,0.0219295,0.979127,1.15551,-1.66869,-2.00792,0,-0.0084098,0.979127,1.15703,-1.66869,-2.01053,0,0.0220247,0.979127,1.14913,-1.66869,-2.01866,0,-0.0101258,0.979127,1.14553,-1.66869,-2.02422
0,0.0219295,0.986154,1.15551,-1.67923,-2.00792,0,-0.0084098,0.986154,1.15703,-1.67923,-2.01053,0,0.0220247,0.986154,1.14913,-1.67923,-2.01866,0,-0.0101258,0.986154,1.14553,-1.67923,-2.02422
0,0.0219295,0.993216,1.15551,-1.68982,-2.00792,0,-0.0084098,0.993216,1.15703,-1.68982,-2.01053,0,0.0220247,0.993216,1.14913,-1.68982,-2.01866,0,-0.0101258,0.993216,1.14553,-1.68982,-2.02422
0,0.0219295,1.00031,1.15551,-1.70046,-2.00792,0,-0.0084098,1.00031,1.15703,-1.70046,-2.01053,0,0.0220247,1.00031,1.14913,-1.70046,-2.01866,0,-0.0101258,1.00031,1.14553,-1.70046,-2.02422
0,0.0219295,1.00743,1.15551,-1.71115,-2.00792,0,-0.0084098,1.00743,1.15703,-1.71115,-2.01053,0,0.0220247,1.00743,1.14913,-1.71115,-2.01866,0,-0.0101258,1.00743,1.14553,-1.71115,-2.02422
0,0.0219295,1.01459,1.15551,-1.72189,-2.00792,0,-0.0084098,1.01459,1.15703,-1.72189,-2.01053,0,0.0220247,1.01459,1.14913,-1.72189,-2.01866,0,-0.0101258,1.01459,1.14553,-1.72189,-2.02422
0,0.0219295,1.02178,1.15551,-1.73266,-2.00792,0,-0.0084098,1.02178,1.15703,-1.73266,-2.01053,0,0.0220247,1.02178,1.14913,-1.73266,-2.01866,0,-0.0101258,1.02178,1.14553,-1.73266,-2.02422
0,0.0219295,1.02899,1.15551,-1.74349,-2.00792,0,-0.0084098,1.02899,1.15703,-1.74349,-2.01053,0,0.0220247,1.02899,1.14913,-1.74349,-2.01866,0,-0.0101258,1.02899,1.14553,-1.74349,-2.02422
0,0.0219295,1.03623,1.15551,-1.75435,-2.00792,0,-0.0084098,1.03623,1.15703,-1.75435,-2.01053,0,0.0220247,1.03623,1.14913,-1.75435,-2.01866,0,-0.0101258,1.03623,1.14553,-1.75435,-2.02422
0,0.0219295,1.0435,1.15551,-1.76524,-2.00792,0,-0.0084098,1.0435,1.15703,-1.76524,-2.01053,0,0.0220247,1.0435,1.14913,-1.76524,-2.01866,0,-0.0101258,1.0435,1.14553,-1.76524,-2.02422
0,0.0219295,1.05079,1.15551,-1.77618,-2.00792,0,-0.0084098,1.05079,1.15703,-1.77618,-2.01053,0,0.0220247,1.05079,1.14913,-1.77618,-2.01866,0,-0.0101258,1.05079,1.14553,-1.77618,-2.02422
0,0.0219295,1.0581,1.15551,-1.78715,-2.00792,0,-0.0084098,1.0581,1.15703,-1.78715,-2.01053,0,0.0220247,1.0581,1.14913,-1.78715,-2.01866,0,-0.0101258,1.0581,1.14553,-1.78715,-2.02422
0,0.0219295,1.06544,1.15551,-1.79816,-2.00792,0,-0.0084098,1.06544,1.15703,-1.79816,-2.01053,0,0.0220247,1.06544,1.14913,-1.79816,-2.01866,0,-0.0101258,1.06544,1.14553,-1.79816,-2.02422
0,0.0219295,1.0728,1.15551,-1.8092,-2.00792,0,-0.0084098,1.0728,1.15703,-1.8092,-2.01053,0,0.0220247,1.0728,1.14913,-1.8092,-2.01866,0,-0.0101258,1.0728,1.14553,-1.8092,-2.02422
0,0.0219295,1.08017,1.15551,-1.82026,-2.00792,0,-0.0084098,1.08017,1.15703,-1.82026,-2.01053,0,0.0220247,1.08017,1.14913,-1.82026,-2.01866,0,-0.0101258,1.08017,1.14553,-1.82026,-2.02422
0,0.0219295,1.08757,1.15551,-1.83136,-2.00792,0,-0.0084098,1.08757,1.15703,-1.83136,-2.01053,0,0.0220247,1.08757,1.14913,-1.83136,-2.01866,0,-0.0101258,1.08757,1.14553,-1.83136,-2.02422
0,0.0219295,1.09499,1.15551,-1.84248,-2.00792,0,-0.0084098,1.09499,1.15703,-1.84248,-2.01053,0,0.0220247,1.09499,1.14913,-1.84248,-2.01866,0,-0.0101258,1.09499,1.14553,-1.84248,-2.02422
0,0.0219295,1.10242,1.15551,-1.85363,-2.00792,0,-0.0084098,1.10242,1.15703,-1.85363,-2.01053,0,0.0220247,1.10242,1.14913,-1.85363,-2.01866,0,-0.0101258,1.10242,1.14553,-1.85363,-2.02422
0,0.0219295,1.10986,1.15551,-1.8648,-2.00792,0,-0.0084098,1.10986,1.15703,-1.8648,-2.01053,0,0.0220247,1.10986,1.14913,-1.8648,-2.01866,0,-0.0101258,1.10986,1.14553,-1.8648,-2.02422
0,0.0219295,1.11733,1.15551,-1.87599,-2.00792,0,-0.0084098,1.11733,1.15703,-1.87599,-2.01053,0,0.0220247,1.11733,1.14913,-1.87599,-2.01866,0,-0.0101258,1.11733,1.14553,-1.87599,-2.02422
0,0.0219295,1.1248,1.15551,-1.8872,-2.00792,0,-0.0084098,1.1248,1.15703,-1.8872,-2.01053,0,0.0220247,1.1248,1.14913,-1.8872,-2.01866,0,-0.0101258,1.1248,1.14553,-1.8872,-2.02422
0,0.0219295,1.13229,1.15551,-1.89843,-2.00792,0,-0.0084098,1.13229,1.15703,-1.89843,-2.01053,0,0.0220247,1.13229,1.14913,-1.89843,-2.01866,0,-0.0101258,1.13229,1.14553,-1.89843,-2.02422
0,0.0219295,1.13978,1.15551,-1.90968,-2.00792,0,-0.0084098,1.13978,1.15703,-1.90968,-2.01053,0,0.0220247,1.13978,1.14913,-1.90968,-2.01866,0,-0.0101258,1.13978,1.14553,-1.90968,-2.02422
0,0.0219295,1.14729,1.15551,-1.92094,-2.00792,0,-0.0084098,1.14729,1.15703,-1.92094,-2.01053,0,0.0220247,1.14729,1.14913,-1.92094,-2.01866,0,-0.0101258,1.14729,1.14553,-1.92094,-2.02422
0,0.0219295,1.1548,1.15551,-1.93221,-2.00792,0,-0.0084098,1.1548,1.15703,-1.93221,-2.01053,0,0.0220247,1.1548,1.14913,-1.93221,-2.01866,0,-0.0101258,1.1548,1.14553,-1.93221,-2.02422
0,0.0219295,1.16233,1.15551,-1.94349,-2.00792,0,-0.0084098,1.16233,1.15703,-1.94349,-2.01053,0,0.0220247,1.16233,1.14913,-1.94349,-2.01866,0,-0.0101258,1.16233,1.14553,-1.94349,-2.02422
0,0.0219295,1.16985,1.15551,-1.95478,-2.00792,0,-0.0084098,1.16985,1.15703,-1.95478,-2.01053,0,0.0220247,1.16985,1.14913,-1.95478,-2.01866,0,-0.0101258,1.16985,1.14553,-1.95478,-2.02422
0,0.0219295,1.17739,1.15551,-1.96608,-2.00792,0,-0.0084098,1.17739,1.15703,-1.96608,-2.01053,0,0.0220247,1.17739,1.14913,-1.96608,-2.01866,0,-0.0101258,1.17739,1.14553,-1.96608,-2.02422
0,0.0219295,1.18492,1.15551,-1.97738,-2.00792,0,-0.0084098,1.18492,1.15703,-1.97738,-2.01053,0,0.0220247,1.18492,1.14913,-1.97738,-2.01866,0,-0.0101258,1.18492,1.14553,-1.97738,-2.02422
0,0.0219295,1.19246,1.15551,-1.98869,-2.00792,0,-0.0084098,1.19246,1.15703,-1.98869,-2.01053,0,0.0220247,1.19246,1.14913,-1.98869,-2.01866,0,-0.0101258,1.19246,1.14553,-1.98869,-2.02422
0,0.0219295,1.2,1.15551,-2,-2.00792,0,-0.0084098,1.2,1.15703,-2,-2.01053,0,0.0220247,1.2,1.14913,-2,-2.01866,0,-0.0101258,1.2,1.14553,-2,-2.02422
0,0.0219295,1.20754,1.15551,-2.01131,-2.00792,0,-0.0084098,1.20754,1.15703,-2.01131,-2.01053,0,0.0220247,1.20754,1.14913,-2.01131,-2.01866,0,-0.0101258,1.20754,1.14553,-2.01131,-2.02422
0,0.0219295,1.21508,1.15551,-2.02262,-2.00792,0,-0.0084098,1.21508,1.15703,-2.02262,-2.01053,0,0.0220247,1.21508,1.14913,-2.02262,-2.01866,0,-0.0101258,1.21508,1.14553,-2.02262,-2.02422
0,0.0219295,1.22261,1.15551,-2.03392,-2.00792,0,-0.0084098,1.22261,1.15703,-2.03392,-2.01053,0,0.0220247,1.22261,1.14913,-2.03392,-2.01866,0,-0.0101258,1.22261,1.14553,-2.03392,-2.02422
0,0.0219295,1.23015,1.15551,-2.04522,-2.00792,0,-0.0084098,1.23015,1.15703,-2.04522,-2.01053,0,0.0220247,1.23015,1.14913,-2.04522,-2.01866,0,-0.0101258,1.23015,1.14553,-2.04522,-2.02422
0,0.0219295,1.23768,1.15551,-2.05651,-2.00792,0,-0.0084098,1.23768,1.15703,-2.05651,-2.01053,0,0.0220247,1.23768,1.14913,-2.05651,-2.01866,0,-0.0101258,1.23768,1.14553,-2.05651,-2.02422
0,0.0219295,1.2452,1.15551,-2.0678,-2.00792,0,-0.0084098,1.2452,1.15703,-2.0678,-2.01053,0,0.0220247,1.2452,1.14913,-2.0678,-2.01866,0,-0.0101258,1.2452,1.14553,-2.0678,-2.02422
0,0.0219295,1.25271,1.15551,-2.07907,-2.00792,0,-0.0084098,1.25271,1.15703,-2.07907,-2.01053,0,0.0220247,1.25271,1.14913,-2.07907,-2.01866,0,-0.0101258,1.25271,1.14553,-2.07907,-2.02422
0,0.0219295,1.26022,1.15551,-2.09033,-2.00792,0,-0.0084098,1.26022,1.15703,-2.09033,-2.01053,0,0.0220247,1.26022,1.14913,-2.09033,-2.01866,0,-0.0101258,1.26022,1.14553,-2.09033,-2.02422
0,0.0219295,1.26771,1.15551,-2.10157,-2.00792,0,-0.0084098,1.26771,1.15703,-2.10157,-2.01053,0,0.0220247,1.26771,1.14913,-2.10157,-2.01866,0,-0.0101258,1.26771,1.14553,-2.10157,-2.02422
0,0.0219295,1.2752,1.15551,-2.1128,-2.00792,0,-0.0084098,1.2752,1.15703,-2.1128,-2.01053,0,0.0220247,1.2752,1.14913,-2.1128,-2.01866,0,-0.0101258,1.2752,1.14553,-2.1128,-2.02422
0,0.0219295,1.28268,1.15551,-2.12401,-2.00792,0,-0.0084098,1.28268,1.15703,-2.12401,-2.01053,0,0.0220247,1.28268,1.14913,-2.12401,-2.01866,0,-0.0101258,1.28268,1.14553,-2.12401,-2.02422
0,0.0219295,1.29014,1.15551,-2.1352,-2.00792,0,-0.0084098,1.29014,1.15703,-2.1352,-2.01053,0,0.0220247,1.29014,1.14913,-2.1352,-2.01866,0,-0.0101258,1.29014,1.14553,-2.1352,-2.02422
0,0.0219295,1.29758,1.15551,-2.14637,-2.00792,0,-0.0084098,1.29758,1.15703,-2.14637,-2.01053,0,0.0220247,1.29758,1.14913,-2.14637,-2.01866,0,-0.0101258,1.29758,1.14553,-2.14637,-2.02422
0,0.0219295,1.30502,1.15551,-2.15752,-2.00792,0,-0.0084098,1.30502,1.15703,-2.15752,-2.01053,0,0.0220247,1.30502,1.14913,-2.15752,-2.01866,0,-0.0101258,1.30502,1.14553,-2.15752,-2.02422
0,0.0219295,1.31243,1.15551,-2.16865,-2.00792,0,-0.0084098,1.31243,1.15703,-2.16865,-2.01053,0,0.0220247,1.31243,1.14913,-2.16865,-2.01866,0,-0.0101258,1.31243,1.14553,-2.16865,-2.02422
0,0.0219295,1.31983,1.15551,-2.17974,-2.00792,0,-0.0084098,1.31983,1.15703,-2.17974,-2.01053,0,0.0220247,1.31983,1.14913,-2.17974,-2.01866,0,-0.0101258,1.31983,1.14553,-2.17974,-2.02422
0,0.0219295,1.32721,1.15551,-2.19081,-2.00792,0,-0.0084098,1.32721,1.15703,-2.19081,-2.01053,0,0.0220247,1.32721,1.14913,-2.19081,-2.01866,0,-0.0101258,1.32721,1.14553,-2.19081,-2.02422
0,0.0219295,1.33456,1.15551,-2.20185,-2.00792,0,-0.0084098,1.33456,1.15703,-2.20185,-2.01053,0,0.0220247,1.33456,1.14913,-2.20185,-2.01866,0,-0.0101258,1.33456,1.14553,-2.20185,-2.02422
0,0.0219295,1.3419,1.15551,-2.21285,-2.00792,0,-0.0084098,1.3419,1.15703,-2.21285,-2.01053,0,0.0220247,1.3419,1.14913,-2.21285,-2.01866,0,-0.0101258,1.3419,1.14553,-2.21285,-2.02422
0,0.0219295,1.34921,1.15551,-2.22382,-2.00792,0,-0.0084098,1.34921,1.15703,-2.22382,-2.01053,0,0.0220247,1.34921,1.14913,-2.22382,-2.01866,0,-0.0101258,1.34921,1.14553,-2.22382,-2.02422
0,0.0219295,1.35651,1.15551,-2.23476,-2.00792,0,-0.0084098,1.35651,1.15703,-2.23476,-2.01053,0,0.0220247,1.35651,1.14913,-2.23476,-2.01866,0,-0.0101258,1.35651,1.14553,-2.23476,-2.02422
0,0.0219295,1.36377,1.15551,-2.24566,-2.00792,0,-0.0084098,1.36377,1.15703,-2.24566,-2.01053,0,0.0220247,1.36377,1.14913,-2.24566,-2.01866,0,-0.0101258,1.36377,1.14553,-2.24566,-2.02422
0,0.0219295,1.37101,1.15551,-2.25652,-2.00792,0,-0.0084098,1.37101,1.15703,-2.25652,-2.01053,0,0.0220247,1.37101,1.14913,-2.25652,-2.01866,0,-0.0101258,1.37101,1.14553,-2.25652,-2.02422
0,0.0219295,1.37823,1.15551,-2.26734,-2.00792,0,-0.0084098,1.37823,1.15703,-2.26734,-2.01053,0,0.0220247,1.37823,1.14913,-2.26734,-2.01866,0,-0.0101258,1.37823,1.14553,-2.26734,-2.02422
0,0.0219295,1.38541,1.15551,-2.27812,-2.00792,0,-0.0084098,1.38541,1.15703,-2.27812,-2.01053,0,0.0220247,1.38541,1.14913,-2.27812,-2.01866,0,-0.0101258,1.38541,1.14553,-2.27812,-2.02422
0,0.0219295,1.39257,1.15551,-2.28885,-2.00792,0,-0.0084098,1.39257,1.15703,-2.28885,-2.01053,0,0.0220247,1.39257,1.14913,-2.28885,-2.01866,0,-0.0101258,1.39257,1.14553,-2.28885,-2.02422
0,0.0219295,1.39969,1.15551,-2.29954,-2.00792,0,-0.0084098,1.39969,1.15703,-2.29954,-2.01053,0,0.0220247,1.39969,1.14913,-2.29954,-2.01866,0,-0.0101258,1.39969,1.14553,-2.29954,-2.02422
0,0.0219295,1.40679,1.15551,-2.31018,-2.00792,0,-0.0084098,1.40679,1.15703,-2.31018,-2.01053,0,0.0220247,1.40679,1.14913,-2.31018,-2.01866,0,-0.0101258,1.40679,1.14553,-2.31018,-2.02422
0,0.0219295,1.41385,1.15551,-2.32077,-2.00792,0,-0.0084098,1.41385,1.15703,-2.32077,-2.01053,0,0.0220247,1.41385,1.14913,-2.32077,-2.01866,0,-0.0101258,1.41385,1.14553,-2.32077,-2.02422
0,0.0219295,1.42088,1.15551,-2.33131,-2.00792,0,-0.0084098,1.42088,1.15703,-2.33131,-2.01053,0,0.0220247,1.42088,1.14913,-2.33131,-2.01866,0,-0.0101258,1.42088,1.14553,-2.33131,-2.02422
0,0.0219295,1.42787,1.15551,-2.3418,-2.00792,0,-0.0084098,1.42787,1.15703,-2.3418,-2.01053,0,0.0220247,1.42787,1.14913,-2.3418,-2.01866,0,-0.0101258,1.42787,1.14553,-2.3418,-2.02422
0,0.0219295,1.43482,1.15551,-2.35224,-2.00792,0,-0.0084098,1.43482,1.15703,-2.35224,-2.01053,0,0.0220247,1.43482,1.14913,-2.35224,-2.01866,0,-0.0101258,1.43482,1.14553,-2.35224,-2.02422
0,0.0219295,1.44174,1.15551,-2.36262,-2.00792,0,-0.0084098,1.44174,1.15703,-2.36262,-2.01053,0,0.0220247,1.44174,1.14913,-2.36262,-2.01866,0,-0.0101258,1.44174,1.14553,-2.36262,-2.02422
0,0.0219295,1.44863,1.15551,-2.37294,-2.00792,0,-0.0084098,1.44863,1.15703,-2.37294,-2.01053,0,0.0220247,1.44863,1.14913,-2.37294,-2.01866,0,-0.0101258,1.44863,1.14553,-2.37294,-2.02422
0,0.0219295,1.45547,1.15551,-2.3832,-2.00792,0,-0.0084098,1.45547,1.15703,-2.3832,-2.01053,0,0.0220247,1.45547,1.14913,-2.3832,-2.01866,0,-0.0101258,1.45547,1.14553,-2.3832,-2.02422
0,0.0219295,1.46227,1.15551,-2.3934,-2.00792,0,-0.0084098,1.46227,1.15703,-2.3934,-2.01053,0,0.0220247,1.46227,1.14913,-2.3934,-2.01866,0,-0.0101258,1.46227,1.14553,-2.3934,-2.02422
0,0.0219295,1.46903,1.15551,-2.40355,-2.00792,0,-0.0084098,1.46903,1.15703,-2.40355,-2.01053,0,0.0220247,1.46903,1.14913,-2.40355,-2.01866,0,-0.0101258,1.46903,1.14553,-2.40355,-2.02422
0,0.0219295,1.47575,1.15551,-2.41362,-2.00792,0,-0.0084098,1.47575,1.15703,-2.41362,-2.01053,0,0.0220247,1.47575,1.14913,-2.41362,-2.01866,0,-0.0101258,1.47575,1.14553,-2.41362,-2.02422
0,0.0219295,1.48242,1.15551,-2.42363,-2.00792,0,-0.0084098,1.48242,1.15703,-2.42363,-2.01053,0,0.0220247,1.48242,1.14913,-2.42363,-2.01866,0,-0.0101258,1.48242,1.14553,-2.42363,-2.02422
0,0.0219295,1.48905,1.15551,-2.43358,-2.00792,0,-0.0084098,1.48905,1.15703,-2.43358,-2.01053,0,0.0220247,1.48905,1.14913,-2.43358,-2.01866,0,-0.0101258,1.48905,1.14553,-2.43358,-2.02422
0,0.0219295,1.49564,1.15551,-2.44346,-2.00792,0,-0.0084098,1.49564,1.15703,-2.44346,-2.01053,0,0.0220247,1.49564,1.14913,-2.44346,-2.01866,0,-0.0101258,1.49564,1.14553,-2.44346,-2.02422
0,0.0219295,1.50217,1.15551,-2.45326,-2.00792,0,-0.0084098,1.50217,1.15703,-2.45326,-2.01053,0,0.0220247,1.50217,1.14913,-2.45326,-2.01866,0,-0.0101258,1.50217,1.14553,-2.45326,-2.02422
0,0.0219295,1.50866,1.15551,-2.463,-2.00792,0,-0.0084098,1.50866,1.15703,-2.463,-2.01053,0,0.0220247,1.50866,1.14913,-2.463,-2.01866,0,-0.0101258,1.50866,1.14553,-2.463,-2.02422
0,0.0219295,1.51511,1.15551,-2.47266,-2.00792,0,-0.0084098,1.51511,1.15703,-2.47266,-2.01053,0,0.0220247,1.51511,1.14913,-2.47266,-2.01866,0,-0.0101258,1.51511,1.14553,-2.47266,-2.02422
0,0.0219295,1.5215,1.15551,-2.48224,-2.00792,0,-0.0084098,1.5215,1.15703,-2.48224,-2.01053,0,0.0220247,1.5215,1.14913,-2.48224,-2.01866,0,-0.0101258,1.5215,1.14553,-2.48224,-2.02422
0,0.0219295,1.52784,1.15551,-2.49176,-2.00792,0,-0.0084098,1.52784,1.15703,-2.49176,-2.01053,0,0.0220247,1.52784,1.14913,-2.49176,-2.01866,0,-0.0101258,1.52784,1.14553,-2.49176,-2.02422
0,0.0219295,1.53413,1.15551,-2.50119,-2.00792,0,-0.0084098,1.53413,1.15703,-2.50119,-2.01053,0,0.0220247,1.53413,1.14913,-2.50119,-2.01866,0,-0.0101258,1.53413,1.14553,-2.50119,-2.02422
0,0.0219295,1.54036,1.15551,-2.51054,-2.00792,0,-0.0084098,1.54036,1.15703,-2.51054,-2.01053,0,0.0220247,1.54036,1.14913,-2.51054,-2.01866,0,-0.0101258,1.54036,1.14553,-2.51054,-2.02422
0,0.0219295,1.54654,1.15551,-2.51982,-2.00792,0,-0.0084098,1.54654,1.15703,-2.51982,-2.01053,0,0.0220247,1.54654,1.14913,-2.51982,-2.01866,0,-0.0101258,1.54654,1.14553,-2.51982,-2.02422
0,0.0219295,1.55267,1.15551,-2.52901,-2.00792,0,-0.0084098,1.55267,1.15703,-2.52901,-2.01053,0,0.0220247,1.55267,1.14913,-2.52901,-2.01866,0,-0.0101258,1.55267,1.14553,-2.52901,-2.02422
0,0.0219295,1.55874,1.15551,-2.53812,-2.00792,0,-0.0084098,1.55874,1.15703,-2.53812,-2.01053,0,0.0220247,1.55874,1.14913,-2.53812,-2.01866,0,-0.0101258,1.55874,1.14553,-2.53812,-2.02422
0,0.0219295,1.56476,1.15551,-2.54714,-2.00792,0,-0.0084098,1.56476,1.15703,-2.54714,-2.01053,0,0.0220247,1.56476,1.14913,-2.54714,-2.01866,0,-0.0101258,1.56476,1.14553,-2.54714,-2.02422
0,0.0219295,1.57072,1.15551,-2.55608,-2.00792,0,-0.0084098,1.57072,1.15703,-2.55608,-2.01053,0,0.0220247,1.57072,1.14913,-2.55608,-2.01866,0,-0.0101258,1.57072,1.14553,-2.55608,-2.02422
0,0.0219295,1.57662,1.15551,-2.56492,-2.00792,0,-0.0084098,1.57662,1.15703,-2.56492,-2.01053,0,0.0220247,1.57662,1.14913,-2.56492,-2.01866,0,-0.0101258,1.57662,1.14553,-2.56492,-2.02422
0,0.0219295,1.58245,1.15551,-2.57368,-2.00792,0,-0.0084098,1.58245,1.15703,-2.57368,-2.01053,0,0.0220247,1.58245,1.14913,-2.57368,-2.01866,0,-0.0101258,1.58245,1.14553,-2.57368,-2.02422
0,0.0219295,1.58823,1.15551,-2.58235,-2.00792,0,-0.0084098,1.58823,1.15703,-2.58235,-2.01053,0,0.0220247,1.58823,1.14913,-2.58235,-2.01866,0,-0.0101258,1.58823,1.14553,-2.58235,-2.02422
0,0.0219295,1.59395,1.15551,-2.59093,-2.00792,0,-0.0084098,1.59395,1.15703,-2.59093,-2.01053,0,0.0220247,1.59395,1.14913,-2.59093,-2.01866,0,-0.0101258,1.59395,1.14553,-2.59093,-2.02422
0,0.0219295,1.59961,1.15551,-2.59941,-2.00792,0,-0.0084098,1.59961,1.15703,-2.59941,-2.01053,0,0.0220247,1.59961,1.14913,-2.59941,-2.01866,0,-0.0101258,1.59961,1.14553,-2.59941,-2.02422
0,0.0219295,1.6052,1.15551,-2.6078,-2.00792,0,-0.0084098,1.6052,1.15703,-2.6078,-2.01053,0,0.0220247,1.6052,1.14913,-2.6078,-2.01866,0,-0.0101258,1.6052,1.14553,-2.6078,-2.02422
0,0.0219295,1.61073,1.15551,-2.61609,-2.00792,0,-0.0084098,1.61073,1.15703,-2.61609,-2.01053,0,0.0220247,1.61073,1.14913,-2.61609,-2.01866,0,-0.0101258,1.61073,1.14553,-2.61609,-2.02422
0,0.0219295,1.61619,1.15551,-2.62429,-2.00792,0,-0.0084098,1.61619,1.15703,-2.62429,-2.01053,0,0.0220247,1.61619,1.14913,-2.62429,-2.01866,0,-0.0101258,1.61619,1.14553,-2.62429,-2.02422
0,0.0219295,1.62159,1.15551,-2.63239,-2.00792,0,-0.0084098,1.62159,1.15703,-2.63239,-2.01053,0,0.0220247,1.62159,1.14913,-2.63239,-2.01866,0,-0.0101258,1.62159,1.14553,-2.63239,-2.02422
0,0.0219295,1.62692,1.15551,-2.64038,-2.00792,0,-0.0084098,1.62692,1.15703,-2.64038,-2.01053,0,0.0220247,1.62692,1.14913,-2.64038,-2.01866,0,-0.0101258,1.62692,1.14553,-2.64038,-2.02422
0,0.0219295,1.63219,1.15551,-2.64828,-2.00792,0,-0.0084098,1.63219,1.15703,-2.64828,-2.01053,0,0.0220247,1.63219,1.14913,-2.64828,-2.01866,0,-0.0101258,1.63219,1.14553,-2.64828,-2.02422
0,0.0219295,1.63738,1.15551,-2.65607,-2.00792,0,-0.0084098,1.63738,1.15703,-2.65607,-2.01053,0,0.0220247,1.63738,1.14913,-2.65607,-2.01866,0,-0.0101258,1.63738,1.14553,-2.65607,-2.02422
0,0.0219295,1.64251,1.15551,-2.66376,-2.00792,0,-0.0084098,1.64251,1.15703,-2.66376,-2.01053,0,0.0220247,1.64251,1.14913,-2.66376,-2.01866,0,-0.0101258,1.64251,1.14553,-2.66376,-2.02422
0,0.0219295,1.64757,1.15551,-2.67135,-2.00792,0,-0.0084098,1.64757,1.15703,-2.67135,-2.01053,0,0.0220247,1.64757,1.14913,-2.67135,-2.01866,0,-0.0101258,1.64757,1.14553,-2.67135,-2.02422
0,0.0219295,1.65255,1.15551,-2.67883,-2.00792,0,-0.0084098,1.65255,1.15703,-2.67883,-2.01053,0,0.0220247,1.65255,1.14913,-2.67883,-2.01866,0,-0.0101258,1.65255,1.14553,-2.67883,-2.02422
0,0.0219295,1.65747,1.15551,-2.6862,-2.00792,0,-0.0084098,1.65747,1.15703,-2.6862,-2.01053,0,0.0220247,1.65747,1.14913,-2.6862,-2.01866,0,-0.0101258,1.65747,1.14553,-2.6862,-2.02422
0,0.0219295,1.66231,1.15551,-2.69346,-2.00792,0,-0.0084098,1.66231,1.15703,-2.69346,-2.01053,0,0.0220247,1.66231,1.14913,-2.69346,-2.01866,0,-0.0101258,1.66231,1.14553,-2.69346,-2.02422
0,0.0219295,1.66708,1.15551,-2.70062,-2.00792,0,-0.0084098,1.66708,1.15703,-2.70062,-2.01053,0,0.0220247,1.66708,1.14913,-2.70062,-2.01866,0,-0.0101258,1.66708,1.14553,-2.70062,-2.02422
0,0.0219295,1.67177,1.15551,-2.70766,-2.00792,0,-0.0084098,1.67177,1.15703,-2.70766,-2.01053,0,0.0220247,1.67177,1.14913,-2.70766,-2.01866,0,-0.0101258,1.67177,1.14553,-2.70766,-2.02422
0,0.0219295,1.6764,1.15551,-2.71459,-2.00792,0,-0.0084098,1.6764,1.15703,-2.71459,-2.01053,0,0.0220247,1.6764,1.14913,-2.71459,-2.01866,0,-0.0101258,1.6764,1.14553,-2.71459,-2.02422
0,0.0219295,1.68094,1.15551,-2.72141,-2.00792,0,-0.0084098,1.68094,1.15703,-2.72141,-2.01053,0,0.0220247,1.68094,1.14913,-2.72141,-2.01866,0,-0.0101258,1.68094,1.14553,-2.72141,-2.02422
0,0.0219295,1.68541,1.15551,-2.72812,-2.00792,0,-0.0084098,1.68541,1.15703,-2.72812,-2.01053,0,0.0220247,1.68541,1.14913,-2.72812,-2.01866,0,-0.0101258,1.68541,1.14553,-2.72812,-2.02422
0,0.0219295,1.68981,1.15551,-2.73471,-2.00792,0,-0.0084098,1.68981,1.15703,-2.73471,-2.01053,0,0.0220247,1.68981,1.14913,-2.73471,-2.01866,0,-0.0101258,1.68981,1.14553,-2.73471,-2.02422
0,0.0219295,1.69412,1.15551,-2.74118,-2.00792,0,-0.0084098,1.69412,1.15703,-2.74118,-2.01053,0,0.0220247,1.69412,1.14913,-2.74118,-2.01866,0,-0.0101258,1.69412,1.14553,-2.74118,-2.02422
0,0.0219295,1.69836,1.15551,-2.74754,-2.00792,0,-0.0084098,1.69836,1.15703,-2.74754,-2.01053,0,0.0220247,1.69836,1.14913,-2.74754,-2.01866,0,-0.0101258,1.69836,1.14553,-2.74754,-2.02422
0,0.0219295,1.70252,1.15551,-2.75378,-2.00792,0,-0.0084098,1.70252,1.15703,-2.75378,-2.01053,0,0.0220247,1.70252,1.14913,-2.75378,-2.01866,0,-0.0101258,1.70252,1.14553,-2.75378,-2.02422
0,0.0219295,1.7066,1.15551,-2.7599,-2.00792,0,-0.0084098,1.7066,1.15703,-2.7599,-2.01053,0,0.0220247,1.7066,1.14913,-2.7599,-2.01866,0,-0.0101258,1.7066,1.14553,-2.7599,-2.02422
0,0.0219295,1.7106,1.15551,-2.7659,-2.00792,0,-0.0084098,1.7106,1.15703,-2.7659,-2.01053,0,0.0220247,1.7106,1.14913,-2.7659,-2.01866,0,-0.0101258,1.7106,1.14553,-2.7659,-2.02422
0,0.0219295,1.71452,1.15551,-2.77177,-2.00792,0,-0.0084098,1.71452,1.15703,-2.77177,-2.01053,0,0.0220247,1.71452,1.14913,-2.77177,-2.01866,0,-0.0101258,1.71452,1.14553,-2.77177,-2.02422
0,0.0219295,1.71835,1.15551,-2.77753,-2.00792,0,-0.0084098,1.71835,1.15703,-2.77753,-2.01053,0,0.0220247,1.71835,1.14913,-2.77753,-2.01866,0,-0.0101258,1.71835,1.14553,-2.77753,-2.02422
0,0.0219295,1.72211,1.15551,-2.78317,-2.00792,0,-0.0084098,1.72211,1.15703,-2.78317,-2.01053,0,0.0220247,1.72211,1.14913,-2.78317,-2.01866,0,-0.0101258,1.72211,1.14553,-2.78317,-2.02422
0,0.0219295,1.72578,1.15551,-2.78868,-2.00792,0,-0.0084098,1.72578,1.15703,-2.78868,-2.01053,0,0.0220247,1.72578,1.14913,-2.78868,-2.01866,0,-0.0101258,1.72578,1.14553,-2.78868,-2.02422
0,0.0219295,1.72938,1.15551,-2.79406,-2.00792,0,-0.0084098,1.72938,1.15703,-2.79406,-2.01053,0,0.0220247,1.72938,1.14913,-2.79406,-2.01866,0,-0.0101258,1.72938,1.14553,-2.79406,-2.02422
0,0.0219295,1.73288,1.15551,-2.79932,-2.00792,0,-0.0084098,1.73288,1.15703,-2.79932,-2.01053,0,0.0220247,1.73288,1.14913,-2.79932,-2.01866,0,-0.0101258,1.73288,1.14553,-2.79932,-2.02422
0,0.0219295,1.73631,1.15551,-2.80446,-2.00792,0,-0.0084098,1.73631,1.15703,-2.80446,-2.01053,0,0.0220247,1.73631,1.14913,-2.80446,-2.01866,0,-0.0101258,1.73631,1.14553,-2.80446,-2.02422
0,0.0219295,1.73964,1.15551,-2.80946,-2.00792,0,-0.0084098,1.73964,1.15703,-2.80946,-2.01053,0,0.0220247,1.73964,1.14913,-2.80946,-2.01866,0,-0.0101258,1.73964,1.14553,-2.80946,-2.02422
0,0.0219295,1.7429,1.15551,-2.81435,-2.00792,0,-0.0084098,1.7429,1.15703,-2.81435,-2.01053,0,0.0220247,1.7429,1.14913,-2.81435,-2.01866,0,-0.0101258,1.7429,1.14553,-2.81435,-2.02422
0,0.0219295,1.74606,1.15551,-2.8191,-2.00792,0,-0.0084098,1.74606,1.15703,-2.8191,-2.01053,0,0.0220247,1.74606,1.14913,-2.8191,-2.01866,0,-0.0101258,1.74606,1.14553,-2.8191,-2.02422
0,0.0219295,1.74915,1.15551,-2.82372,-2.00792,0,-0.0084098,1.74915,1.15703,-2.82372,-2.01053,0,0.0220247,1.74915,1.14913,-2.82372,-2.01866,0,-0.0101258,1.74915,1.14553,-2.82372,-2.02422
0,0.0219295,1.75214,1.15551,-2.82821,-2.00792,0,-0.0084098,1.75214,1.15703,-2.82821,-2.01053,0,0.0220247,1.75214,1.14913,-2.82821,-2.01866,0,-0.0101258,1.75214,1.14553,-2.82821,-2.02422
0,0.0219295,1.75505,1.15551,-2.83257,-2.00792,0,-0.0084098,1.75505,1.15703,-2.83257,-2.01053,0,0.0220247,1.75505,1.14913,-2.83257,-2.01866,0,-0.0101258,1.75505,1.14553,-2.83257,-2.02422
0,0.0219295,1.75787,1.15551,-2.8368,-2.00792,0,-0.0084098,1.75787,1.15703,-2.8368,-2.01053,0,0.0220247,1.75787,1.14913,-2.8368,-2.01866,0,-0.0101258,1.75787,1.14553,-2.8368,-2.02422
0,0.0219295,1.7606,1.15551,-2.8409,-2.00792,0,-0.0084098,1.7606,1.15703,-2.8409,-2.01053,0,0.0220247,1.7606,1.14913,-2.8409,-2.01866,0,-0.0101258,1.7606,1.14553,-2.8409,-2.02422
0,0.0219295,1.76324,1.15551,-2.84486,-2.00792,0,-0.0084098,1.76324,1.15703,-2.84486,-2.01053,0,0.0220247,1.76324,1.14913,-2.84486,-2.01866,0,-0.0101258,1.76324,1.14553,-2.84486,-2.02422
0,0.0219295,1.76579,1.15551,-2.84869,-2.00792,0,-0.0084098,1.76579,1.15703,-2.84869,-2.01053,0,0.0220247,1.76579,1.14913,-2.84869,-2.01866,0,-0.0101258,1.76579,1.14553,-2.84869,-2.02422
0,0.0219295,1.76826,1.15551,-2.85239,-2.00792,0,-0.0084098,1.76826,1.15703,-2.85239,-2.01053,0,0.0220247,1.76826,1.14913,-2.85239,-2.01866,0,-0.0101258,1.76826,1.14553,-2.85239,-2.02422
0,0.0219295,1.77063,1.15551,-2.85595,-2.00792,0,-0.0084098,1.77063,1.15703,-2.85595,-2.01053,0,0.0220247,1.77063,1.14913,-2.85595,-2.01866,0,-0.0101258,1.77063,1.14553,-2.85595,-2.02422
0,0.0219295,1.77292,1.15551,-2.85938,-2.00792,0,-0.0084098,1.77292,1.15703,-2.85938,-2.01053,0,0.0220247,1.77292,1.14913,-2.85938,-2.01866,0,-0.0101258,1.77292,1.14553,-2.85938,-2.02422
0,0.0219295,1.77511,1.15551,-2.86267,-2.00792,0,-0.0084098,1.77511,1.15703,-2.86267,-2.01053,0,0.0220247,1.77511,1.14913,-2.86267,-2.01866,0,-0.0101258,1.77511,1.14553,-2.86267,-2.02422
0,0.0219295,1.77722,1.15551,-2.86583,-2.00792,0,-0.0084098,1.77722,1.15703,-2.86583,-2.01053,0,0.0220247,1.77722,1.14913,-2.86583,-2.01866,0,-0.0101258,1.77722,1.14553,-2.86583,-2.02422
0,0.0219295,1.77923,1.15551,-2.86884,-2.00792,0,-0.0084098,1.77923,1.15703,-2.86884,-2.01053,0,0.0220247,1.77923,1.14913,-2.86884,-2.01866,0,-0.0101258,1.77923,1.14553,-2.86884,-2.02422
0,0.0219295,1.78115,1.15551,-2.87173,-2.00792,0,-0.0084098,1.78115,1.15703,-2.87173,-2.01053,0,0.0220247,1.78115,1.14913,-2.87173,-2.01866,0,-0.0101258,1.78115,1.14553,-2.87173,-2.02422
0,0.0219295,1.78298,1.15551,-2.87447,-2.00792,0,-0.0084098,1.78298,1.15703,-2.87447,-2.01053,0,0.0220247,1.78298,1.14913,-2.87447,-2.01866,0,-0.0101258,1.78298,1.14553,-2.87447,-2.02422
0,0.0219295,1.78472,1.15551,-2.87707,-2.00792,0,-0.0084098,1.78472,1.15703,-2.87707,-2.01053,0,0.0220247,1.78472,1.14913,-2.87707,-2.01866,0,-0.0101258,1.78472,1.14553,-2.87707,-2.02422
0,0.0219295,1.78636,1.15551,-2.87954,-2.00792,0,-0.0084098,1.78636,1.15703,-2.87954,-2.01053,0,0.0220247,1.78636,1.14913,-2.87954,-2.01866,0,-0.0101258,1.78636,1.14553,-2.87954,-2.02422
0,0.0219295,1.78791,1.15551,-2.88187,-2.00792,0,-0.0084098,1.78791,1.15703,-2.88187,-2.01053,0,0.0220247,1.78791,1.14913,-2.88187,-2.01866,0,-0.0101258,1.78791,1.14553,-2.88187,-2.02422
0,0.0219295,1.78937,1.15551,-2.88406,-2.00792,0,-0.0084098,1.78937,1.15703,-2.88406,-2.01053,0,0.0220247,1.78937,1.14913,-2.88406,-2.01866,0,-0.0101258,1.78937,1.14553,-2.88406,-2.02422
0,0.0219295,1.79074,1.15551,-2.88611,-2.00792,0,-0.0084098,1.79074,1.15703,-2.88611,-2.01053,0,0.0220247,1.79074,1.14913,-2.88611,-2.01866,0,-0.0101258,1.79074,1.14553,-2.88611,-2.02422
0,0.0219295,1.79201,1.15551,-2.88802,-2.00792,0,-0.0084098,1.79201,1.15703,-2.88802,-2.01053,0,0.0220247,1.79201,1.14913,-2.88802,-2.01866,0,-0.0101258,1.79201,1.14553,-2.88802,-2.02422
0,0.0219295,1.79319,1.15551,-2.88979,-2.00792,0,-0.0084098,1.79319,1.15703,-2.88979,-2.01053,0,0.0220247,1.79319,1.14913,-2.88979,-2.01866,0,-0.0101258,1.79319,1.14553,-2.88979,-2.02422
0,0.0219295,1.79428,1.15551,-2.89142,-2.00792,0,-0.0084098,1.79428,1.15703,-2.89142,-2.01053,0,0.0220247,1.79428,1.14913,-2.89142,-2.01866,0,-0.0101258,1.79428,1.14553,-2.89142,-2.02422
0,0.0219295,1.79527,1.15551,-2.8929,-2.00792,0,-0.0084098,1.79527,1.15703,-2.8929,-2.01053,0,0.0220247,1.79527,1.14913,-2.8929,-2.01866,0,-0.0101258,1.79527,1.14553,-2.8929,-2.02422
0,0.0219295,1.79617,1.15551,-2.89425,-2.00792,0,-0.0084098,1.79617,1.15703,-2.89425,-2.01053,0,0.0220247,1.79617,1.14913,-2.89425,-2.01866,0,-0.0101258,1.79617,1.14553,-2.89425,-2.02422
0,0.0219295,1.79697,1.15551,-2.89546,-2.00792,0,-0.0084098,1.79697,1.15703,-2.89546,-2.01053,0,0.0220247,1.79697,1.14913,-2.89546,-2.01866,0,-0.0101258,1.79697,1.14553,-2.89546,-2.02422
0,0.0219295,1.79768,1.15551,-2.89652,-2.00792,0,-0.0084098,1.79768,1.15703,-2.89652,-2.01053,0,0.0220247,1.79768,1.14913,-2.89652,-2.01866,0,-0.0101258,1.79768,1.14553,-2.89652,-2.02422
0,0.0219295,1.7983,1.15551,-2.89744,-2.00792,0,-0.0084098,1.7983,1.15703,-2.89744,-2.01053,0,0.0220247,1.7983,1.14913,-2.89744,-2.01866,0,-0.0101258,1.7983,1.14553,-2.89744,-2.02422
0,0.0219295,1.79882,1.15551,-2.89822,-2.00792,0,-0.0084098,1.79882,1.15703,-2.89822,-2.01053,0,0.0220247,1.79882,1.14913,-2.89822,-2.01866,0,-0.0101258,1.79882,1.14553,-2.89822,-2.02422
0,0.0219295,1.79924,1.15551,-2.89886,-2.00792,0,-0.0084098,1.79924,1.15703,-2.89886,-2.01053,0,0.0220247,1.79924,1.14913,-2.89886,-2.01866,0,-0.0101258,1.79924,1.14553,-2.89886,-2.02422
0,0.0219295,1.79957,1.15551,-2.89936,-2.00792,0,-0.0084098,1.79957,1.15703,-2.89936,-2.01053,0,0.0220247,1.79957,1.14913,-2.89936,-2.01866,0,-0.0101258,1.79957,1.14553,-2.89936,-2.02422
0,0.0219295,1.79981,1.15551,-2.89972,-2.00792,0,-0.0084098,1.79981,1.15703,-2.89972,-2.01053,0,0.0220247,1.79981,1.14913,-2.89972,-2.01866,0,-0.0101258,1.79981,1.14553,-2.89972,-2.02422
0,0.0219295,1.79995,1.15551,-2.89993,-2.00792,0,-0.0084098,1.79995,1.15703,-2.89993,-2.01053,0,0.0220247,1.79995,1.14913,-2.89993,-2.01866,0,-0.0101258,1.79995,1.14553,-2.89993,-2.02422
0,0.0219295,1.8,1.15551,-2.9,-2.00792,0,-0.0084098,1.8,1.15703,-2.9,-2.01053,0,0.0220247,1.8,1.14913,-2.9,-2.01866,0,-0.0101258,1.8,1.14553,-2.9,-2.02422
0,0.0219295,1.79995,1.15551,-2.89993,-2.00792,0,-0.0084098,1.79995,1.15703,-2.89993,-2.01053,0,0.0220247,1.79995,1.14913,-2.89993,-2.01866,0,-0.0101258,1.79995,1.14553,-2.89993,-2.02422
0,0.0219295,1.79981,1.15551,-2.89972,-2.00792,0,-0.0084098,1.79981,1.15703,-2.89972,-2.01053,0,0.0220247,1.79981,1.14913,-2.89972,-2.01866,0,-0.0101258,1.79981,1.14553,-2.89972,-2.02422
0,0.0219295,1.79957,1.15551,-2.89936,-2.00792,0,-0.0084098,1.79957,1.15703,-2.89936,-2.01053,0,0.0220247,1.79957,1.14913,-2.89936,-2.01866,0,-0.0101258,1.79957,1.14553,-2.89936,-2.02422
0,0.0219295,1.79924,1.15551,-2.89886,-2.00792,0,-0.0084098,1.79924,1.15703,-2.89886,-2.01053,0,0.0220247,1.79924,1.14913,-2.89886,-2.01866,0,-0.0101258,1.79924,1.14553,-2.89886,-2.02422
0,0.0219295,1.79882,1.15551,-2.89822,-2.00792,0,-0.0084098,1.79882,1.15703,-2.89822,-2.01053,0,0.0220247,1.79882,1.14913,-2.89822,-2.01866,0,-0.0101258,1.79882,1.14553,-2.89822,-2.02422
0,0.0219295,1.7983,1.15551,-2.89744,-2.00792,0,-0.0084098,1.7983,1.15703,-2.89744,-2.01053,0,0.0220247,1.7983,1.14913,-2.89744,-2.01866,0,-0.0101258,1.7983,1.14553,-2.89744,-2.02422
0,0.0219295,1.79768,1.15551,-2.89652,-2.00792,0,-0.0084098,1.79768,1.15703,-2.89652,-2.01053,0,0.0220247,1.79768,1.14913,-2.89652,-2.01866,0,-0.0101258,1.79768,1.14553,-2.89652,-2.02422
0,0.0219295,1.79697,1.15551,-2.89546,-2.00792,0,-0.0084098,1.79697,1.15703,-2.89546,-2.01053,0,0.0220247,1.79697,1.14913,-2.89546,-2.01866,0,-0.0101258,1.79697,1.14553,-2.89546,-2.02422
0,0.0219295,1.79617,1.15551,-2.89425,-2.00792,0,-0.0084098,1.79617,1.15703,-2.89425,-2.01053,0,0.0220247,1.79617,1.14913,-2.89425,-2.01866,0,-0.0101258,1.79617,1.14553,-2.89425,-2.02422
0,0.0219295,1.79527,1.15551,-2.8929,-2.00792,0,-0.0084098,1.79527,1.15703,-2.8929,-2.01053,0,0.0220247,1.79527,1.14913,-2.8929,-2.01866,0,-0.0101258,1.79527,1.14553,-2.8929,-2.02422
0,0.0219295,1.79428,1.15551,-2.89141,-2.00792,0,-0.0084098,1.79428,1.15703,-2.89141,-2.01053,0,0.0220247,1.79428,1.14913,-2.89141,-2.01866,0,-0.0101258,1.79428,1.14553,-2.89141,-2.02422
0,0.0219295,1.79319,1.15551,-2.88979,-2.00792,0,-0.0084098,1.79319,1.15703,-2.88979,-2.01053,0,0.0220247,1.79319,1.14913,-2.88979,-2.01866,0,-0.0101258,1.79319,1.14553,-2.88979,-2.02422
0,0.0219295,1.79201,1.15551,-2.88802,-2.00792,0,-0.0084098,1.79201,1.15703,-2.88802,-2.01053,0,0.0220247,1.79201,1.14913,-2.88802,-2.01866,0,-0.0101258,1.79201,1.14553,-2.88802,-2.02422
0,0.0219295,1.79074,1.15551,-2.88611,-2.00792,0,-0.0084098,1.79074,1.15703,-2.88611,-2.01053,0,0.0220247,1.79074,1.14913,-2.88611,-2.01866,0,-0.0101258,1.79074,1.14553,-2.88611,-2.02422
0,0.0219295,1.78937,1.15551,-2.88406,-2.00792,0,-0.0084098,1.78937,1.15703,-2.88406,-2.01053,0,0.0220247,1.78937,1.14913,-2.88406,-2.01866,0,-0.0101258,1.78937,1.14553,-2.88406,-2.02422
0,0.0219295,1.78791,1.15551,-2.88187,-2.00792,0,-0.0084098,1.78791,1.15703,-2.88187,-2.01053,0,0.0220247,1.78791,1.14913,-2.88187,-2.01866,0,-0.0101258,1.78791,1.14553,-2.88187,-2.02422
0,0.0219295,1.78636,1.15551,-2.87954,-2.00792,0,-0.0084098,1.78636,1.15703,-2.87954,-2.01053,0,0.0220247,1.78636,1.14913,-2.87954,-2.01866,0,-0.0101258,1.78636,1.14553,-2.87954,-2.02422
0,0.0219295,1.78472,1.15551,-2.87707,-2.00792,0,-0.0084098,1.78472,1.15703,-2.87707,-2.01053,0,0.0220247,1.78472,1.14913,-2.87707,-2.01866,0,-0.0101258,1.78472,1.14553,-2.87707,-2.02422
0,0.0219295,1.78298,1.15551,-2.87447,-2.00792,0,-0.0084098,1.78298,1.15703,-2.87447,-2.01053,0,0.0220247,1.78298,1.14913,-2.87447,-2.01866,0,-0.0101258,1.78298,1.14553,-2.87447,-2.02422
0,0.0219295,1.78115,1.15551,-2.87172,-2.00792,0,-0.0084098,1.78115,1.15703,-2.87172,-2.01053,0,0.0220247,1.78115,1.14913,-2.87172,-2.01866,0,-0.0101258,1.78115,1.14553,-2.87172,-2.02422
0,0.0219295,1.77923,1.15551,-2.86884,-2.00792,0,-0.0084098,1.77923,1.15703,-2.86884,-2.01053,0,0.0220247,1.77923,1.14913,-2.86884,-2.01866,0,-0.0101258,1.77923,1.14553,-2.86884,-2.02422
0,0.0219295,1.77722,1.15551,-2.86582,-2.00792,0,-0.0084098,1.77722,1.15703,-2.86582,-2.01053,0,0.0220247,1.77722,1.14913,-2.86582,-2.01866,0,-0.0101258,1.77722,1.14553,-2.86582,-2.02422
0,0.0219295,1.77511,1.15551,-2.86267,-2.00792,0,-0.0084098,1.77511,1.15703,-2.86267,-2.01053,0,0.0220247,1.77511,1.14913,-2.86267,-2.01866,0,-0.0101258,1.77511,1.14553,-2.86267,-2.02422
0,0.0219295,1.77292,1.15551,-2.85938,-2.00792,0,-0.0084098,1.77292,1.15703,-2.85938,-2.01053,0,0.0220247,1.77292,1.14913,-2.85938,-2.01866,0,-0.0101258,1.77292,1.14553,-2.85938,-2.02422
0,0.0219295,1.77063,1.15551,-2.85595,-2.00792,0,-0.0084098,1.77063,1.15703,-2.85595,-2.01053,0,0.0220247,1.77063,1.14913,-2.85595,-2.01866,0,-0.0101258,1.77063,1.14553,-2.85595,-2.02422
0,0.0219295,1.76826,1.15551,-2.85239,-2.00792,0,-0.0084098,1.76826,1.15703,-2.85239,-2.01053,0,0.0220247,1.76826,1.14913,-2.85239,-2.01866,0,-0.0101258,1.76826,1.14553,-2.85239,-2.02422
0,0.0219295,1.76579,1.15551,-2.84869,-2.00792,0,-0.0084098,1.76579,1.15703,-2.84869,-2.01053,0,0.0220247,1.76579,1.14913,-2.84869,-2.01866,0,-0.0101258,1.76579,1.14553,-2.84869,-2.02422
0,0.0219295,1.76324,1.15551,-2.84486,-2.00792,0,-0.0084098,1.76324,1.15703,-2.84486,-2.01053,0,0.0220247,1.76324,1.14913,-2.84486,-2.01866,0,-0.0101258,1.76324,1.14553,-2.84486,-2.02422
0,0.0219295,1.7606,1.15551,-2.8409,-2.00792,0,-0.0084098,1.7606,1.15703,-2.8409,-2.01053,0,0.0220247,1.7606,1.14913,-2.8409,-2.01866,0,-0.0101258,1.7606,1.14553,-2.8409,-2.02422
0,0.0219295,1.75787,1.15551,-2.8368,-2.00792,0,-0.0084098,1.75787,1.15703,-2.8368,-2.01053,0,0.0220247,1.75787,1.14913,-2.8368,-2.01866,0,-0.0101258,1.75787,1.14553,-2.8368,-2.02422
0,0.0219295,1.75505,1.15551,-2.83257,-2.00792,0,-0.0084098,1.75505,1.15703,-2.83257,-2.01053,0,0.0220247,1.75505,1.14913,-2.83257,-2.01866,0,-0.0101258,1.75505,1.14553,-2.83257,-2.02422
0,0.0219295,1.75214,1.15551,-2.82821,-2.00792,0,-0.0084098,1.75214,1.15703,-2.82821,-2.01053,0,0.0220247,1.75214,1.14913,-2.82821,-2.01866,0,-0.0101258,1.75214,1.14553,-2.82821,-2.02422
0,0.0219295,1.74914,1.15551,-2.82372,-2.00792,0,-0.0084098,1.74914,1.15703,-2.82372,-2.01053,0,0.0220247,1.74914,1.14913,-2.82372,-2.01866,0,-0.0101258,1.74914,1.14553,-2.82372,-2.02422
0,0.0219295,1.74606,1.15551,-2.81909,-2.00792,0,-0.0084098,1.74606,1.15703,-2.81909,-2.01053,0,0.0220247,1.74606,1.14913,-2.81909,-2.01866,0,-0.0101258,1.74606,1.14553,-2.81909,-2.02422
0,0.0219295,1.7429,1.15551,-2.81434,-2.00792,0,-0.0084098,1.7429,1.15703,-2.81434,-2.01053,0,0.0220247,1.7429,1.14913,-2.81434,-2.01866,0,-0.0101258,1.7429,1.14553,-2.81434,-2.02422
0,0.0219295,1.73964,1.15551,-2.80946,-2.00792,0,-0.0084098,1.73964,1.15703,-2.80946,-2.01053,0,0.0220247,1.73964,1.14913,-2.80946,-2.01866,0,-0.0101258,1.73964,1.14553,-2.80946,-2.02422
0,0.0219295,1.7363,1.15551,-2.80446,-2.00792,0,-0.0084098,1.7363,1.15703,-2.80446,-2.01053,0,0.0220247,1.7363,1.14913,-2.80446,-2.01866,0,-0.0101258,1.7363,1.14553,-2.80446,-2.02422
0,0.0219295,1.73288,1.15551,-2.79932,-2.00792,0,-0.0084098,1.73288,1.15703,-2.79932,-2.01053,0,0.0220247,1.73288,1.14913,-2.79932,-2.01866,0,-0.0101258,1.73288,1.14553,-2.79932,-2.02422
0,0.0219295,1.72937,1.15551,-2.79406,-2.00792,0,-0.0084098,1.72937,1.15703,-2.79406,-2.01053,0,0.0220247,1.72937,1.14913,-2.79406,-2.01866,0,-0.0101258,1.72937,1.14553,-2.79406,-2.02422
0,0.0219295,1.72578,1.15551,-2.78867,-2.00792,0,-0.0084098,1.72578,1.15703,-2.78867,-2.01053,0,0.0220247,1.72578,1.14913,-2.78867,-2.01866,0,-0.0101258,1.72578,1.14553,-2.78867,-2.02422
0,0.0219295,1.72211,1.15551,-2.78316,-2.00792,0,-0.0084098,1.72211,1.15703,-2.78316,-2.01053,0,0.0220247,1.72211,1.14913,-2.78316,-2.01866,0,-0.0101258,1.72211,1.14553,-2.78316,-2.02422
0,0.0219295,1.71835,1.15551,-2.77753,-2.00792,0,-0.0084098,1.71835,1.15703,-2.77753,-2.01053,0,0.0220247,1.71835,1.14913,-2.77753,-2.01866,0,-0.0101258,1.71835,1.14553,-2.77753,-2.02422
0,0.0219295,1.71452,1.15551,-2.77177,-2.00792,0,-0.0084098,1.71452,1.15703,-2.77177,-2.01053,0,0.0220247,1.71452,1.14913,-2.77177,-2.01866,0,-0.0101258,1.71452,1.14553,-2.77177,-2.02422
0,0.0219295,1.7106,1.15551,-2.76589,-2.00792,0,-0.0084098,1.7106,1.15703,-2.76589,-2.01053,0,0.0220247,1.7106,1.14913,-2.76589,-2.01866,0,-0.0101258,1.7106,1.14553,-2.76589,-2.02422
0,0.0219295,1.7066,1.15551,-2.75989,-2.00792,0,-0.0084098,1.7066,1.15703,-2.75989,-2.01053,0,0.0220247,1.7066,1.14913,-2.75989,-2.01866,0,-0.0101258,1.7066,1.14553,-2.75989,-2.02422
0,0.0219295,1.70252,1.15551,-2.75377,-2.00792,0,-0.0084098,1.70252,1.15703,-2.75377,-2.01053,0,0.0220247,1.70252,1.14913,-2.75377,-2.01866,0,-0.0101258,1.70252,1.14553,-2.75377,-2.02422
0,0.0219295,1.69836,1.15551,-2.74754,-2.00792,0,-0.0084098,1.69836,1.15703,-2.74754,-2.01053,0,0.0220247,1.69836,1.14913,-2.74754,-2.01866,0,-0.0101258,1.69836,1.14553,-2.74754,-2.02422
0,0.0219295,1.69412,1.15551,-2.74118,-2.00792,0,-0.0084098,1.69412,1.15703,-2.74118,-2.01053,0,0.0220247,1.69412,1.14913,-2.74118,-2.01866,0,-0.0101258,1.69412,1.14553,-2.74118,-2.02422
0,0.0219295,1.6898,1.15551,-2.73471,-2.00792,0,-0.0084098,1.6898,1.15703,-2.73471,-2.01053,0,0.0220247,1.6898,1.14913,-2.73471,-2.01866,0,-0.0101258,1.6898,1.14553,-2.73471,-2.02422
0,0.0219295,1.68541,1.15551,-2.72811,-2.00792,0,-0.0084098,1.68541,1.15703,-2.72811,-2.01053,0,0.0220247,1.68541,1.14913,-2.72811,-2.01866,0,-0.0101258,1.68541,1.14553,-2.72811,-2.02422
0,0.0219295,1.68094,1.15551,-2.72141,-2.00792,0,-0.0084098,1.68094,1.15703,-2.72141,-2.01053,0,0.0220247,1.68094,1.14913,-2.72141,-2.01866,0,-0.0101258,1.68094,1.14553,-2.72141,-2.02422
0,0.0219295,1.67639,1.15551,-2.71459,-2.00792,0,-0.0084098,1.67639,1.15703,-2.71459,-2.01053,0,0.0220247,1.67639,1.14913,-2.71459,-2.01866,0,-0.0101258,1.67639,1.14553,-2.71459,-2.02422
0,0.0219295,1.67177,1.15551,-2.70766,-2.00792,0,-0.0084098,1.67177,1.15703,-2.70766,-2.01053,0,0.0220247,1.67177,1.14913,-2.70766,-2.01866,0,-0.0101258,1.67177,1.14553,-2.70766,-2.02422
0,0.0219295,1.66708,1.15551,-2.70061,-2.00792,0,-0.0084098,1.66708,1.15703,-2.70061,-2.01053,0,0.0220247,1.66708,1.14913,-2.70061,-2.01866,0,-0.0101258,1.66708,1.14553,-2.70061,-2.02422
0,0.0219295,1.66231,1.15551,-2.69346,-2.00792,0,-0.0084098,1.66231,1.15703,-2.69346,-2.01053,0,0.0220247,1.66231,1.14913,-2.69346,-2.01866,0,-0.0101258,1.66231,1.14553,-2.69346,-2.02422
0,0.0219295,1.65747,1.15551,-2.6862,-2.00792,0,-0.0084098,1.65747,1.15703,-2.6862,-2.01053,0,0.0220247,1.65747,1.14913,-2.6862,-2.01866,0,-0.0101258,1.65747,1.14553,-2.6862,-2.02422
0,0.0219295,1.65255,1.15551,-2.67883,-2.00792,0,-0.0084098,1.65255,1.15703,-2.67883,-2.01053,0,0.0220247,1.65255,1.14913,-2.67883,-2.01866,0,-0.0101258,1.65255,1.14553,-2.67883,-2.02422
0,0.0219295,1.64756,1.15551,-2.67135,-2.00792,0,-0.0084098,1.64756,1.15703,-2.67135,-2.01053,0,0.0220247,1.64756,1.14913,-2.67135,-2.01866,0,-0.0101258,1.64756,1.14553,-2.67135,-2.02422
0,0.0219295,1.64251,1.15551,-2.66376,-2.00792,0,-0.0084098,1.64251,1.15703,-2.66376,-2.01053,0,0.0220247,1.64251,1.14913,-2.66376,-2.01866,0,-0.0101258,1.64251,1.14553,-2.66376,-2.02422
0,0.0219295,1.63738,1.15551,-2.65607,-2.00792,0,-0.0084098,1.63738,1.15703,-2.65607,-2.01053,0,0.0220247,1.63738,1.14913,-2.65607,-2.01866,0,-0.0101258,1.63738,1.14553,-2.65607,-2.02422
0,0.0219295,1.63218,1.15551,-2.64828,-2.00792,0,-0.0084098,1.63218,1.15703,-2.64828,-2.01053,0,0.0220247,1.63218,1.14913,-2.64828,-2.01866,0,-0.0101258,1.63218,1.14553,-2.64828,-2.02422
0,0.0219295,1.62692,1.15551,-2.64038,-2.00792,0,-0.0084098,1.62692,1.15703,-2.64038,-2.01053,0,0.0220247,1.62692,1.14913,-2.64038,-2.01866,0,-0.0101258,1.62692,1.14553,-2.64038,-2.02422
0,0.0219295,1.62159,1.15551,-2.63238,-2.00792,0,-0.0084098,1.62159,1.15703,-2.63238,-2.01053,0,0.0220247,1.62159,1.14913,-2.63238,-2.01866,0,-0.0101258,1.62159,1.14553,-2.63238,-2.02422
0,0.0219295,1.61619,1.15551,-2.62429,-2.00792,0,-0.0084098,1.61619,1.15703,-2.62429,-2.01053,0,0.0220247,1.61619,1.14913,-2.62429,-2.01866,0,-0.0101258,1.61619,1.14553,-2.62429,-2.02422
0,0.0219295,1.61073,1.15551,-2.61609,-2.00792,0,-0.0084098,1.61073,1.15703,-2.61609,-2.01053,0,0.0220247,1.61073,1.14913,-2.61609,-2.01866,0,-0.0101258,1.61073,1.14553,-2.61609,-2.02422
0,0.0219295,1.6052,1.15551,-2.6078,-2.00792,0,-0.0084098,1.6052,1.15703,-2.6078,-2.01053,0,0.0220247,1.6052,1.14913,-2.6078,-2.01866,0,-0.0101258,1.6052,1.14553,-2.6078,-2.02422
0,0.0219295,1.59961,1.15551,-2.59941,-2.00792,0,-0.0084098,1.59961,1.15703,-2.59941,-2.01053,0,0.0220247,1.59961,1.14913,-2.59941,-2.01866,0,-0.0101258,1.59961,1.14553,-2.59941,-2.02422
0,0.0219295,1.59395,1.15551,-2.59093,-2.00792,0,-0.0084098,1.59395,1.15703,-2.59093,-2.01053,0,0.0220247,1.59395,1.14913,-2.59093,-2.01866,0,-0.0101258,1.59395,1.14553,-2.59093,-2.02422
0,0.0219295,1.58823,1.15551,-2.58235,-2.00792,0,-0.0084098,1.58823,1.15703,-2.58235,-2.01053,0,0.0220247,1.58823,1.14913,-2.58235,-2.01866,0,-0.0101258,1.58823,1.14553,-2.58235,-2.02422
0,0.0219295,1.58245,1.15551,-2.57368,-2.00792,0,-0.0084098,1.58245,1.15703,-2.57368,-2.01053,0,0.0220247,1.58245,1.14913,-2.57368,-2.01866,0,-0.0101258,1.58245,1.14553,-2.57368,-2.02422
0,0.0219295,1.57661,1.15551,-2.56492,-2.00792,0,-0.0084098,1.57661,1.15703,-2.56492,-2.01053,0,0.0220247,1.57661,1.14913,-2.56492,-2.01866,0,-0.0101258,1.57661,1.14553,-2.56492,-2.02422
0,0.0219295,1.57072,1.15551,-2.55607,-2.00792,0,-0.0084098,1.57072,1.15703,-2.55607,-2.01053,0,0.0220247,1.57072,1.14913,-2.55607,-2.01866,0,-0.0101258,1.57072,1.14553,-2.55607,-2.02422
0,0.0219295,1.56476,1.15551,-2.54713,-2.00792,0,-0.0084098,1.56476,1.15703,-2.54713,-2.01053,0,0.0220247,1.56476,1.14913,-2.54713,-2.01866,0,-0.0101258,1.56476,1.14553,-2.54713,-2.02422
0,0.0219295,1.55874,1.15551,-2.53811,-2.00792,0,-0.0084098,1.55874,1.15703,-2.53811,-2.01053,0,0.0220247,1.55874,1.14913,-2.53811,-2.01866,0,-0.0101258,1.55874,1.14553,-2.53811,-2.02422
0,0.0219295,1.55267,1.15551,-2.52901,-2.00792,0,-0.0084098,1.55267,1.15703,-2.52901,-2.01053,0,0.0220247,1.55267,1.14913,-2.52901,-2.01866,0,-0.0101258,1.55267,1.14553,-2.52901,-2.02422
0,0.0219295,1.54654,1.15551,-2.51981,-2.00792,0,-0.0084098,1.54654,1.15703,-2.51981,-2.01053,0,0.0220247,1.54654,1.14913,-2.51981,-2.01866,0,-0.0101258,1.54654,1.14553,-2.51981,-2.02422
0,0.0219295,1.54036,1.15551,-2.51054,-2.00792,0,-0.0084098,1.54036,1.15703,-2.51054,-2.01053,0,0.0220247,1.54036,1.14913,-2.51054,-2.01866,0,-0.0101258,1.54036,1.14553,-2.51054,-2.02422
0,0.0219295,1.53412,1.15551,-2.50119,-2.00792,0,-0.0084098,1.53412,1.15703,-2.50119,-2.01053,0,0.0220247,1.53412,1.14913,-2.50119,-2.01866,0,-0.0101258,1.53412,1.14553,-2.50119,-2.02422
0,0.0219295,1.52784,1.15551,-2.49175,-2.00792,0,-0.0084098,1.52784,1.15703,-2.49175,-2.01053,0,0.0220247,1.52784,1.14913,-2.49175,-2.01866,0,-0.0101258,1.52784,1.14553,-2.49175,-2.02422
0,0.0219295,1.52149,1.15551,-2.48224,-2.00792,0,-0.0084098,1.52149,1.15703,-2.48224,-2.01053,0,0.0220247,1.52149,1.14913,-2.48224,-2.01866,0,-0.0101258,1.52149,1.14553,-2.48224,-2.02422
0,0.0219295,1.5151,1.15551,-2.47266,-2.00792,0,-0.0084098,1.5151,1.15703,-2.47266,-2.01053,0,0.0220247,1.5151,1.14913,-2.47266,-2.01866,0,-0.0101258,1.5151,1.14553,-2.47266,-2.02422
0,0.0219295,1.50866,1.15551,-2.463,-2.00792,0,-0.0084098,1.50866,1.15703,-2.463,-2.01053,0,0.0220247,1.50866,1.14913,-2.463,-2.01866,0,-0.0101258,1.50866,1.14553,-2.463,-2.02422
0,0.0219295,1.50217,1.15551,-2.45326,-2.00792,0,-0.0084098,1.50217,1.15703,-2.45326,-2.01053,0,0.0220247,1.50217,1.14913,-2.45326,-2.01866,0,-0.0101258,1.50217,1.14553,-2.45326,-2.02422
0,0.0219295,1.49564,1.15551,-2.44345,-2.00792,0,-0.0084098,1.49564,1.15703,-2.44345,-2.01053,0,0.0220247,1.49564,1.14913,-2.44345,-2.01866,0,-0.0101258,1.49564,1.14553,-2.44345,-2.02422
0,0.0219295,1.48905,1.15551,-2.43358,-2.00792,0,-0.0084098,1.48905,1.15703,-2.43358,-2.01053,0,0.0220247,1.48905,1.14913,-2.43358,-2.01866,0,-0.0101258,1.48905,1.14553,-2.43358,-2.02422
0,0.0219295,1.48242,1.15551,-2.42363,-2.00792,0,-0.0084098,1.48242,1.15703,-2.42363,-2.01053,0,0.0220247,1.48242,1.14913,-2.42363,-2.01866,0,-0.0101258,1.48242,1.14553,-2.42363,-2.02422
0,0.0219295,1.47575,1.15551,-2.41362,-2.00792,0,-0.0084098,1.47575,1.15703,-2.41362,-2.01053,0,0.0220247,1.47575,1.14913,-2.41362,-2.01866,0,-0.0101258,1.47575,1.14553,-2.41362,-2.02422
0,0.0219295,1.46903,1.15551,-2.40354,-2.00792,0,-0.0084098,1.46903,1.15703,-2.40354,-2.01053,0,0.0220247,1.46903,1.14913,-2.40354,-2.01866,0,-0.0101258,1.46903,1.14553,-2.40354,-2.02422
0,0.0219295,1.46227,1.15551,-2.3934,-2.00792,0,-0.0084098,1.46227,1.15703,-2.3934,-2.01053,0,0.0220247,1.46227,1.14913,-2.3934,-2.01866,0,-0.0101258,1.46227,1.14553,-2.3934,-2.02422
0,0.0219295,1.45547,1.15551,-2.3832,-2.00792,0,-0.0084098,1.45547,1.15703,-2.3832,-2.01053,0,0.0220247,1.45547,1.14913,-2.3832,-2.01866,0,-0.0101258,1.45547,1.14553,-2.3832,-2.02422
0,0.0219295,1.44862,1.15551,-2.37294,-2.00792,0,-0.0084098,1.44862,1.15703,-2.37294,-2.01053,0,0.0220247,1.44862,1.14913,-2.37294,-2.01866,0,-0.0101258,1.44862,1.14553,-2.37294,-2.02422
0,0.0219295,1.44174,1.15551,-2.36262,-2.00792,0,-0.0084098,1.44174,1.15703,-2.36262,-2.01053,0,0.0220247,1.44174,1.14913,-2.36262,-2.01866,0,-0.0101258,1.44174,1.14553,-2.36262,-2.02422
0,0.0219295,1.43482,1.15551,-2.35223,-2.00792,0,-0.0084098,1.43482,1.15703,-2.35223,-2.01053,0,0.0220247,1.43482,1.14913,-2.35223,-2.01866,0,-0.0101258,1.43482,1.14553,-2.35223,-2.02422
0,0.0219295,1.42787,1.15551,-2.3418,-2.00792,0,-0.0084098,1.42787,1.15703,-2.3418,-2.01053,0,0.0220247,1.42787,1.14913,-2.3418,-2.01866,0,-0.0101258,1.42787,1.14553,-2.3418,-2.02422
0,0.0219295,1.42087,1.15551,-2.33131,-2.00792,0,-0.0084098,1.42087,1.15703,-2.33131,-2.01053,0,0.0220247,1.42087,1.14913,-2.33131,-2.01866,0,-0.0101258,1.42087,1.14553,-2.33131,-2.02422
0,0.0219295,1.41385,1.15551,-2.32077,-2.00792,0,-0.0084098,1.41385,1.15703,-2.32077,-2.01053,0,0.0220247,1.41385,1.14913,-2.32077,-2.01866,0,-0.0101258,1.41385,1.14553,-2.32077,-2.02422
0,0.0219295,1.40678,1.15551,-2.31018,-2.00792,0,-0.0084098,1.40678,1.15703,-2.31018,-2.01053,0,0.0220247,1.40678,1.14913,-2.31018,-2.01866,0,-0.0101258,1.40678,1.14553,-2.31018,-2.02422
0,0.0219295,1.39969,1.15551,-2.29954,-2.00792,0,-0.0084098,1.39969,1.15703,-2.29954,-2.01053,0,0.0220247,1.39969,1.14913,-2.29954,-2.01866,0,-0.0101258,1.39969,1.14553,-2.29954,-2.02422
0,0.0219295,1.39256,1.15551,-2.28885,-2.00792,0,-0.0084098,1.39256,1.15703,-2.28885,-2.01053,0,0.0220247,1.39256,1.14913,-2.28885,-2.01866,0,-0.0101258,1.39256,1.14553,-2.28885,-2.02422
0,0.0219295,1.38541,1.15551,-2.27811,-2.00792,0,-0.0084098,1.38541,1.15703,-2.27811,-2.01053,0,0.0220247,1.38541,1.14913,-2.27811,-2.01866,0,-0.0101258,1.38541,1.14553,-2.27811,-2.02422
0,0.0219295,1.37822,1.15551,-2.26734,-2.00792,0,-0.0084098,1.37822,1.15703,-2.26734,-2.01053,0,0.0220247,1.37822,1.14913,-2.26734,-2.01866,0,-0.0101258,1.37822,1.14553,-2.26734,-2.02422
0,0.0219295,1.37101,1.15551,-2.25652,-2.00792,0,-0.0084098,1.37101,1.15703,-2.25652,-2.01053,0,0.0220247,1.37101,1.14913,-2.25652,-2.01866,0,-0.0101258,1.37101,1.14553,-2.25652,-2.02422
0,0.0219295,1.36377,1.15551,-2.24565,-2.00792,0,-0.0084098,1.36377,1.15703,-2.24565,-2.01053,0,0.0220247,1.36377,1.14913,-2.24565,-2.01866,0,-0.0101258,1.36377,1.14553,-2.24565,-2.02422
0,0.0219295,1.3565,1.15551,-2.23476,-2.00792,0,-0.0084098,1.3565,1.15703,-2.23476,-2.01053,0,0.0220247,1.3565,1.14913,-2.23476,-2.01866,0,-0.0101258,1.3565,1.14553,-2.23476,-2.02422
0,0.0219295,1.34921,1.15551,-2.22382,-2.00792,0,-0.0084098,1.34921,1.15703,-2.22382,-2.01053,0,0.0220247,1.34921,1.14913,-2.22382,-2.01866,0,-0.0101258,1.34921,1.14553,-2.22382,-2.02422
0,0.0219295,1.3419,1.15551,-2.21285,-2.00792,0,-0.0084098,1.3419,1.15703,-2.21285,-2.01053,0,0.0220247,1.3419,1.14913,-2.21285,-2.01866,0,-0.0101258,1.3419,1.14553,-2.21285,-2.02422
0,0.0219295,1.33456,1.15551,-2.20184,-2.00792,0,-0.0084098,1.33456,1.15703,-2.20184,-2.01053,0,0.0220247,1.33456,1.14913,-2.20184,-2.01866,0,-0.0101258,1.33456,1.14553,-2.20184,-2.02422
0,0.0219295,1.3272,1.15551,-2.1908,-2.00792,0,-0.0084098,1.3272,1.15703,-2.1908,-2.01053,0,0.0220247,1.3272,1.14913,-2.1908,-2.01866,0,-0.0101258,1.3272,1.14553,-2.1908,-2.02422
0,0.0219295,1.31982,1.15551,-2.17974,-2.00792,0,-0.0084098,1.31982,1.15703,-2.17974,-2.01053,0,0.0220247,1.31982,1.14913,-2.17974,-2.01866,0,-0.0101258,1.31982,1.14553,-2.17974,-2.02422
0,0.0219295,1.31243,1.15551,-2.16864,-2.00792,0,-0.0084098,1.31243,1.15703,-2.16864,-2.01053,0,0.0220247,1.31243,1.14913,-2.16864,-2.01866,0,-0.0101258,1.31243,1.14553,-2.16864,-2.02422
0,0.0219295,1.30501,1.15551,-2.15752,-2.00792,0,-0.0084098,1.30501,1.15703,-2.15752,-2.01053,0,0.0220247,1.30501,1.14913,-2.15752,-2.01866,0,-0.0101258,1.30501,1.14553,-2.15752,-2.02422
0,0.0219295,1.29758,1.15551,-2.14637,-2.00792,0,-0.0084098,1.29758,1.15703,-2.14637,-2.01053,0,0.0220247,1.29758,1.14913,-2.14637,-2.01866,0,-0.0101258,1.29758,1.14553,-2.14637,-2.02422
0,0.0219295,1.29013,1.15551,-2.1352,-2.00792,0,-0.0084098,1.29013,1.15703,-2.1352,-2.01053,0,0.0220247,1.29013,1.14913,-2.1352,-2.01866,0,-0.0101258,1.29013,1.14553,-2.1352,-2.02422
0,0.0219295,1.28267,1.15551,-2.12401,-2.00792,0,-0.0084098,1.28267,1.15703,-2.12401,-2.01053,0,0.0220247,1.28267,1.14913,-2.12401,-2.01866,0,-0.0101258,1.28267,1.14553,-2.12401,-2.02422
0,0.0219295,1.2752,1.15551,-2.1128,-2.00792,0,-0.0084098,1.2752,1.15703,-2.1128,-2.01053,0,0.0220247,1.2752,1.14913,-2.1128,-2.01866,0,-0.0101258,1.2752,1.14553,-2.1128,-2.02422
0,0.0219295,1.26771,1.15551,-2.10157,-2.00792,0,-0.0084098,1.26771,1.15703,-2.10157,-2.01053,0,0.0220247,1.26771,1.14913,-2.10157,-2.01866,0,-0.0101258,1.26771,1.14553,-2.10157,-2.02422
0,0.0219295,1.26022,1.15551,-2.09032,-2.00792,0,-0.0084098,1.26022,1.15703,-2.09032,-2.01053,0,0.0220247,1.26022,1.14913,-2.09032,-2.01866,0,-0.0101258,1.26022,1.14553,-2.09032,-2.02422
0,0.0219295,1.25271,1.15551,-2.07906,-2.00792,0,-0.0084098,1.25271,1.15703,-2.07906,-2.01053,0,0.0220247,1.25271,1.14913,-2.07906,-2.01866,0,-0.0101258,1.25271,1.14553,-2.07906,-2.02422
0,0.0219295,1.24519,1.15551,-2.06779,-2.00792,0,-0.0084098,1.24519,1.15703,-2.06779,-2.01053,0,0.0220247,1.24519,1.14913,-2.06779,-2.01866,0,-0.0101258,1.24519,1.14553,-2.06779,-2.02422
0,0.0219295,1.23767,1.15551,-2.05651,-2.00792,0,-0.0084098,1.23767,1.15703,-2.05651,-2.01053,0,0.0220247,1.23767,1.14913,-2.05651,-2.01866,0,-0.0101258,1.23767,1.14553,-2.05651,-2.02422
0,0.0219295,1.23015,1.15551,-2.04522,-2.00792,0,-0.0084098,1.23015,1.15703,-2.04522,-2.01053,0,0.0220247,1.23015,1.14913,-2.04522,-2.01866,0,-0.0101258,1.23015,1.14553,-2.04522,-2.02422
0,0.0219295,1.22261,1.15551,-2.03392,-2.00792,0,-0.0084098,1.22261,1.15703,-2.03392,-2.01053,0,0.0220247,1.22261,1.14913,-2.03392,-2.01866,0,-0.0101258,1.22261,1.14553,-2.03392,-2.02422
0,0.0219295,1.21508,1.15551,-2.02261,-2.00792,0,-0.0084098,1.21508,1.15703,-2.02261,-2.01053,0,0.0220247,1.21508,1.14913,-2.02261,-2.01866,0,-0.0101258,1.21508,1.14553,-2.02261,-2.02422
0,0.0219295,1.20754,1.15551,-2.01131,-2.00792,0,-0.0084098,1.20754,1.15703,-2.01131,-2.01053,0,0.0220247,1.20754,1.14913,-2.01131,-2.01866,0,-0.0101258,1.20754,1.14553,-2.01131,-2.02422
0,0.0219295,1.2,1.15551,-2,-2.00792,0,-0.0084098,1.2,1.15703,-2,-2.01053,0,0.0220247,1.2,1.14913,-2,-2.01866,0,-0.0101258,1.2,1.14553,-2,-2.02422
0,0.0219295,1.19246,1.15551,-1.98869,-2.00792,0,-0.0084098,1.19246,1.15703,-1.98869,-2.01053,0,0.0220247,1.19246,1.14913,-1.98869,-2.01866,0,-0.0101258,1.19246,1.14553,-1.98869,-2.02422
0,0.0219295,1.18492,1.15551,-1.97738,-2.00792,0,-0.0084098,1.18492,1.15703,-1.97738,-2.01053,0,0.0220247,1.18492,1.14913,-1.97738,-2.01866,0,-0.0101258,1.18492,1.14553,-1.97738,-2.02422
0,0.0219295,1.17738,1.15551,-1.96608,-2.00792,0,-0.0084098,1.17738,1.15703,-1.96608,-2.01053,0,0.0220247,1.17738,1.14913,-1.96608,-2.01866,0,-0.0101258,1.17738,1.14553,-1.96608,-2.02422
0,0.0219295,1.16985,1.15551,-1.95478,-2.00792,0,-0.0084098,1.16985,1.15703,-1.95478,-2.01053,0,0.0220247,1.16985,1.14913,-1.95478,-2.01866,0,-0.0101258,1.16985,1.14553,-1.95478,-2.02422
0,0.0219295,1.16232,1.15551,-1.94349,-2.00792,0,-0.0084098,1.16232,1.15703,-1.94349,-2.01053,0,0.0220247,1.16232,1.14913,-1.94349,-2.01866,0,-0.0101258,1.16232,1.14553,-1.94349,-2.02422
0,0.0219295,1.1548,1.15551,-1.9322,-2.00792,0,-0.0084098,1.1548,1.15703,-1.9322,-2.01053,0,0.0220247,1.1548,1.14913,-1.9322,-2.01866,0,-0.0101258,1.1548,1.14553,-1.9322,-2.02422
0,0.0219295,1.14729,1.15551,-1.92093,-2.00792,0,-0.0084098,1.14729,1.15703,-1.92093,-2.01053,0,0.0220247,1.14729,1.14913,-1.92093,-2.01866,0,-0.0101258,1.14729,1.14553,-1.92093,-2.02422
0,0.0219295,1.13978,1.15551,-1.90967,-2.00792,0,-0.0084098,1.13978,1.15703,-1.90967,-2.01053,0,0.0220247,1.13978,1.14913,-1.90967,-2.01866,0,-0.0101258,1.13978,1.14553,-1.90967,-2.02422
0,0.0219295,1.13229,1.15551,-1.89843,-2.00792,0,-0.0084098,1.13229,1.15703,-1.89843,-2.01053,0,0.0220247,1.13229,1.14913,-1.89843,-2.01866,0,-0.0101258,1.13229,1.14553,-1.89843,-2.02422
0,0.0219295,1.1248,1.15551,-1.8872,-2.00792,0,-0.0084098,1.1248,1.15703,-1.8872,-2.01053,0,0.0220247,1.1248,1.14913,-1.8872,-2.01866,0,-0.0101258,1.1248,1.14553,-1.8872,-2.02422
0,0.0219295,1.11732,1.15551,-1.87599,-2.00792,0,-0.0084098,1.11732,1.15703,-1.87599,-2.01053,0,0.0220247,1.11732,1.14913,-1.87599,-2.01866,0,-0.0101258,1.11732,1.14553,-1.87599,-2.02422
0,0.0219295,1.10986,1.15551,-1.86479,-2.00792,0,-0.0084098,1.10986,1.15703,-1.86479,-2.01053,0,0.0220247,1.10986,1.14913,-1.86479,-2.01866,0,-0.0101258,1.10986,1.14553,-1.86479,-2.02422
0,0.0219295,1.10242,1.15551,-1.85363,-2.00792,0,-0.0084098,1.10242,1.15703,-1.85363,-2.01053,0,0.0220247,1.10242,1.14913,-1.85363,-2.01866,0,-0.0101258,1.10242,1.14553,-1.85363,-2.02422
0,0.0219295,1.09498,1.15551,-1.84248,-2.00792,0,-0.0084098,1.09498,1.15703,-1.84248,-2.01053,0,0.0220247,1.09498,1.14913,-1.84248,-2.01866,0,-0.0101258,1.09498,1.14553,-1.84248,-2.02422
0,0.0219295,1.08757,1.15551,-1.83135,-2.00792,0,-0.0084098,1.08757,1.15703,-1.83135,-2.01053,0,0.0220247,1.08757,1.14913,-1.83135,-2.01866,0,-0.0101258,1.08757,1.14553,-1.83135,-2.02422
0,0.0219295,1.08017,1.15551,-1.82026,-2.00792,0,-0.0084098,1.08017,1.15703,-1.82026,-2.01053,0,0.0220247,1.08017,1.14913,-1.82026,-2.01866,0,-0.0101258,1.08017,1.14553,-1.82026,-2.02422
0,0.0219295,1.07279,1.15551,-1.80919,-2.00792,0,-0.0084098,1.07279,1.15703,-1.80919,-2.01053,0,0.0220247,1.07279,1.14913,-1.80919,-2.01866,0,-0.0101258,1.07279,1.14553,-1.80919,-2.02422
0,0.0219295,1.06544,1.15551,-1.79815,-2.00792,0,-0.0084098,1.06544,1.15703,-1.79815,-2.01053,0,0.0220247,1.06544,1.14913,-1.79815,-2.01866,0,-0.0101258,1.06544,1.14553,-1.79815,-2.02422
0,0.0219295,1.0581,1.15551,-1.78715,-2.00792,0,-0.0084098,1.0581,1.15703,-1.78715,-2.01053,0,0.0220247,1.0581,1.14913,-1.78715,-2.01866,0,-0.0101258,1.0581,1.14553,-1.78715,-2.02422
0,0.0219295,1.05078,1.15551,-1.77618,-2.00792,0,-0.0084098,1.05078,1.15703,-1.77618,-2.01053,0,0.0220247,1.05078,1.14913,-1.77618,-2.01866,0,-0.0101258,1.05078,1.14553,-1.77618,-2.02422
0,0.0219295,1.04349,1.15551,-1.76524,-2.00792,0,-0.0084098,1.04349,1.15703,-1.76524,-2.01053,0,0.0220247,1.04349,1.14913,-1.76524,-2.01866,0,-0.0101258,1.04349,1.14553,-1.76524,-2.02422
0,0.0219295,1.03623,1.15551,-1.75434,-2.00792,0,-0.0084098,1.03623,1.15703,-1.75434,-2.01053,0,0.0220247,1.03623,1.14913,-1.75434,-2.01866,0,-0.0101258,1.03623,1.14553,-1.75434,-2.02422
0,0.0219295,1.02899,1.15551,-1.74348,-2.00792,0,-0.0084098,1.02899,1.15703,-1.74348,-2.01053,0,0.0220247,1.02899,1.14913,-1.74348,-2.01866,0,-0.0101258,1.02899,1.14553,-1.74348,-2.02422
0,0.0219295,1.02177,1.15551,-1.73266,-2.00792,0,-0.0084098,1.02177,1.15703,-1.73266,-2.01053,0,0.0220247,1.02177,1.14913,-1.73266,-2.01866,0,-0.0101258,1.02177,1.14553,-1.73266,-2.02422
0,0.0219295,1.01459,1.15551,-1.72188,-2.00792,0,-0.0084098,1.01459,1.15703,-1.72188,-2.01053,0,0.0220247,1.01459,1.14913,-1.72188,-2.01866,0,-0.0101258,1.01459,1.14553,-1.72188,-2.02422
0,0.0219295,1.00743,1.15551,-1.71115,-2.00792,0,-0.0084098,1.00743,1.15703,-1.71115,-2.01053,0,0.0220247,1.00743,1.14913,-1.71115,-2.01866,0,-0.0101258,1.00743,1.14553,-1.71115,-2.02422
0,0.0219295,1.00031,1.15551,-1.70046,-2.00792,0,-0.0084098,1.00031,1.15703,-1.70046,-2.01053,0,0.0220247,1.00031,1.14913,-1.70046,-2.01866,0,-0.0101258,1.00031,1.14553,-1.70046,-2.02422
0,0.0219295,0.993213,1.15551,-1.68982,-2.00792,0,-0.0084098,0.993213,1.15703,-1.68982,-2.01053,0,0.0220247,0.993213,1.14913,-1.68982,-2.01866,0,-0.0101258,0.993213,1.14553,-1.68982,-2.02422
0,0.0219295,0.986152,1.15551,-1.67923,-2.00792,0,-0.0084098,0.986152,1.15703,-1.67923,-2.01053,0,0.0220247,0.986152,1.14913,-1.67923,-2.01866,0,-0.0101258,0.986152,1.14553,-1.67923,-2.02422
0,0.0219295,0.979123,1.15551,-1.66868,-2.00792,0,-0.0084098,0.979123,1.15703,-1.66868,-2.01053,0,0.0220247,0.979123,1.14913,-1.66868,-2.01866,0,-0.0101258,0.979123,1.14553,-1.66868,-2.02422
0,0.0219295,0.972131,1.15551,-1.6582,-2.00792,0,-0.0084098,0.972131,1.15703,-1.6582,-2.01053,0,0.0220247,0.972131,1.14913,-1.6582,-2.01866,0,-0.0101258,0.972131,1.14553,-1.6582,-2.02422
0,0.0219295,0.965174,1.15551,-1.64776,-2.00792,0,-0.0084098,0.965174,1.15703,-1.64776,-2.01053,0,0.0220247,0.965174,1.14913,-1.64776,-2.01866,0,-0.0101258,0.965174,1.14553,-1.64776,-2.02422
0,0.0219295,0.958256,1.15551,-1.63738,-2.00792,0,-0.0084098,0.958256,1.15703,-1.63738,-2.01053,0,0.0220247,0.958256,1.14913,-1.63738,-2.01866,0,-0.0101258,0.958256,1.14553,-1.63738,-2.02422
0,0.0219295,0.951373,1.15551,-1.62706,-2.00792,0,-0.0084098,0.951373,1.15703,-1.62706,-2.01053,0,0.0220247,0.951373,1.14913,-1.62706,-2.01866,0,-0.0101258,0.951373,1.14553,-1.62706,-2.02422
0,0.0219295,0.944531,1.15551,-1.6168,-2.00792,0,-0.0084098,0.944531,1.15703,-1.6168,-2.01053,0,0.0220247,0.944531,1.14913,-1.6168,-2.01866,0,-0.0101258,0.944531,1.14553,-1.6168,-2.02422
0,0.0219295,0.93773,1.15551,-1.60659,-2.00792,0,-0.0084098,0.93773,1.15703,-1.60659,-2.01053,0,0.0220247,0.93773,1.14913,-1.60659,-2.01866,0,-0.0101258,0.93773,1.14553,-1.60659,-2.02422
0,0.0219295,0.930969,1.15551,-1.59645,-2.00792,0,-0.0084098,0.930969,1.15703,-1.59645,-2.01053,0,0.0220247,0.930969,1.14913,-1.59645,-2.01866,0,-0.0101258,0.930969,1.14553,-1.59645,-2.02422
0,0.0219295,0.924251,1.15551,-1.58638,-2.00792,0,-0.0084098,0.924251,1.15703,-1.58638,-2.01053,0,0.0220247,0.924251,1.14913,-1.58638,-2.01866,0,-0.0101258,0.924251,1.14553,-1.58638,-2.02422
0,0.0219295,0.917577,1.15551,-1.57637,-2.00792,0,-0.0084098,0.917577,1.15703,-1.57637,-2.01053,0,0.0220247,0.917577,1.14913,-1.57637,-2.01866,0,-0.0101258,0.917577,1.14553,-1.57637,-2.02422
0,0.0219295,0.910946,1.15551,-1.56642,-2.00792,0,-0.0084098,0.910946,1.15703,-1.56642,-2.01053,0,0.0220247,0.910946,1.14913,-1.56642,-2.01866,0,-0.0101258,0.910946,1.14553,-1.56642,-2.02422
0,0.0219295,0.904362,1.15551,-1.55654,-2.00792,0,-0.0084098,0.904362,1.15703,-1.55654,-2.01053,0,0.0220247,0.904362,1.14913,-1.55654,-2.01866,0,-0.0101258,0.904362,1.14553,-1.55654,-2.02422
0,0.0219295,0.897826,1.15551,-1.54674,-2.00792,0,-0.0084098,0.897826,1.15703,-1.54674,-2.01053,0,0.0220247,0.897826,1.14913,-1.54674,-2.01866,0,-0.0101258,0.897826,1.14553,-1.54674,-2.02422
0,0.0219295,0.891334,1.15551,-1.537,-2.00792,0,-0.0084098,0.891334,1.15703,-1.537,-2.01053,0,0.0220247,0.891334,1.14913,-1.537,-2.01866,0,-0.0101258,0.891334,1.14553,-1.537,-2.02422
0,0.0219295,0.884894,1.15551,-1.52734,-2.00792,0,-0.0084098,0.884894,1.15703,-1.52734,-2.01053,0,0.0220247,0.884894,1.14913,-1.52734,-2.01866,0,-0.0101258,0.884894,1.14553,-1.52734,-2.02422
0,0.0219295,0.878503,1.15551,-1.51775,-2.00792,0,-0.0084098,0.878503,1.15703,-1.51775,-2.01053,0,0.0220247,0.878503,1.14913,-1.51775,-2.01866,0,-0.0101258,0.878503,1.14553,-1.51775,-2.02422
0,0.0219295,0.872163,1.15551,-1.50824,-2.00792,0,-0.0084098,0.872163,1.15703,-1.50824,-2.01053,0,0.0220247,0.872163,1.14913,-1.50824,-2.01866,0,-0.0101258,0.872163,1.14553,-1.50824,-2.02422
0,0.0219295,0.865873,1.15551,-1.49881,-2.00792,0,-0.0084098,0.865873,1.15703,-1.49881,-2.01053,0,0.0220247,0.865873,1.14913,-1.49881,-2.01866,0,-0.0101258,0.865873,1.14553,-1.49881,-2.02422
0,0.0219295,0.859638,1.15551,-1.48946,-2.00792,0,-0.0084098,0.859638,1.15703,-1.48946,-2.01053,0,0.0220247,0.859638,1.14913,-1.48946,-2.01866,0,-0.0101258,0.859638,1.14553,-1.48946,-2.02422
0,0.0219295,0.853456,1.15551,-1.48018,-2.00792,0,-0.0084098,0.853456,1.15703,-1.48018,-2.01053,0,0.0220247,0.853456,1.14913,-1.48018,-2.01866,0,-0.0101258,0.853456,1.14553,-1.48018,-2.02422
0,0.0219295,0.847327,1.15551,-1.47099,-2.00792,0,-0.0084098,0.847327,1.15703,-1.47099,-2.01053,0,0.0220247,0.847327,1.14913,-1.47099,-2.01866,0,-0.0101258,0.847327,1.14553,-1.47099,-2.02422
0,0.0219295,0.841256,1.15551,-1.46188,-2.00792,0,-0.0084098,0.841256,1.15703,-1.46188,-2.01053,0,0.0220247,0.841256,1.14913,-1.46188,-2.01866,0,-0.0101258,0.841256,1.14553,-1.46188,-2.02422
0,0.0219295,0.835241,1.15551,-1.45286,-2.00792,0,-0.0084098,0.835241,1.15703,-1.45286,-2.01053,0,0.0220247,0.835241,1.14913,-1.45286,-2.01866,0,-0.0101258,0.835241,1.14553,-1.45286,-2.02422
0,0.0219295,0.829283,1.15551,-1.44392,-2.00792,0,-0.0084098,0.829283,1.15703,-1.44392,-2.01053,0,0.0220247,0.829283,1.14913,-1.44392,-2.01866,0,-0.0101258,0.829283,1.14553,-1.44392,-2.02422
0,0.0219295,0.823384,1.15551,-1.43508,-2.00792,0,-0.0084098,0.823384,1.15703,-1.43508,-2.01053,0,0.0220247,0.823384,1.14913,-1.43508,-2.01866,0,-0.0101258,0.823384,1.14553,-1.43508,-2.02422
0,0.0219295,0.817545,1.15551,-1.42632,-2.00792,0,-0.0084098,0.817545,1.15703,-1.42632,-2.01053,0,0.0220247,0.817545,1.14913,-1.42632,-2.01866,0,-0.0101258,0.817545,1.14553,-1.42632,-2.02422
0,0.0219295,0.811766,1.15551,-1.41765,-2.00792,0,-0.0084098,0.811766,1.15703,-1.41765,-2.01053,0,0.0220247,0.811766,1.14913,-1.41765,-2.01866,0,-0.0101258,0.811766,1.14553,-1.41765,-2.02422
0,0.0219295,0.806047,1.15551,-1.40907,-2.00792,0,-0.0084098,0.806047,1.15703,-1.40907,-2.01053,0,0.0220247,0.806047,1.14913,-1.40907,-2.01866,0,-0.0101258,0.806047,1.14553,-1.40907,-2.02422
0,0.0219295,0.800392,1.15551,-1.40059,-2.00792,0,-0.0084098,0.800392,1.15703,-1.40059,-2.01053,0,0.0220247,0.800392,1.14913,-1.40059,-2.01866,0,-0.0101258,0.800392,1.14553,-1.40059,-2.02422
0,0.0219295,0.7948,1.15551,-1.3922,-2.00792,0,-0.0084098,0.7948,1.15703,-1.3922,-2.01053,0,0.0220247,0.7948,1.14913,-1.3922,-2.01866,0,-0.0101258,0.7948,1.14553,-1.3922,-2.02422
0,0.0219295,0.789271,1.15551,-1.38391,-2.00792,0,-0.0084098,0.789271,1.15703,-1.38391,-2.01053,0,0.0220247,0.789271,1.14913,-1.38391,-2.01866,0,-0.0101258,0.789271,1.14553,-1.38391,-2.02422
0,0.0219295,0.783807,1.15551,-1.37571,-2.00792,0,-0.0084098,0.783807,1.15703,-1.37571,-2.01053,0,0.0220247,0.783807,1.14913,-1.37571,-2.01866,0,-0.0101258,0.783807,1.14553,-1.37571,-2.02422
0,0.0219295,0.77841,1.15551,-1.36761,-2.00792,0,-0.0084098,0.77841,1.15703,-1.36761,-2.01053,0,0.0220247,0.77841,1.14913,-1.36761,-2.01866,0,-0.0101258,0.77841,1.14553,-1.36761,-2.02422
0,0.0219295,0.773077,1.15551,-1.35962,-2.00792,0,-0.0084098,0.773077,1.15703,-1.35962,-2.01053,0,0.0220247,0.773077,1.14913,-1.35962,-2.01866,0,-0.0101258,0.773077,1.14553,-1.35962,-2.02422
0,0.0219295,0.767813,1.15551,-1.35172,-2.00792,0,-0.0084098,0.767813,1.15703,-1.35172,-2.01053,0,0.0220247,0.767813,1.14913,-1.35172,-2.01866,0,-0.0101258,0.767813,1.14553,-1.35172,-2.02422
0,0.0219295,0.762618,1.15551,-1.34393,-2.00792,0,-0.0084098,0.762618,1.15703,-1.34393,-2.01053,0,0.0220247,0.762618,1.14913,-1.34393,-2.01866,0,-0.0101258,0.762618,1.14553,-1.34393,-2.02422
0,0.0219295,0.757491,1.15551,-1.33624,-2.00792,0,-0.0084098,0.757491,1.15703,-1.33624,-2.01053,0,0.0220247,0.757491,1.14913,-1.33624,-2.01866,0,-0.0101258,0.757491,1.14553,-1.33624,-2.02422
0,0.0219295,0.752434,1.15551,-1.32865,-2.00792,0,-0.0084098,0.752434,1.15703,-1.32865,-2.01053,0,0.0220247,0.752434,1.14913,-1.32865,-2.01866,0,-0.0101258,0.752434,1.14553,-1.32865,-2.02422
0,0.0219295,0.747448,1.15551,-1.32117,-2.00792,0,-0.0084098,0.747448,1.15703,-1.32117,-2.01053,0,0.0220247,0.747448,1.14913,-1.32117,-2.01866,0,-0.0101258,0.747448,1.14553,-1.32117,-2.02422
0,0.0219295,0.742534,1.15551,-1.3138,-2.00792,0,-0.0084098,0.742534,1.15703,-1.3138,-2.01053,0,0.0220247,0.742534,1.14913,-1.3138,-2.01866,0,-0.0101258,0.742534,1.14553,-1.3138,-2.02422
0,0.0219295,0.737691,1.15551,-1.30654,-2.00792,0,-0.0084098,0.737691,1.15703,-1.30654,-2.01053,0,0.0220247,0.737691,1.14913,-1.30654,-2.01866,0,-0.0101258,0.737691,1.14553,-1.30654,-2.02422
0,0.0219295,0.732922,1.15551,-1.29938,-2.00792,0,-0.0084098,0.732922,1.15703,-1.29938,-2.01053,0,0.0220247,0.732922,1.14913,-1.29938,-2.01866,0,-0.0101258,0.732922,1.14553,-1.29938,-2.02422
0,0.0219295,0.728227,1.15551,-1.29234,-2.00792,0,-0.0084098,0.728227,1.15703,-1.29234,-2.01053,0,0.0220247,0.728227,1.14913,-1.29234,-2.01866,0,-0.0101258,0.728227,1.14553,-1.29234,-2.02422
0,0.0219295,0.723604,1.15551,-1.28541,-2.00792,0,-0.0084098,0.723604,1.15703,-1.28541,-2.01053,0,0.0220247,0.723604,1.14913,-1.28541,-2.01866,0,-0.0101258,0.723604,1.14553,-1.28541,-2.02422
0,0.0219295,0.719059,1.15551,-1.27859,-2.00792,0,-0.0084098,0.719059,1.15703,-1.27859,-2.01053,0,0.0220247,0.719059,1.14913,-1.27859,-2.01866,0,-0.0101258,0.719059,1.14553,-1.27859,-2.02422
0,0.0219295,0.714589,1.15551,-1.27188,-2.00792,0,-0.0084098,0.714589,1.15703,-1.27188,-2.01053,0,0.0220247,0.714589,1.14913,-1.27188,-2.01866,0,-0.0101258,0.714589,1.14553,-1.27188,-2.02422
0,0.0219295,0.710195,1.15551,-1.26529,-2.00792,0,-0.0084098,0.710195,1.15703,-1.26529,-2.01053,0,0.0220247,0.710195,1.14913,-1.26529,-2.01866,0,-0.0101258,0.710195,1.14553,-1.26529,-2.02422
0,0.0219295,0.70588,1.15551,-1.25882,-2.00792,0,-0.0084098,0.70588,1.15703,-1.25882,-2.01053,0,0.0220247,0.70588,1.14913,-1.25882,-2.01866,0,-0.0101258,0.70588,1.14553,-1.25882,-2.02422
0,0.0219295,0.701642,1.15551,-1.25246,-2.00792,0,-0.0084098,0.701642,1.15703,-1.25246,-2.01053,0,0.0220247,0.701642,1.14913,-1.25246,-2.01866,0,-0.0101258,0.701642,1.14553,-1.25246,-2.02422
0,0.0219295,0.697483,1.15551,-1.24622,-2.00792,0,-0.0084098,0.697483,1.15703,-1.24622,-2.01053,0,0.0220247,0.697483,1.14913,-1.24622,-2.01866,0,-0.0101258,0.697483,1.14553,-1.24622,-2.02422
0,0.0219295,0.693403,1.15551,-1.2401,-2.00792,0,-0.0084098,0.693403,1.15703,-1.2401,-2.01053,0,0.0220247,0.693403,1.14913,-1.2401,-2.01866,0,-0.0101258,0.693403,1.14553,-1.2401,-2.02422
0,0.0219295,0.689403,1.15551,-1.2341,-2.00792,0,-0.0084098,0.689403,1.15703,-1.2341,-2.01053,0,0.0220247,0.689403,1.14913,-1.2341,-2.01866,0,-0.0101258,0.689403,1.14553,-1.2341,-2.02422
0,0.0219295,0.685484,1.15551,-1.22823,-2.00792,0,-0.0084098,0.685484,1.15703,-1.22823,-2.01053,0,0.0220247,0.685484,1.14913,-1.22823,-2.01866,0,-0.0101258,0.685484,1.14553,-1.22823,-2.02422
0,0.0219295,0.681645,1.15551,-1.22247,-2.00792,0,-0.0084098,0.681645,1.15703,-1.22247,-2.01053,0,0.0220247,0.681645,1.14913,-1.22247,-2.01866,0,-0.0101258,0.681645,1.14553,-1.22247,-2.02422
0,0.0219295,0.677889,1.15551,-1.21683,-2.00792,0,-0.0084098,0.677889,1.15703,-1.21683,-2.01053,0,0.0220247,0.677889,1.14913,-1.21683,-2.01866,0,-0.0101258,0.677889,1.14553,-1.21683,-2.02422
0,0.0219295,0.674216,1.15551,-1.21132,-2.00792,0,-0.0084098,0.674216,1.15703,-1.21132,-2.01053,0,0.0220247,0.674216,1.14913,-1.21132,-2.01866,0,-0.0101258,0.674216,1.14553,-1.21132,-2.02422
0,0.0219295,0.670624,1.15551,-1.20594,-2.00792,0,-0.0084098,0.670624,1.15703,-1.20594,-2.01053,0,0.0220247,0.670624,1.14913,-1.20594,-2.01866,0,-0.0101258,0.670624,1.14553,-1.20594,-2.02422
0,0.0219295,0.667117,1.15551,-1.20068,-2.00792,0,-0.0084098,0.667117,1.15703,-1.20068,-2.01053,0,0.0220247,0.667117,1.14913,-1.20068,-2.01866,0,-0.0101258,0.667117,1.14553,-1.20068,-2.02422
0,0.0219295,0.663695,1.15551,-1.19554,-2.00792,0,-0.0084098,0.663695,1.15703,-1.19554,-2.01053,0,0.0220247,0.663695,1.14913,-1.19554,-2.01866,0,-0.0101258,0.663695,1.14553,-1.19554,-2.02422
0,0.0219295,0.660356,1.15551,-1.19053,-2.00792,0,-0.0084098,0.660356,1.15703,-1.19053,-2.01053,0,0.0220247,0.660356,1.14913,-1.19053,-2.01866,0,-0.0101258,0.660356,1.14553,-1.19053,-2.02422
0,0.0219295,0.657103,1.15551,-1.18565,-2.00792,0,-0.0084098,0.657103,1.15703,-1.18565,-2.01053,0,0.0220247,0.657103,1.14913,-1.18565,-2.01866,0,-0.0101258,0.657103,1.14553,-1.18565,-2.02422
0,0.0219295,0.653936,1.15551,-1.1809,-2.00792,0,-0.0084098,0.653936,1.15703,-1.1809,-2.01053,0,0.0220247,0.653936,1.14913,-1.1809,-2.01866,0,-0.0101258,0.653936,1.14553,-1.1809,-2.02422
0,0.0219295,0.650855,1.15551,-1.17628,-2.00792,0,-0.0084098,0.650855,1.15703,-1.17628,-2.01053,0,0.0220247,0.650855,1.14913,-1.17628,-2.01866,0,-0.0101258,0.650855,1.14553,-1.17628,-2.02422
0,0.0219295,0.64786,1.15551,-1.17179,-2.00792,0,-0.0084098,0.64786,1.15703,-1.17179,-2.01053,0,0.0220247,0.64786,1.14913,-1.17179,-2.01866,0,-0.0101258,0.64786,1.14553,-1.17179,-2.02422
0,0.0219295,0.644953,1.15551,-1.16743,-2.00792,0,-0.0084098,0.644953,1.15703,-1.16743,-2.01053,0,0.0220247,0.644953,1.14913,-1.16743,-2.01866,0,-0.0101258,0.644953,1.14553,-1.16743,-2.02422
0,0.0219295,0.642134,1.15551,-1.1632,-2.00792,0,-0.0084098,0.642134,1.15703,-1.1632,-2.01053,0,0.0220247,0.642134,1.14913,-1.1632,-2.01866,0,-0.0101258,0.642134,1.14553,-1.1632,-2.02422
0,0.0219295,0.639402,1.15551,-1.1591,-2.00792,0,-0.0084098,0.639402,1.15703,-1.1591,-2.01053,0,0.0220247,0.639402,1.14913,-1.1591,-2.01866,0,-0.0101258,0.639402,1.14553,-1.1591,-2.02422
0,0.0219295,0.636759,1.15551,-1.15514,-2.00792,0,-0.0084098,0.636759,1.15703,-1.15514,-2.01053,0,0.0220247,0.636759,1.14913,-1.15514,-2.01866,0,-0.0101258,0.636759,1.14553,-1.15514,-2.02422
0,0.0219295,0.634205,1.15551,-1.15131,-2.00792,0,-0.0084098,0.634205,1.15703,-1.15131,-2.01053,0,0.0220247,0.634205,1.14913,-1.15131,-2.01866,0,-0.0101258,0.634205,1.14553,-1.15131,-2.02422
0,0.0219295,0.63174,1.15551,-1.14761,-2.00792,0,-0.0084098,0.63174,1.15703,-1.14761,-2.01053,0,0.0220247,0.63174,1.14913,-1.14761,-2.01866,0,-0.0101258,0.63174,1.14553,-1.14761,-2.02422
0,0.0219295,0.629366,1.15551,-1.14405,-2.00792,0,-0.0084098,0.629366,1.15703,-1.14405,-2.01053,0,0.0220247,0.629366,1.14913,-1.14405,-2.01866,0,-0.0101258,0.629366,1.14553,-1.14405,-2.02422
0,0.0219295,0.627081,1.15551,-1.14062,-2.00792,0,-0.0084098,0.627081,1.15703,-1.14062,-2.01053,0,0.0220247,0.627081,1.14913,-1.14062,-2.01866,0,-0.0101258,0.627081,1.14553,-1.14062,-2.02422
0,0.0219295,0.624887,1.15551,-1.13733,-2.00792,0,-0.0084098,0.624887,1.15703,-1.13733,-2.01053,0,0.0220247,0.624887,1.14913,-1.13733,-2.01866,0,-0.0101258,0.624887,1.14553,-1.13733,-2.02422
0,0.0219295,0.622783,1.15551,-1.13417,-2.00792,0,-0.0084098,0.622783,1.15703,-1.13417,-2.01053,0,0.0220247,0.622783,1.14913,-1.13417,-2.01866,0,-0.0101258,0.622783,1.14553,-1.13417,-2.02422
0,0.0219295,0.620771,1.15551,-1.13116,-2.00792,0,-0.0084098,0.620771,1.15703,-1.13116,-2.01053,0,0.0220247,0.620771,1.14913,-1.13116,-2.01866,0,-0.0101258,0.620771,1.14553,-1.13116,-2.02422
0,0.0219295,0.61885,1.15551,-1.12828,-2.00792,0,-0.0084098,0.61885,1.15703,-1.12828,-2.01053,0,0.0220247,0.61885,1.14913,-1.12828,-2.01866,0,-0.0101258,0.61885,1.14553,-1.12828,-2.02422
0,0.0219295,0.61702,1.15551,-1.12553,-2.00792,0,-0.0084098,0.61702,1.15703,-1.12553,-2.01053,0,0.0220247,0.61702,1.14913,-1.12553,-2.01866,0,-0.0101258,0.61702,1.14553,-1.12553,-2.02422
0,0.0219295,0.615284,1.15551,-1.12293,-2.00792,0,-0.0084098,0.615284,1.15703,-1.12293,-2.01053,0,0.0220247,0.615284,1.14913,-1.12293,-2.01866,0,-0.0101258,0.615284,1.14553,-1.12293,-2.02422
0,0.0219295,0.613639,1.15551,-1.12046,-2.00792,0,-0.0084098,0.613639,1.15703,-1.12046,-2.01053,0,0.0220247,0.613639,1.14913,-1.12046,-2.01866,0,-0.0101258,0.613639,1.14553,-1.12046,-2.02422
0,0.0219295,0.612087,1.15551,-1.11813,-2.00792,0,-0.0084098,0.612087,1.15703,-1.11813,-2.01053,0,0.0220247,0.612087,1.14913,-1.11813,-2.01866,0,-0.0101258,0.612087,1.14553,-1.11813,-2.02422
0,0.0219295,0.610627,1.15551,-1.11594,-2.00792,0,-0.0084098,0.610627,1.15703,-1.11594,-2.01053,0,0.0220247,0.610627,1.14913,-1.11594,-2.01866,0,-0.0101258,0.610627,1.14553,-1.11594,-2.02422
0,0.0219295,0.609261,1.15551,-1.11389,-2.00792,0,-0.0084098,0.609261,1.15703,-1.11389,-2.01053,0,0.0220247,0.609261,1.14913,-1.11389,-2.01866,0,-0.0101258,0.609261,1.14553,-1.11389,-2.02422
0,0.0219295,0.607988,1.15551,-1.11198,-2.00792,0,-0.0084098,0.607988,1.15703,-1.11198,-2.01053,0,0.0220247,0.607988,1.14913,-1.11198,-2.01866,0,-0.0101258,0.607988,1.14553,-1.11198,-2.02422
0,0.0219295,0.606809,1.15551,-1.11021,-2.00792,0,-0.0084098,0.606809,1.15703,-1.11021,-2.01053,0,0.0220247,0.606809,1.14913,-1.11021,-2.01866,0,-0.0101258,0.606809,1.14553,-1.11021,-2.02422
0,0.0219295,0.605723,1.15551,-1.10858,-2.00792,0,-0.0084098,0.605723,1.15703,-1.10858,-2.01053,0,0.0220247,0.605723,1.14913,-1.10858,-2.01866,0,-0.0101258,0.605723,1.14553,-1.10858,-2.02422
0,0.0219295,0.604731,1.15551,-1.1071,-2.00792,0,-0.0084098,0.604731,1.15703,-1.1071,-2.01053,0,0.0220247,0.604731,1.14913,-1.1071,-2.01866,0,-0.0101258,0.604731,1.14553,-1.1071,-2.02422
0,0.0219295,0.603833,1.15551,-1.10575,-2.00792,0,-0.0084098,0.603833,1.15703,-1.10575,-2.01053,0,0.0220247,0.603833,1.14913,-1.10575,-2.01866,0,-0.0101258,0.603833,1.14553,-1.10575,-2.02422
0,0.0219295,0.603029,1.15551,-1.10454,-2.00792,0,-0.0084098,0.603029,1.15703,-1.10454,-2.01053,0,0.0220247,0.603029,1.14913,-1.10454,-2.01866,0,-0.0101258,0.603029,1.14553,-1.10454,-2.02422
0,0.0219295,0.60232,1.15551,-1.10348,-2.00792,0,-0.0084098,0.60232,1.15703,-1.10348,-2.01053,0,0.0220247,0.60232,1.14913,-1.10348,-2.01866,0,-0.0101258,0.60232,1.14553,-1.10348,-2.02422
0,0.0219295,0.601705,1.15551,-1.10256,-2.00792,0,-0.0084098,0.601705,1.15703,-1.10256,-2.01053,0,0.0220247,0.601705,1.14913,-1.10256,-2.01866,0,-0.0101258,0.601705,1.14553,-1.10256,-2.02422
0,0.0219295,0.601184,1.15551,-1.10178,-2.00792,0,-0.0084098,0.601184,1.15703,-1.10178,-2.01053,0,0.0220247,0.601184,1.14913,-1.10178,-2.01866,0,-0.0101258,0.601184,1.14553,-1.10178,-2.02422
0,0.0219295,0.600758,1.15551,-1.10114,-2.00792,0,-0.0084098,0.600758,1.15703,-1.10114,-2.01053,0,0.0220247,0.600758,1.14913,-1.10114,-2.01866,0,-0.0101258,0.600758,1.14553,-1.10114,-2.02422
0,0.0219295,0.600426,1.15551,-1.10064,-2.00792,0,-0.0084098,0.600426,1.15703,-1.10064,-2.01053,0,0.0220247,0.600426,1.14913,-1.10064,-2.01866,0,-0.0101258,0.600426,1.14553,-1.10064,-2.02422
0,0.0219295,0.60019,1.15551,-1.10028,-2.00792,0,-0.0084098,0.60019,1.15703,-1.10028,-2.01053,0,0.0220247,0.60019,1.14913,-1.10028,-2.01866,0,-0.0101258,0.60019,1.14553,-1.10028,-2.02422
0,0.0219295,0.600047,1.15551,-1.10007,-2.00792,0,-0.0084098,0.600047,1.15703,-1.10007,-2.01053,0,0.0220247,0.600047,1.14913,-1.10007,-2.01866,0,-0.0101258,0.600047,1.14553,-1.10007,-2.02422
0,0.0219295,0.6,1.15551,-1.1,-2.00792,0,-0.0084098,0.6,1.15703,-1.1,-2.01053,0,0.0220247,0.6,1.14913,-1.1,-2.01866,0,-0.0101258,0.6,1.14553,-1.1,-2.02422
0,0.0219295,0.600047,1.15551,-1.10007,-2.00792,0,-0.0084098,0.600047,1.15703,-1.10007,-2.01053,0,0.0220247,0.600047,1.14913,-1.10007,-2.01866,0,-0.0101258,0.600047,1.14553,-1.10007,-2.02422
0,0.0219295,0.60019,1.15551,-1.10028,-2.00792,0,-0.0084098,0.60019,1.15703,-1.10028,-2.01053,0,0.0220247,0.60019,1.14913,-1.10028,-2.01866,0,-0.0101258,0.60019,1.14553,-1.10028,-2.02422
0,0.0219295,0.600426,1.15551,-1.10064,-2.00792,0,-0.0084098,0.600426,1.15703,-1.10064,-2.01053,0,0.0220247,0.600426,1.14913,-1.10064,-2.01866,0,-0.0101258,0.600426,1.14553,-1.10064,-2.02422
0,0.0219295,0.600758,1.15551,-1.10114,-2.00792,0,-0.0084098,0.600758,1.15703,-1.10114,-2.01053,0,0.0220247,0.600758,1.14913,-1.10114,-2.01866,0,-0.0101258,0.600758,1.14553,-1.10114,-2.02422
0,0.0219295,0.601184,1.15551,-1.10178,-2.00792,0,-0.0084098,0.601184,1.15703,-1.10178,-2.01053,0,0.0220247,0.601184,1.14913,-1.10178,-2.01866,0,-0.0101258,0.601184,1.14553,-1.10178,-2.02422
0,0.0219295,0.601705,1.15551,-1.10256,-2.00792,0,-0.0084098,0.601705,1.15703,-1.10256,-2.01053,0,0.0220247,0.601705,1.14913,-1.10256,-2.01866,0,-0.0101258,0.601705,1.14553,-1.10256,-2.02422
0,0.0219295,0.60232,1.15551,-1.10348,-2.00792,0,-0.0084098,0.60232,1.15703,-1.10348,-2.01053,0,0.0220247,0.60232,1.14913,-1.10348,-2.01866,0,-0.0101258,0.60232,1.14553,-1.10348,-2.02422
0,0.0219295,0.60303,1.15551,-1.10454,-2.00792,0,-0.0084098,0.60303,1.15703,-1.10454,-2.01053,0,0.0220247,0.60303,1.14913,-1.10454,-2.01866,0,-0.0101258,0.60303,1.14553,-1.10454,-2.02422
0,0.0219295,0.603833,1.15551,-1.10575,-2.00792,0,-0.0084098,0.603833,1.15703,-1.10575,-2.01053,0,0.0220247,0.603833,1.14913,-1.10575,-2.01866,0,-0.0101258,0.603833,1.14553,-1.10575,-2.02422
0,0.0219295,0.604732,1.15551,-1.1071,-2.00792,0,-0.0084098,0.604732,1.15703,-1.1071,-2.01053,0,0.0220247,0.604732,1.14913,-1.1071,-2.01866,0,-0.0101258,0.604732,1.14553,-1.1071,-2.02422
0,0.0219295,0.605723,1.15551,-1.10859,-2.00792,0,-0.0084098,0.605723,1.15703,-1.10859,-2.01053,0,0.0220247,0.605723,1.14913,-1.10859,-2.01866,0,-0.0101258,0.605723,1.14553,-1.10859,-2.02422
0,0.0219295,0.606809,1.15551,-1.11021,-2.00792,0,-0.0084098,0.606809,1.15703,-1.11021,-2.01053,0,0.0220247,0.606809,1.14913,-1.11021,-2.01866,0,-0.0101258,0.606809,1.14553,-1.11021,-2.02422
0,0.0219295,0.607989,1.15551,-1.11198,-2.00792,0,-0.0084098,0.607989,1.15703,-1.11198,-2.01053,0,0.0220247,0.607989,1.14913,-1.11198,-2.01866,0,-0.0101258,0.607989,1.14553,-1.11198,-2.02422
0,0.0219295,0.609262,1.15551,-1.11389,-2.00792,0,-0.0084098,0.609262,1.15703,-1.11389,-2.01053,0,0.0220247,0.609262,1.14913,-1.11389,-2.01866,0,-0.0101258,0.609262,1.14553,-1.11389,-2.02422
0,0.0219295,0.610628,1.15551,-1.11594,-2.00792,0,-0.0084098,0.610628,1.15703,-1.11594,-2.01053,0,0.0220247,0.610628,1.14913,-1.11594,-2.01866,0,-0.0101258,0.610628,1.14553,-1.11594,-2.02422
0,0.0219295,0.612087,1.15551,-1.11813,-2.00792,0,-0.0084098,0.612087,1.15703,-1.11813,-2.01053,0,0.0220247,0.612087,1.14913,-1.11813,-2.01866,0,-0.0101258,0.612087,1.14553,-1.11813,-2.02422
0,0.0219295,0.61364,1.15551,-1.12046,-2.00792,0,-0.0084098,0.61364,1.15703,-1.12046,-2.01053,0,0.0220247,0.61364,1.14913,-1.12046,-2.01866,0,-0.0101258,0.61364,1.14553,-1.12046,-2.02422
0,0.0219295,0.615284,1.15551,-1.12293,-2.00792,0,-0.0084098,0.615284,1.15703,-1.12293,-2.01053,0,0.0220247,0.615284,1.14913,-1.12293,-2.01866,0,-0.0101258,0.615284,1.14553,-1.12293,-2.02422
0,0.0219295,0.617021,1.15551,-1.12553,-2.00792,0,-0.0084098,0.617021,1.15703,-1.12553,-2.01053,0,0.0220247,0.617021,1.14913,-1.12553,-2.01866,0,-0.0101258,0.617021,1.14553,-1.12553,-2.02422
0,0.0219295,0.618851,1.15551,-1.12828,-2.00792,0,-0.0084098,0.618851,1.15703,-1.12828,-2.01053,0,0.0220247,0.618851,1.14913,-1.12828,-2.01866,0,-0.0101258,0.618851,1.14553,-1.12828,-2.02422
0,0.0219295,0.620771,1.15551,-1.13116,-2.00792,0,-0.0084098,0.620771,1.15703,-1.13116,-2.01053,0,0.0220247,0.620771,1.14913,-1.13116,-2.01866,0,-0.0101258,0.620771,1.14553,-1.13116,-2.02422
0,0.0219295,0.622784,1.15551,-1.13418,-2.00792,0,-0.0084098,0.622784,1.15703,-1.13418,-2.01053,0,0.0220247,0.622784,1.14913,-1.13418,-2.01866,0,-0.0101258,0.622784,1.14553,-1.13418,-2.02422
0,0.0219295,0.624887,1.15551,-1.13733,-2.00792,0,-0.0084098,0.624887,1.15703,-1.13733,-2.01053,0,0.0220247,0.624887,1.14913,-1.13733,-2.01866,0,-0.0101258,0.624887,1.14553,-1.13733,-2.02422
0,0.0219295,0.627082,1.15551,-1.14062,-2.00792,0,-0.0084098,0.627082,1.15703,-1.14062,-2.01053,0,0.0220247,0.627082,1.14913,-1.14062,-2.01866,0,-0.0101258,0.627082,1.14553,-1.14062,-2.02422
0,0.0219295,0.629367,1.15551,-1.14405,-2.00792,0,-0.0084098,0.629367,1.15703,-1.14405,-2.01053,0,0.0220247,0.629367,1.14913,-1.14405,-2.01866,0,-0.0101258,0.629367,1.14553,-1.14405,-2.02422
0,0.0219295,0.631741,1.15551,-1.14761,-2.00792,0,-0.0084098,0.631741,1.15703,-1.14761,-2.01053,0,0.0220247,0.631741,1.14913,-1.14761,-2.01866,0,-0.0101258,0.631741,1.14553,-1.14761,-2.02422
0,0.0219295,0.634206,1.15551,-1.15131,-2.00792,0,-0.0084098,0.634206,1.15703,-1.15131,-2.01053,0,0.0220247,0.634206,1.14913,-1.15131,-2.01866,0,-0.0101258,0.634206,1.14553,-1.15131,-2.02422
0,0.0219295,0.63676,1.15551,-1.15514,-2.00792,0,-0.0084098,0.63676,1.15703,-1.15514,-2.01053,0,0.0220247,0.63676,1.14913,-1.15514,-2.01866,0,-0.0101258,0.63676,1.14553,-1.15514,-2.02422
0,0.0219295,0.639403,1.15551,-1.1591,-2.00792,0,-0.0084098,0.639403,1.15703,-1.1591,-2.01053,0,0.0220247,0.639403,1.14913,-1.1591,-2.01866,0,-0.0101258,0.639403,1.14553,-1.1591,-2.02422
0,0.0219295,0.642135,1.15551,-1.1632,-2.00792,0,-0.0084098,0.642135,1.15703,-1.1632,-2.01053,0,0.0220247,0.642135,1.14913,-1.1632,-2.01866,0,-0.0101258,0.642135,1.14553,-1.1632,-2.02422
0,0.0219295,0.644954,1.15551,-1.16743,-2.00792,0,-0.0084098,0.644954,1.15703,-1.16743,-2.01053,0,0.0220247,0.644954,1.14913,-1.16743,-2.01866,0,-0.0101258,0.644954,1.14553,-1.16743,-2.02422
0,0.0219295,0.647861,1.15551,-1.17179,-2.00792,0,-0.0084098,0.647861,1.15703,-1.17179,-2.01053,0,0.0220247,0.647861,1.14913,-1.17179,-2.01866,0,-0.0101258,0.647861,1.14553,-1.17179,-2.02422
0,0.0219295,0.650856,1.15551,-1.17628,-2.00792,0,-0.0084098,0.650856,1.15703,-1.17628,-2.01053,0,0.0220247,0.650856,1.14913,-1.17628,-2.01866,0,-0.0101258,0.650856,1.14553,-1.17628,-2.02422
0,0.0219295,0.653937,1.15551,-1.18091,-2.00792,0,-0.0084098,0.653937,1.15703,-1.18091,-2.01053,0,0.0220247,0.653937,1.14913,-1.18091,-2.01866,0,-0.0101258,0.653937,1.14553,-1.18091,-2.02422
0,0.0219295,0.657105,1.15551,-1.18566,-2.00792,0,-0.0084098,0.657105,1.15703,-1.18566,-2.01053,0,0.0220247,0.657105,1.14913,-1.18566,-2.01866,0,-0.0101258,0.657105,1.14553,-1.18566,-2.02422
0,0.0219295,0.660357,1.15551,-1.19054,-2.00792,0,-0.0084098,0.660357,1.15703,-1.19054,-2.01053,0,0.0220247,0.660357,1.14913,-1.19054,-2.01866,0,-0.0101258,0.660357,1.14553,-1.19054,-2.02422
0,0.0219295,0.663696,1.15551,-1.19554,-2.00792,0,-0.0084098,0.663696,1.15703,-1.19554,-2.01053,0,0.0220247,0.663696,1.14913,-1.19554,-2.01866,0,-0.0101258,0.663696,1.14553,-1.19554,-2.02422
0,0.0219295,0.667119,1.15551,-1.20068,-2.00792,0,-0.0084098,0.667119,1.15703,-1.20068,-2.01053,0,0.0220247,0.667119,1.14913,-1.20068,-2.01866,0,-0.0101258,0.667119,1.14553,-1.20068,-2.02422
0,0.0219295,0.670626,1.15551,-1.20594,-2.00792,0,-0.0084098,0.670626,1.15703,-1.20594,-2.01053,0,0.0220247,0.670626,1.14913,-1.20594,-2.01866,0,-0.0101258,0.670626,1.14553,-1.20594,-2.02422
0,0.0219295,0.674217,1.15551,-1.21133,-2.00792,0,-0.0084098,0.674217,1.15703,-1.21133,-2.01053,0,0.0220247,0.674217,1.14913,-1.21133,-2.01866,0,-0.0101258,0.674217,1.14553,-1.21133,-2.02422
0,0.0219295,0.67789,1.15551,-1.21684,-2.00792,0,-0.0084098,0.67789,1.15703,-1.21684,-2.01053,0,0.0220247,0.67789,1.14913,-1.21684,-2.01866,0,-0.0101258,0.67789,1.14553,-1.21684,-2.02422
0,0.0219295,0.681646,1.15551,-1.22247,-2.00792,0,-0.0084098,0.681646,1.15703,-1.22247,-2.01053,0,0.0220247,0.681646,1.14913,-1.22247,-2.01866,0,-0.0101258,0.681646,1.14553,-1.22247,-2.02422
0,0.0219295,0.685485,1.15551,-1.22823,-2.00792,0,-0.0084098,0.685485,1.15703,-1.22823,-2.01053,0,0.0220247,0.685485,1.14913,-1.22823,-2.01866,0,-0.0101258,0.685485,1.14553,-1.22823,-2.02422
0,0.0219295,0.689404,1.15551,-1.23411,-2.00792,0,-0.0084098,0.689404,1.15703,-1.23411,-2.01053,0,0.0220247,0.689404,1.14913,-1.23411,-2.01866,0,-0.0101258,0.689404,1.14553,-1.23411,-2.02422
0,0.0219295,0.693404,1.15551,-1.24011,-2.00792,0,-0.0084098,0.693404,1.15703,-1.24011,-2.01053,0,0.0220247,0.693404,1.14913,-1.24011,-2.01866,0,-0.0101258,0.693404,1.14553,-1.24011,-2.02422
0,0.0219295,0.697483,1.15551,-1.24622,-2.00792,0,-0.0084098,0.697483,1.15703,-1.24622,-2.01053,0,0.0220247,0.697483,1.14913,-1.24622,-2.01866,0,-0.0101258,0.697483,1.14553,-1.24622,-2.02422
0,0.0219295,0.701644,1.15551,-1.25247,-2.00792,0,-0.0084098,0.701644,1.15703,-1.25247,-2.01053,0,0.0220247,0.701644,1.14913,-1.25247,-2.01866,0,-0.0101258,0.701644,1.14553,-1.25247,-2.02422
0,0.0219295,0.705881,1.15551,-1.25882,-2.00792,0,-0.0084098,0.705881,1.15703,-1.25882,-2.01053,0,0.0220247,0.705881,1.14913,-1.25882,-2.01866,0,-0.0101258,0.705881,1.14553,-1.25882,-2.02422
0,0.0219295,0.710197,1.15551,-1.2653,-2.00792,0,-0.0084098,0.710197,1.15703,-1.2653,-2.01053,0,0.0220247,0.710197,1.14913,-1.2653,-2.01866,0,-0.0101258,0.710197,1.14553,-1.2653,-2.02422
0,0.0219295,0.714591,1.15551,-1.27189,-2.00792,0,-0.0084098,0.714591,1.15703,-1.27189,-2.01053,0,0.0220247,0.714591,1.14913,-1.27189,-2.01866,0,-0.0101258,0.714591,1.14553,-1.27189,-2.02422
0,0.0219295,0.719061,1.15551,-1.27859,-2.00792,0,-0.0084098,0.719061,1.15703,-1.27859,-2.01053,0,0.0220247,0.719061,1.14913,-1.27859,-2.01866,0,-0.0101258,0.719061,1.14553,-1.27859,-2.02422
0,0.0219295,0.723606,1.15551,-1.28541,-2.00792,0,-0.0084098,0.723606,1.15703,-1.28541,-2.01053,0,0.0220247,0.723606,1.14913,-1.28541,-2.01866,0,-0.0101258,0.723606,1.14553,-1.28541,-2.02422
0,0.0219295,0.728229,1.15551,-1.29234,-2.00792,0,-0.0084098,0.728229,1.15703,-1.29234,-2.01053,0,0.0220247,0.728229,1.14913,-1.29234,-2.01866,0,-0.0101258,0.728229,1.14553,-1.29234,-2.02422
0,0.0219295,0.732923,1.15551,-1.29938,-2.00792,0,-0.0084098,0.732923,1.15703,-1.29938,-2.01053,0,0.0220247,0.732923,1.14913,-1.29938,-2.01866,0,-0.0101258,0.732923,1.14553,-1.29938,-2.02422
0,0.0219295,0.737692,1.15551,-1.30654,-2.00792,0,-0.0084098,0.737692,1.15703,-1.30654,-2.01053,0,0.0220247,0.737692,1.14913,-1.30654,-2.01866,0,-0.0101258,0.737692,1.14553,-1.30654,-2.02422
0,0.0219295,0.742536,1.15551,-1.3138,-2.00792,0,-0.0084098,0.742536,1.15703,-1.3138,-2.01053,0,0.0220247,0.742536,1.14913,-1.3138,-2.01866,0,-0.0101258,0.742536,1.14553,-1.3138,-2.02422
0,0.0219295,0.747451,1.15551,-1.32118,-2.00792,0,-0.0084098,0.747451,1.15703,-1.32118,-2.01053,0,0.0220247,0.747451,1.14913,-1.32118,-2.01866,0,-0.0101258,0.747451,1.14553,-1.32118,-2.02422
0,0.0219295,0.752436,1.15551,-1.32865,-2.00792,0,-0.0084098,0.752436,1.15703,-1.32865,-2.01053,0,0.0220247,0.752436,1.14913,-1.32865,-2.01866,0,-0.0101258,0.752436,1.14553,-1.32865,-2.02422
0,0.0219295,0.757493,1.15551,-1.33624,-2.00792,0,-0.0084098,0.757493,1.15703,-1.33624,-2.01053,0,0.0220247,0.757493,1.14913,-1.33624,-2.01866,0,-0.0101258,0.757493,1.14553,-1.33624,-2.02422
0,0.0219295,0.76262,1.15551,-1.34393,-2.00792,0,-0.0084098,0.76262,1.15703,-1.34393,-2.01053,0,0.0220247,0.76262,1.14913,-1.34393,-2.01866,0,-0.0101258,0.76262,1.14553,-1.34393,-2.02422
0,0.0219295,0.767816,1.15551,-1.35172,-2.00792,0,-0.0084098,0.767816,1.15703,-1.35172,-2.01053,0,0.0220247,0.767816,1.14913,-1.35172,-2.01866,0,-0.0101258,0.767816,1.14553,-1.35172,-2.02422
0,0.0219295,0.773079,1.15551,-1.35962,-2.00792,0,-0.0084098,0.773079,1.15703,-1.35962,-2.01053,0,0.0220247,0.773079,1.14913,-1.35962,-2.01866,0,-0.0101258,0.773079,1.14553,-1.35962,-2.02422
0,0.0219295,0.778411,1.15551,-1.36762,-2.00792,0,-0.0084098,0.778411,1.15703,-1.36762,-2.01053,0,0.0220247,0.778411,1.14913,-1.36762,-2.01866,0,-0.0101258,0.778411,1.14553,-1.36762,-2.02422
0,0.0219295,0.783809,1.15551,-1.37571,-2.00792,0,-0.0084098,0.783809,1.15703,-1.37571,-2.01053,0,0.0220247,0.783809,1.14913,-1.37571,-2.01866,0,-0.0101258,0.783809,1.14553,-1.37571,-2.02422
0,0.0219295,0.789272,1.15551,-1.38391,-2.00792,0,-0.0084098,0.789272,1.15703,-1.38391,-2.01053,0,0.0220247,0.789272,1.14913,-1.38391,-2.01866,0,-0.0101258,0.789272,1.14553,-1.38391,-2.02422
0,0.0219295,0.794802,1.15551,-1.3922,-2.00792,0,-0.0084098,0.794802,1.15703,-1.3922,-2.01053,0,0.0220247,0.794802,1.14913,-1.3922,-2.01866,0,-0.0101258,0.794802,1.14553,-1.3922,-2.02422
0,0.0219295,0.800394,1.15551,-1.40059,-2.00792,0,-0.0084098,0.800394,1.15703,-1.40059,-2.01053,0,0.0220247,0.800394,1.14913,-1.40059,-2.01866,0,-0.0101258,0.800394,1.14553,-1.40059,-2.02422
0,0.0219295,0.80605,1.15551,-1.40907,-2.00792,0,-0.0084098,0.80605,1.15703,-1.40907,-2.01053,0,0.0220247,0.80605,1.14913,-1.40907,-2.01866,0,-0.0101258,0.80605,1.14553,-1.40907,-2.02422
0,0.0219295,0.811767,1.15551,-1.41765,-2.00792,0,-0.0084098,0.811767,1.15703,-1.41765,-2.01053,0,0.0220247,0.811767,1.14913,-1.41765,-2.01866,0,-0.0101258,0.811767,1.14553,-1.41765,-2.02422
0,0.0219295,0.817547,1.15551,-1.42632,-2.00792,0,-0.0084098,0.817547,1.15703,-1.42632,-2.01053,0,0.0220247,0.817547,1.14913,-1.42632,-2.01866,0,-0.0101258,0.817547,1.14553,-1.42632,-2.02422
0,0.0219295,0.823386,1.15551,-1.43508,-2.00792,0,-0.0084098,0.823386,1.15703,-1.43508,-2.01053,0,0.0220247,0.823386,1.14913,-1.43508,-2.01866,0,-0.0101258,0.823386,1.14553,-1.43508,-2.02422
0,0.0219295,0.829285,1.15551,-1.44393,-2.00792,0,-0.0084098,0.829285,1.15703,-1.44393,-2.01053,0,0.0220247,0.829285,1.14913,-1.44393,-2.01866,0,-0.0101258,0.829285,1.14553,-1.44393,-2.02422
0,0.0219295,0.835243,1.15551,-1.45286,-2.00792,0,-0.0084098,0.835243,1.15703,-1.45286,-2.01053,0,0.0220247,0.835243,1.14913,-1.45286,-2.01866,0,-0.0101258,0.835243,1.14553,-1.45286,-2.02422
0,0.0219295,0.841258,1.15551,-1.46189,-2.00792,0,-0.0084098,0.841258,1.15703,-1.46189,-2.01053,0,0.0220247,0.841258,1.14913,-1.46189,-2.01866,0,-0.0101258,0.841258,1.14553,-1.46189,-2.02422
0,0.0219295,0.847329,1.15551,-1.47099,-2.00792,0,-0.0084098,0.847329,1.15703,-1.47099,-2.01053,0,0.0220247,0.847329,1.14913,-1.47099,-2.01866,0,-0.0101258,0.847329,1.14553,-1.47099,-2.02422
0,0.0219295,0.853458,1.15551,-1.48019,-2.00792,0,-0.0084098,0.853458,1.15703,-1.48019,-2.01053,0,0.0220247,0.853458,1.14913,-1.48019,-2.01866,0,-0.0101258,0.853458,1.14553,-1.48019,-2.02422
0,0.0219295,0.85964,1.15551,-1.48946,-2.00792,0,-0.0084098,0.85964,1.15703,-1.48946,-2.01053,0,0.0220247,0.85964,1.14913,-1.48946,-2.01866,0,-0.0101258,0.85964,1.14553,-1.48946,-2.02422
0,0.0219295,0.865876,1.15551,-1.49881,-2.00792,0,-0.0084098,0.865876,1.15703,-1.49881,-2.01053,0,0.0220247,0.865876,1.14913,-1.49881,-2.01866,0,-0.0101258,0.865876,1.14553,-1.49881,-2.02422
0,0.0219295,0.872165,1.15551,-1.50825,-2.00792,0,-0.0084098,0.872165,1.15703,-1.50825,-2.01053,0,0.0220247,0.872165,1.14913,-1.50825,-2.01866,0,-0.0101258,0.872165,1.14553,-1.50825,-2.02422
0,0.0219295,0.878506,1.15551,-1.51776,-2.00792,0,-0.0084098,0.878506,1.15703,-1.51776,-2.01053,0,0.0220247,0.878506,1.14913,-1.51776,-2.01866,0,-0.0101258,0.878506,1.14553,-1.51776,-2.02422
0,0.0219295,0.884896,1.15551,-1.52734,-2.00792,0,-0.0084098,0.884896,1.15703,-1.52734,-2.01053,0,0.0220247,0.884896,1.14913,-1.52734,-2.01866,0,-0.0101258,0.884896,1.14553,-1.52734,-2.02422
0,0.0219295,0.891337,1.15551,-1.53701,-2.00792,0,-0.0084098,0.891337,1.15703,-1.53701,-2.01053,0,0.0220247,0.891337,1.14913,-1.53701,-2.01866,0,-0.0101258,0.891337,1.14553,-1.53701,-2.02422
0,0.0219295,0.897828,1.15551,-1.54674,-2.00792,0,-0.0084098,0.897828,1.15703,-1.54674,-2.01053,0,0.0220247,0.897828,1.14913,-1.54674,-2.01866,0,-0.0101258,0.897828,1.14553,-1.54674,-2.02422
0,0.0219295,0.904365,1.15551,-1.55655,-2.00792,0,-0.0084098,0.904365,1.15703,-1.55655,-2.01053,0,0.0220247,0.904365,1.14913,-1.55655,-2.01866,0,-0.0101258,0.904365,1.14553,-1.55655,-2.02422
0,0.0219295,0.910948,1.15551,-1.56642,-2.00792,0,-0.0084098,0.910948,1.15703,-1.56642,-2.01053,0,0.0220247,0.910948,1.14913,-1.56642,-2.01866,0,-0.0101258,0.910948,1.14553,-1.56642,-2.02422
0,0.0219295,0.91758,1.15551,-1.57637,-2.00792,0,-0.0084098,0.91758,1.15703,-1.57637,-2.01053,0,0.0220247,0.91758,1.14913,-1.57637,-2.01866,0,-0.0101258,0.91758,1.14553,-1.57637,-2.02422
0,0.0219295,0.924254,1.15551,-1.58638,-2.00792,0,-0.0084098,0.924254,1.15703,-1.58638,-2.01053,0,0.0220247,0.924254,1.14913,-1.58638,-2.01866,0,-0.0101258,0.924254,1.14553,-1.58638,-2.02422
0,0.0219295,0.930971,1.15551,-1.59646,-2.00792,0,-0.0084098,0.930971,1.15703,-1.59646,-2.01053,0,0.0220247,0.930971,1.14913,-1.59646,-2.01866,0,-0.0101258,0.930971,1.14553,-1.59646,-2.02422
0,0.0219295,0.937733,1.15551,-1.6066,-2.00792,0,-0.0084098,0.937733,1.15703,-1.6066,-2.01053,0,0.0220247,0.937733,1.14913,-1.6066,-2.01866,0,-0.0101258,0.937733,1.14553,-1.6066,-2.02422
0,0.0219295,0.944534,1.15551,-1.6168,-2.00792,0,-0.0084098,0.944534,1.15703,-1.6168,-2.01053,0,0.0220247,0.944534,1.14913,-1.6168,-2.01866,0,-0.0101258,0.944534,1.14553,-1.6168,-2.02422
0,0.0219295,0.951376,1.15551,-1.62706,-2.00792,0,-0.0084098,0.951376,1.15703,-1.62706,-2.01053,0,0.0220247,0.951376,1.14913,-1.62706,-2.01866,0,-0.0101258,0.951376,1.14553,-1.62706,-2.02422
0,0.0219295,0.958257,1.15551,-1.63739,-2.00792,0,-0.0084098,0.958257,1.15703,-1.63739,-2.01053,0,0.0220247,0.958257,1.14913,-1.63739,-2.01866,0,-0.0101258,0.958257,1.14553,-1.63739,-2.02422
0,0.0219295,0.965177,1.15551,-1.64777,-2.00792,0,-0.0084098,0.965177,1.15703,-1.64777,-2.01053,0,0.0220247,0.965177,1.14913,-1.64777,-2.01866,0,-0.0101258,0.965177,1.14553,-1.64777,-2.02422
0,0.0219295,0.972134,1.15551,-1.6582,-2.00792,0,-0.0084098,0.972134,1.15703,-1.6582,-2.01053,0,0.0220247,0.972134,1.14913,-1.6582,-2.01866,0,-0.0101258,0.972134,1.14553,-1.6582,-2.02422
0,0.0219295,0.979126,1.15551,-1.66869,-2.00792,0,-0.0084098,0.979126,1.15703,-1.66869,-2.01053,0,0.0220247,0.979126,1.14913,-1.66869,-2.01866,0,-0.0101258,0.979126,1.14553,-1.66869,-2.02422
0,0.0219295,0.986155,1.15551,-1.67923,-2.00792,0,-0.0084098,0.986155,1.15703,-1.67923,-2.01053,0,0.0220247,0.986155,1.14913,-1.67923,-2.01866,0,-0.0101258,0.986155,1.14553,-1.67923,-2.02422
0,0.0219295,0.993215,1.15551,-1.68982,-2.00792,0,-0.0084098,0.993215,1.15703,-1.68982,-2.01053,0,0.0220247,0.993215,1.14913,-1.68982,-2.01866,0,-0.0101258,0.993215,1.14553,-1.68982,-2.02422
0,0.0219295,1.00031,1.15551,-1.70046,-2.00792,0,-0.0084098,1.00031,1.15703,-1.70046,-2.01053,0,0.0220247,1.00031,1.14913,-1.70046,-2.01866,0,-0.0101258,1.00031,1.14553,-1.70046,-2.02422
0,0.0219295,1.00744,1.15551,-1.71115,-2.00792,0,-0.0084098,1.00744,1.15703,-1.71115,-2.01053,0,0.0220247,1.00744,1.14913,-1.71115,-2.01866,0,-0.0101258,1.00744,1.14553,-1.71115,-2.02422
0,0.0219295,1.01459,1.15551,-1.72189,-2.00792,0,-0.0084098,1.01459,1.15703,-1.72189,-2.01053,0,0.0220247,1.01459,1.14913,-1.72189,-2.01866,0,-0.0101258,1.01459,1.14553,-1.72189,-2.02422
0,0.0219295,1.02178,1.15551,-1.73266,-2.00792,0,-0.0084098,1.02178,1.15703,-1.73266,-2.01053,0,0.0220247,1.02178,1.14913,-1.73266,-2.01866,0,-0.0101258,1.02178,1.14553,-1.73266,-2.02422
0,0.0219295,1.02899,1.15551,-1.74349,-2.00792,0,-0.0084098,1.02899,1.15703,-1.74349,-2.01053,0,0.0220247,1.02899,1.14913,-1.74349,-2.01866,0,-0.0101258,1.02899,1.14553,-1.74349,-2.02422
0,0.0219295,1.03623,1.15551,-1.75435,-2.00792,0,-0.0084098,1.03623,1.15703,-1.75435,-2.01053,0,0.0220247,1.03623,1.14913,-1.75435,-2.01866,0,-0.0101258,1.03623,1.14553,-1.75435,-2.02422
0,0.0219295,1.0435,1.15551,-1.76524,-2.00792,0,-0.0084098,1.0435,1.15703,-1.76524,-2.01053,0,0.0220247,1.0435,1.14913,-1.76524,-2.01866,0,-0.0101258,1.0435,1.14553,-1.76524,-2.02422
0,0.0219295,1.05079,1.15551,-1.77618,-2.00792,0,-0.0084098,1.05079,1.15703,-1.77618,-2.01053,0,0.0220247,1.05079,1.14913,-1.77618,-2.01866,0,-0.0101258,1.05079,1.14553,-1.77618,-2.02422
0,0.0219295,1.0581,1.15551,-1.78715,-2.00792,0,-0.0084098,1.0581,1.15703,-1.78715,-2.01053,0,0.0220247,1.0581,1.14913,-1.78715,-2.01866,0,-0.0101258,1.0581,1.14553,-1.78715,-2.02422
0,0.0219295,1.06544,1.15551,-1.79816,-2.00792,0,-0.0084098,1.06544,1.15703,-1.79816,-2.01053,0,0.0220247,1.06544,1.14913,-1.79816,-2.01866,0,-0.0101258,1.06544,1.14553,-1.79816,-2.02422
0,0.0219295,1.0728,1.15551,-1.80919,-2.00792,0,-0.0084098,1.0728,1.15703,-1.80919,-2.01053,0,0.0220247,1.0728,1.14913,-1.80919,-2.01866,0,-0.0101258,1.0728,1.14553,-1.80919,-2.02422
0,0.0219295,1.08018,1.15551,-1.82026,-2.00792,0,-0.0084098,1.08018,1.15703,-1.82026,-2.01053,0,0.0220247,1.08018,1.14913,-1.82026,-2.01866,0,-0.0101258,1.08018,1.14553,-1.82026,-2.02422
0,0.0219295,1.08757,1.15551,-1.83136,-2.00792,0,-0.0084098,1.08757,1.15703,-1.83136,-2.01053,0,0.0220247,1.08757,1.14913,-1.83136,-2.01866,0,-0.0101258,1.08757,1.14553,-1.83136,-2.02422
0,0.0219295,1.09499,1.15551,-1.84248,-2.00792,0,-0.0084098,1.09499,1.15703,-1.84248,-2.01053,0,0.0220247,1.09499,1.14913,-1.84248,-2.01866,0,-0.0101258,1.09499,1.14553,-1.84248,-2.02422
0,0.0219295,1.10242,1.15551,-1.85363,-2.00792,0,-0.0084098,1.10242,1.15703,-1.85363,-2.01053,0,0.0220247,1.10242,1.14913,-1.85363,-2.01866,0,-0.0101258,1.10242,1.14553,-1.85363,-2.02422
0,0.0219295,1.10987,1.15551,-1.8648,-2.00792,0,-0.0084098,1.10987,1.15703,-1.8648,-2.01053,0,0.0220247,1.10987,1.14913,-1.8648,-2.01866,0,-0.0101258,1.10987,1.14553,-1.8648,-2.02422
0,0.0219295,1.11733,1.15551,-1.87599,-2.00792,0,-0.0084098,1.11733,1.15703,-1.87599,-2.01053,0,0.0220247,1.11733,1.14913,-1.87599,-2.01866,0,-0.0101258,1.11733,1.14553,-1.87599,-2.02422
0,0.0219295,1.1248,1.15551,-1.8872,-2.00792,0,-0.0084098,1.1248,1.15703,-1.8872,-2.01053,0,0.0220247,1.1248,1.14913,-1.8872,-2.01866,0,-0.0101258,1.1248,1.14553,-1.8872,-2.02422
0,0.0219295,1.13229,1.15551,-1.89843,-2.00792,0,-0.0084098,1.13229,1.15703,-1.89843,-2.01053,0,0.0220247,1.13229,1.14913,-1.89843,-2.01866,0,-0.0101258,1.13229,1.14553,-1.89843,-2.02422
0,0.0219295,1.13978,1.15551,-1.90968,-2.00792,0,-0.0084098,1.13978,1.15703,-1.90968,-2.01053,0,0.0220247,1.13978,1.14913,-1.90968,-2.01866,0,-0.0101258,1.13978,1.14553,-1.90968,-2.02422
0,0.0219295,1.14729,1.15551,-1.92093,-2.00792,0,-0.0084098,1.14729,1.15703,-1.92093,-2.01053,0,0.0220247,1.14729,1.14913,-1.92093,-2.01866,0,-0.0101258,1.14729,1.14553,-1.92093,-2.02422
0,0.0219295,1.15481,1.15551,-1.93221,-2.00792,0,-0.0084098,1.15481,1.15703,-1.93221,-2.01053,0,0.0220247,1.15481,1.14913,-1.93221,-2.01866,0,-0.0101258,1.15481,1.14553,-1.93221,-2.02422
0,0.0219295,1.16233,1.15551,-1.94349,-2.00792,0,-0.0084098,1.16233,1.15703,-1.94349,-2.01053,0,0.0220247,1.16233,1.14913,-1.94349,-2.01866,0,-0.0101258,1.16233,1.14553,-1.94349,-2.02422
0,0.0219295,1.16985,1.15551,-1.95478,-2.00792,0,-0.0084098,1.16985,1.15703,-1.95478,-2.01053,0,0.0220247,1.16985,1.14913,-1.95478,-2.01866,0,-0.0101258,1.16985,1.14553,-1.95478,-2.02422
0,0.0219295,1.17739,1.15551,-1.96608,-2.00792,0,-0.0084098,1.17739,1.15703,-1.96608,-2.01053,0,0.0220247,1.17739,1.14913,-1.96608,-2.01866,0,-0.0101258,1.17739,1.14553,-1.96608,-2.02422
0,0.0219295,1.18492,1.15551,-1.97739,-2.00792,0,-0.0084098,1.18492,1.15703,-1.97739,-2.01053,0,0.0220247,1.18492,1.14913,-1.97739,-2.01866,0,-0.0101258,1.18492,1.14553,-1.97739,-2.02422
0,0.0219295,1.19246,1.15551,-1.98869,-2.00792,0,-0.0084098,1.19246,1.15703,-1.98869,-2.01053,0,0.0220247,1.19246,1.14913,-1.98869,-2.01866,0,-0.0101258,1.19246,1.14553,-1.98869,-2.02422
0,0.0219295,1.2,1.15551,-2,-2.00792,0,-0.0084098,1.2,1.15703,-2,-2.01053,0,0.0220247,1.2,1.14913,-2,-2.01866,0,-0.0101258,1.2,1.14553,-2,-2.02422
0,0.0219295,1.20754,1.15551,-2.01131,-2.00792,0,-0.0084098,1.20754,1.15703,-2.01131,-2.01053,0,0.0220247,1.20754,1.14913,-2.01131,-2.01866,0,-0.0101258,1.20754,1.14553,-2.01131,-2.02422
0,0.0219295,1.21508,1.15551,-2.02262,-2.00792,0,-0.0084098,1.21508,1.15703,-2.02262,-2.01053,0,0.0220247,1.21508,1.14913,-2.02262,-2.01866,0,-0.0101258,1.21508,1.14553,-2.02262,-2.02422
0,0.0219295,1.22261,1.15551,-2.03392,-2.00792,0,-0.0084098,1.22261,1.15703,-2.03392,-2.01053,0,0.0220247,1.22261,1.14913,-2.03392,-2.01866,0,-0.0101258,1.22261,1.14553,-2.03392,-2.02422
0,0.0219295,1.23015,1.15551,-2.04522,-2.00792,0,-0.0084098,1.23015,1.15703,-2.04522,-2.01053,0,0.0220247,1.23015,1.14913,-2.04522,-2.01866,0,-0.0101258,1.23015,1.14553,-2.04522,-2.02422
0,0.0219295,1.23768,1.15551,-2.05651,-2.00792,0,-0.0084098,1.23768,1.15703,-2.05651,-2.01053,0,0.0220247,1.23768,1.14913,-2.05651,-2.01866,0,-0.0101258,1.23768,1.14553,-2.05651,-2.02422
0,0.0219295,1.2452,1.15551,-2.06779,-2.00792,0,-0.0084098,1.2452,1.15703,-2.06779,-2.01053,0,0.0220247,1.2452,1.14913,-2.06779,-2.01866,0,-0.0101258,1.2452,1.14553,-2.06779,-2.02422
0,0.0219295,1.25271,1.15551,-2.07907,-2.00792,0,-0.0084098,1.25271,1.15703,-2.07907,-2.01053,0,0.0220247,1.25271,1.14913,-2.07907,-2.01866,0,-0.0101258,1.25271,1.14553,-2.07907,-2.02422
0,0.0219295,1.26022,1.15551,-2.09033,-2.00792,0,-0.0084098,1.26022,1.15703,-2.09033,-2.01053,0,0.0220247,1.26022,1.14913,-2.09033,-2.01866,0,-0.0101258,1.26022,1.14553,-2.09033,-2.02422
0,0.0219295,1.26772,1.15551,-2.10157,-2.00792,0,-0.0084098,1.26772,1.15703,-2.10157,-2.01053,0,0.0220247,1.26772,1.14913,-2.10157,-2.01866,0,-0.0101258,1.26772,1.14553,-2.10157,-2.02422
0,0.0219295,1.2752,1.15551,-2.1128,-2.00792,0,-0.0084098,1.2752,1.15703,-2.1128,-2.01053,0,0.0220247,1.2752,1.14913,-2.1128,-2.01866,0,-0.0101258,1.2752,1.14553,-2.1128,-2.02422
0,0.0219295,1.28268,1.15551,-2.12401,-2.00792,0,-0.0084098,1.28268,1.15703,-2.12401,-2.01053,0,0.0220247,1.28268,1.14913,-2.12401,-2.01866,0,-0.0101258,1.28268,1.14553,-2.12401,-2.02422
0,0.0219295,1.29014,1.15551,-2.1352,-2.00792,0,-0.0084098,1.29014,1.15703,-2.1352,-2.01053,0,0.0220247,1.29014,1.14913,-2.1352,-2.01866,0,-0.0101258,1.29014,1.14553,-2.1352,-2.02422
0,0.0219295,1.29758,1.15551,-2.14637,-2.00792,0,-0.0084098,1.29758,1.15703,-2.14637,-2.01053,0,0.0220247,1.29758,1.14913,-2.14637,-2.01866,0,-0.0101258,1.29758,1.14553,-2.14637,-2.02422
0,0.0219295,1.30502,1.15551,-2.15752,-2.00792,0,-0.0084098,1.30502,1.15703,-2.15752,-2.01053,0,0.0220247,1.30502,1.14913,-2.15752,-2.01866,0,-0.0101258,1.30502,1.14553,-2.15752,-2.02422
0,0.0219295,1.31243,1.15551,-2.16864,-2.00792,0,-0.0084098,1.31243,1.15703,-2.16864,-2.01053,0,0.0220247,1.31243,1.14913,-2.16864,-2.01866,0,-0.0101258,1.31243,1.14553,-2.16864,-2.02422
0,0.0219295,1.31983,1.15551,-2.17974,-2.00792,0,-0.0084098,1.31983,1.15703,-2.17974,-2.01053,0,0.0220247,1.31983,1.14913,-2.17974,-2.01866,0,-0.0101258,1.31983,1.14553,-2.17974,-2.02422
0,0.0219295,1.32721,1.15551,-2.19081,-2.00792,0,-0.0084098,1.32721,1.15703,-2.19081,-2.01053,0,0.0220247,1.32721,1.14913,-2.19081,-2.01866,0,-0.0101258,1.32721,1.14553,-2.19081,-2.02422
0,0.0219295,1.33456,1.15551,-2.20185,-2.00792,0,-0.0084098,1.33456,1.15703,-2.20185,-2.01053,0,0.0220247,1.33456,1.14913,-2.20185,-2.01866,0,-0.0101258,1.33456,1.14553,-2.20185,-2.02422
0,0.0219295,1.3419,1.15551,-2.21285,-2.00792,0,-0.0084098,1.3419,1.15703,-2.21285,-2.01053,0,0.0220247,1.3419,1.14913,-2.21285,-2.01866,0,-0.0101258,1.3419,1.14553,-2.21285,-2.02422
0,0.0219295,1.34922,1.15551,-2.22382,-2.00792,0,-0.0084098,1.34922,1.15703,-2.22382,-2.01053,0,0.0220247,1.34922,1.14913,-2.22382,-2.01866,0,-0.0101258,1.34922,1.14553,-2.22382,-2.02422
0,0.0219295,1.35651,1.15551,-2.23476,-2.00792,0,-0.0084098,1.35651,1.15703,-2.23476,-2.01053,0,0.0220247,1.35651,1.14913,-2.23476,-2.01866,0,-0.0101258,1.35651,1.14553,-2.23476,-2.02422
0,0.0219295,1.36377,1.15551,-2.24566,-2.00792,0,-0.0084098,1.36377,1.15703,-2.24566,-2.01053,0,0.0220247,1.36377,1.14913,-2.24566,-2.01866,0,-0.0101258,1.36377,1.14553,-2.24566,-2.02422
0,0.0219295,1.37101,1.15551,-2.25652,-2.00792,0,-0.0084098,1.37101,1.15703,-2.25652,-2.01053,0,0.0220247,1.37101,1.14913,-2.25652,-2.01866,0,-0.0101258,1.37101,1.14553,-2.25652,-2.02422
0,0.0219295,1.37823,1.15551,-2.26734,-2.00792,0,-0.0084098,1.37823,1.15703,-2.26734,-2.01053,0,0.0220247,1.37823,1.14913,-2.26734,-2.01866,0,-0.0101258,1.37823,1.14553,-2.26734,-2.02422
0,0.0219295,1.38541,1.15551,-2.27812,-2.00792,0,-0.0084098,1.38541,1.15703,-2.27812,-2.01053,0,0.0220247,1.38541,1.14913,-2.27812,-2.01866,0,-0.0101258,1.38541,1.14553,-2.27812,-2.02422
0,0.0219295,1.39257,1.15551,-2.28885,-2.00792,0,-0.0084098,1.39257,1.15703,-2.28885,-2.01053,0,0.0220247,1.39257,1.14913,-2.28885,-2.01866,0,-0.0101258,1.39257,1.14553,-2.28885,-2.02422
0,0.0219295,1.39969,1.15551,-2.29954,-2.00792,0,-0.0084098,1.39969,1.15703,-2.29954,-2.01053,0,0.0220247,1.39969,1.14913,-2.29954,-2.01866,0,-0.0101258,1.39969,1.14553,-2.29954,-2.02422
0,0.0219295,1.40679,1.15551,-2.31018,-2.00792,0,-0.0084098,1.40679,1.15703,-2.31018,-2.01053,0,0.0220247,1.40679,1.14913,-2.31018,-2.01866,0,-0.0101258,1.40679,1.14553,-2.31018,-2.02422
0,0.0219295,1.41385,1.15551,-2.32077,-2.00792,0,-0.0084098,1.41385,1.15703,-2.32077,-2.01053,0,0.0220247,1.41385,1.14913,-2.32077,-2.01866,0,-0.0101258,1.41385,1.14553,-2.32077,-2.02422
0,0.0219295,1.42088,1.15551,-2.33132,-2.00792,0,-0.0084098,1.42088,1.15703,-2.33132,-2.01053,0,0.0220247,1.42088,1.14913,-2.33132,-2.01866,0,-0.0101258,1.42088,1.14553,-2.33132,-2.02422
0,0.0219295,1.42787,1.15551,-2.3418,-2.00792,0,-0.0084098,1.42787,1.15703,-2.3418,-2.01053,0,0.0220247,1.42787,1.14913,-2.3418,-2.01866,0,-0.0101258,1.42787,1.14553,-2.3418,-2.02422
0,0.0219295,1.43483,1.15551,-2.35224,-2.00792,0,-0.0084098,1.43483,1.15703,-2.35224,-2.01053,0,0.0220247,1.43483,1.14913,-2.35224,-2.01866,0,-0.0101258,1.43483,1.14553,-2.35224,-2.02422
0,0.0219295,1.44175,1.15551,-2.36262,-2.00792,0,-0.0084098,1.44175,1.15703,-2.36262,-2.01053,0,0.0220247,1.44175,1.14913,-2.36262,-2.01866,0,-0.0101258,1.44175,1.14553,-2.36262,-2.02422
0,0.0219295,1.44863,1.15551,-2.37294,-2.00792,0,-0.0084098,1.44863,1.15703,-2.37294,-2.01053,0,0.0220247,1.44863,1.14913,-2.37294,-2.01866,0,-0.0101258,1.44863,1.14553,-2.37294,-2.02422
0,0.0219295,1.45547,1.15551,-2.3832,-2.00792,0,-0.0084098,1.45547,1.15703,-2.3832,-2.01053,0,0.0220247,1.45547,1.14913,-2.3832,-2.01866,0,-0.0101258,1.45547,1.14553,-2.3832,-2.02422
0,0.0219295,1.46227,1.15551,-2.3934,-2.00792,0,-0.0084098,1.46227,1.15703,-2.3934,-2.01053,0,0.0220247,1.46227,1.14913,-2.3934,-2.01866,0,-0.0101258,1.46227,1.14553,-2.3934,-2.02422
0,0.0219295,1.46903,1.15551,-2.40355,-2.00792,0,-0.0084098,1.46903,1.15703,-2.40355,-2.01053,0,0.0220247,1.46903,1.14913,-2.40355,-2.01866,0,-0.0101258,1.46903,1.14553,-2.40355,-2.02422
0,0.0219295,1.47575,1.15551,-2.41362,-2.00792,0,-0.0084098,1.47575,1.15703,-2.41362,-2.01053,0,0.0220247,1.47575,1.14913,-2.41362,-2.01866,0,-0.0101258,1.47575,1.14553,-2.41362,-2.02422
0,0.0219295,1.48242,1.15551,-2.42363,-2.00792,0,-0.0084098,1.48242,1.15703,-2.42363,-2.01053,0,0.0220247,1.48242,1.14913,-2.42363,-2.01866,0,-0.0101258,1.48242,1.14553,-2.42363,-2.02422
0,0.0219295,1.48905,1.15551,-2.43358,-2.00792,0,-0.0084098,1.48905,1.15703,-2.43358,-2.01053,0,0.0220247,1.48905,1.14913,-2.43358,-2.01866,0,-0.0101258,1.48905,1.14553,-2.43358,-2.02422
0,0.0219295,1.49564,1.15551,-2.44346,-2.00792,0,-0.0084098,1.49564,1.15703,-2.44346,-2.01053,0,0.0220247,1.49564,1.14913,-2.44346,-2.01866,0,-0.0101258,1.49564,1.14553,-2.44346,-2.02422
0,0.0219295,1.50217,1.15551,-2.45326,-2.00792,0,-0.0084098,1.50217,1.15703,-2.45326,-2.01053,0,0.0220247,1.50217,1.14913,-2.45326,-2.01866,0,-0.0101258,1.50217,1.14553,-2.45326,-2.02422
0,0.0219295,1.50867,1.15551,-2.463,-2.00792,0,-0.0084098,1.50867,1.15703,-2.463,-2.01053,0,0.0220247,1.50867,1.14913,-2.463,-2.01866,0,-0.0101258,1.50867,1.14553,-2.463,-2.02422
0,0.0219295,1.51511,1.15551,-2.47266,-2.00792,0,-0.0084098,1.51511,1.15703,-2.47266,-2.01053,0,0.0220247,1.51511,1.14913,-2.47266,-2.01866,0,-0.0101258,1.51511,1.14553,-2.47266,-2.02422
0,0.0219295,1.5215,1.15551,-2.48225,-2.00792,0,-0.0084098,1.5215,1.15703,-2.48225,-2.01053,0,0.0220247,1.5215,1.14913,-2.48225,-2.01866,0,-0.0101258,1.5215,1.14553,-2.48225,-2.02422
0,0.0219295,1.52784,1.15551,-2.49176,-2.00792,0,-0.0084098,1.52784,1.15703,-2.49176,-2.01053,0,0.0220247,1.52784,1.14913,-2.49176,-2.01866,0,-0.0101258,1.52784,1.14553,-2.49176,-2.02422
0,0.0219295,1.53413,1.15551,-2.50119,-2.00792,0,-0.0084098,1.53413,1.15703,-2.50119,-2.01053,0,0.0220247,1.53413,1.14913,-2.50119,-2.01866,0,-0.0101258,1.53413,1.14553,-2.50119,-2.02422
0,0.0219295,1.54036,1.15551,-2.51054,-2.00792,0,-0.0084098,1.54036,1.15703,-2.51054,-2.01053,0,0.0220247,1.54036,1.14913,-2.51054,-2.01866,0,-0.0101258,1.54036,1.14553,-2.51054,-2.02422
0,0.0219295,1.54654,1.15551,-2.51982,-2.00792,0,-0.0084098,1.54654,1.15703,-2.51982,-2.01053,0,0.0220247,1.54654,1.14913,-2.51982,-2.01866,0,-0.0101258,1.54654,1.14553,-2.51982,-2.02422
0,0.0219295,1.55267,1.15551,-2.52901,-2.00792,0,-0.0084098,1.55267,1.15703,-2.52901,-2.01053,0,0.0220247,1.55267,1.14913,-2.52901,-2.01866,0,-0.0101258,1.55267,1.14553,-2.52901,-2.02422
0,0.0219295,1.55874,1.15551,-2.53812,-2.00792,0,-0.0084098,1.55874,1.15703,-2.53812,-2.01053,0,0.0220247,1.55874,1.14913,-2.53812,-2.01866,0,-0.0101258,1.55874,1.14553,-2.53812,-2.02422
0,0.0219295,1.56476,1.15551,-2.54714,-2.00792,0,-0.0084098,1.56476,1.15703,-2.54714,-2.01053,0,0.0220247,1.56476,1.14913,-2.54714,-2.01866,0,-0.0101258,1.56476,1.14553,-2.54714,-2.02422
0,0.0219295,1.57072,1.15551,-2.55608,-2.00792,0,-0.0084098,1.57072,1.15703,-2.55608,-2.01053,0,0.0220247,1.57072,1.14913,-2.55608,-2.01866,0,-0.0101258,1.57072,1.14553,-2.55608,-2.02422
0,0.0219295,1.57662,1.15551,-2.56492,-2.00792,0,-0.0084098,1.57662,1.15703,-2.56492,-2.01053,0,0.0220247,1.57662,1.14913,-2.56492,-2.01866,0,-0.0101258,1.57662,1.14553,-2.56492,-2.02422
0,0.0219295,1.58246,1.15551,-2.57368,-2.00792,0,-0.0084098,1.58246,1.15703,-2.57368,-2.01053,0,0.0220247,1.58246,1.14913,-2.57368,-2.01866,0,-0.0101258,1.58246,1.14553,-2.57368,-2.02422
0,0.0219295,1.58824,1.15551,-2.58235,-2.00792,0,-0.0084098,1.58824,1.15703,-2.58235,-2.01053,0,0.0220247,1.58824,1.14913,-2.58235,-2.01866,0,-0.0101258,1.58824,1.14553,-2.58235,-2.02422
0,0.0219295,1.59395,1.15551,-2.59093,-2.00792,0,-0.0084098,1.59395,1.15703,-2.59093,-2.01053,0,0.0220247,1.59395,1.14913,-2.59093,-2.01866,0,-0.0101258,1.59395,1.14553,-2.59093,-2.02422
0,0.0219295,1.59961,1.15551,-2.59941,-2.00792,0,-0.0084098,1.59961,1.15703,-2.59941,-2.01053,0,0.0220247,1.59961,1.14913,-2.59941,-2.01866,0,-0.0101258,1.59961,1.14553,-2.59941,-2.02422
0,0.0219295,1.6052,1.15551,-2.6078,-2.00792,0,-0.0084098,1.6052,1.15703,-2.6078,-2.01053,0,0.0220247,1.6052,1.14913,-2.6078,-2.01866,0,-0.0101258,1.6052,1.14553,-2.6078,-2.02422
0,0.0219295,1.61073,1.15551,-2.61609,-2.00792,0,-0.0084098,1.61073,1.15703,-2.61609,-2.01053,0,0.0220247,1.61073,1.14913,-2.61609,-2.01866,0,-0.0101258,1.61073,1.14553,-2.61609,-2.02422
0,0.0219295,1.61619,1.15551,-2.62429,-2.00792,0,-0.0084098,1.61619,1.15703,-2.62429,-2.01053,0,0.0220247,1.61619,1.14913,-2.62429,-2.01866,0,-0.0101258,1.61619,1.14553,-2.62429,-2.02422
0,0.0219295,1.62159,1.15551,-2.63239,-2.00792,0,-0.0084098,1.62159,1.15703,-2.63239,-2.01053,0,0.0220247,1.62159,1.14913,-2.63239,-2.01866,0,-0.0101258,1.62159,1.14553,-2.63239,-2.02422
0,0.0219295,1.62692,1.15551,-2.64038,-2.00792,0,-0.0084098,1.62692,1.15703,-2.64038,-2.01053,0,0.0220247,1.62692,1.14913,-2.64038,-2.01866,0,-0.0101258,1.62692,1.14553,-2.64038,-2.02422
0,0.0219295,1.63219,1.15551,-2.64828,-2.00792,0,-0.0084098,1.63219,1.15703,-2.64828,-2.01053,0,0.0220247,1.63219,1.14913,-2.64828,-2.01866,0,-0.0101258,1.63219,1.14553,-2.64828,-2.02422
0,0.0219295,1.63738,1.15551,-2.65607,-2.00792,0,-0.0084098,1.63738,1.15703,-2.65607,-2.01053,0,0.0220247,1.63738,1.14913,-2.65607,-2.01866,0,-0.0101258,1.63738,1.14553,-2.65607,-2.02422
0,0.0219295,1.64251,1.15551,-2.66376,-2.00792,0,-0.0084098,1.64251,1.15703,-2.66376,-2.01053,0,0.0220247,1.64251,1.14913,-2.66376,-2.01866,0,-0.0101258,1.64251,1.14553,-2.66376,-2.02422
0,0.0219295,1.64757,1.15551,-2.67135,-2.00792,0,-0.0084098,1.64757,1.15703,-2.67135,-2.01053,0,0.0220247,1.64757,1.14913,-2.67135,-2.01866,0,-0.0101258,1.64757,1.14553,-2.67135,-2.02422
0,0.0219295,1.65255,1.15551,-2.67883,-2.00792,0,-0.0084098,1.65255,1.15703,-2.67883,-2.01053,0,0.0220247,1.65255,1.14913,-2.67883,-2.01866,0,-0.0101258,1.65255,1.14553,-2.67883,-2.02422
0,0.0219295,1.65747,1.15551,-2.6862,-2.00792,0,-0.0084098,1.65747,1.15703,-2.6862,-2.01053,0,0.0220247,1.65747,1.14913,-2.6862,-2.01866,0,-0.0101258,1.65747,1.14553,-2.6862,-2.02422
0,0.0219295,1.66231,1.15551,-2.69346,-2.00792,0,-0.0084098,1.66231,1.15703,-2.69346,-2.01053,0,0.0220247,1.66231,1.14913,-2.69346,-2.01866,0,-0.0101258,1.66231,1.14553,-2.69346,-2.02422
0,0.0219295,1.66708,1.15551,-2.70062,-2.00792,0,-0.0084098,1.66708,1.15703,-2.70062,-2.01053,0,0.0220247,1.66708,1.14913,-2.70062,-2.01866,0,-0.0101258,1.66708,1.14553,-2.70062,-2.02422
0,0.0219295,1.67177,1.15551,-2.70766,-2.00792,0,-0.0084098,1.67177,1.15703,-2.70766,-2.01053,0,0.0220247,1.67177,1.14913,-2.70766,-2.01866,0,-0.0101258,1.67177,1.14553,-2.70766,-2.02422
0,0.0219295,1.6764,1.15551,-2.71459,-2.00792,0,-0.0084098,1.6764,1.15703,-2.71459,-2.01053,0,0.0220247,1.6764,1.14913,-2.71459,-2.01866,0,-0.0101258,1.6764,1.14553,-2.71459,-2.02422
0,0.0219295,1.68094,1.15551,-2.72141,-2.00792,0,-0.0084098,1.68094,1.15703,-2.72141,-2.01053,0,0.0220247,1.68094,1.14913,-2.72141,-2.01866,0,-0.0101258,1.68094,1.14553,-2.72141,-2.02422
0,0.0219295,1.68541,1.15551,-2.72812,-2.00792,0,-0.0084098,1.68541,1.15703,-2.72812,-2.01053,0,0.0220247,1.68541,1.14913,-2.72812,-2.01866,0,-0.0101258,1.68541,1.14553,-2.72812,-2.02422
0,0.0219295,1.68981,1.15551,-2.73471,-2.00792,0,-0.0084098,1.68981,1.15703,-2.73471,-2.01053,0,0.0220247,1.68981,1.14913,-2.73471,-2.01866,0,-0.0101258,1.68981,1.14553,-2.73471,-2.02422
0,0.0219295,1.69412,1.15551,-2.74118,-2.00792,0,-0.0084098,1.69412,1.15703,-2.74118,-2.01053,0,0.0220247,1.69412,1.14913,-2.74118,-2.01866,0,-0.0101258,1.69412,1.14553,-2.74118,-2.02422
0,0.0219295,1.69836,1.15551,-2.74754,-2.00792,0,-0.0084098,1.69836,1.15703,-2.74754,-2.01053,0,0.0220247,1.69836,1.14913,-2.74754,-2.01866,0,-0.0101258,1.69836,1.14553,-2.74754,-2.02422
0,0.0219295,1.70252,1.15551,-2.75378,-2.00792,0,-0.0084098,1.70252,1.15703,-2.75378,-2.01053,0,0.0220247,1.70252,1.14913,-2.75378,-2.01866,0,-0.0101258,1.70252,1.14553,-2.75378,-2.02422
0,0.0219295,1.7066,1.15551,-2.7599,-2.00792,0,-0.0084098,1.7066,1.15703,-2.7599,-2.01053,0,0.0220247,1.7066,1.14913,-2.7599,-2.01866,0,-0.0101258,1.7066,1.14553,-2.7599,-2.02422
0,0.0219295,1.7106,1.15551,-2.7659,-2.00792,0,-0.0084098,1.7106,1.15703,-2.7659,-2.01053,0,0.0220247,1.7106,1.14913,-2.7659,-2.01866,0,-0.0101258,1.7106,1.14553,-2.7659,-2.02422
0,0.0219295,1.71452,1.15551,-2.77177,-2.00792,0,-0.0084098,1.71452,1.15703,-2.77177,-2.01053,0,0.0220247,1.71452,1.14913,-2.77177,-2.01866,0,-0.0101258,1.71452,1.14553,-2.77177,-2.02422
0,0.0219295,1.71836,1.15551,-2.77753,-2.00792,0,-0.0084098,1.71836,1.15703,-2.77753,-2.01053,0,0.0220247,1.71836,1.14913,-2.77753,-2.01866,0,-0.0101258,1.71836,1.14553,-2.77753,-2.02422
0,0.0219295,1.72211,1.15551,-2.78317,-2.00792,0,-0.0084098,1.72211,1.15703,-2.78317,-2.01053,0,0.0220247,1.72211,1.14913,-2.78317,-2.01866,0,-0.0101258,1.72211,1.14553,-2.78317,-2.02422
0,0.0219295,1.72578,1.15551,-2.78868,-2.00792,0,-0.0084098,1.72578,1.15703,-2.78868,-2.01053,0,0.0220247,1.72578,1.14913,-2.78868,-2.01866,0,-0.0101258,1.72578,1.14553,-2.78868,-2.02422
0,0.0219295,1.72938,1.15551,-2.79406,-2.00792,0,-0.0084098,1.72938,1.15703,-2.79406,-2.01053,0,0.0220247,1.72938,1.14913,-2.79406,-2.01866,0,-0.0101258,1.72938,1.14553,-2.79406,-2.02422
0,0.0219295,1.73288,1.15551,-2.79932,-2.00792,0,-0.0084098,1.73288,1.15703,-2.79932,-2.01053,0,0.0220247,1.73288,1.14913,-2.79932,-2.01866,0,-0.0101258,1.73288,1.14553,-2.79932,-2.02422
0,0.0219295,1.73631,1.15551,-2.80446,-2.00792,0,-0.0084098,1.73631,1.15703,-2.80446,-2.01053,0,0.0220247,1.73631,1.14913,-2.80446,-2.01866,0,-0.0101258,1.73631,1.14553,-2.80446,-2.02422
0,0.0219295,1.73964,1.15551,-2.80947,-2.00792,0,-0.0084098,1.73964,1.15703,-2.80947,-2.01053,0,0.0220247,1.73964,1.14913,-2.80947,-2.01866,0,-0.0101258,1.73964,1.14553,-2.80947,-2.02422
0,0.0219295,1.7429,1.15551,-2.81435,-2.00792,0,-0.0084098,1.7429,1.15703,-2.81435,-2.01053,0,0.0220247,1.7429,1.14913,-2.81435,-2.01866,0,-0.0101258,1.7429,1.14553,-2.81435,-2.02422
0,0.0219295,1.74606,1.15551,-2.8191,-2.00792,0,-0.0084098,1.74606,1.15703,-2.8191,-2.01053,0,0.0220247,1.74606,1.14913,-2.8191,-2.01866,0,-0.0101258,1.74606,1.14553,-2.8191,-2.02422
0,0.0219295,1.74914,1.15551,-2.82372,-2.00792,0,-0.0084098,1.74914,1.15703,-2.82372,-2.01053,0,0.0220247,1.74914,1.14913,-2.82372,-2.01866,0,-0.0101258,1.74914,1.14553,-2.82372,-2.02422
0,0.0219295,1.75214,1.15551,-2.82821,-2.00792,0,-0.0084098,1.75214,1.15703,-2.82821,-2.01053,0,0.0220247,1.75214,1.14913,-2.82821,-2.01866,0,-0.0101258,1.75214,1.14553,-2.82821,-2.02422
0,0.0219295,1.75505,1.15551,-2.83257,-2.00792,0,-0.0084098,1.75505,1.15703,-2.83257,-2.01053,0,0.0220247,1.75505,1.14913,-2.83257,-2.01866,0,-0.0101258,1.75505,1.14553,-2.83257,-2.02422
0,0.0219295,1.75787,1.15551,-2.8368,-2.00792,0,-0.0084098,1.75787,1.15703,-2.8368,-2.01053,0,0.0220247,1.75787,1.14913,-2.8368,-2.01866,0,-0.0101258,1.75787,1.14553,-2.8368,-2.02422
0,0.0219295,1.7606,1.15551,-2.8409,-2.00792,0,-0.0084098,1.7606,1.15703,-2.8409,-2.01053,0,0.0220247,1.7606,1.14913,-2.8409,-2.01866,0,-0.0101258,1.7606,1.14553,-2.8409,-2.02422
0,0.0219295,1.76324,1.15551,-2.84486,-2.00792,0,-0.0084098,1.76324,1.15703,-2.84486,-2.01053,0,0.0220247,1.76324,1.14913,-2.84486,-2.01866,0,-0.0101258,1.76324,1.14553,-2.84486,-2.02422
0,0.0219295,1.76579,1.15551,-2.84869,-2.00792,0,-0.0084098,1.76579,1.15703,-2.84869,-2.01053,0,0.0220247,1.76579,1.14913,-2.84869,-2.01866,0,-0.0101258,1.76579,1.14553,-2.84869,-2.02422
0,0.0219295,1.76826,1.15551,-2.85239,-2.00792,0,-0.0084098,1.76826,1.15703,-2.85239,-2.01053,0,0.0220247,1.76826,1.14913,-2.85239,-2.01866,0,-0.0101258,1.76826,1.14553,-2.85239,-2.02422
0,0.0219295,1.77063,1.15551,-2.85595,-2.00792,0,-0.0084098,1.77063,1.15703,-2.85595,-2.01053,0,0.0220247,1.77063,1.14913,-2.85595,-2.01866,0,-0.0101258,1.77063,1.14553,-2.85595,-2.02422
0,0.0219295,1.77292,1.15551,-2.85938,-2.00792,0,-0.0084098,1.77292,1.15703,-2.85938,-2.01053,0,0.0220247,1.77292,1.14913,-2.85938,-2.01866,0,-0.0101258,1.77292,1.14553,-2.85938,-2.02422
0,0.0219295,1.77511,1.15551,-2.86267,-2.00792,0,-0.0084098,1.77511,1.15703,-2.86267,-2.01053,0,0.0220247,1.77511,1.14913,-2.86267,-2.01866,0,-0.0101258,1.77511,1.14553,-2.86267,-2.02422
0,0.0219295,1.77722,1.15551,-2.86583,-2.00792,0,-0.0084098,1.77722,1.15703,-2.86583,-2.01053,0,0.0220247,1.77722,1.14913,-2.86583,-2.01866,0,-0.0101258,1.77722,1.14553,-2.86583,-2.02422
0,0.0219295,1.77923,1.15551,-2.86884,-2.00792,0,-0.0084098,1.77923,1.15703,-2.86884,-2.01053,0,0.0220247,1.77923,1.14913,-2.86884,-2.01866,0,-0.0101258,1.77923,1.14553,-2.86884,-2.02422
0,0.0219295,1.78115,1.15551,-2.87173,-2.00792,0,-0.0084098,1.78115,1.15703,-2.87173,-2.01053,0,0.0220247,1.78115,1.14913,-2.87173,-2.01866,0,-0.0101258,1.78115,1.14553,-2.87173,-2.02422
0,0.0219295,1.78298,1.15551,-2.87447,-2.00792,0,-0.0084098,1.78298,1.15703,-2.87447,-2.01053,0,0.0220247,1.78298,1.14913,-2.87447,-2.01866,0,-0.0101258,1.78298,1.14553,-2.87447,-2.02422
0,0.0219295,1.78472,1.15551,-2.87707,-2.00792,0,-0.0084098,1.78472,1.15703,-2.87707,-2.01053,0,0.0220247,1.78472,1.14913,-2.87707,-2.01866,0,-0.0101258,1.78472,1.14553,-2.87707,-2.02422
0,0.0219295,1.78636,1.15551,-2.87954,-2.00792,0,-0.0084098,1.78636,1.15703,-2.87954,-2.01053,0,0.0220247,1.78636,1.14913,-2.87954,-2.01866,0,-0.0101258,1.78636,1.14553,-2.87954,-2.02422
0,0.0219295,1.78791,1.15551,-2.88187,-2.00792,0,-0.0084098,1.78791,1.15703,-2.88187,-2.01053,0,0.0220247,1.78791,1.14913,-2.88187,-2.01866,0,-0.0101258,1.78791,1.14553,-2.88187,-2.02422
0,0.0219295,1.78937,1.15551,-2.88406,-2.00792,0,-0.0084098,1.78937,1.15703,-2.88406,-2.01053,0,0.0220247,1.78937,1.14913,-2.88406,-2.01866,0,-0.0101258,1.78937,1.14553,-2.88406,-2.02422
0,0.0219295,1.79074,1.15551,-2.88611,-2.00792,0,-0.0084098,1.79074,1.15703,-2.88611,-2.01053,0,0.0220247,1.79074,1.14913,-2.88611,-2.01866,0,-0.0101258,1.79074,1.14553,-2.88611,-2.02422
0,0.0219295,1.79201,1.15551,-2.88802,-2.00792,0,-0.0084098,1.79201,1.15703,-2.88802,-2.01053,0,0.0220247,1.79201,1.14913,-2.88802,-2.01866,0,-0.0101258,1.79201,1.14553,-2.88802,-2.02422
0,0.0219295,1.79319,1.15551,-2.88979,-2.00792,0,-0.0084098,1.79319,1.15703,-2.88979,-2.01053,0,0.0220247,1.79319,1.14913,-2.88979,-2.01866,0,-0.0101258,1.79319,1.14553,-2.88979,-2.02422
0,0.0219295,1.79428,1.15551,-2.89142,-2.00792,0,-0.0084098,1.79428,1.15703,-2.89142,-2.01053,0,0.0220247,1.79428,1.14913,-2.89142,-2.01866,0,-0.0101258,1.79428,1.14553,-2.89142,-2.02422
0,0.0219295,1.79527,1.15551,-2.8929,-2.00792,0,-0.0084098,1.79527,1.15703,-2.8929,-2.01053,0,0.0220247,1.79527,1.14913,-2.8929,-2.01866,0,-0.0101258,1.79527,1.14553,-2.8929,-2.02422
0,0.0219295,1.79617,1.15551,-2.89425,-2.00792,0,-0.0084098,1.79617,1.15703,-2.89425,-2.01053,0,0.0220247,1.79617,1.14913,-2.89425,-2.01866,0,-0.0101258,1.79617,1.14553,-2.89425,-2.02422
0,0.0219295,1.79697,1.15551,-2.89546,-2.00792,0,-0.0084098,1.79697,1.15703,-2.89546,-2.01053,0,0.0220247,1.79697,1.14913,-2.89546,-2.01866,0,-0.0101258,1.79697,1.14553,-2.89546,-2.02422
0,0.0219295,1.79768,1.15551,-2.89652,-2.00792,0,-0.0084098,1.79768,1.15703,-2.89652,-2.01053,0,0.0220247,1.79768,1.14913,-2.89652,-2.01866,0,-0.0101258,1.79768,1.14553,-2.89652,-2.02422
0,0.0219295,1.7983,1.15551,-2.89744,-2.00792,0,-0.0084098,1.7983,1.15703,-2.89744,-2.01053,0,0.0220247,1.7983,1.14913,-2.89744,-2.01866,0,-0.0101258,1.7983,1.14553,-2.89744,-2.02422
0,0.0219295,1.79882,1.15551,-2.89822,-2.00792,0,-0.0084098,1.79882,1.15703,-2.89822,-2.01053,0,0.0220247,1.79882,1.14913,-2.89822,-2.01866,0,-0.0101258,1.79882,1.14553,-2.89822,-2.02422
0,0.0219295,1.79924,1.15551,-2.89886,-2.00792,0,-0.0084098,1.79924,1.15703,-2.89886,-2.01053,0,0.0220247,1.79924,1.14913,-2.89886,-2.01866,0,-0.0101258,1.79924,1.14553,-2.89886,-2.02422
0,0.0219295,1.79957,1.15551,-2.89936,-2.00792,0,-0.0084098,1.79957,1.15703,-2.89936,-2.01053,0,0.0220247,1.79957,1.14913,-2.89936,-2.01866,0,-0.0101258,1.79957,1.14553,-2.89936,-2.02422
0,0.0219295,1.79981,1.15551,-2.89972,-2.00792,0,-0.0084098,1.79981,1.15703,-2.89972,-2.01053,0,0.0220247,1.79981,1.14913,-2.89972,-2.01866,0,-0.0101258,1.79981,1.14553,-2.89972,-2.02422
0,0.0219295,1.79995,1.15551,-2.89993,-2.00792,0,-0.0084098,1.79995,1.15703,-2.89993,-2.01053,0,0.0220247,1.79995,1.14913,-2.89993,-2.01866,0,-0.0101258,1.79995,1.14553,-2.89993,-2.02422
0,0.0219295,1.8,1.15551,-2.9,-2.00792,0,-0.0084098,1.8,1.15703,-2.9,-2.01053,0,0.0220247,1.8,1.14913,-2.9,-2.01866,0,-0.0101258,1.8,1.14553,-2.9,-2.02422
0,0.0219295,1.79995,1.15551,-2.89993,-2.00792,0,-0.0084098,1.79995,1.15703,-2.89993,-2.01053,0,0.0220247,1.79995,1.14913,-2.89993,-2.01866,0,-0.0101258,1.79995,1.14553,-2.89993,-2.02422
0,0.0219295,1.79981,1.15551,-2.89972,-2.00792,0,-0.0084098,1.79981,1.15703,-2.89972,-2.01053,0,0.0220247,1.79981,1.14913,-2.89972,-2.01866,0,-0.0101258,1.79981,1.14553,-2.89972,-2.02422
0,0.0219295,1.79957,1.15551,-2.89936,-2.00792,0,-0.0084098,1.79957,1.15703,-2.89936,-2.01053,0,0.0220247,1.79957,1.14913,-2.89936,-2.01866,0,-0.0101258,1.79957,1.14553,-2.89936,-2.02422
0,0.0219295,1.79924,1.15551,-2.89886,-2.00792,0,-0.0084098,1.79924,1.15703,-2.89886,-2.01053,0,0.0220247,1.79924,1.14913,-2.89886,-2.01866,0,-0.0101258,1.79924,1.14553,-2.89886,-2.02422
0,0.0219295,1.79882,1.15551,-2.89822,-2.00792,0,-0.0084098,1.79882,1.15703,-2.89822,-2.01053,0,0.0220247,1.79882,1.14913,-2.89822,-2.01866,0,-0.0101258,1.79882,1.14553,-2.89822,-2.02422
0,0.0219295,1.7983,1.15551,-2.89744,-2.00792,0,-0.0084098,1.7983,1.15703,-2.89744,-2.01053,0,0.0220247,1.7983,1.14913,-2.89744,-2.01866,0,-0.0101258,1.7983,1.14553,-2.89744,-2.02422
0,0.0219295,1.79768,1.15551,-2.89652,-2.00792,0,-0.0084098,1.79768,1.15703,-2.89652,-2.01053,0,0.0220247,1.79768,1.14913,-2.89652,-2.01866,0,-0.0101258,1.79768,1.14553,-2.89652,-2.02422
0,0.0219295,1.79697,1.15551,-2.89546,-2.00792,0,-0.0084098,1.79697,1.15703,-2.89546,-2.01053,0,0.0220247,1.79697,1.14913,-2.89546,-2.01866,0,-0.0101258,1.79697,1.14553,-2.89546,-2.02422
0,0.0219295,1.79617,1.15551,-2.89425,-2.00792,0,-0.0084098,1.79617,1.15703,-2.89425,-2.01053,0,0.0220247,1.79617,1.14913,-2.89425,-2.01866,0,-0.0101258,1.79617,1.14553,-2.89425,-2.02422
0,0.0219295,1.79527,1.15551,-2.8929,-2.00792,0,-0.0084098,1.79527,1.15703,-2.8929,-2.01053,0,0.0220247,1.79527,1.14913,-2.8929,-2.01866,0,-0.0101258,1.79527,1.14553,-2.8929,-2.02422
0,0.0219295,1.79428,1.15551,-2.89142,-2.00792,0,-0.0084098,1.79428,1.15703,-2.89142,-2.01053,0,0.0220247,1.79428,1.14913,-2.89142,-2.01866,0,-0.0101258,1.79428,1.14553,-2.89142,-2.02422
0,0.0219295,1.79319,1.15551,-2.88979,-2.00792,0,-0.0084098,1.79319,1.15703,-2.88979,-2.01053,0,0.0220247,1.79319,1.14913,-2.88979,-2.01866,0,-0.0101258,1.79319,1.14553,-2.88979,-2.02422
0,0.0219295,1.79201,1.15551,-2.88802,-2.00792,0,-0.0084098,1.79201,1.15703,-2.88802,-2.01053,0,0.0220247,1.79201,1.14913,-2.88802,-2.01866,0,-0.0101258,1.79201,1.14553,-2.88802,-2.02422
0,0.0219295,1.79074,1.15551,-2.88611,-2.00792,0,-0.0084098,1.79074,1.15703,-2.88611,-2.01053,0,0.0220247,1.79074,1.14913,-2.88611,-2.01866,0,-0.0101258,1.79074,1.14553,-2.88611,-2.02422
0,0.0219295,1.78937,1.15551,-2.88406,-2.00792,0,-0.0084098,1.78937,1.15703,-2.88406,-2.01053,0,0.0220247,1.78937,1.14913,-2.88406,-2.01866,0,-0.0101258,1.78937,1.14553,-2.88406,-2.02422
0,0.0219295,1.78791,1.15551,-2.88187,-2.00792,0,-0.0084098,1.78791,1.15703,-2.88187,-2.01053,0,0.0220247,1.78791,1.14913,-2.88187,-2.01866,0,-0.0101258,1.78791,1.14553,-2.88187,-2.02422
0,0.0219295,1.78636,1.15551,-2.87954,-2.00792,0,-0.0084098,1.78636,1.15703,-2.87954,-2.01053,0,0.0220247,1.78636,1.14913,-2.87954,-2.01866,0,-0.0101258,1.78636,1.14553,-2.87954,-2.02422
0,0.0219295,1.78472,1.15551,-2.87707,-2.00792,0,-0.0084098,1.78472,1.15703,-2.87707,-2.01053,0,0.0220247,1.78472,1.14913,-2.87707,-2.01866,0,-0.0101258,1.78472,1.14553,-2.87707,-2.02422
0,0.0219295,1.78298,1.15551,-2.87447,-2.00792,0,-0.0084098,1.78298,1.15703,-2.87447,-2.01053,0,0.0220247,1.78298,1.14913,-2.87447,-2.01866,0,-0.0101258,1.78298,1.14553,-2.87447,-2.02422
0,0.0219295,1.78115,1.15551,-2.87172,-2.00792,0,-0.0084098,1.78115,1.15703,-2.87172,-2.01053,0,0.0220247,1.78115,1.14913,-2.87172,-2.01866,0,-0.0101258,1.78115,1.14553,-2.87172,-2.02422
0,0.0219295,1.77923,1.15551,-2.86884,-2.00792,0,-0.0084098,1.77923,1.15703,-2.86884,-2.01053,0,0.0220247,1.77923,1.14913,-2.86884,-2.01866,0,-0.0101258,1.77923,1.14553,-2.86884,-2.02422
0,0.0219295,1.77722,1.15551,-2.86582,-2.00792,0,-0.0084098,1.77722,1.15703,-2.86582,-2.01053,0,0.0220247,1.77722,1.14913,-2.86582,-2.01866,0,-0.0101258,1.77722,1.14553,-2.86582,-2.02422
0,0.0219295,1.77511,1.15551,-2.86267,-2.00792,0,-0.0084098,1.77511,1.15703,-2.86267,-2.01053,0,0.0220247,1.77511,1.14913,-2.86267,-2.01866,0,-0.0101258,1.77511,1.14553,-2.86267,-2.02422
0,0.0219295,1.77292,1.15551,-2.85938,-2.00792,0,-0.0084098,1.77292,1.15703,-2.85938,-2.01053,0,0.0220247,1.77292,1.14913,-2.85938,-2.01866,0,-0.0101258,1.77292,1.14553,-2.85938,-2.02422
0,0.0219295,1.77063,1.15551,-2.85595,-2.00792,0,-0.0084098,1.77063,1.15703,-2.85595,-2.01053,0,0.0220247,1.77063,1.14913,-2.85595,-2.01866,0,-0.0101258,1.77063,1.14553,-2.85595,-2.02422
0,0.0219295,1.76826,1.15551,-2.85239,-2.00792,0,-0.0084098,1.76826,1.15703,-2.85239,-2.01053,0,0.0220247,1.76826,1.14913,-2.85239,-2.01866,0,-0.0101258,1.76826,1.14553,-2.85239,-2.02422
0,0.0219295,1.76579,1.15551,-2.84869,-2.00792,0,-0.0084098,1.76579,1.15703,-2.84869,-2.01053,0,0.0220247,1.76579,1.14913,-2.84869,-2.01866,0,-0.0101258,1.76579,1.14553,-2.84869,-2.02422
0,0.0219295,1.76324,1.15551,-2.84486,-2.00792,0,-0.0084098,1.76324,1.15703,-2.84486,-2.01053,0,0.0220247,1.76324,1.14913,-2.84486,-2.01866,0,-0.0101258,1.76324,1.14553,-2.84486,-2.02422
0,0.0219295,1.7606,1.15551,-2.8409,-2.00792,0,-0.0084098,1.7606,1.15703,-2.8409,-2.01053,0,0.0220247,1.7606,1.14913,-2.8409,-2.01866,0,-0.0101258,1.7606,1.14553,-2.8409,-2.02422
0,0.0219295,1.75787,1.15551,-2.8368,-2.00792,0,-0.0084098,1.75787,1.15703,-2.8368,-2.01053,0,0.0220247,1.75787,1.14913,-2.8368,-2.01866,0,-0.0101258,1.75787,1.14553,-2.8368,-2.02422
0,0.0219295,1.75505,1.15551,-2.83257,-2.00792,0,-0.0084098,1.75505,1.15703,-2.83257,-2.01053,0,0.0220247,1.75505,1.14913,-2.83257,-2.01866,0,-0.0101258,1.75505,1.14553,-2.83257,-2.02422
0,0.0219295,1.75214,1.15551,-2.82821,-2.00792,0,-0.0084098,1.75214,1.15703,-2.82821,-2.01053,0,0.0220247,1.75214,1.14913,-2.82821,-2.01866,0,-0.0101258,1.75214,1.14553,-2.82821,-2.02422
0,0.0219295,1.74914,1.15551,-2.82372,-2.00792,0,-0.0084098,1.74914,1.15703,-2.82372,-2.01053,0,0.0220247,1.74914,1.14913,-2.82372,-2.01866,0,-0.0101258,1.74914,1.14553,-2.82372,-2.02422
0,0.0219295,1.74606,1.15551,-2.81909,-2.00792,0,-0.0084098,1.74606,1.15703,-2.81909,-2.01053,0,0.0220247,1.74606,1.14913,-2.81909,-2.01866,0,-0.0101258,1.74606,1.14553,-2.81909,-2.02422
0,0.0219295,1.7429,1.15551,-2.81434,-2.00792,0,-0.0084098,1.7429,1.15703,-2.81434,-2.01053,0,0.0220247,1.7429,1.14913,-2.81434,-2.01866,0,-0.0101258,1.7429,1.14553,-2.81434,-2.02422
0,0.0219295,1.73964,1.15551,-2.80946,-2.00792,0,-0.0084098,1.73964,1.15703,-2.80946,-2.01053,0,0.0220247,1.73964,1.14913,-2.80946,-2.01866,0,-0.0101258,1.73964,1.14553,-2.80946,-2.02422
0,0.0219295,1.7363,1.15551,-2.80446,-2.00792,0,-0.0084098,1.7363,1.15703,-2.80446,-2.01053,0,0.0220247,1.7363,1.14913,-2.80446,-2.01866,0,-0.0101258,1.7363,1.14553,-2.80446,-2.02422
0,0.0219295,1.73288,1.15551,-2.79932,-2.00792,0,-0.0084098,1.73288,1.15703,-2.79932,-2.01053,0,0.0220247,1.73288,1.14913,-2.79932,-2.01866,0,-0.0101258,1.73288,1.14553,-2.79932,-2.02422
0,0.0219295,1.72937,1.15551,-2.79406,-2.00792,0,-0.0084098,1.72937,1.15703,-2.79406,-2.01053,0,0.0220247,1.72937,1.14913,-2.79406,-2.01866,0,-0.0101258,1.72937,1.14553,-2.79406,-2.02422
0,0.0219295,1.72578,1.15551,-2.78868,-2.00792,0,-0.0084098,1.72578,1.15703,-2.78868,-2.01053,0,0.0220247,1.72578,1.14913,-2.78868,-2.01866,0,-0.0101258,1.72578,1.14553,-2.78868,-2.02422
0,0.0219295,1.72211,1.15551,-2.78316,-2.00792,0,-0.0084098,1.72211,1.15703,-2.78316,-2.01053,0,0.0220247,1.72211,1.14913,-2.78316,-2.01866,0,-0.0101258,1.72211,1.14553,-2.78316,-2.02422
0,0.0219295,1.71835,1.15551,-2.77753,-2.00792,0,-0.0084098,1.71835,1.15703,-2.77753,-2.01053,0,0.0220247,1.71835,1.14913,-2.77753,-2.01866,0,-0.0101258,1.71835,1.14553,-2.77753,-2.02422
0,0.0219295,1.71451,1.15551,-2.77177,-2.00792,0,-0.0084098,1.71451,1.15703,-2.77177,-2.01053,0,0.0220247,1.71451,1.14913,-2.77177,-2.01866,0,-0.0101258,1.71451,1.14553,-2.77177,-2.02422
0,0.0219295,1.7106,1.15551,-2.76589,-2.00792,0,-0.0084098,1.7106,1.15703,-2.76589,-2.01053,0,0.0220247,1.7106,1.14913,-2.76589,-2.01866,0,-0.0101258,1.7106,1.14553,-2.76589,-2.02422
0,0.0219295,1.7066,1.15551,-2.75989,-2.00792,0,-0.0084098,1.7066,1.15703,-2.75989,-2.01053,0,0.0220247,1.7066,1.14913,-2.75989,-2.01866,0,-0.0101258,1.7066,1.14553,-2.75989,-2.02422
0,0.0219295,1.70252,1.15551,-2.75377,-2.00792,0,-0.0084098,1.70252,1.15703,-2.75377,-2.01053,0,0.0220247,1.70252,1.14913,-2.75377,-2.01866,0,-0.0101258,1.70252,1.14553,-2.75377,-2.02422
0,0.0219295,1.69836,1.15551,-2.74753,-2.00792,0,-0.0084098,1.69836,1.15703,-2.74753,-2.01053,0,0.0220247,1.69836,1.14913,-2.74753,-2.01866,0,-0.0101258,1.69836,1.14553,-2.74753,-2.02422
0,0.0219295,1.69412,1.15551,-2.74118,-2.00792,0,-0.0084098,1.69412,1.15703,-2.74118,-2.01053,0,0.0220247,1.69412,1.14913,-2.74118,-2.01866,0,-0.0101258,1.69412,1.14553,-2.74118,-2.02422
0,0.0219295,1.6898,1.15551,-2.7347,-2.00792,0,-0.0084098,1.6898,1.15703,-2.7347,-2.01053,0,0.0220247,1.6898,1.14913,-2.7347,-2.01866,0,-0.0101258,1.6898,1.14553,-2.7347,-2.02422
0,0.0219295,1.68541,1.15551,-2.72811,-2.00792,0,-0.0084098,1.68541,1.15703,-2.72811,-2.01053,0,0.0220247,1.68541,1.14913,-2.72811,-2.01866,0,-0.0101258,1.68541,1.14553,-2.72811,-2.02422
0,0.0219295,1.68094,1.15551,-2.72141,-2.00792,0,-0.0084098,1.68094,1.15703,-2.72141,-2.01053,0,0.0220247,1.68094,1.14913,-2.72141,-2.01866,0,-0.0101258,1.68094,1.14553,-2.72141,-2.02422
0,0.0219295,1.67639,1.15551,-2.71459,-2.00792,0,-0.0084098,1.67639,1.15703,-2.71459,-2.01053,0,0.0220247,1.67639,1.14913,-2.71459,-2.01866,0,-0.0101258,1.67639,1.14553,-2.71459,-2.02422
0,0.0219295,1.67177,1.15551,-2.70766,-2.00792,0,-0.0084098,1.67177,1.15703,-2.70766,-2.01053,0,0.0220247,1.67177,1.14913,-2.70766,-2.01866,0,-0.0101258,1.67177,1.14553,-2.70766,-2.02422
0,0.0219295,1.66708,1.15551,-2.70061,-2.00792,0,-0.0084098,1.66708,1.15703,-2.70061,-2.01053,0,0.0220247,1.66708,1.14913,-2.70061,-2.01866,0,-0.0101258,1.66708,1.14553,-2.70061,-2.02422
0,0.0219295,1.66231,1.15551,-2.69346,-2.00792,0,-0.0084098,1.66231,1.15703,-2.69346,-2.01053,0,0.0220247,1.66231,1.14913,-2.69346,-2.01866,0,-0.0101258,1.66231,1.14553,-2.69346,-2.02422
0,0.0219295,1.65746,1.15551,-2.6862,-2.00792,0,-0.0084098,1.65746,1.15703,-2.6862,-2.01053,0,0.0220247,1.65746,1.14913,-2.6862,-2.01866,0,-0.0101258,1.65746,1.14553,-2.6862,-2.02422
0,0.0219295,1.65255,1.15551,-2.67882,-2.00792,0,-0.0084098,1.65255,1.15703,-2.67882,-2.01053,0,0.0220247,1.65255,1.14913,-2.67882,-2.01866,0,-0.0101258,1.65255,1.14553,-2.67882,-2.02422
0,0.0219295,1.64756,1.15551,-2.67134,-2.00792,0,-0.0084098,1.64756,1.15703,-2.67134,-2.01053,0,0.0220247,1.64756,1.14913,-2.67134,-2.01866,0,-0.0101258,1.64756,1.14553,-2.67134,-2.02422
0,0.0219295,1.64251,1.15551,-2.66376,-2.00792,0,-0.0084098,1.64251,1.15703,-2.66376,-2.01053,0,0.0220247,1.64251,1.14913,-2.66376,-2.01866,0,-0.0101258,1.64251,1.14553,-2.66376,-2.02422
0,0.0219295,1.63738,1.15551,-2.65607,-2.00792,0,-0.0084098,1.63738,1.15703,-2.65607,-2.01053,0,0.0220247,1.63738,1.14913,-2.65607,-2.01866,0,-0.0101258,1.63738,1.14553,-2.65607,-2.02422
0,0.0219295,1.63218,1.15551,-2.64828,-2.00792,0,-0.0084098,1.63218,1.15703,-2.64828,-2.01053,0,0.0220247,1.63218,1.14913,-2.64828,-2.01866,0,-0.0101258,1.63218,1.14553,-2.64828,-2.02422
0,0.0219295,1.62692,1.15551,-2.64038,-2.00792,0,-0.0084098,1.62692,1.15703,-2.64038,-2.01053,0,0.0220247,1.62692,1.14913,-2.64038,-2.01866,0,-0.0101258,1.62692,1.14553,-2.64038,-2.02422
0,0.0219295,1.62159,1.15551,-2.63238,-2.00792,0,-0.0084098,1.62159,1.15703,-2.63238,-2.01053,0,0.0220247,1.62159,1.14913,-2.63238,-2.01866,0,-0.0101258,1.62159,1.14553,-2.63238,-2.02422
0,0.0219295,1.61619,1.15551,-2.62429,-2.00792,0,-0.0084098,1.61619,1.15703,-2.62429,-2.01053,0,0.0220247,1.61619,1.14913,-2.62429,-2.01866,0,-0.0101258,1.61619,1.14553,-2.62429,-2.02422
0,0.0219295,1.61073,1.15551,-2.61609,-2.00792,0,-0.0084098,1.61073,1.15703,-2.61609,-2.01053,0,0.0220247,1.61073,1.14913,-2.61609,-2.01866,0,-0.0101258,1.61073,1.14553,-2.61609,-2.02422
0,0.0219295,1.6052,1.15551,-2.6078,-2.00792,0,-0.0084098,1.6052,1.15703,-2.6078,-2.01053,0,0.0220247,1.6052,1.14913,-2.6078,-2.01866,0,-0.0101258,1.6052,1.14553,-2.6078,-2.02422
0,0.0219295,1.59961,1.15551,-2.59941,-2.00792,0,-0.0084098,1.59961,1.15703,-2.59941,-2.01053,0,0.0220247,1.59961,1.14913,-2.59941,-2.01866,0,-0.0101258,1.59961,1.14553,-2.59941,-2.02422
0,0.0219295,1.59395,1.15551,-2.59093,-2.00792,0,-0.0084098,1.59395,1.15703,-2.59093,-2.01053,0,0.0220247,1.59395,1.14913,-2.59093,-2.01866,0,-0.0101258,1.59395,1.14553,-2.59093,-2.02422
0,0.0219295,1.58823,1.15551,-2.58235,-2.00792,0,-0.0084098,1.58823,1.15703,-2.58235,-2.01053,0,0.0220247,1.58823,1.14913,-2.58235,-2.01866,0,-0.0101258,1.58823,1.14553,-2.58235,-2.02422
0,0.0219295,1.58245,1.15551,-2.57368,-2.00792,0,-0.0084098,1.58245,1.15703,-2.57368,-2.01053,0,0.0220247,1.58245,1.14913,-2.57368,-2.01866,0,-0.0101258,1.58245,1.14553,-2.57368,-2.02422
0,0.0219295,1.57661,1.15551,-2.56492,-2.00792,0,-0.0084098,1.57661,1.15703,-2.56492,-2.01053,0,0.0220247,1.57661,1.14913,-2.56492,-2.01866,0,-0.0101258,1.57661,1.14553,-2.56492,-2.02422
0,0.0219295,1.57072,1.15551,-2.55607,-2.00792,0,-0.0084098,1.57072,1.15703,-2.55607,-2.01053,0,0.0220247,1.57072,1.14913,-2.55607,-2.01866,0,-0.0101258,1.57072,1.14553,-2.55607,-2.02422
0,0.0219295,1.56476,1.15551,-2.54713,-2.00792,0,-0.0084098,1.56476,1.15703,-2.54713,-2.01053,0,0.0220247,1.56476,1.14913,-2.54713,-2.01866,0,-0.0101258,1.56476,1.14553,-2.54713,-2.02422
0,0.0219295,1.55874,1.15551,-2.53811,-2.00792,0,-0.0084098,1.55874,1.15703,-2.53811,-2.01053,0,0.0220247,1.55874,1.14913,-2.53811,-2.01866,0,-0.0101258,1.55874,1.14553,-2.53811,-2.02422
0,0.0219295,1.55267,1.15551,-2.52901,-2.00792,0,-0.0084098,1.55267,1.15703,-2.52901,-2.01053,0,0.0220247,1.55267,1.14913,-2.52901,-2.01866,0,-0.0101258,1.55267,1.14553,-2.52901,-2.02422
0,0.0219295,1.54654,1.15551,-2.51981,-2.00792,0,-0.0084098,1.54654,1.15703,-2.51981,-2.01053,0,0.0220247,1.54654,1.14913,-2.51981,-2.01866,0,-0.0101258,1.54654,1.14553,-2.51981,-2.02422
0,0.0219295,1.54036,1.15551,-2.51054,-2.00792,0,-0.0084098,1.54036,1.15703,-2.51054,-2.01053,0,0.0220247,1.54036,1.14913,-2.51054,-2.01866,0,-0.0101258,1.54036,1.14553,-2.51054,-2.02422
0,0.0219295,1.53413,1.15551,-2.50119,-2.00792,0,-0.0084098,1.53413,1.15703,-2.50119,-2.01053,0,0.0220247,1.53413,1.14913,-2.50119,-2.01866,0,-0.0101258,1.53413,1.14553,-2.50119,-2.02422
0,0.0219295,1.52784,1.15551,-2.49175,-2.00792,0,-0.0084098,1.52784,1.15703,-2.49175,-2.01053,0,0.0220247,1.52784,1.14913,-2.49175,-2.01866,0,-0.0101258,1.52784,1.14553,-2.49175,-2.02422
0,0.0219295,1.52149,1.15551,-2.48224,-2.00792,0,-0.0084098,1.52149,1.15703,-2.48224,-2.01053,0,0.0220247,1.52149,1.14913,-2.48224,-2.01866,0,-0.0101258,1.52149,1.14553,-2.48224,-2.02422
0,0.0219295,1.5151,1.15551,-2.47266,-2.00792,0,-0.0084098,1.5151,1.15703,-2.47266,-2.01053,0,0.0220247,1.5151,1.14913,-2.47266,-2.01866,0,-0.0101258,1.5151,1.14553,-2.47266,-2.02422
0,0.0219295,1.50866,1.15551,-2.46299,-2.00792,0,-0.0084098,1.50866,1.15703,-2.46299,-2.01053,0,0.0220247,1.50866,1.14913,-2.46299,-2.01866,0,-0.0101258,1.50866,1.14553,-2.46299,-2.02422
0,0.0219295,1.50217,1.15551,-2.45326,-2.00792,0,-0.0084098,1.50217,1.15703,-2.45326,-2.01053,0,0.0220247,1.50217,1.14913,-2.45326,-2.01866,0,-0.0101258,1.50217,1.14553,-2.45326,-2.02422
0,0.0219295,1.49563,1.15551,-2.44345,-2.00792,0,-0.0084098,1.49563,1.15703,-2.44345,-2.01053,0,0.0220247,1.49563,1.14913,-2.44345,-2.01866,0,-0.0101258,1.49563,1.14553,-2.44345,-2.02422
0,0.0219295,1.48905,1.15551,-2.43358,-2.00792,0,-0.0084098,1.48905,1.15703,-2.43358,-2.01053,0,0.0220247,1.48905,1.14913,-2.43358,-2.01866,0,-0.0101258,1.48905,1.14553,-2.43358,-2.02422
0,0.0219295,1.48242,1.15551,-2.42363,-2.00792,0,-0.0084098,1.48242,1.15703,-2.42363,-2.01053,0,0.0220247,1.48242,1.14913,-2.42363,-2.01866,0,-0.0101258,1.48242,1.14553,-2.42363,-2.02422
0,0.0219295,1.47575,1.15551,-2.41362,-2.00792,0,-0.0084098,1.47575,1.15703,-2.41362,-2.01053,0,0.0220247,1.47575,1.14913,-2.41362,-2.01866,0,-0.0101258,1.47575,1.14553,-2.41362,-2.02422
0,0.0219295,1.46903,1.15551,-2.40354,-2.00792,0,-0.0084098,1.46903,1.15703,-2.40354,-2.01053,0,0.0220247,1.46903,1.14913,-2.40354,-2.01866,0,-0.0101258,1.46903,1.14553,-2.40354,-2.02422
0,0.0219295,1.46227,1.15551,-2.3934,-2.00792,0,-0.0084098,1.46227,1.15703,-2.3934,-2.01053,0,0.0220247,1.46227,1.14913,-2.3934,-2.01866,0,-0.0101258,1.46227,1.14553,-2.3934,-2.02422
0,0.0219295,1.45547,1.15551,-2.3832,-2.00792,0,-0.0084098,1.45547,1.15703,-2.3832,-2.01053,0,0.0220247,1.45547,1.14913,-2.3832,-2.01866,0,-0.0101258,1.45547,1.14553,-2.3832,-2.02422
0,0.0219295,1.44862,1.15551,-2.37294,-2.00792,0,-0.0084098,1.44862,1.15703,-2.37294,-2.01053,0,0.0220247,1.44862,1.14913,-2.37294,-2.01866,0,-0.0101258,1.44862,1.14553,-2.37294,-2.02422
0,0.0219295,1.44174,1.15551,-2.36261,-2.00792,0,-0.0084098,1.44174,1.15703,-2.36261,-2.01053,0,0.0220247,1.44174,1.14913,-2.36261,-2.01866,0,-0.0101258,1.44174,1.14553,-2.36261,-2.02422
0,0.0219295,1.43482,1.15551,-2.35223,-2.00792,0,-0.0084098,1.43482,1.15703,-2.35223,-2.01053,0,0.0220247,1.43482,1.14913,-2.35223,-2.01866,0,-0.0101258,1.43482,1.14553,-2.35223,-2.02422
0,0.0219295,1.42787,1.15551,-2.3418,-2.00792,0,-0.0084098,1.42787,1.15703,-2.3418,-2.01053,0,0.0220247,1.42787,1.14913,-2.3418,-2.01866,0,-0.0101258,1.42787,1.14553,-2.3418,-2.02422
0,0.0219295,1.42087,1.15551,-2.33131,-2.00792,0,-0.0084098,1.42087,1.15703,-2.33131,-2.01053,0,0.0220247,1.42087,1.14913,-2.33131,-2.01866,0,-0.0101258,1.42087,1.14553,-2.33131,-2.02422
0,0.0219295,1.41385,1.15551,-2.32077,-2.00792,0,-0.0084098,1.41385,1.15703,-2.32077,-2.01053,0,0.0220247,1.41385,1.14913,-2.32077,-2.01866,0,-0.0101258,1.41385,1.14553,-2.32077,-2.02422
0,0.0219295,1.40679,1.15551,-2.31018,-2.00792,0,-0.0084098,1.40679,1.15703,-2.31018,-2.01053,0,0.0220247,1.40679,1.14913,-2.31018,-2.01866,0,-0.0101258,1.40679,1.14553,-2.31018,-2.02422
0,0.0219295,1.39969,1.15551,-2.29954,-2.00792,0,-0.0084098,1.39969,1.15703,-2.29954,-2.01053,0,0.0220247,1.39969,1.14913,-2.29954,-2.01866,0,-0.0101258,1.39969,1.14553,-2.29954,-2.02422
0,0.0219295,1.39256,1.15551,-2.28885,-2.00792,0,-0.0084098,1.39256,1.15703,-2.28885,-2.01053,0,0.0220247,1.39256,1.14913,-2.28885,-2.01866,0,-0.0101258,1.39256,1.14553,-2.28885,-2.02422
0,0.0219295,1.38541,1.15551,-2.27811,-2.00792,0,-0.0084098,1.38541,1.15703,-2.27811,-2.01053,0,0.0220247,1.38541,1.14913,-2.27811,-2.01866,0,-0.0101258,1.38541,1.14553,-2.27811,-2.02422
0,0.0219295,1.37822,1.15551,-2.26734,-2.00792,0,-0.0084098,1.37822,1.15703,-2.26734,-2.01053,0,0.0220247,1.37822,1.14913,-2.26734,-2.01866,0,-0.0101258,1.37822,1.14553,-2.26734,-2.02422
0,0.0219295,1.37101,1.15551,-2.25651,-2.00792,0,-0.0084098,1.37101,1.15703,-2.25651,-2.01053,0,0.0220247,1.37101,1.14913,-2.25651,-2.01866,0,-0.0101258,1.37101,1.14553,-2.25651,-2.02422
0,0.0219295,1.36377,1.15551,-2.24565,-2.00792,0,-0.0084098,1.36377,1.15703,-2.24565,-2.01053,0,0.0220247,1.36377,1.14913,-2.24565,-2.01866,0,-0.0101258,1.36377,1.14553,-2.24565,-2.02422
0,0.0219295,1.3565,1.15551,-2.23475,-2.00792,0,-0.0084098,1.3565,1.15703,-2.23475,-2.01053,0,0.0220247,1.3565,1.14913,-2.23475,-2.01866,0,-0.0101258,1.3565,1.14553,-2.23475,-2.02422
0,0.0219295,1.34921,1.15551,-2.22382,-2.00792,0,-0.0084098,1.34921,1.15703,-2.22382,-2.01053,0,0.0220247,1.34921,1.14913,-2.22382,-2.01866,0,-0.0101258,1.34921,1.14553,-2.22382,-2.02422
0,0.0219295,1.3419,1.15551,-2.21285,-2.00792,0,-0.0084098,1.3419,1.15703,-2.21285,-2.01053,0,0.0220247,1.3419,1.14913,-2.21285,-2.01866,0,-0.0101258,1.3419,1.14553,-2.21285,-2.02422
0,0.0219295,1.33456,1.15551,-2.20184,-2.00792,0,-0.0084098,1.33456,1.15703,-2.20184,-2.01053,0,0.0220247,1.33456,1.14913,-2.20184,-2.01866,0,-0.0101258,1.33456,1.14553,-2.20184,-2.02422
0,0.0219295,1.3272,1.15551,-2.19081,-2.00792,0,-0.0084098,1.3272,1.15703,-2.19081,-2.01053,0,0.0220247,1.3272,1.14913,-2.19081,-2.01866,0,-0.0101258,1.3272,1.14553,-2.19081,-2.02422
0,0.0219295,1.31982,1.15551,-2.17974,-2.00792,0,-0.0084098,1.31982,1.15703,-2.17974,-2.01053,0,0.0220247,1.31982,1.14913,-2.17974,-2.01866,0,-0.0101258,1.31982,1.14553,-2.17974,-2.02422
0,0.0219295,1.31243,1.15551,-2.16864,-2.00792,0,-0.0084098,1.31243,1.15703,-2.16864,-2.01053,0,0.0220247,1.31243,1.14913,-2.16864,-2.01866,0,-0.0101258,1.31243,1.14553,-2.16864,-2.02422
0,0.0219295,1.30501,1.15551,-2.15752,-2.00792,0,-0.0084098,1.30501,1.15703,-2.15752,-2.01053,0,0.0220247,1.30501,1.14913,-2.15752,-2.01866,0,-0.0101258,1.30501,1.14553,-2.15752,-2.02422
0,0.0219295,1.29758,1.15551,-2.14637,-2.00792,0,-0.0084098,1.29758,1.15703,-2.14637,-2.01053,0,0.0220247,1.29758,1.14913,-2.14637,-2.01866,0,-0.0101258,1.29758,1.14553,-2.14637,-2.02422
0,0.0219295,1.29013,1.15551,-2.1352,-2.00792,0,-0.0084098,1.29013,1.15703,-2.1352,-2.01053,0,0.0220247,1.29013,1.14913,-2.1352,-2.01866,0,-0.0101258,1.29013,1.14553,-2.1352,-2.02422
0,0.0219295,1.28267,1.15551,-2.12401,-2.00792,0,-0.0084098,1.28267,1.15703,-2.12401,-2.01053,0,0.0220247,1.28267,1.14913,-2.12401,-2.01866,0,-0.0101258,1.28267,1.14553,-2.12401,-2.02422
0,0.0219295,1.2752,1.15551,-2.1128,-2.00792,0,-0.0084098,1.2752,1.15703,-2.1128,-2.01053,0,0.0220247,1.2752,1.14913,-2.1128,-2.01866,0,-0.0101258,1.2752,1.14553,-2.1128,-2.02422
0,0.0219295,1.26771,1.15551,-2.10157,-2.00792,0,-0.0084098,1.26771,1.15703,-2.10157,-2.01053,0,0.0220247,1.26771,1.14913,-2.10157,-2.01866,0,-0.0101258,1.26771,1.14553,-2.10157,-2.02422
0,0.0219295,1.26022,1.15551,-2.09032,-2.00792,0,-0.0084098,1.26022,1.15703,-2.09032,-2.01053,0,0.0220247,1.26022,1.14913,-2.09032,-2.01866,0,-0.0101258,1.26022,1.14553,-2.09032,-2.02422
0,0.0219295,1.25271,1.15551,-2.07907,-2.00792,0,-0.0084098,1.25271,1.15703,-2.07907,-2.01053,0,0.0220247,1.25271,1.14913,-2.07907,-2.01866,0,-0.0101258,1.25271,1.14553,-2.07907,-2.02422
0,0.0219295,1.24519,1.15551,-2.06779,-2.00792,0,-0.0084098,1.24519,1.15703,-2.06779,-2.01053,0,0.0220247,1.24519,1.14913,-2.06779,-2.01866,0,-0.0101258,1.24519,1.14553,-2.06779,-2.02422
0,0.0219295,1.23767,1.15551,-2.05651,-2.00792,0,-0.0084098,1.23767,1.15703,-2.05651,-2.01053,0,0.0220247,1.23767,1.14913,-2.05651,-2.01866,0,-0.0101258,1.23767,1.14553,-2.05651,-2.02422
0,0.390473,1.23015,0.606371,-2.04522,-1.94959,0,-0.457405,1.23015,0.638788,-2.04522,-1.9553,0,0.419618,1.23015,0.532692,-2.04522,-1.87128,0,-0.448513,1.23015,0.52483,-2.04522,-1.99515
0,0.390473,1.22261,0.606359,-2.03392,-1.94994,0,-0.457417,1.22261,0.638788,-2.03392,-1.9553,0,0.419618,1.22261,0.532692,-2.03392,-1.87094,0,-0.448513,1.22261,0.52483,-2.03392,-1.99561
0,0.390485,1.21508,0.606359,-2.02261,-1.94994,0,-0.457405,1.21508,0.638788,-2.02261,-1.95534,0,0.419618,1.21508,0.532692,-2.02261,-1.87094,0,-0.448513,1.21508,0.52483,-2.02261,-1.99557
0,0.390473,1.20754,0.606359,-2.01131,-1.94994,0,-0.457393,1.20754,0.638788,-2.01131,-1.95492,0,0.41963,1.20754,0.532692,-2.01131,-1.8709,0,-0.448513,1.20754,0.52483,-2.01131,-1.99557
0,0.390473,1.2,0.606371,-2,-1.94955,0,-0.457405,1.2,0.638788,-2,-1.9553,0,0.41963,1.2,0.532692,-2,-1.87128,0,-0.448525,1.2,0.52483,-2,-1.99561
0,0.390473,1.19246,0.606359,-1.98869,-1.94994,0,-0.457405,1.19246,0.6388,-1.98869,-1.9553,0,0.41963,1.19246,0.532692,-1.98869,-1.87136,0,-0.448513,1.19246,0.524842,-1.98869,-1.99561
0,0.390473,1.18492,0.606371,-1.97738,-1.94994,0,-0.457405,1.18492,0.6388,-1.97738,-1.95527,0,0.419618,1.18492,0.532704,-1.97738,-1.87132,0,-0.448513,1.18492,0.524842,-1.97738,-1.99561
0,0.390473,1.17739,0.606371,-1.96608,-1.94994,0,-0.457405,1.17739,0.638788,-1.96608,-1.95527,0,0.41963,1.17739,0.532704,-1.96608,-1.87132,0,-0.448525,1.17739,0.52483,-1.96608,-1.99557
0,0.390473,1.16985,0.606359,-1.95478,-1.9499,0,-0.457405,1.16985,0.6388,-1.95478,-1.95527,0,0.41963,1.16985,0.532704,-1.95478,-1.87132,0,-0.448513,1.16985,0.52483,-1.95478,-1.99557
0,0.390473,1.16232,0.606371,-1.94349,-1.94994,0,-0.457405,1.16232,0.638788,-1.94349,-1.95577,0,0.41963,1.16232,0.532692,-1.94349,-1.87132,0,-0.448513,1.16232,0.52483,-1.94349,-1.99557
0,0.390485,1.1548,0.606359,-1.9322,-1.94994,0,-0.457405,1.1548,0.638788,-1.9322,-1.95523,0,0.41963,1.1548,0.532704,-1.9322,-1.87132,0,-0.448513,1.1548,0.52483,-1.9322,-1.99557
0,0.390485,1.14729,0.606371,-1.92093,-1.9499,0,-0.457417,1.14729,0.6388,-1.92093,-1.95523,0,0.41963,1.14729,0.532704,-1.92093,-1.87132,0,-0.448513,1.14729,0.52483,-1.92093,-1.99557
0,0.390473,1.13978,0.606359,-1.90967,-1.94994,0,-0.457417,1.13978,0.638788,-1.90967,-1.95523,0,0.41963,1.13978,0.532692,-1.90967,-1.87132,0,-0.448513,1.13978,0.52483,-1.90967,-1.99561
0,0.390485,1.13228,0.606371,-1.89843,-1.94994,0,-0.457417,1.13228,0.6388,-1.89843,-1.95527,0,0.419618,1.13228,0.532692,-1.89843,-1.87132,0,-0.448513,1.13228,0.52483,-1.89843,-1.99557
0,0.390485,1.1248,0.606359,-1.8872,-1.94994,0,-0.457405,1.1248,0.6388,-1.8872,-1.95527,0,0.41963,1.1248,0.532692,-1.8872,-1.87132,0,-0.448525,1.1248,0.52483,-1.8872,-1.99557
0,0.390485,1.11732,0.606347,-1.87599,-1.94955,0,-0.457417,1.11732,0.6388,-1.87599,-1.95527,0,0.41963,1.11732,0.532692,-1.87599,-1.87136,0,-0.448513,1.11732,0.52483,-1.87599,-1.99557
0,0.390485,1.10986,0.606359,-1.8648,-1.94994,0,-0.457417,1.10986,0.638788,-1.8648,-1.95527,0,0.41963,1.10986,0.532704,-1.8648,-1.87136,0,-0.448513,1.10986,0.52483,-1.8648,-1.99557
0,0.390485,1.10242,0.606359,-1.85362,-1.94955,0,-0.457405,1.10242,0.638788,-1.85362,-1.95527,0,0.41963,1.10242,0.532704,-1.85362,-1.87097,0,-0.448525,1.10242,0.52483,-1.85362,-1.99557
0,0.390485,1.09498,0.606359,-1.84248,-1.94994,0,-0.457405,1.09498,0.6388,-1.84248,-1.95523,0,0.41963,1.09498,0.532704,-1.84248,-1.87128,0,-0.448513,1.09498,0.524842,-1.84248,-1.99557
0,0.390485,1.08757,0.606371,-1.83135,-1.94994,0,-0.457405,1.08757,0.638788,-1.83135,-1.95527,0,0.41963,1.08757,0.532704,-1.83135,-1.87055,0,-0.448513,1.08757,0.52483,-1.83135,-1.99561
0,0.390473,1.08017,0.606359,-1.82026,-1.94994,0,-0.457405,1.08017,0.638788,-1.82026,-1.95523,0,0.419642,1.08017,0.532692,-1.82026,-1.87094,0,-0.448525,1.08017,0.52483,-1.82026,-1.99561
0,0.390485,1.07279,0.606359,-1.80919,-1.94997,0,-0.457405,1.07279,0.638788,-1.80919,-1.95527,0,0.41963,1.07279,0.532692,-1.80919,-1.87097,0,-0.448513,1.07279,0.524842,-1.80919,-1.99557
0,0.390485,1.06544,0.606359,-1.79815,-1.94994,0,-0.457405,1.06544,0.638788,-1.79815,-1.95523,0,0.41963,1.06544,0.532692,-1.79815,-1.87132,0,-0.448513,1.06544,0.52483,-1.79815,-1.99557
0,0.390485,1.0581,0.606359,-1.78715,-1.94951,0,-0.457405,1.0581,0.6388,-1.78715,-1.95527,0,0.41963,1.0581,0.532692,-1.78715,-1.87094,0,-0.448525,1.0581,0.52483,-1.78715,-1.99557
0,0.390497,1.05078,0.606359,-1.77618,-1.94955,0,-0.457405,1.05078,0.638788,-1.77618,-1.95523,0,0.41963,1.05078,0.532704,-1.77618,-1.87132,0,-0.448513,1.05078,0.52483,-1.77618,-1.99557
0,0.390497,1.04349,0.606371,-1.76524,-1.94994,0,-0.457405,1.04349,0.638788,-1.76524,-1.95523,0,0.41963,1.04349,0.532692,-1.76524,-1.87136,0,-0.448513,1.04349,0.524842,-1.76524,-1.99557
0,0.390485,1.03623,0.606359,-1.75434,-1.94994,0,-0.457405,1.03623,0.638788,-1.75434,-1.95523,0,0.41963,1.03623,0.532704,-1.75434,-1.8714,0,-0.448525,1.03623,0.52483,-1.75434,-1.99553
0,0.390485,1.02899,0.606359,-1.74348,-1.9499,0,-0.457405,1.02899,0.6388,-1.74348,-1.95527,0,0.41963,1.02899,0.532692,-1.74348,-1.87136,0,-0.448513,1.02899,0.52483,-1.74348,-1.99557
0,0.390485,1.02177,0.606347,-1.73266,-1.9499,0,-0.457405,1.02177,0.6388,-1.73266,-1.95523,0,0.41963,1.02177,0.532692,-1.73266,-1.87094,0,-0.448513,1.02177,0.52483,-1.73266,-1.99557
0,0.390485,1.01459,0.606347,-1.72188,-1.94994,0,-0.457393,1.01459,0.638788,-1.72188,-1.95523,0,0.41963,1.01459,0.532692,-1.72188,-1.87097,0,-0.448525,1.01459,0.52483,-1.72188,-1.99557
0,0.390485,1.00743,0.606359,-1.71115,-1.94994,0,-0.457405,1.00743,0.638788,-1.71115,-1.95527,0,0.41963,1.00743,0.532692,-1.71115,-1.87132,0,-0.448513,1.00743,0.52483,-1.71115,-1.99557
0,0.390485,1.00031,0.606359,-1.70046,-1.94955,0,-0.457393,1.00031,0.638788,-1.70046,-1.95527,0,0.41963,1.00031,0.532692,-1.70046,-1.87132,0,-0.448525,1.00031,0.524818,-1.70046,-1.99557
0,0.390497,0.993212,0.606359,-1.68982,-1.94994,0,-0.457405,0.993212,0.6388,-1.68982,-1.95527,0,0.41963,0.993212,0.532704,-1.68982,-1.87094,0,-0.448513,0.993212,0.52483,-1.68982,-1.99553
0,0.390497,0.986153,0.606359,-1.67923,-1.94994,0,-0.457405,0.986153,0.638788,-1.67923,-1.95488,0,0.41963,0.986153,0.532692,-1.67923,-1.87094,0,-0.448525,0.986153,0.52483,-1.67923,-1.99557
0,0.390485,0.979124,0.606359,-1.66869,-1.94959,0,-0.457405,0.979124,0.638788,-1.66869,-1.9553,0,0.41963,0.979124,0.532704,-1.66869,-1.87128,0,-0.448525,0.979124,0.52483,-1.66869,-1.99557
0,0.390485,0.972131,0.606359,-1.6582,-1.94955,0,-0.457405,0.972131,0.6388,-1.6582,-1.9553,0,0.419618,0.972131,0.532692,-1.6582,-1.87132,0,-0.448525,0.972131,0.52483,-1.6582,-1.99557
0,0.390485,0.965175,0.606359,-1.64776,-1.94994,0,-0.457405,0.965175,0.638788,-1.64776,-1.95534,0,0.41963,0.965175,0.532692,-1.64776,-1.87132,0,-0.448525,0.965175,0.52483,-1.64776,-1.99561
0,0.390485,0.958254,0.606359,-1.63738,-1.94994,0,-0.457405,0.958254,0.6388,-1.63738,-1.9553,0,0.419618,0.958254,0.532692,-1.63738,-1.87132,0,-0.448513,0.958254,0.52483,-1.63738,-1.99561
0,0.390485,0.951373,0.606359,-1.62706,-1.9499,0,-0.457405,0.951373,0.6388,-1.62706,-1.95534,0,0.41963,0.951373,0.532692,-1.62706,-1.87132,0,-0.448525,0.951373,0.524842,-1.62706,-1.99557
0,0.390485,0.944531,0.606371,-1.6168,-1.94955,0,-0.457405,0.944531,0.638788,-1.6168,-1.95534,0,0.419618,0.944531,0.532692,-1.6168,-1.87094,0,-0.448525,0.944531,0.52483,-1.6168,-1.99561
0,0.390497,0.937729,0.606359,-1.60659,-1.94997,0,-0.457405,0.937729,0.638788,-1.60659,-1.95534,0,0.41963,0.937729,0.532692,-1.60659,-1.87132,0,-0.448525,0.937729,0.52483,-1.60659,-1.99557
0,0.390485,0.930967,0.606371,-1.59645,-1.94997,0,-0.457405,0.930967,0.6388,-1.59645,-1.9553,0,0.41963,0.930967,0.532704,-1.59645,-1.87132,0,-0.448525,0.930967,0.52483,-1.59645,-1.99557
0,0.390485,0.924252,0.606371,-1.58638,-1.94959,0,-0.457405,0.924252,0.6388,-1.58638,-1.9553,0,0.41963,0.924252,0.532692,-1.58638,-1.87136,0,-0.448513,0.924252,0.524818,-1.58638,-1.99553
0,0.390485,0.917578,0.606371,-1.57637,-1.94994,0,-0.457405,0.917578,0.6388,-1.57637,-1.95534,0,0.41963,0.917578,0.532692,-1.57637,-1.87132,0,-0.448513,0.917578,0.52483,-1.57637,-1.99557
0,0.390485,0.910946,0.606371,-1.56642,-1.94951,0,-0.457393,0.910946,0.6388,-1.56642,-1.9553,0,0.419618,0.910946,0.532692,-1.56642,-1.87132,0,-0.448525,0.910946,0.524818,-1.56642,-1.99553
0,0.390485,0.904363,0.606359,-1.55654,-1.94994,0,-0.457405,0.904363,0.6388,-1.55654,-1.95534,0,0.419618,0.904363,0.532692,-1.55654,-1.87132,0,-0.448525,0.904363,0.52483,-1.55654,-1.99557
0,0.390485,0.897825,0.606359,-1.54674,-1.94997,0,-0.457405,0.897825,0.6388,-1.54674,-1.9553,0,0.419618,0.897825,0.532692,-1.54674,-1.87132,0,-0.448525,0.897825,0.524818,-1.54674,-1.9955
0,0.390485,0.891334,0.606359,-1.537,-1.94997,0,-0.457405,0.891334,0.6388,-1.537,-1.9553,0,0.419618,0.891334,0.532692,-1.537,-1.87132,0,-0.448525,0.891334,0.52483,-1.537,-1.99553
0,0.390485,0.884893,0.606359,-1.52734,-1.94994,0,-0.457405,0.884893,0.6388,-1.52734,-1.9553,0,0.419618,0.884893,0.532704,-1.52734,-1.87132,0,-0.448525,0.884893,0.52483,-1.52734,-1.99553
0,0.390485,0.878503,0.606371,-1.51775,-1.94959,0,-0.457405,0.878503,0.638788,-1.51775,-1.9553,0,0.419618,0.878503,0.532704,-1.51775,-1.87094,0,-0.448525,0.878503,0.52483,-1.51775,-1.99553
0,0.390485,0.87216,0.606371,-1.50824,-1.94955,0,-0.457405,0.87216,0.6388,-1.50824,-1.95534,0,0.419618,0.87216,0.532704,-1.50824,-1.87132,0,-0.448525,0.87216,0.52483,-1.50824,-1.99553
0,0.390485,0.865874,0.606359,-1.49881,-1.94994,0,-0.457405,0.865874,0.6388,-1.49881,-1.95534,0,0.419618,0.865874,0.532704,-1.49881,-1.87132,0,-0.448525,0.865874,0.52483,-1.49881,-1.99553
0,0.390497,0.859638,0.606359,-1.48946,-1.94994,0,-0.457405,0.859638,0.6388,-1.48946,-1.9553,0,0.419618,0.859638,0.532692,-1.48946,-1.8709,0,-0.448525,0.859638,0.52483,-1.48946,-1.99553
0,0.390485,0.853456,0.606371,-1.48018,-1.94955,0,-0.457405,0.853456,0.6388,-1.48018,-1.95534,0,0.419618,0.853456,0.532704,-1.48018,-1.87094,0,-0.448525,0.853456,0.524818,-1.48018,-1.99519
0,0.390485,0.847328,0.606359,-1.47099,-1.94955,0,-0.457405,0.847328,0.638788,-1.47099,-1.9553,0,0.419618,0.847328,0.532704,-1.47099,-1.87132,0,-0.448525,0.847328,0.52483,-1.47099,-1.99557
0,0.390497,0.841256,0.606359,-1.46188,-1.94955,0,-0.457393,0.841256,0.6388,-1.46188,-1.9553,0,0.419618,0.841256,0.532692,-1.46188,-1.87132,0,-0.448525,0.841256,0.52483,-1.46188,-1.99557
0,0.390485,0.835241,0.606359,-1.45286,-1.94997,0,-0.457393,0.835241,0.638788,-1.45286,-1.9553,0,0.419618,0.835241,0.532704,-1.45286,-1.87132,0,-0.448525,0.835241,0.52483,-1.45286,-1.99561
0,0.390485,0.829282,0.606359,-1.44392,-1.94955,0,-0.457405,0.829282,0.6388,-1.44392,-1.95534,0,0.419618,0.829282,0.532692,-1.44392,-1.87097,0,-0.448525,0.829282,0.52483,-1.44392,-1.99557
0,0.390485,0.823384,0.606359,-1.43508,-1.94994,0,-0.457405,0.823384,0.638788,-1.43508,-1.9553,0,0.419618,0.823384,0.532704,-1.43508,-1.87128,0,-0.448525,0.823384,0.52483,-1.43508,-1.99557
0,0.390485,0.817544,0.606347,-1.42632,-1.94997,0,-0.457405,0.817544,0.638788,-1.42632,-1.95534,0,0.419618,0.817544,0.532704,-1.42632,-1.87128,0,-0.448513,0.817544,0.52483,-1.42632,-1.99557
0,0.390485,0.811765,0.606347,-1.41765,-1.9499,0,-0.457405,0.811765,0.6388,-1.41765,-1.95496,0,0.419618,0.811765,0.532692,-1.41765,-1.87128,0,-0.448513,0.811765,0.52483,-1.41765,-1.99557
0,0.390485,0.806048,0.606359,-1.40907,-1.94994,0,-0.457393,0.806048,0.638788,-1.40907,-1.9553,0,0.419618,0.806048,0.532704,-1.40907,-1.87132,0,-0.448513,0.806048,0.52483,-1.40907,-1.99561
0,0.390485,0.800393,0.606371,-1.40059,-1.94997,0,-0.457393,0.800393,0.6388,-1.40059,-1.95527,0,0.419618,0.800393,0.532704,-1.40059,-1.8709,0,-0.448513,0.800393,0.52483,-1.40059,-1.99557
0,0.390497,0.7948,0.606359,-1.3922,-1.94955,0,-0.457405,0.7948,0.6388,-1.3922,-1.95527,0,0.419618,0.7948,0.532704,-1.3922,-1.87094,0,-0.448525,0.7948,0.52483,-1.3922,-1.99557
0,0.390485,0.78927,0.606359,-1.38391,-1.94955,0,-0.457405,0.78927,0.638788,-1.38391,-1.95527,0,0.419618,0.78927,0.532692,-1.38391,-1.87132,0,-0.448525,0.78927,0.52483,-1.38391,-1.99557
0,0.390485,0.783807,0.606359,-1.37571,-1.9499,0,-0.457405,0.783807,0.6388,-1.37571,-1.95527,0,0.419606,0.783807,0.532692,-1.37571,-1.87094,0,-0.448525,0.783807,0.524818,-1.37571,-1.99561
0,0.390485,0.778409,0.606359,-1.36761,-1.9499,0,-0.457405,0.778409,0.638788,-1.36761,-1.9553,0,0.419618,0.778409,0.532704,-1.36761,-1.8709,0,-0.448525,0.778409,0.524818,-1.36761,-1.99557
0,0.390485,0.773077,0.606359,-1.35962,-1.9499,0,-0.457405,0.773077,0.638788,-1.35962,-1.9553,0,0.419618,0.773077,0.532704,-1.35962,-1.87136,0,-0.448525,0.773077,0.52483,-1.35962,-1.99557
0,0.390485,0.767813,0.606359,-1.35172,-1.94955,0,-0.457405,0.767813,0.638788,-1.35172,-1.95527,0,0.419618,0.767813,0.532692,-1.35172,-1.87132,0,-0.448525,0.767813,0.52483,-1.35172,-1.99557
0,0.390485,0.762618,0.606371,-1.34393,-1.94955,0,-0.457405,0.762618,0.638788,-1.34393,-1.95527,0,0.419606,0.762618,0.532704,-1.34393,-1.87132,0,-0.448525,0.762618,0.524818,-1.34393,-1.99561
0,0.390485,0.757491,0.606359,-1.33624,-1.94994,0,-0.457405,0.757491,0.638788,-1.33624,-1.95527,0,0.419606,0.757491,0.532692,-1.33624,-1.87132,0,-0.448525,0.757491,0.52483,-1.33624,-1.99561
0,0.390485,0.752435,0.606371,-1.32865,-1.9499,0,-0.457405,0.752435,0.6388,-1.32865,-1.95527,0,0.419606,0.752435,0.532692,-1.32865,-1.87132,0,-0.448525,0.752435,0.52483,-1.32865,-1.99561
0,0.390485,0.747449,0.606359,-1.32117,-1.94994,0,-0.457405,0.747449,0.6388,-1.32117,-1.95496,0,0.419618,0.747449,0.532704,-1.32117,-1.87136,0,-0.448525,0.747449,0.52483,-1.32117,-1.99557
0,0.390497,0.742533,0.606359,-1.3138,-1.94955,0,-0.457405,0.742533,0.638788,-1.3138,-1.9553,0,0.419618,0.742533,0.532692,-1.3138,-1.87094,0,-0.448525,0.742533,0.52483,-1.3138,-1.99561
0,0.390485,0.737691,0.606359,-1.30654,-1.94951,0,-0.457417,0.737691,0.638788,-1.30654,-1.95527,0,0.419606,0.737691,0.532704,-1.30654,-1.87136,0,-0.448525,0.737691,0.52483,-1.30654,-1.99557
0,0.390497,0.732922,0.606359,-1.29938,-1.94955,0,-0.457405,0.732922,0.638788,-1.29938,-1.95527,0,0.419606,0.732922,0.532704,-1.29938,-1.87132,0,-0.448525,0.732922,0.52483,-1.29938,-1.99557
0,0.390485,0.728226,0.606359,-1.29234,-1.9499,0,-0.457405,0.728226,0.638788,-1.29234,-1.95527,0,0.419606,0.728226,0.532704,-1.29234,-1.87132,0,-0.448537,0.728226,0.524842,-1.29234,-1.99557
0,0.390485,0.723604,0.606359,-1.28541,-1.94994,0,-0.457393,0.723604,0.638788,-1.28541,-1.95527,0,0.419618,0.723604,0.532704,-1.28541,-1.87097,0,-0.448525,0.723604,0.52483,-1.28541,-1.99557
0,0.390485,0.719059,0.606371,-1.27859,-1.9499,0,-0.457405,0.719059,0.638788,-1.27859,-1.95527,0,0.419618,0.719059,0.532692,-1.27859,-1.87132,0,-0.448525,0.719059,0.52483,-1.27859,-1.99557
0,0.390485,0.714589,0.606359,-1.27188,-1.94994,0,-0.457405,0.714589,0.6388,-1.27188,-1.95527,0,0.419618,0.714589,0.532692,-1.27188,-1.87132,0,-0.448525,0.714589,0.524842,-1.27188,-1.99561
0,0.390485,0.710196,0.606359,-1.26529,-1.94951,0,-0.457405,0.710196,0.6388,-1.26529,-1.9553,0,0.419606,0.710196,0.532704,-1.26529,-1.87128,0,-0.448525,0.710196,0.524842,-1.26529,-1.99557
0,0.390485,0.70588,0.606371,-1.25882,-1.94994,0,-0.457405,0.70588,0.6388,-1.25882,-1.9553,0,0.419618,0.70588,0.532704,-1.25882,-1.87132,0,-0.448537,0.70588,0.524842,-1.25882,-1.99561
0,0.390497,0.701642,0.606359,-1.25246,-1.94955,0,-0.457405,0.701642,0.6388,-1.25246,-1.9553,0,0.419618,0.701642,0.532692,-1.25246,-1.87132,0,-0.448525,0.701642,0.52483,-1.25246,-1.99557
0,0.390485,0.697482,0.606359,-1.24622,-1.94951,0,-0.457405,0.697482,0.638788,-1.24622,-1.9553,0,0.419618,0.697482,0.532692,-1.24622,-1.87094,0,-0.448525,0.697482,0.52483,-1.24622,-1.99557
0,0.390485,0.693402,0.606359,-1.2401,-1.94994,0,-0.457417,0.693402,0.638788,-1.2401,-1.9553,0,0.419606,0.693402,0.532692,-1.2401,-1.87132,0,-0.448525,0.693402,0.52483,-1.2401,-1.99557
0,0.390485,0.689403,0.606359,-1.2341,-1.94994,0,-0.457405,0.689403,0.6388,-1.2341,-1.95534,0,0.419618,0.689403,0.532704,-1.2341,-1.87094,0,-0.448525,0.689403,0.52483,-1.2341,-1.99557
0,0.390485,0.685484,0.606359,-1.22823,-1.94994,0,-0.457405,0.685484,0.6388,-1.22823,-1.9553,0,0.419618,0.685484,0.532704,-1.22823,-1.8709,0,-0.448525,0.685484,0.52483,-1.22823,-1.99519
0,0.390485,0.681645,0.606359,-1.22247,-1.94994,0,-0.457405,0.681645,0.6388,-1.22247,-1.95534,0,0.419606,0.681645,0.532692,-1.22247,-1.87132,0,-0.448525,0.681645,0.52483,-1.22247,-1.99557
0,0.390485,0.677889,0.606359,-1.21683,-1.94994,0,-0.457405,0.677889,0.638788,-1.21683,-1.9553,0,0.419606,0.677889,0.532704,-1.21683,-1.87132,0,-0.448525,0.677889,0.52483,-1.21683,-1.99557
0,0.390485,0.674215,0.606371,-1.21132,-1.94955,0,-0.457405,0.674215,0.638788,-1.21132,-1.9553,0,0.419618,0.674215,0.532692,-1.21132,-1.87136,0,-0.448525,0.674215,0.52483,-1.21132,-1.99519
0,0.390497,0.670625,0.606371,-1.20594,-1.94997,0,-0.457405,0.670625,0.6388,-1.20594,-1.95534,0,0.419618,0.670625,0.532704,-1.20594,-1.8709,0,-0.448525,0.670625,0.52483,-1.20594,-1.99599
0,0.390497,0.667118,0.606371,-1.20068,-1.94994,0,-0.457405,0.667118,0.638788,-1.20068,-1.95534,0,0.419618,0.667118,0.532704,-1.20068,-1.87132,0,-0.448537,0.667118,0.52483,-1.20068,-1.99553
0,0.390497,0.663695,0.606359,-1.19554,-1.94994,0,-0.457405,0.663695,0.638788,-1.19554,-1.95534,0,0.419606,0.663695,0.532692,-1.19554,-1.87132,0,-0.448537,0.663695,0.52483,-1.19554,-1.99553
0,0.390497,0.660356,0.606371,-1.19053,-1.9499,0,-0.457405,0.660356,0.638788,-1.19053,-1.95534,0,0.419606,0.660356,0.532692,-1.19053,-1.87132,0,-0.448525,0.660356,0.524842,-1.19053,-1.99553
0,0.390497,0.657103,0.606371,-1.18565,-1.9499,0,-0.457417,0.657103,0.638788,-1.18565,-1.95534,0,0.419606,0.657103,0.532692,-1.18565,-1.87132,0,-0.448525,0.657103,0.524842,-1.18565,-1.99553
0,0.390485,0.653936,0.606359,-1.1809,-1.9499,0,-0.457405,0.653936,0.638788,-1.1809,-1.95573,0,0.419606,0.653936,0.532704,-1.1809,-1.87136,0,-0.448537,0.653936,0.524842,-1.1809,-1.99553
0,0.390497,0.650854,0.606359,-1.17628,-1.94994,0,-0.457405,0.650854,0.638788,-1.17628,-1.9553,0,0.419618,0.650854,0.532692,-1.17628,-1.87094,0,-0.448525,0.650854,0.52483,-1.17628,-1.99553
0,0.390485,0.64786,0.606359,-1.17179,-1.94994,0,-0.457405,0.64786,0.6388,-1.17179,-1.9553,0,0.419618,0.64786,0.532704,-1.17179,-1.87128,0,-0.448525,0.64786,0.524842,-1.17179,-1.99553
0,0.390485,0.644953,0.606359,-1.16743,-1.94959,0,-0.457393,0.644953,0.638788,-1.16743,-1.95527,0,0.419606,0.644953,0.532704,-1.16743,-1.87128,0,-0.448525,0.644953,0.524842,-1.16743,-1.99553
0,0.390485,0.642133,0.606347,-1.1632,-1.94959,0,-0.457405,0.642133,0.6388,-1.1632,-1.9553,0,0.419606,0.642133,0.532704,-1.1632,-1.87128,0,-0.448525,0.642133,0.524842,-1.1632,-1.99553
0,0.390485,0.639402,0.606359,-1.1591,-1.94951,0,-0.457405,0.639402,0.6388,-1.1591,-1.9553,0,0.419618,0.639402,0.532692,-1.1591,-1.87097,0,-0.448525,0.639402,0.524842,-1.1591,-1.99553